Index       TIME            V(BASE_P)          V(EMIT)          V(COLL_P)         V(OUT_P)         I(V_SUPPLY)        I(I_TAIL)    
0        0.00000000e+00    1.85940841e+00    1.05081660e+00    4.00000000e+00   -6.26486611e-70   -1.11269142e-02    1.00000000e-02
1        3.33333333e-12    1.87236046e+00    1.05205212e+00    3.97867285e+00   -2.06391820e-02   -1.11392661e-02    1.00000000e-02
2        6.66666667e-12    1.88048731e+00    1.05469009e+00    3.96495951e+00   -3.32443678e-02   -1.11594279e-02    1.00000000e-02
3        1.00000000e-11    1.88075377e+00    1.05583068e+00    3.96755841e+00   -2.95981017e-02   -1.11574777e-02    1.00000000e-02
4        1.33333333e-11    1.87382550e+00    1.05366251e+00    4.00593159e+00    9.11644586e-03   -1.10839923e-02    1.00000000e-02
5        1.66666667e-11    1.86210950e+00    1.05095652e+00    4.05452552e+00    5.66148533e-02   -1.09844822e-02    1.00000000e-02
6        2.00000000e-11    1.84981162e+00    1.05099844e+00    4.07771906e+00    7.75719470e-02   -1.10087504e-02    1.00000000e-02
7        2.33333333e-11    1.84138462e+00    1.05338812e+00    4.06364000e+00    6.11803455e-02   -1.11636583e-02    1.00000000e-02
8        2.66666667e-11    1.84003828e+00    1.05491309e+00    4.02020912e+00    1.64555376e-02   -1.12599012e-02    1.00000000e-02
9        3.00000000e-11    1.84645387e+00    1.05308936e+00    3.97296597e+00   -3.05526572e-02   -1.11621816e-02    1.00000000e-02
10       3.33333333e-11    1.85825764e+00    1.05064871e+00    3.93988756e+00   -6.20870735e-02   -1.09866946e-02    1.00000000e-02
11       3.66666667e-11    1.87086063e+00    1.05124325e+00    3.92626924e+00   -7.34464999e-02   -1.09767207e-02    1.00000000e-02
12       4.00000000e-11    1.87953429e+00    1.05429132e+00    3.94017991e+00   -5.73557925e-02   -1.11594097e-02    1.00000000e-02
13       4.33333333e-11    1.88099060e+00    1.05587202e+00    3.98198100e+00   -1.43594508e-02   -1.12870347e-02    1.00000000e-02
14       4.66666667e-11    1.87441407e+00    1.05377044e+00    4.02963562e+00    3.29847455e-02   -1.11738452e-02    1.00000000e-02
15       5.00000000e-11    1.86227242e+00    1.05075017e+00    4.05997475e+00    6.17450440e-02   -1.09596917e-02    1.00000000e-02
16       5.33333333e-11    1.84951000e+00    1.05062174e+00    4.06814973e+00    6.77615821e-02   -1.09335269e-02    1.00000000e-02
17       5.66666667e-11    1.84106689e+00    1.05307969e+00    4.05438201e+00    5.19978764e-02   -1.11344798e-02    1.00000000e-02
18       6.00000000e-11    1.83996316e+00    1.05443631e+00    4.02024773e+00    1.67183184e-02   -1.12922264e-02    1.00000000e-02
19       6.33333333e-11    1.84654839e+00    1.05268333e+00    3.97814422e+00   -2.52431061e-02   -1.11981112e-02    1.00000000e-02
20       6.66666667e-11    1.85831712e+00    1.05033280e+00    3.94281938e+00   -5.91612108e-02   -1.09889072e-02    1.00000000e-02
21       7.00000000e-11    1.87081288e+00    1.05097677e+00    3.92505831e+00   -7.46914007e-02   -1.09572817e-02    1.00000000e-02
22       7.33333333e-11    1.87945406e+00    1.05407569e+00    3.93785296e+00   -5.96576012e-02   -1.11474979e-02    1.00000000e-02
23       7.66666667e-11    1.88095965e+00    1.05569551e+00    3.98139653e+00   -1.48718699e-02   -1.12932421e-02    1.00000000e-02
24       8.00000000e-11    1.87443465e+00    1.05360488e+00    4.03056589e+00    3.39790371e-02   -1.11854465e-02    1.00000000e-02
25       8.33333333e-11    1.86229647e+00    1.05049267e+00    4.06078225e+00    6.25859761e-02   -1.09619336e-02    1.00000000e-02
26       8.66666667e-11    1.84951093e+00    1.05028364e+00    4.06795395e+00    6.75881111e-02   -1.09254688e-02    1.00000000e-02
27       9.00000000e-11    1.84106168e+00    1.05266643e+00    4.05382870e+00    5.14784112e-02   -1.11269245e-02    1.00000000e-02
28       9.33333333e-11    1.83997495e+00    1.05400297e+00    4.02009064e+00    1.66056246e-02   -1.12925969e-02    1.00000000e-02
29       9.66666667e-11    1.84657956e+00    1.05228166e+00    3.97833350e+00   -2.50114248e-02   -1.12042747e-02    1.00000000e-02
30       1.00000000e-10    1.85835620e+00    1.05001882e+00    3.94286420e+00   -5.90792111e-02   -1.09947833e-02    1.00000000e-02
31       1.03333333e-10    1.87085836e+00    1.05075412e+00    3.92488685e+00   -7.48248304e-02   -1.09598382e-02    1.00000000e-02
32       1.06666667e-10    1.87951440e+00    1.05392971e+00    3.93781705e+00   -5.96533270e-02   -1.11477200e-02    1.00000000e-02
33       1.10000000e-10    1.88103690e+00    1.05558212e+00    3.98162620e+00   -1.46065085e-02   -1.12930948e-02    1.00000000e-02
34       1.13333333e-10    1.87451605e+00    1.05345442e+00    4.03074266e+00    3.41836638e-02   -1.11850677e-02    1.00000000e-02
35       1.16666667e-10    1.86237034e+00    1.05025259e+00    4.06059029e+00    6.24212118e-02   -1.09599677e-02    1.00000000e-02
36       1.20000000e-10    1.84958271e+00    1.04994212e+00    4.06757119e+00    6.72410792e-02   -1.09220616e-02    1.00000000e-02
37       1.23333333e-10    1.84114715e+00    1.05224246e+00    4.05371295e+00    5.14053922e-02   -1.11242659e-02    1.00000000e-02
38       1.26666667e-10    1.84007943e+00    1.05354678e+00    4.02032573e+00    1.68800850e-02   -1.12926018e-02    1.00000000e-02
39       1.30000000e-10    1.84669384e+00    1.05187088e+00    3.97849269e+00   -2.48206203e-02   -1.12071400e-02    1.00000000e-02
40       1.33333333e-10    1.85847318e+00    1.04970914e+00    3.94263568e+00   -5.92760192e-02   -1.09993939e-02    1.00000000e-02
41       1.36666667e-10    1.87098643e+00    1.05055945e+00    3.92455367e+00   -7.51181209e-02   -1.09642755e-02    1.00000000e-02
42       1.40000000e-10    1.87966708e+00    1.05383226e+00    3.93786870e+00   -5.95584842e-02   -1.11503297e-02    1.00000000e-02
43       1.43333333e-10    1.88121168e+00    1.05552477e+00    3.98204437e+00   -1.41542633e-02   -1.12934470e-02    1.00000000e-02
44       1.46666667e-10    1.87469281e+00    1.05334907e+00    4.03098761e+00    3.44507038e-02   -1.11832925e-02    1.00000000e-02
45       1.50000000e-10    1.86253449e+00    1.05003536e+00    4.06028981e+00    6.21430070e-02   -1.09562767e-02    1.00000000e-02
46       1.53333333e-10    1.84974362e+00    1.04960108e+00    4.06703611e+00    6.67412314e-02   -1.09177719e-02    1.00000000e-02
47       1.56666667e-10    1.84132597e+00    1.05180089e+00    4.05355794e+00    5.12957834e-02   -1.11216251e-02    1.00000000e-02
48       1.60000000e-10    1.84028252e+00    1.05306591e+00    4.02063655e+00    1.72322559e-02   -1.12929180e-02    1.00000000e-02
49       1.63333333e-10    1.84690886e+00    1.05144519e+00    3.97870714e+00   -2.45747807e-02   -1.12103160e-02    1.00000000e-02
50       1.66666667e-10    1.85869098e+00    1.04940703e+00    3.94235879e+00   -5.95215200e-02   -1.10045030e-02    1.00000000e-02
51       1.70000000e-10    1.87121759e+00    1.05039832e+00    3.92414747e+00   -7.54827770e-02   -1.09694559e-02    1.00000000e-02
52       1.73333333e-10    1.87992848e+00    1.05379125e+00    3.93794370e+00   -5.94378651e-02   -1.11535887e-02    1.00000000e-02
53       1.76666667e-10    1.88149996e+00    1.05553309e+00    3.98257264e+00   -1.35917628e-02   -1.12939757e-02    1.00000000e-02
54       1.80000000e-10    1.87498283e+00    1.05329812e+00    4.03129298e+00    3.47755131e-02   -1.11810231e-02    1.00000000e-02
55       1.83333333e-10    1.86280804e+00    1.04984635e+00    4.05991021e+00    6.17834281e-02   -1.09514885e-02    1.00000000e-02
56       1.86666667e-10    1.85001235e+00    1.04926004e+00    4.06635660e+00    6.60984541e-02   -1.09122462e-02    1.00000000e-02
57       1.90000000e-10    1.84161631e+00    1.05133707e+00    4.05334426e+00    5.11322720e-02   -1.11182448e-02    1.00000000e-02
58       1.93333333e-10    1.84060281e+00    1.05255424e+00    4.02100464e+00    1.76463393e-02   -1.12932754e-02    1.00000000e-02
59       1.96666667e-10    1.84724421e+00    1.05100092e+00    3.97897366e+00   -2.42741789e-02   -1.12141696e-02    1.00000000e-02
60       2.00000000e-10    1.85903013e+00    1.04911393e+00    3.94203722e+00   -5.98092272e-02   -1.10106213e-02    1.00000000e-02
61       2.03333333e-10    1.87157326e+00    1.05027838e+00    3.92367538e+00   -7.59090921e-02   -1.09755896e-02    1.00000000e-02
62       2.06666667e-10    1.88032100e+00    1.05381946e+00    3.93805934e+00   -5.92721186e-02   -1.11574181e-02    1.00000000e-02
63       2.10000000e-10    1.88192482e+00    1.05562189e+00    3.98323329e+00   -1.28953711e-02   -1.12945662e-02    1.00000000e-02
64       2.13333333e-10    1.87540887e+00    1.05331391e+00    4.03166524e+00    3.51654123e-02   -1.11782080e-02    1.00000000e-02
65       2.16666667e-10    1.86321282e+00    1.04969196e+00    4.05942832e+00    6.13203924e-02   -1.09454885e-02    1.00000000e-02
66       2.20000000e-10    1.85041026e+00    1.04891915e+00    4.06549532e+00    6.52774227e-02   -1.09052320e-02    1.00000000e-02
67       2.23333333e-10    1.84204023e+00    1.05084646e+00    4.05305083e+00    5.08966979e-02   -1.11138789e-02    1.00000000e-02
68       2.26666667e-10    1.84106365e+00    1.05200567e+00    4.02143540e+00    1.81308150e-02   -1.12936225e-02    1.00000000e-02
69       2.30000000e-10    1.84772420e+00    1.05053471e+00    3.97930253e+00   -2.39058075e-02   -1.12188744e-02    1.00000000e-02
70       2.33333333e-10    1.85951552e+00    1.04883261e+00    3.94166947e+00   -6.01381377e-02   -1.10180195e-02    1.00000000e-02
71       2.36666667e-10    1.87207931e+00    1.05020994e+00    3.92313712e+00   -7.63949293e-02   -1.09828898e-02    1.00000000e-02
72       2.40000000e-10    1.88087201e+00    1.05393392e+00    3.93823789e+00   -5.90369695e-02   -1.11619181e-02    1.00000000e-02
73       2.43333333e-10    1.88251459e+00    1.05581081e+00    3.98406157e+00   -1.20288527e-02   -1.12952305e-02    1.00000000e-02
74       2.46666667e-10    1.87599882e+00    1.05341292e+00    4.03211702e+00    3.56331886e-02   -1.11747523e-02    1.00000000e-02
75       2.50000000e-10    1.86377528e+00    1.04958129e+00    4.05881297e+00    6.07231964e-02   -1.09380154e-02    1.00000000e-02
76       2.53333333e-10    1.85096302e+00    1.04857982e+00    4.06439921e+00    6.42269331e-02   -1.08963566e-02    1.00000000e-02
77       2.56666667e-10    1.84262426e+00    1.05032513e+00    4.05264547e+00    5.05600797e-02   -1.11082552e-02    1.00000000e-02
78       2.60000000e-10    1.84169326e+00    1.05141450e+00    4.02193275e+00    1.86931440e-02   -1.12939530e-02    1.00000000e-02
79       2.63333333e-10    1.84837835e+00    1.05004427e+00    3.97970826e+00   -2.34520348e-02   -1.12246548e-02    1.00000000e-02
80       2.66666667e-10    1.86017750e+00    1.04856814e+00    3.94125869e+00   -6.05023669e-02   -1.10269907e-02    1.00000000e-02
81       2.70000000e-10    1.87276730e+00    1.05020736e+00    3.92253893e+00   -7.69315639e-02   -1.09915757e-02    1.00000000e-02
82       2.73333333e-10    1.88161488e+00    1.05415729e+00    3.93851184e+00   -5.86981543e-02   -1.11672078e-02    1.00000000e-02
83       2.76666667e-10    1.88330374e+00    1.05612564e+00    3.98510282e+00   -1.09464341e-02   -1.12960115e-02    1.00000000e-02
84       2.80000000e-10    1.87678640e+00    1.05361714e+00    4.03266253e+00    3.61925086e-02   -1.11705620e-02    1.00000000e-02
85       2.83333333e-10    1.86452726e+00    1.04952729e+00    4.05802294e+00    5.99505366e-02   -1.09287407e-02    1.00000000e-02
86       2.86666667e-10    1.85170138e+00    1.04824570e+00    4.06299833e+00    6.28787714e-02   -1.08851304e-02    1.00000000e-02
87       2.90000000e-10    1.84340003e+00    1.04977051e+00    4.05208230e+00    5.00800915e-02   -1.11010110e-02    1.00000000e-02
88       2.93333333e-10    1.84252536e+00    1.05077636e+00    4.02249612e+00    1.93369674e-02   -1.12942573e-02    1.00000000e-02
89       2.96666667e-10    1.84924215e+00    1.04952941e+00    3.98020866e+00   -2.28912575e-02   -1.12317990e-02    1.00000000e-02
90       3.00000000e-10    1.86105279e+00    1.04832921e+00    3.94081586e+00   -6.08877450e-02   -1.10378886e-02    1.00000000e-02
91       3.03333333e-10    1.87367564e+00    1.05029078e+00    3.92189948e+00   -7.74976963e-02   -1.10018898e-02    1.00000000e-02
92       3.06666667e-10    1.88259015e+00    1.05451992e+00    3.93892974e+00   -5.82057175e-02   -1.11734187e-02    1.00000000e-02
93       3.10000000e-10    1.88433386e+00    1.05660038e+00    3.98641486e+00   -9.59065222e-03   -1.12969754e-02    1.00000000e-02
94       3.13333333e-10    1.87781205e+00    1.05395594e+00    4.03331627e+00    3.68563314e-02   -1.11655444e-02    1.00000000e-02
95       3.16666667e-10    1.86550671e+00    1.04954838e+00    4.05700338e+00    5.89467212e-02   -1.09172661e-02    1.00000000e-02
96       3.20000000e-10    1.85266169e+00    1.04792397e+00    4.06120126e+00    6.11431029e-02   -1.08709246e-02    1.00000000e-02
97       3.23333333e-10    1.84440483e+00    1.04918282e+00    4.05129668e+00    4.93962020e-02   -1.10916607e-02    1.00000000e-02
98       3.26666667e-10    1.84359979e+00    1.05008981e+00    4.02311704e+00    2.00589747e-02   -1.12945089e-02    1.00000000e-02
99       3.30000000e-10    1.85035780e+00    1.04899375e+00    3.98082513e+00   -2.21972962e-02   -1.12406686e-02    1.00000000e-02
100      3.33333333e-10    1.86218543e+00    1.04813014e+00    3.94036482e+00   -6.12665453e-02   -1.10511401e-02    1.00000000e-02
101      3.36666667e-10    1.87485056e+00    1.05048864e+00    3.92125813e+00   -7.80512671e-02   -1.10141006e-02    1.00000000e-02
102      3.40000000e-10    1.88384652e+00    1.05506254e+00    3.93956349e+00   -5.74869377e-02   -1.11806977e-02    1.00000000e-02
103      3.43333333e-10    1.88565457e+00    1.05727970e+00    3.98807049e+00   -7.89032277e-03   -1.12982187e-02    1.00000000e-02
104      3.46666667e-10    1.87912365e+00    1.05446848e+00    4.03409063e+00    3.76340901e-02   -1.11596119e-02    1.00000000e-02
105      3.50000000e-10    1.86675821e+00    1.04967067e+00    4.05568164e+00    5.76372465e-02   -1.09031134e-02    1.00000000e-02
106      3.53333333e-10    1.85388639e+00    1.04762731e+00    4.05889017e+00    5.89034360e-02   -1.08529404e-02    1.00000000e-02
107      3.56666667e-10    1.84568190e+00    1.04856707e+00    4.05019909e+00    4.84235675e-02   -1.10795551e-02    1.00000000e-02
108      3.60000000e-10    1.84496276e+00    1.04935867e+00    4.02377405e+00    2.08440698e-02   -1.12946429e-02    1.00000000e-02
109      3.63333333e-10    1.85177464e+00    1.04844735e+00    3.98158281e+00   -2.13389207e-02   -1.12517062e-02    1.00000000e-02
110      3.66666667e-10    1.86362748e+00    1.04799374e+00    3.93994984e+00   -6.15897532e-02   -1.10672576e-02    1.00000000e-02
111      3.70000000e-10    1.87634710e+00    1.05084104e+00    3.92068699e+00   -7.85174776e-02   -1.10285082e-02    1.00000000e-02
112      3.73333333e-10    1.88544182e+00    1.05583963e+00    3.94051797e+00   -5.64372570e-02   -1.11892143e-02    1.00000000e-02
113      3.76666667e-10    1.88732407e+00    1.05822178e+00    3.99015852e+00   -5.76007671e-03   -1.12998759e-02    1.00000000e-02
114      3.80000000e-10    1.88077669e+00    1.05520658e+00    4.03499077e+00    3.85260734e-02   -1.11526825e-02    1.00000000e-02
115      3.83333333e-10    1.86833311e+00    1.04993098e+00    4.05396295e+00    5.59240813e-02   -1.08857206e-02    1.00000000e-02
116      3.86666667e-10    1.85542392e+00    1.04737671e+00    4.05591755e+00    5.60130557e-02   -1.08301859e-02    1.00000000e-02
117      3.90000000e-10    1.84728018e+00    1.04793612e+00    4.04866887e+00    4.70467135e-02   -1.10638345e-02    1.00000000e-02
118      3.93333333e-10    1.84666657e+00    1.04859561e+00    4.02442570e+00    2.16584604e-02   -1.12945181e-02    1.00000000e-02
119      3.96666667e-10    1.85354905e+00    1.04791053e+00    3.98251018e+00   -2.02800303e-02   -1.12654281e-02    1.00000000e-02
120      4.00000000e-10    1.86543919e+00    1.04795561e+00    3.93964623e+00   -6.17763789e-02   -1.10868497e-02    1.00000000e-02
121      4.03333333e-10    1.87822950e+00    1.05140440e+00    3.92030794e+00   -7.87721851e-02   -1.10454611e-02    1.00000000e-02
122      4.06666667e-10    1.88744305e+00    1.05692302e+00    3.94194229e+00   -5.49098062e-02   -1.11991751e-02    1.00000000e-02
123      4.10000000e-10    1.88940871e+00    1.05950118e+00    3.99278034e+00   -3.10484197e-03   -1.13021194e-02    1.00000000e-02
124      4.13333333e-10    1.88283358e+00    1.05623750e+00    4.03600492e+00    3.95129317e-02   -1.11446747e-02    1.00000000e-02
125      4.16666667e-10    1.87028887e+00    1.05038057e+00    4.05172787e+00    5.36826281e-02   -1.08644501e-02    1.00000000e-02
126      4.20000000e-10    1.85732801e+00    1.04720533e+00    4.05210841e+00    5.22968428e-02   -1.08014834e-02    1.00000000e-02
127      4.23333333e-10    1.84925316e+00    1.04731480e+00    4.04655085e+00    4.51157337e-02   -1.10433868e-02    1.00000000e-02
128      4.26666667e-10    1.84876812e+00    1.04782715e+00    4.02500139e+00    2.24403408e-02   -1.12938471e-02    1.00000000e-02
129      4.30000000e-10    1.85574307e+00    1.04741908e+00    3.98363742e+00   -1.89812840e-02   -1.12823854e-02    1.00000000e-02
130      4.33333333e-10    1.86768814e+00    1.04807001e+00    3.93957421e+00   -6.16998063e-02   -1.11106294e-02    1.00000000e-02
131      4.36666667e-10    1.88057043e+00    1.05225676e+00    3.92031466e+00   -7.86206769e-02   -1.10653973e-02    1.00000000e-02
132      4.40000000e-10    1.88992524e+00    1.05840642e+00    3.94403826e+00   -5.27082656e-02   -1.12108661e-02    1.00000000e-02
133      4.43333333e-10    1.89198075e+00    1.06120911e+00    3.99603853e+00    1.67680010e-04   -1.13051159e-02    1.00000000e-02
134      4.46666667e-10    1.88536099e+00    1.05764607e+00    4.03708611e+00    4.05368575e-02   -1.11354092e-02    1.00000000e-02
135      4.50000000e-10    1.87268684e+00    1.05108922e+00    4.04883268e+00    5.07617788e-02   -1.08386239e-02    1.00000000e-02
136      4.53333333e-10    1.85965575e+00    1.04716325e+00    4.04727797e+00    4.75682397e-02   -1.07655891e-02    1.00000000e-02
137      4.56666667e-10    1.85165647e+00    1.04674564e+00    4.04365989e+00    4.24498584e-02   -1.10168725e-02    1.00000000e-02
138      4.60000000e-10    1.85132577e+00    1.04709953e+00    4.02539252e+00    2.30901518e-02   -1.12920827e-02    1.00000000e-02
139      4.63333333e-10    1.85842110e+00    1.04703154e+00    3.98499175e+00   -1.74053688e-02   -1.13030328e-02    1.00000000e-02
140      4.66666667e-10    1.87044624e+00    1.04841646e+00    3.93991429e+00   -6.11731787e-02   -1.11394026e-02    1.00000000e-02
141      4.70000000e-10    1.88344820e+00    1.05350504e+00    3.92099476e+00   -7.77768813e-02   -1.10889574e-02    1.00000000e-02
142      4.73333333e-10    1.89296732e+00    1.06040356e+00    3.94706341e+00   -4.95855262e-02   -1.12246793e-02    1.00000000e-02
143      4.76666667e-10    1.89511277e+00    1.06345164e+00    3.99999988e+00    4.10889191e-03   -1.13088756e-02    1.00000000e-02
144      4.80000000e-10    1.88842423e+00    1.05953243e+00    4.03812144e+00    4.14707881e-02   -1.11245222e-02    1.00000000e-02
145      4.83333333e-10    1.87558811e+00    1.05214878e+00    4.04512775e+00    4.70025407e-02   -1.08076432e-02    1.00000000e-02
146      4.86666667e-10    1.86246432e+00    1.04732401e+00    4.04127387e+00    4.16707769e-02   -1.07214805e-02    1.00000000e-02
147      4.90000000e-10    1.85454357e+00    1.04629440e+00    4.03980749e+00    3.88621832e-02   -1.09828514e-02    1.00000000e-02
148      4.93333333e-10    1.85439373e+00    1.04648683e+00    4.02544244e+00    2.34584487e-02   -1.12882402e-02    1.00000000e-02
149      4.96666667e-10    1.86164379e+00    1.04683589e+00    3.98658851e+00   -1.55276542e-02   -1.13275006e-02    1.00000000e-02
150      5.00000000e-10    1.87378391e+00    1.04910885e+00    3.94091968e+00   -5.99387142e-02   -1.11740376e-02    1.00000000e-02
151      5.03333333e-10    1.88694029e+00    1.05528556e+00    3.92274608e+00   -7.58491866e-02   -1.11171232e-02    1.00000000e-02
152      5.06666667e-10    1.89664366e+00    1.06304409e+00    3.95129935e+00   -4.52771393e-02   -1.12411453e-02    1.00000000e-02
153      5.10000000e-10    1.89886733e+00    1.06633643e+00    4.00462984e+00    8.66357133e-03   -1.13130112e-02    1.00000000e-02
154      5.13333333e-10    1.89207750e+00    1.06200417e+00    4.03889439e+00    4.20823647e-02   -1.11111666e-02    1.00000000e-02
155      5.16666667e-10    1.87904659e+00    1.05367372e+00    4.04049443e+00    4.22764205e-02   -1.07711845e-02    1.00000000e-02
156      5.20000000e-10    1.86580594e+00    1.04779044e+00    4.03406739e+00    3.45686296e-02   -1.06689863e-02    1.00000000e-02
157      5.23333333e-10    1.85795990e+00    1.04605733e+00    4.03485703e+00    3.42119260e-02   -1.09402100e-02    1.00000000e-02
158      5.26666667e-10    1.85801382e+00    1.04609641e+00    4.02494636e+00    2.33420210e-02   -1.12807316e-02    1.00000000e-02
159      5.30000000e-10    1.86545851e+00    1.04695720e+00    3.98841251e+00   -1.33582212e-02   -1.13551505e-02    1.00000000e-02
160      5.33333333e-10    1.87776013e+00    1.05029950e+00    3.94291350e+00   -5.76733716e-02   -1.12153445e-02    1.00000000e-02
161      5.36666667e-10    1.89111195e+00    1.05775974e+00    3.92605763e+00   -7.23619860e-02   -1.11514142e-02    1.00000000e-02
162      5.40000000e-10    1.90100932e+00    1.06645144e+00    3.95697407e+00   -3.95798484e-02   -1.12608415e-02    1.00000000e-02
163      5.43333333e-10    1.90328071e+00    1.06995005e+00    4.00968682e+00    1.35664532e-02   -1.13161900e-02    1.00000000e-02
164      5.46666667e-10    1.89635004e+00    1.06515684e+00    4.03905323e+00    4.20066493e-02   -1.10936868e-02    1.00000000e-02
165      5.50000000e-10    1.88309944e+00    1.05579489e+00    4.03492490e+00    3.65687260e-02   -1.07296124e-02    1.00000000e-02
166      5.53333333e-10    1.86972147e+00    1.04869939e+00    4.02588602e+00    2.64790519e-02   -1.06098115e-02    1.00000000e-02
167      5.56666667e-10    1.86193564e+00    1.04616539e+00    4.02882283e+00    2.84995504e-02   -1.08889632e-02    1.00000000e-02
168      5.60000000e-10    1.86220523e+00    1.04607198e+00    4.02366440e+00    2.24912773e-02   -1.12672740e-02    1.00000000e-02
169      5.63333333e-10    1.86988683e+00    1.04755988e+00    3.99038823e+00   -1.09768052e-02   -1.13840112e-02    1.00000000e-02
170      5.66666667e-10    1.88240827e+00    1.05217386e+00    3.94625029e+00   -5.40312769e-02   -1.12637704e-02    1.00000000e-02
171      5.70000000e-10    1.89599843e+00    1.06108829e+00    3.93142036e+00   -6.68465690e-02   -1.11938218e-02    1.00000000e-02
172      5.73333333e-10    1.90607893e+00    1.07070549e+00    3.96410871e+00   -3.25024028e-02   -1.12840595e-02    1.00000000e-02
173      5.76666667e-10    1.90834325e+00    1.07432433e+00    4.01462094e+00    1.82474101e-02   -1.13156479e-02    1.00000000e-02
174      5.80000000e-10    1.90123110e+00    1.06904645e+00    4.03814326e+00    4.07858347e-02   -1.10695485e-02    1.00000000e-02
175      5.83333333e-10    1.88775591e+00    1.05864050e+00    4.02863217e+00    3.00934256e-02   -1.06845124e-02    1.00000000e-02
176      5.86666667e-10    1.87423209e+00    1.05021927e+00    4.01734088e+00    1.80005671e-02   -1.05485676e-02    1.00000000e-02
177      5.90000000e-10    1.86647813e+00    1.04678326e+00    4.02198260e+00    2.19760160e-02   -1.08313132e-02    1.00000000e-02
178      5.93333333e-10    1.86695468e+00    1.04658759e+00    4.02136701e+00    2.06499871e-02   -1.12452050e-02    1.00000000e-02
179      5.96666667e-10    1.87491143e+00    1.04883535e+00    3.99234809e+00   -8.57025884e-03   -1.14103202e-02    1.00000000e-02
180      6.00000000e-10    1.88771887e+00    1.05492369e+00    3.95120639e+00   -4.87565073e-02   -1.13188365e-02    1.00000000e-02
181      6.03333333e-10    1.90158271e+00    1.06537870e+00    3.93912758e+00   -5.90387366e-02   -1.12462404e-02    1.00000000e-02
182      6.06666667e-10    1.91180442e+00    1.07579626e+00    3.97233542e+00   -2.44395917e-02   -1.13102096e-02    1.00000000e-02
183      6.10000000e-10    1.91398455e+00    1.07940965e+00    4.01859013e+00    2.18581457e-02   -1.13072873e-02    1.00000000e-02
184      6.13333333e-10    1.90666073e+00    1.07366237e+00    4.03577147e+00    3.80411686e-02   -1.10360725e-02    1.00000000e-02
185      6.16666667e-10    1.89298700e+00    1.06230326e+00    4.02212842e+00    2.33745159e-02   -1.06390613e-02    1.00000000e-02
186      6.20000000e-10    1.87932849e+00    1.05252856e+00    4.00941373e+00    1.01018849e-02   -1.04928164e-02    1.00000000e-02
187      6.23333333e-10    1.87156469e+00    1.04809723e+00    4.01492720e+00    1.51937701e-02   -1.07722854e-02    1.00000000e-02
188      6.26666667e-10    1.87221096e+00    1.04782639e+00    4.01793172e+00    1.76508731e-02   -1.12125165e-02    1.00000000e-02
189      6.30000000e-10    1.88046741e+00    1.05096992e+00    3.99402568e+00   -6.44198132e-03   -1.14288661e-02    1.00000000e-02
190      6.33333333e-10    1.89362360e+00    1.05868477e+00    3.95778857e+00   -4.18738313e-02   -1.13782359e-02    1.00000000e-02
191      6.36666667e-10    1.90777542e+00    1.07061930e+00    3.94899089e+00   -4.91543657e-02   -1.13088438e-02    1.00000000e-02
192      6.40000000e-10    1.91806398e+00    1.08159842e+00    3.98083046e+00   -1.62251387e-02   -1.13373906e-02    1.00000000e-02
193      6.43333333e-10    1.92007587e+00    1.08507481e+00    4.02074078e+00    2.35628822e-02   -1.12873680e-02    1.00000000e-02
194      6.46666667e-10    1.91253371e+00    1.07891892e+00    4.03188175e+00    3.37486587e-02   -1.09922388e-02    1.00000000e-02
195      6.50000000e-10    1.89871856e+00    1.06679754e+00    4.01615274e+00    1.71709862e-02   -1.05975108e-02    1.00000000e-02
196      6.53333333e-10    1.88495681e+00    1.05576452e+00    4.00316062e+00    3.82887397e-03   -1.04507690e-02    1.00000000e-02
197      6.56666667e-10    1.87713578e+00    1.05028056e+00    4.00844372e+00    8.89982990e-03   -1.07188386e-02    1.00000000e-02
198      6.60000000e-10    1.87788743e+00    1.04994181e+00    4.01348717e+00    1.35688028e-02   -1.11696045e-02    1.00000000e-02
199      6.63333333e-10    1.88644359e+00    1.05408527e+00    3.99512388e+00   -4.93833613e-03   -1.14348099e-02    1.00000000e-02
200      6.66666667e-10    1.89998853e+00    1.06345484e+00    3.96552782e+00   -3.38872989e-02   -1.14371084e-02    1.00000000e-02
201      6.70000000e-10    1.91441133e+00    1.07664258e+00    3.96014194e+00   -3.80738240e-02   -1.13780620e-02    1.00000000e-02
202      6.73333333e-10    1.92467682e+00    1.08789582e+00    3.98855001e+00   -8.88313862e-03   -1.13627860e-02    1.00000000e-02
203      6.76666667e-10    1.92645545e+00    1.09114185e+00    4.02070164e+00    2.30326656e-02   -1.12554728e-02    1.00000000e-02
204      6.80000000e-10    1.91871663e+00    1.08467117e+00    4.02693854e+00    2.84121465e-02   -1.09405370e-02    1.00000000e-02
205      6.83333333e-10    1.90483146e+00    1.07202937e+00    4.01138115e+00    1.21782517e-02   -1.05634992e-02    1.00000000e-02
206      6.86666667e-10    1.89100807e+00    1.05995012e+00    3.99920693e+00   -1.95676523e-04   -1.04270716e-02    1.00000000e-02
207      6.90000000e-10    1.88309064e+00    1.05343259e+00    4.00322119e+00    3.75919221e-03   -1.06770538e-02    1.00000000e-02
208      6.93333333e-10    1.88387239e+00    1.05300770e+00    4.00850941e+00    8.83746703e-03   -1.11205542e-02    1.00000000e-02
209      6.96666667e-10    1.89269723e+00    1.05817026e+00    3.99546826e+00   -4.27964718e-03   -1.14264995e-02    1.00000000e-02
210      7.00000000e-10    1.90662864e+00    1.06905235e+00    3.97346468e+00   -2.57821982e-02   -1.14887516e-02    1.00000000e-02
211      7.03333333e-10    1.92127622e+00    1.08316219e+00    3.97119053e+00   -2.71737483e-02   -1.14462921e-02    1.00000000e-02
212      7.06666667e-10    1.93144420e+00    1.09445092e+00    3.99471107e+00   -3.14784647e-03   -1.13839097e-02    1.00000000e-02
213      7.10000000e-10    1.93296500e+00    1.09743151e+00    4.01889744e+00    2.07452373e-02   -1.12161198e-02    1.00000000e-02
214      7.13333333e-10    1.92506971e+00    1.09074700e+00    4.02177885e+00    2.28992376e-02   -1.08867909e-02    1.00000000e-02
215      7.16666667e-10    1.91117451e+00    1.07780545e+00    4.00808816e+00    8.68218649e-03   -1.05382121e-02    1.00000000e-02
216      7.20000000e-10    1.89732546e+00    1.06495030e+00    3.99741933e+00   -2.09640444e-03   -1.04199772e-02    1.00000000e-02
217      7.23333333e-10    1.88929317e+00    1.05751731e+00    3.99955540e+00    7.33834428e-05   -1.06491922e-02    1.00000000e-02
218      7.26666667e-10    1.89004294e+00    1.05697835e+00    4.00371340e+00    4.16081357e-03   -1.10721428e-02    1.00000000e-02
219      7.30000000e-10    1.89907923e+00    1.06306098e+00    3.99514449e+00   -4.40403811e-03   -1.14070169e-02    1.00000000e-02
220      7.33333333e-10    1.91334741e+00    1.07517063e+00    3.98050989e+00   -1.86543330e-02   -1.15273601e-02    1.00000000e-02
221      7.36666667e-10    1.92815907e+00    1.08987285e+00    3.98077775e+00   -1.77792538e-02   -1.15047111e-02    1.00000000e-02
222      7.40000000e-10    1.93819386e+00    1.10106441e+00    3.99910555e+00    8.31020108e-04   -1.13994723e-02    1.00000000e-02
223      7.43333333e-10    1.93947457e+00    1.10379404e+00    4.01629442e+00    1.77108640e-02   -1.11766708e-02    1.00000000e-02
224      7.46666667e-10    1.93146464e+00    1.09697779e+00    4.01720420e+00    1.80250448e-02   -1.08376424e-02    1.00000000e-02
225      7.50000000e-10    1.91759097e+00    1.08388780e+00    4.00608114e+00    6.49334411e-03   -1.05202622e-02    1.00000000e-02
226      7.53333333e-10    1.90373648e+00    1.07051111e+00    3.99708466e+00   -2.56854864e-03   -1.04228836e-02    1.00000000e-02
227      7.56666667e-10    1.89559333e+00    1.06235318e+00    3.99729366e+00   -2.27876753e-03   -1.06331141e-02    1.00000000e-02
228      7.60000000e-10    1.89627773e+00    1.06168744e+00    3.99972481e+00    1.87242485e-04   -1.10305259e-02    1.00000000e-02
229      7.63333333e-10    1.90545839e+00    1.06849812e+00    3.99446057e+00   -4.99683247e-03   -1.13825270e-02    1.00000000e-02
230      7.66666667e-10    1.91998247e+00    1.08149655e+00    3.98596822e+00   -1.31861307e-02   -1.15509843e-02    1.00000000e-02
231      7.70000000e-10    1.93489961e+00    1.09653971e+00    3.98813760e+00   -1.06199881e-02   -1.15475592e-02    1.00000000e-02
232      7.73333333e-10    1.94480319e+00    1.10759449e+00    4.00199088e+00    3.35438913e-03   -1.14092101e-02    1.00000000e-02
233      7.76666667e-10    1.94588744e+00    1.11011617e+00    4.01378970e+00    1.48498075e-02   -1.11429542e-02    1.00000000e-02
234      7.80000000e-10    1.93779536e+00    1.10321962e+00    4.01365264e+00    1.42281139e-02   -1.07975613e-02    1.00000000e-02
235      7.83333333e-10    1.92394780e+00    1.09006109e+00    4.00494760e+00    5.19928161e-03   -1.05073558e-02    1.00000000e-02
236      7.86666667e-10    1.91009282e+00    1.07635572e+00    3.99741060e+00   -2.38462787e-03   -1.04288558e-02    1.00000000e-02
237      7.90000000e-10    1.90185640e+00    1.06767810e+00    3.99603676e+00   -3.65775936e-03   -1.06245004e-02    1.00000000e-02
238      7.93333333e-10    1.90246866e+00    1.06689581e+00    3.99680990e+00   -2.77737190e-03   -1.09984557e-02    1.00000000e-02
239      7.96666667e-10    1.91173409e+00    1.07421772e+00    3.99374368e+00   -5.70226585e-03   -1.13586609e-02    1.00000000e-02
240      8.00000000e-10    1.92642866e+00    1.08779956e+00    3.98975259e+00   -9.44096496e-03   -1.15617785e-02    1.00000000e-02
241      8.03333333e-10    1.94140412e+00    1.10302320e+00    3.99323771e+00   -5.70343753e-03   -1.15741445e-02    1.00000000e-02
242      8.06666667e-10    1.95119839e+00    1.11395132e+00    4.00377963e+00    4.85265646e-03   -1.14135536e-02    1.00000000e-02
243      8.10000000e-10    1.95213527e+00    1.11631509e+00    4.01183508e+00    1.26169519e-02   -1.11169810e-02    1.00000000e-02
244      8.13333333e-10    1.94398267e+00    1.10936447e+00    4.01116307e+00    1.15422895e-02   -1.07676228e-02    1.00000000e-02
245      8.16666667e-10    1.93015136e+00    1.09616993e+00    4.00432014e+00    4.43310330e-03   -1.04977073e-02    1.00000000e-02
246      8.20000000e-10    1.91629215e+00    1.08226195e+00    3.99787620e+00   -2.05054807e-03   -1.04337752e-02    1.00000000e-02
247      8.23333333e-10    1.90798294e+00    1.07323818e+00    3.99538497e+00   -4.43370779e-03   -1.06194990e-02    1.00000000e-02
248      8.26666667e-10    1.90853082e+00    1.07236224e+00    3.99488601e+00   -4.77911929e-03   -1.09753036e-02    1.00000000e-02
249      8.30000000e-10    1.91783746e+00    1.08001038e+00    3.99317955e+00   -6.30091737e-03   -1.13383183e-02    1.00000000e-02
250      8.33333333e-10    1.93263206e+00    1.09394720e+00    3.99218149e+00   -7.07602616e-03   -1.15637540e-02    1.00000000e-02
251      8.36666667e-10    1.94763230e+00    1.10925750e+00    3.99651319e+00   -2.58333559e-03   -1.15874648e-02    1.00000000e-02
252      8.40000000e-10    1.95734227e+00    1.12008448e+00    4.00483973e+00    5.69139919e-03   -1.14134544e-02    1.00000000e-02
253      8.43333333e-10    1.95817328e+00    1.12233330e+00    4.01048247e+00    1.10550365e-02   -1.10978499e-02    1.00000000e-02
254      8.46666667e-10    1.94997384e+00    1.11534074e+00    4.00953807e+00    9.76366100e-03   -1.07464030e-02    1.00000000e-02
255      8.50000000e-10    1.93614597e+00    1.10211998e+00    4.00396665e+00    3.96345220e-03   -1.04902603e-02    1.00000000e-02
256      8.53333333e-10    1.92227647e+00    1.08808496e+00    3.99826377e+00   -1.77588331e-03   -1.04363966e-02    1.00000000e-02
257      8.56666667e-10    1.91391149e+00    1.07883960e+00    3.99505769e+00   -4.87117827e-03   -1.06158143e-02    1.00000000e-02
258      8.60000000e-10    1.91440662e+00    1.07789421e+00    3.99370500e+00   -6.04198261e-03   -1.09589039e-02    1.00000000e-02
259      8.63333333e-10    1.92372666e+00    1.08573609e+00    3.99280953e+00   -6.72467980e-03   -1.13219836e-02    1.00000000e-02
260      8.66666667e-10    1.93857180e+00    1.09987584e+00    3.99367470e+00   -5.65321073e-03   -1.15605311e-02    1.00000000e-02
261      8.70000000e-10    1.95357507e+00    1.11522041e+00    3.99851308e+00   -7.08802420e-04   -1.15916011e-02    1.00000000e-02
262      8.73333333e-10    1.96322094e+00    1.12597003e+00    4.00544107e+00    6.12885389e-03   -1.14101730e-02    1.00000000e-02
263      8.76666667e-10    1.96397613e+00    1.12813543e+00    4.00960242e+00    1.00210414e-02   -1.10836983e-02    1.00000000e-02
264      8.80000000e-10    1.95573855e+00    1.12110678e+00    4.00852157e+00    8.62935799e-03   -1.07315805e-02    1.00000000e-02
265      8.83333333e-10    1.94190386e+00    1.10786144e+00    4.00376164e+00    3.66452615e-03   -1.04843508e-02    1.00000000e-02
266      8.86666667e-10    1.92801902e+00    1.09374312e+00    3.99853149e+00   -1.60003701e-03   -1.04369703e-02    1.00000000e-02
267      8.90000000e-10    1.91961045e+00    1.08435706e+00    3.99489512e+00   -5.12432681e-03   -1.06124607e-02    1.00000000e-02
268      8.93333333e-10    1.92006300e+00    1.08336148e+00    3.99301532e+00   -6.80529882e-03   -1.09470481e-02    1.00000000e-02
269      8.96666667e-10    1.92938023e+00    1.09131173e+00    3.99259929e+00   -6.99138399e-03   -1.13089756e-02    1.00000000e-02
270      9.00000000e-10    1.94424456e+00    1.10556048e+00    3.99457838e+00   -4.81551839e-03   -1.15545964e-02    1.00000000e-02
271      9.03333333e-10    1.95923788e+00    1.12091077e+00    3.99969843e+00    3.78483853e-04   -1.15900853e-02    1.00000000e-02
272      9.06666667e-10    1.96883381e+00    1.13160056e+00    4.00576538e+00    6.33356574e-03   -1.14049094e-02    1.00000000e-02
273      9.10000000e-10    1.96953307e+00    1.13370368e+00    4.00904122e+00    9.34804350e-03   -1.10728401e-02    1.00000000e-02
274      9.13333333e-10    1.96126303e+00    1.12664231e+00    4.00789649e+00    7.91558722e-03   -1.07210225e-02    1.00000000e-02
275      9.16666667e-10    1.94741492e+00    1.11337216e+00    4.00363889e+00    3.46825662e-03   -1.04795132e-02    1.00000000e-02
276      9.20000000e-10    1.93351156e+00    1.09919578e+00    3.99870156e+00   -1.50184727e-03   -1.04361512e-02    1.00000000e-02
277      9.23333333e-10    1.92506751e+00    1.08971876e+00    3.99481606e+00   -5.27441105e-03   -1.06091540e-02    1.00000000e-02
278      9.26666667e-10    1.92548501e+00    1.08868633e+00    3.99262811e+00   -7.25356171e-03   -1.09380849e-02    1.00000000e-02
279      9.30000000e-10    1.93479049e+00    1.09669313e+00    3.99249784e+00   -7.14386989e-03   -1.12983862e-02    1.00000000e-02
280      9.33333333e-10    1.94965552e+00    1.11099541e+00    3.99512734e+00   -4.32325239e-03   -1.15474190e-02    1.00000000e-02
281      9.36666667e-10    1.96463170e+00    1.12633621e+00    4.00039033e+00    9.95204459e-04   -1.15853963e-02    1.00000000e-02
282      9.40000000e-10    1.97418707e+00    1.13697801e+00    4.00592792e+00    6.40938637e-03   -1.13985855e-02    1.00000000e-02
283      9.43333333e-10    1.97484311e+00    1.13903246e+00    4.00868000e+00    8.90620865e-03   -1.10640932e-02    1.00000000e-02
284      9.46666667e-10    1.96654444e+00    1.13194074e+00    4.00751052e+00    7.46389475e-03   -1.07131703e-02    1.00000000e-02
285      9.50000000e-10    1.95267923e+00    1.11864564e+00    4.00356246e+00    3.33583543e-03   -1.04754154e-02    1.00000000e-02
286      9.53333333e-10    1.93875576e+00    1.10442605e+00    3.99880588e+00   -1.45213711e-03   -1.04345151e-02    1.00000000e-02
287      9.56666667e-10    1.93028164e+00    1.09488794e+00    3.99478066e+00   -5.36375929e-03   -1.06058745e-02    1.00000000e-02
288      9.60000000e-10    1.93066929e+00    1.09382730e+00    3.99242012e+00   -7.50974306e-03   -1.09309438e-02    1.00000000e-02
289      9.63333333e-10    1.93995838e+00    1.10186020e+00    3.99246320e+00   -7.22114422e-03   -1.12894726e-02    1.00000000e-02
290      9.66666667e-10    1.95481370e+00    1.11618413e+00    3.99546673e+00   -4.03009347e-03   -1.15397996e-02    1.00000000e-02
291      9.70000000e-10    1.96976915e+00    1.13150760e+00    4.00079126e+00    1.33927757e-03   -1.15790834e-02    1.00000000e-02
292      9.73333333e-10    1.97929019e+00    1.14210929e+00    4.00599833e+00    6.41707995e-03   -1.13918138e-02    1.00000000e-02
293      9.76666667e-10    1.97991105e+00    1.14412377e+00    4.00844043e+00    8.60874830e-03   -1.10567174e-02    1.00000000e-02
294      9.80000000e-10    1.97158647e+00    1.13700359e+00    4.00726706e+00    7.17235644e-03   -1.07070137e-02    1.00000000e-02
295      9.83333333e-10    1.95770241e+00    1.12368387e+00    4.00351242e+00    3.24410656e-03   -1.04718332e-02    1.00000000e-02
296      9.86666667e-10    1.94375834e+00    1.10943008e+00    3.99886939e+00   -1.42917023e-03   -1.04324548e-02    1.00000000e-02
297      9.90000000e-10    1.93525780e+00    1.09984876e+00    3.99476898e+00   -5.41550209e-03   -1.06026649e-02    1.00000000e-02
298      9.93333333e-10    1.93561920e+00    1.09876536e+00    3.99231635e+00   -7.65037041e-03   -1.09249739e-02    1.00000000e-02
299      9.96666667e-10    1.94488972e+00    1.10680683e+00    3.99246708e+00   -7.25127770e-03   -1.12817228e-02    1.00000000e-02
300      1.00000000e-09    1.95972979e+00    1.12113439e+00    3.99568258e+00   -3.85074098e-03   -1.15321573e-02    1.00000000e-02
301      1.00333333e-09    1.97466300e+00    1.13643678e+00    4.00102252e+00    1.52791465e-03   -1.15720527e-02    1.00000000e-02
302      1.00666667e-09    1.98415393e+00    1.14700367e+00    4.00601730e+00    6.39071713e-03   -1.13849636e-02    1.00000000e-02
303      1.01000000e-09    1.98474485e+00    1.14898391e+00    4.00827439e+00    8.40127276e-03   -1.10502687e-02    1.00000000e-02
304      1.01333333e-09    1.97639640e+00    1.14183690e+00    4.00710792e+00    6.97846814e-03   -1.07019361e-02    1.00000000e-02
305      1.01666667e-09    1.96249290e+00    1.12849324e+00    4.00347759e+00    3.17885369e-03   -1.04686231e-02    1.00000000e-02
306      1.02000000e-09    1.94852841e+00    1.11421094e+00    3.99890844e+00   -1.41962057e-03   -1.04302106e-02    1.00000000e-02
307      1.02333333e-09    1.94000406e+00    1.10459724e+00    3.99477052e+00   -5.44315564e-03   -1.05995653e-02    1.00000000e-02
308      1.02666667e-09    1.94034177e+00    1.10349457e+00    3.99227257e+00   -7.72169072e-03   -1.09197882e-02    1.00000000e-02
309      1.03000000e-09    1.94959290e+00    1.11153463e+00    3.99249205e+00   -7.25263752e-03   -1.12748077e-02    1.00000000e-02
310      1.03333333e-09    1.96441498e+00    1.12585584e+00    3.99582505e+00   -3.73648451e-03   -1.15247045e-02    1.00000000e-02
311      1.03666667e-09    1.97932562e+00    1.14113562e+00    4.00115507e+00    1.62865720e-03   -1.15648136e-02    1.00000000e-02
312      1.04000000e-09    1.98878947e+00    1.15167145e+00    4.00600812e+00    6.34875837e-03   -1.13782418e-02    1.00000000e-02
313      1.04333333e-09    1.98935399e+00    1.15362134e+00    4.00815319e+00    8.25050785e-03   -1.10444828e-02    1.00000000e-02
314      1.04666667e-09    1.98098330e+00    1.14644898e+00    4.00699891e+00    6.84463745e-03   -1.06975715e-02    1.00000000e-02
315      1.05000000e-09    1.96706043e+00    1.13308228e+00    4.00345170e+00    3.13116356e-03   -1.04656966e-02    1.00000000e-02
316      1.05333333e-09    1.95307606e+00    1.11877525e+00    3.99893302e+00   -1.41610214e-03   -1.04279219e-02    1.00000000e-02
317      1.05666667e-09    1.94452985e+00    1.10913586e+00    3.99477952e+00   -5.45508208e-03   -1.05966002e-02    1.00000000e-02
318      1.06000000e-09    1.94484581e+00    1.10801623e+00    3.99226309e+00   -7.75140681e-03   -1.09151567e-02    1.00000000e-02
319      1.06333333e-09    1.95407749e+00    1.11604932e+00    3.99252791e+00   -7.23677467e-03   -1.12685203e-02    1.00000000e-02
320      1.06666667e-09    1.96888045e+00    1.13035877e+00    3.99592336e+00   -3.65972299e-03   -1.15175433e-02    1.00000000e-02
321      1.07000000e-09    1.98376884e+00    1.14561564e+00    4.00123002e+00    1.67993421e-03   -1.15576431e-02    1.00000000e-02
322      1.07333333e-09    1.99320787e+00    1.15612317e+00    4.00598400e+00    6.30089845e-03   -1.13717564e-02    1.00000000e-02
323      1.07666667e-09    1.99374852e+00    1.15804555e+00    4.00805988e+00    8.13616827e-03   -1.10391998e-02    1.00000000e-02
324      1.08000000e-09    1.98535695e+00    1.15084918e+00    4.00692011e+00    6.74831985e-03   -1.06937032e-02    1.00000000e-02
325      1.08333333e-09    1.97141517e+00    1.13746043e+00    4.00343119e+00    3.09533757e-03   -1.04629988e-02    1.00000000e-02
326      1.08666667e-09    1.95741164e+00    1.12313132e+00    3.99894905e+00   -1.41480935e-03   -1.04256674e-02    1.00000000e-02
327      1.09000000e-09    1.94884514e+00    1.11347053e+00    3.99479267e+00   -5.45666114e-03   -1.05937816e-02    1.00000000e-02
328      1.09333333e-09    1.94914086e+00    1.11233553e+00    3.99227298e+00   -7.75614023e-03   -1.09109402e-02    1.00000000e-02
329      1.09666667e-09    1.95835347e+00    1.12035864e+00    3.99256882e+00   -7.21085210e-03   -1.12627294e-02    1.00000000e-02
330      1.10000000e-09    1.97313706e+00    1.13465357e+00    3.99599457e+00   -3.60483650e-03   -1.15107175e-02    1.00000000e-02
331      1.10333333e-09    1.98800386e+00    1.14988787e+00    4.00127123e+00    1.70350291e-03   -1.15506863e-02    1.00000000e-02
332      1.10666667e-09    1.99741988e+00    1.16036927e+00    4.00595236e+00    6.25204550e-03   -1.13655585e-02    1.00000000e-02
333      1.11000000e-09    1.99793857e+00    1.16226629e+00    4.00798441e+00    8.04579448e-03   -1.10343204e-02    1.00000000e-02
334      1.11333333e-09    1.98952733e+00    1.15504716e+00    4.00685988e+00    6.67590492e-03   -1.06902021e-02    1.00000000e-02
335      1.11666667e-09    1.97556728e+00    1.14163740e+00    4.00341403e+00    3.06766167e-03   -1.04604951e-02    1.00000000e-02
336      1.12000000e-09    1.96154538e+00    1.12728816e+00    3.99896000e+00   -1.41392744e-03   -1.04234900e-02    1.00000000e-02
337      1.12333333e-09    1.95295988e+00    1.11760882e+00    3.99480807e+00   -5.45143878e-03   -1.05911132e-02    1.00000000e-02
338      1.12666667e-09    1.95323665e+00    1.11645965e+00    3.99229362e+00   -7.74593144e-03   -1.09070529e-02    1.00000000e-02
339      1.13000000e-09    1.96243077e+00    1.12447124e+00    3.99261150e+00   -7.17930030e-03   -1.12573495e-02    1.00000000e-02
340      1.13333333e-09    1.97719525e+00    1.13875040e+00    3.99604880e+00   -3.56296279e-03   -1.15042396e-02    1.00000000e-02
341      1.13666667e-09    1.99204129e+00    1.15396280e+00    4.00129257e+00    1.71166499e-03   -1.15440140e-02    1.00000000e-02
342      1.14000000e-09    2.00143580e+00    1.16441985e+00    4.00591739e+00    6.20454814e-03   -1.13596672e-02    1.00000000e-02
343      1.14333333e-09    2.00193406e+00    1.16629324e+00    4.00792074e+00    7.97162865e-03   -1.10297801e-02    1.00000000e-02
344      1.14666667e-09    1.99350421e+00    1.15905252e+00    4.00681136e+00    6.61907648e-03   -1.06869889e-02    1.00000000e-02
345      1.15000000e-09    1.97952662e+00    1.14562277e+00    4.00339904e+00    3.04567225e-03   -1.04581628e-02    1.00000000e-02
346      1.15333333e-09    1.96548719e+00    1.13125494e+00    3.99896789e+00   -1.41268900e-03   -1.04214118e-02    1.00000000e-02
347      1.15666667e-09    1.95688382e+00    1.12155903e+00    3.99482456e+00   -5.44178736e-03   -1.05885940e-02    1.00000000e-02
348      1.16000000e-09    1.95714273e+00    1.12039662e+00    3.99231997e+00   -7.72689761e-03   -1.09034395e-02    1.00000000e-02
349      1.16333333e-09    1.96631906e+00    1.12839605e+00    3.99265414e+00   -7.14486285e-03   -1.12523229e-02    1.00000000e-02
350      1.16666667e-09    1.98106498e+00    1.14265903e+00    3.99609205e+00   -3.52905008e-03   -1.14981061e-02    1.00000000e-02
351      1.17000000e-09    1.99589114e+00    1.15785040e+00    4.00130218e+00    1.71137486e-03   -1.15376559e-02    1.00000000e-02
352      1.17333333e-09    2.00526544e+00    1.16828459e+00    4.00588140e+00    6.15941554e-03   -1.13540838e-02    1.00000000e-02
353      1.17666667e-09    2.00574456e+00    1.17013582e+00    4.00786522e+00    7.90875729e-03   -1.10255348e-02    1.00000000e-02
354      1.18000000e-09    1.99729707e+00    1.16287461e+00    4.00677049e+00    6.57267592e-03   -1.06840138e-02    1.00000000e-02
355      1.18333333e-09    1.98330272e+00    1.14942586e+00    4.00338553e+00    3.02770905e-03   -1.04559858e-02    1.00000000e-02
356      1.18666667e-09    1.96924658e+00    1.13504068e+00    3.99897392e+00   -1.41084877e-03   -1.04194436e-02    1.00000000e-02
357      1.19000000e-09    1.96062634e+00    1.12532969e+00    3.99484146e+00   -5.42930840e-03   -1.05862204e-02    1.00000000e-02
358      1.19333333e-09    1.96086837e+00    1.12415482e+00    3.99234910e+00   -7.70279765e-03   -1.09000634e-02    1.00000000e-02
359      1.19666667e-09    1.97002766e+00    1.13214191e+00    3.99269579e+00   -7.10924002e-03   -1.12476084e-02    1.00000000e-02
360      1.20000000e-09    1.98475568e+00    1.14638881e+00    3.99612801e+00   -3.50019803e-03   -1.14923053e-02    1.00000000e-02
361      1.20333333e-09    1.99956289e+00    1.16156006e+00    4.00130488e+00    1.70656202e-03   -1.15316190e-02    1.00000000e-02
362      1.20666667e-09    2.00891812e+00    1.17197273e+00    4.00584568e+00    6.11697495e-03   -1.13488006e-02    1.00000000e-02
363      1.21000000e-09    2.00937921e+00    1.17380307e+00    4.00781556e+00    7.85400789e-03   -1.10215530e-02    1.00000000e-02
364      1.21333333e-09    2.00091499e+00    1.16652240e+00    4.00673479e+00    6.53344859e-03   -1.06812440e-02    1.00000000e-02
365      1.21666667e-09    1.98690464e+00    1.15305558e+00    4.00337309e+00    3.01263810e-03   -1.04539522e-02    1.00000000e-02
366      1.22000000e-09    1.97283261e+00    1.13865415e+00    3.99897878e+00   -1.40840318e-03   -1.04175892e-02    1.00000000e-02
367      1.22333333e-09    1.96419640e+00    1.12892921e+00    3.99485837e+00   -5.41508840e-03   -1.05839874e-02    1.00000000e-02
368      1.22666667e-09    1.96442244e+00    1.12774256e+00    3.99237932e+00   -7.67595799e-03   -1.08968986e-02    1.00000000e-02
369      1.23000000e-09    1.97356545e+00    1.13571745e+00    3.99273597e+00   -7.07348115e-03   -1.12431752e-02    1.00000000e-02
370      1.23333333e-09    1.98827630e+00    1.14994863e+00    3.99615892e+00   -3.47472497e-03   -1.14868213e-02    1.00000000e-02
371      1.23666667e-09    2.00306546e+00    1.16510069e+00    4.00130350e+00    1.69944118e-03   -1.15258983e-02    1.00000000e-02
372      1.24000000e-09    2.01240266e+00    1.17549302e+00    4.00581089e+00    6.07722203e-03   -1.13438053e-02    1.00000000e-02
373      1.24333333e-09    2.01284671e+00    1.17730361e+00    4.00777034e+00    7.80528915e-03   -1.10178107e-02    1.00000000e-02
374      1.24666667e-09    2.00436661e+00    1.17000445e+00    4.00670276e+00    6.49930425e-03   -1.06786564e-02    1.00000000e-02
375      1.25000000e-09    1.99034101e+00    1.15652047e+00    4.00336145e+00    2.99967568e-03   -1.04520524e-02    1.00000000e-02
376      1.25333333e-09    1.97625386e+00    1.14210371e+00    3.99898290e+00   -1.40544644e-03   -1.04158484e-02    1.00000000e-02
377      1.25666667e-09    1.96760252e+00    1.13236578e+00    3.99487506e+00   -5.39986600e-03   -1.05818894e-02    1.00000000e-02
378      1.26000000e-09    1.96781339e+00    1.13116795e+00    3.99240964e+00   -7.64782478e-03   -1.08939259e-02    1.00000000e-02
379      1.26333333e-09    1.97694087e+00    1.13913094e+00    3.99277447e+00   -7.03822615e-03   -1.12389994e-02    1.00000000e-02
380      1.26666667e-09    1.99163532e+00    1.15334692e+00    3.99618622e+00   -3.45164195e-03   -1.14816371e-02    1.00000000e-02
381      1.27000000e-09    2.00640729e+00    1.16848071e+00    4.00129978e+00    1.69125351e-03   -1.15204822e-02    1.00000000e-02
382      1.27333333e-09    2.01572741e+00    1.17885378e+00    4.00577738e+00    6.04000391e-03   -1.13390834e-02    1.00000000e-02
383      1.27666667e-09    2.01615533e+00    1.18064566e+00    4.00772859e+00    7.76119227e-03   -1.10142887e-02    1.00000000e-02
384      1.28000000e-09    2.00766015e+00    1.17332891e+00    4.00667344e+00    6.46887521e-03   -1.06762345e-02    1.00000000e-02
385      1.28333333e-09    1.99362003e+00    1.15982863e+00    4.00335046e+00    2.98827475e-03   -1.04502784e-02    1.00000000e-02
386      1.28666667e-09    1.97951849e+00    1.14539740e+00    3.99898652e+00   -1.40210013e-03   -1.04142191e-02    1.00000000e-02
387      1.29000000e-09    1.97085280e+00    1.13564726e+00    3.99489137e+00   -5.38414285e-03   -1.05799206e-02    1.00000000e-02
388      1.29333333e-09    1.97104927e+00    1.13443881e+00    3.99243949e+00   -7.61929724e-03   -1.08911304e-02    1.00000000e-02
389      1.29666667e-09    1.98016194e+00    1.14239029e+00    3.99281122e+00   -7.00385534e-03   -1.12350612e-02    1.00000000e-02
390      1.30000000e-09    1.99484074e+00    1.15659167e+00    3.99621081e+00   -3.43035535e-03   -1.14767355e-02    1.00000000e-02
391      1.30333333e-09    2.00959636e+00    1.17170807e+00    4.00129473e+00    1.68268695e-03   -1.15153566e-02    1.00000000e-02
392      1.30666667e-09    2.01890028e+00    1.18206288e+00    4.00574528e+00    6.00511281e-03   -1.13346200e-02    1.00000000e-02
393      1.31000000e-09    2.01931290e+00    1.18383700e+00    4.00768968e+00    7.72074665e-03   -1.10109709e-02    1.00000000e-02
394      1.31333333e-09    2.01080338e+00    1.17650352e+00    4.00664622e+00    6.44124918e-03   -1.06739650e-02    1.00000000e-02
395      1.31666667e-09    1.99674944e+00    1.16298774e+00    4.00334001e+00    2.97805003e-03   -1.04486232e-02    1.00000000e-02
396      1.32000000e-09    1.98263423e+00    1.14854281e+00    3.99898980e+00   -1.39848132e-03   -1.04126979e-02    1.00000000e-02
397      1.32333333e-09    1.97395490e+00    1.13878117e+00    3.99490725e+00   -5.36825818e-03   -1.05780751e-02    1.00000000e-02
398      1.32666667e-09    1.97413770e+00    1.13756263e+00    3.99246859e+00   -7.59093126e-03   -1.08884996e-02    1.00000000e-02
399      1.33000000e-09    1.98323626e+00    1.14550304e+00    3.99284624e+00   -6.97058360e-03   -1.12313438e-02    1.00000000e-02
400      1.33333333e-09    1.99790013e+00    1.15969042e+00    3.99623331e+00   -3.41049830e-03   -1.14720995e-02    1.00000000e-02
401      1.33666667e-09    2.01264021e+00    1.17479029e+00    4.00128898e+00    1.67411528e-03   -1.15105059e-02    1.00000000e-02
402      1.34000000e-09    2.02192875e+00    1.18512776e+00    4.00571464e+00    5.97233194e-03   -1.13304000e-02    1.00000000e-02
403      1.34333333e-09    2.02232685e+00    1.18688501e+00    4.00765317e+00    7.68326786e-03   -1.10078435e-02    1.00000000e-02
404      1.34666667e-09    2.01380368e+00    1.17953561e+00    4.00662069e+00    6.41580541e-03   -1.06718374e-02    1.00000000e-02
405      1.35000000e-09    1.99973659e+00    1.16600508e+00    4.00333002e+00    2.96872790e-03   -1.04470802e-02    1.00000000e-02
406      1.35333333e-09    1.98560837e+00    1.15154717e+00    3.99899284e+00   -1.39469017e-03   -1.04112806e-02    1.00000000e-02
407      1.35666667e-09    1.97691610e+00    1.14177467e+00    3.99492264e+00   -5.35243946e-03   -1.05763471e-02    1.00000000e-02
408      1.36000000e-09    1.97708589e+00    1.14054652e+00    3.99249675e+00   -7.56306532e-03   -1.08860231e-02    1.00000000e-02
409      1.36333333e-09    1.98617102e+00    1.14847632e+00    3.99287960e+00   -6.93852016e-03   -1.12278325e-02    1.00000000e-02
410      1.36666667e-09    2.00082067e+00    1.16265034e+00    3.99625412e+00   -3.39183484e-03   -1.14677132e-02    1.00000000e-02
411      1.37000000e-09    2.01554596e+00    1.17773447e+00    4.00128292e+00    1.66573445e-03   -1.15059145e-02    1.00000000e-02
412      1.37333333e-09    2.02481989e+00    1.18805547e+00    4.00568543e+00    5.94145645e-03   -1.13264093e-02    1.00000000e-02
413      1.37666667e-09    2.02520419e+00    1.18979667e+00    4.00761873e+00    7.64826171e-03   -1.10048945e-02    1.00000000e-02
414      1.38000000e-09    2.01666805e+00    1.18243212e+00    4.00659659e+00    6.39211272e-03   -1.06698425e-02    1.00000000e-02
415      1.38333333e-09    2.00258843e+00    1.16888757e+00    4.00332046e+00    2.96011246e-03   -1.04456436e-02    1.00000000e-02
416      1.38666667e-09    1.98844785e+00    1.15441735e+00    3.99899569e+00   -1.39080693e-03   -1.04099629e-02    1.00000000e-02
417      1.39000000e-09    1.97974327e+00    1.14463455e+00    3.99493753e+00   -5.33683707e-03   -1.05747308e-02    1.00000000e-02
418      1.39333333e-09    1.97990069e+00    1.14339728e+00    3.99252393e+00   -7.53589934e-03   -1.08836916e-02    1.00000000e-02
419      1.39666667e-09    1.98897303e+00    1.15131692e+00    3.99291139e+00   -6.90770700e-03   -1.12245144e-02    1.00000000e-02
420      1.40000000e-09    2.00360914e+00    1.16547819e+00    3.99627353e+00   -3.37420535e-03   -1.14635615e-02    1.00000000e-02
421      1.40333333e-09    2.01832036e+00    1.18054736e+00    4.00127676e+00    1.65764042e-03   -1.15015673e-02    1.00000000e-02
422      1.40666667e-09    2.02758041e+00    1.19085268e+00    4.00565759e+00    5.91230152e-03   -1.13226341e-02    1.00000000e-02
423      1.41000000e-09    2.02795157e+00    1.19257861e+00    4.00758611e+00    7.61536269e-03   -1.10021127e-02    1.00000000e-02
424      1.41333333e-09    2.01940309e+00    1.18519962e+00    4.00657370e+00    6.36986511e-03   -1.06679724e-02    1.00000000e-02
425      1.41666667e-09    2.00531156e+00    1.17164174e+00    4.00331127e+00    2.95206225e-03   -1.04443077e-02    1.00000000e-02
426      1.42000000e-09    1.99115921e+00    1.15715983e+00    3.99899840e+00   -1.38689320e-03   -1.04087403e-02    1.00000000e-02
427      1.42333333e-09    1.98244292e+00    1.14736727e+00    3.99495193e+00   -5.32154809e-03   -1.05732208e-02    1.00000000e-02
428      1.42666667e-09    1.98258859e+00    1.14612131e+00    3.99255009e+00   -7.50954451e-03   -1.08814968e-02    1.00000000e-02
429      1.43000000e-09    1.99164875e+00    1.15403127e+00    3.99294169e+00   -6.87814374e-03   -1.12213777e-02    1.00000000e-02
430      1.43333333e-09    2.00627196e+00    1.16818038e+00    3.99629175e+00   -3.35749534e-03   -1.14596302e-02    1.00000000e-02
431      1.43666667e-09    2.02096978e+00    1.18323531e+00    4.00127065e+00    1.64987365e-03   -1.14974497e-02    1.00000000e-02
432      1.44000000e-09    2.03021662e+00    1.19352572e+00    4.00563106e+00    5.88470420e-03   -1.13190617e-02    1.00000000e-02
433      1.44333333e-09    2.03057530e+00    1.19523710e+00    4.00755513e+00    7.58429383e-03   -1.09994882e-02    1.00000000e-02
434      1.44666667e-09    2.02201507e+00    1.18784437e+00    4.00655190e+00    6.34884044e-03   -1.06662199e-02    1.00000000e-02
435      1.45000000e-09    2.00791220e+00    1.17427379e+00    4.00330242e+00    2.94447419e-03   -1.04430674e-02    1.00000000e-02
436      1.45333333e-09    1.99374865e+00    1.15978077e+00    3.99900098e+00   -1.38299469e-03   -1.04076082e-02    1.00000000e-02
437      1.45666667e-09    1.98502124e+00    1.14997896e+00    3.99496585e+00   -5.30663286e-03   -1.05718119e-02    1.00000000e-02
438      1.46000000e-09    1.98515571e+00    1.14872473e+00    3.99257525e+00   -7.48405524e-03   -1.08794311e-02    1.00000000e-02
439      1.46333333e-09    1.99420427e+00    1.15662545e+00    3.99297060e+00   -6.84980388e-03   -1.12184116e-02    1.00000000e-02
440      1.46666667e-09    2.00881520e+00    1.17076298e+00    3.99630893e+00   -3.34161764e-03   -1.14559062e-02    1.00000000e-02
441      1.47000000e-09    2.02350028e+00    1.18580436e+00    4.00126467e+00    1.64244437e-03   -1.14935482e-02    1.00000000e-02
442      1.47333333e-09    2.03273455e+00    1.19608057e+00    4.00560576e+00    5.85852228e-03   -1.13156801e-02    1.00000000e-02
443      1.47666667e-09    2.03308135e+00    1.19777809e+00    4.00752564e+00    7.55484025e-03   -1.09970119e-02    1.00000000e-02
444      1.48000000e-09    2.02450992e+00    1.19037225e+00    4.00653107e+00    6.32887368e-03   -1.06645783e-02    1.00000000e-02
445      1.48333333e-09    2.01039625e+00    1.17678959e+00    4.00329390e+00    2.93727240e-03   -1.04419176e-02    1.00000000e-02
446      1.48666667e-09    1.99622206e+00    1.16228602e+00    3.99900345e+00   -1.37914433e-03   -1.04065622e-02    1.00000000e-02
447      1.49000000e-09    1.98748406e+00    1.15247541e+00    3.99497928e+00   -5.29212635e-03   -1.05704989e-02    1.00000000e-02
448      1.49333333e-09    1.98760787e+00    1.15121333e+00    3.99259943e+00   -7.45944973e-03   -1.08774873e-02    1.00000000e-02
449      1.49666667e-09    1.99664539e+00    1.15910525e+00    3.99299820e+00   -6.82264537e-03   -1.12156063e-02    1.00000000e-02
450      1.50000000e-09    2.01124463e+00    1.17323174e+00    3.99632519e+00   -3.32650217e-03   -1.14523771e-02    1.00000000e-02
451      1.50333333e-09    2.02591757e+00    1.18826021e+00    4.00125886e+00    1.63534694e-03   -1.14898499e-02    1.00000000e-02
452      1.50666667e-09    2.03513988e+00    1.19852290e+00    4.00558163e+00    5.83363203e-03   -1.13124781e-02    1.00000000e-02
453      1.51000000e-09    2.03547536e+00    1.20020721e+00    4.00749750e+00    7.52683136e-03   -1.09946751e-02    1.00000000e-02
454      1.51333333e-09    2.02689328e+00    1.19278887e+00    4.00651112e+00    6.30983926e-03   -1.06630415e-02    1.00000000e-02
455      1.51666667e-09    2.01276933e+00    1.17919470e+00    4.00328568e+00    2.93040032e-03   -1.04408538e-02    1.00000000e-02
456      1.52000000e-09    1.99858500e+00    1.16468110e+00    3.99900584e+00   -1.37536511e-03   -1.04055981e-02    1.00000000e-02
457      1.52333333e-09    1.98983692e+00    1.15486215e+00    3.99499226e+00   -5.27804618e-03   -1.05692770e-02    1.00000000e-02
458      1.52666667e-09    1.98995060e+00    1.15359260e+00    3.99262269e+00   -7.43572329e-03   -1.08756589e-02    1.00000000e-02
459      1.53000000e-09    1.99897759e+00    1.16147612e+00    3.99302459e+00   -6.79661758e-03   -1.12129525e-02    1.00000000e-02
460      1.53333333e-09    2.01356569e+00    1.17559211e+00    3.99634064e+00   -3.31209006e-03   -1.14490316e-02    1.00000000e-02
461      1.53666667e-09    2.02822708e+00    1.19060829e+00    4.00125324e+00    1.62856796e-03   -1.14863429e-02    1.00000000e-02
462      1.54000000e-09    2.03743800e+00    1.20085809e+00    4.00555857e+00    5.80992570e-03   -1.13094452e-02    1.00000000e-02
463      1.54333333e-09    2.03776270e+00    1.20252979e+00    4.00747061e+00    7.50012874e-03   -1.09924701e-02    1.00000000e-02
464      1.54666667e-09    2.02917047e+00    1.19509953e+00    4.00649198e+00    6.29163929e-03   -1.06616039e-02    1.00000000e-02
465      1.55000000e-09    2.01503673e+00    1.18149441e+00    4.00327775e+00    2.92381527e-03   -1.04398713e-02    1.00000000e-02
466      1.55333333e-09    2.00084275e+00    1.16697126e+00    3.99900813e+00   -1.37167247e-03   -1.04047118e-02    1.00000000e-02
467      1.55666667e-09    1.99208509e+00    1.15714439e+00    3.99500480e+00   -5.26439812e-03   -1.05681416e-02    1.00000000e-02
468      1.56000000e-09    1.99218911e+00    1.15586773e+00    3.99264506e+00   -7.41285713e-03   -1.08739398e-02    1.00000000e-02
469      1.56333333e-09    2.00120608e+00    1.16374327e+00    3.99304984e+00   -6.77166576e-03   -1.12104417e-02    1.00000000e-02
470      1.56666667e-09    2.01578356e+00    1.17784925e+00    3.99635534e+00   -3.29833018e-03   -1.14458590e-02    1.00000000e-02
471      1.57000000e-09    2.03043394e+00    1.19285373e+00    4.00124783e+00    1.62209065e-03   -1.14830160e-02    1.00000000e-02
472      1.57333333e-09    2.03963401e+00    1.20309123e+00    4.00553653e+00    5.78730909e-03   -1.13065717e-02    1.00000000e-02
473      1.57666667e-09    2.03994845e+00    1.20475090e+00    4.00744488e+00    7.47461780e-03   -1.09903894e-02    1.00000000e-02
474      1.58000000e-09    2.03134655e+00    1.19730927e+00    4.00647360e+00    6.27419564e-03   -1.06602601e-02    1.00000000e-02
475      1.58333333e-09    2.01720349e+00    1.18369370e+00    4.00327008e+00    2.91748453e-03   -1.04389659e-02    1.00000000e-02
476      1.58666667e-09    2.00300032e+00    1.16916148e+00    3.99901035e+00   -1.36807623e-03   -1.04038991e-02    1.00000000e-02
477      1.59000000e-09    1.99423353e+00    1.15932709e+00    3.99501692e+00   -5.25118001e-03   -1.05670882e-02    1.00000000e-02
478      1.59333333e-09    1.99432836e+00    1.15804367e+00    3.99266658e+00   -7.39082398e-03   -1.08723241e-02    1.00000000e-02
479      1.59666667e-09    2.00333578e+00    1.16591161e+00    3.99307402e+00   -6.74773397e-03   -1.12080660e-02    1.00000000e-02
480      1.60000000e-09    2.01790315e+00    1.18000806e+00    3.99636937e+00   -3.28517717e-03   -1.14428495e-02    1.00000000e-02
481      1.60333333e-09    2.03254305e+00    1.19500138e+00    4.00124262e+00    1.61589730e-03   -1.14798588e-02    1.00000000e-02
482      1.60666667e-09    2.04173277e+00    1.20522716e+00    4.00551545e+00    5.76569942e-03   -1.13038485e-02    1.00000000e-02
483      1.61000000e-09    2.04203742e+00    1.20687535e+00    4.00742022e+00    7.45020193e-03   -1.09884261e-02    1.00000000e-02
484      1.61333333e-09    2.03342631e+00    1.19942287e+00    4.00645592e+00    6.25744451e-03   -1.06590050e-02    1.00000000e-02
485      1.61666667e-09    2.01927437e+00    1.18579734e+00    4.00326267e+00    2.91138258e-03   -1.04381336e-02    1.00000000e-02
486      1.62000000e-09    2.00506245e+00    1.17125649e+00    3.99901249e+00   -1.36458210e-03   -1.04031564e-02    1.00000000e-02
487      1.62333333e-09    1.99628698e+00    1.16141494e+00    3.99502863e+00   -5.23838443e-03   -1.05661126e-02    1.00000000e-02
488      1.62666667e-09    1.99637305e+00    1.16012511e+00    3.99268729e+00   -7.36959190e-03   -1.08708064e-02    1.00000000e-02
489      1.63000000e-09    2.00537138e+00    1.16798581e+00    3.99309721e+00   -6.72476690e-03   -1.12058181e-02    1.00000000e-02
490      1.63333333e-09    2.01992911e+00    1.18207319e+00    3.99638277e+00   -3.27259013e-03   -1.14399937e-02    1.00000000e-02
491      1.63666667e-09    2.03455901e+00    1.19705587e+00    4.00123762e+00    1.60997051e-03   -1.14768616e-02    1.00000000e-02
492      1.64000000e-09    2.04373888e+00    1.20727045e+00    4.00549525e+00    5.74502353e-03   -1.13012671e-02    1.00000000e-02
493      1.64333333e-09    2.04403421e+00    1.20890769e+00    4.00739656e+00    7.42679833e-03   -1.09865739e-02    1.00000000e-02
494      1.64666667e-09    2.03541431e+00    1.20144484e+00    4.00643890e+00    6.24133270e-03   -1.06578340e-02    1.00000000e-02
495      1.65000000e-09    2.02125391e+00    1.18780983e+00    4.00325550e+00    2.90548914e-03   -1.04373706e-02    1.00000000e-02
496      1.65333333e-09    2.00703366e+00    1.17326076e+00    3.99901456e+00   -1.36119282e-03   -1.04024799e-02    1.00000000e-02
497      1.65666667e-09    1.99824991e+00    1.16341242e+00    3.99503996e+00   -5.22600060e-03   -1.05652108e-02    1.00000000e-02
498      1.66000000e-09    1.99832765e+00    1.16211649e+00    3.99270725e+00   -7.34912666e-03   -1.08693816e-02    1.00000000e-02
499      1.66333333e-09    2.00731731e+00    1.16997031e+00    3.99311947e+00   -6.70271099e-03   -1.12036908e-02    1.00000000e-02
500      1.66666667e-09    2.02186585e+00    1.18404904e+00    3.99639559e+00   -3.26053190e-03   -1.14372831e-02    1.00000000e-02
501      1.67000000e-09    2.03648622e+00    1.19902158e+00    4.00123281e+00    1.60429375e-03   -1.14740153e-02    1.00000000e-02
502      1.67333333e-09    2.04565670e+00    1.20922548e+00    4.00547590e+00    5.72521635e-03   -1.12988196e-02    1.00000000e-02
503      1.67666667e-09    2.04594314e+00    1.21085224e+00    4.00737384e+00    7.40433505e-03   -1.09848267e-02    1.00000000e-02
504      1.68000000e-09    2.03731487e+00    1.20337951e+00    4.00642249e+00    6.22581497e-03   -1.06567426e-02    1.00000000e-02
505      1.68333333e-09    2.02314640e+00    1.18973544e+00    4.00324856e+00    2.89978780e-03   -1.04366732e-02    1.00000000e-02
506      1.68666667e-09    2.00891822e+00    1.17517856e+00    3.99901656e+00   -1.35790898e-03   -1.04018662e-02    1.00000000e-02
507      1.69000000e-09    2.00012659e+00    1.16532377e+00    3.99505092e+00   -5.21401566e-03   -1.05643790e-02    1.00000000e-02
508      1.69333333e-09    2.00019638e+00    1.16402204e+00    3.99272648e+00   -7.32939336e-03   -1.08680447e-02    1.00000000e-02
509      1.69666667e-09    2.00917778e+00    1.17186931e+00    3.99314085e+00   -6.68151509e-03   -1.12016778e-02    1.00000000e-02
510      1.70000000e-09    2.02371757e+00    1.18593980e+00    3.99640789e+00   -3.24896851e-03   -1.14347096e-02    1.00000000e-02
511      1.70333333e-09    2.03832886e+00    1.20090267e+00    4.00122820e+00    1.59885164e-03   -1.14713115e-02    1.00000000e-02
512      1.70666667e-09    2.04749038e+00    1.21109637e+00    4.00545732e+00    5.70621970e-03   -1.12964985e-02    1.00000000e-02
513      1.71000000e-09    2.04776833e+00    1.21271312e+00    4.00735200e+00    7.38274878e-03   -1.09831787e-02    1.00000000e-02
514      1.71333333e-09    2.03913209e+00    1.20523094e+00    4.00640666e+00    6.21085218e-03   -1.06557264e-02    1.00000000e-02
515      1.71666667e-09    2.02495593e+00    1.19157824e+00    4.00324183e+00    2.89426499e-03   -1.04360378e-02    1.00000000e-02
516      1.72000000e-09    2.01072019e+00    1.17701391e+00    3.99901849e+00   -1.35472975e-03   -1.04013120e-02    1.00000000e-02
517      1.72333333e-09    2.00192106e+00    1.16715300e+00    3.99506152e+00   -5.20241561e-03   -1.05636135e-02    1.00000000e-02
518      1.72666667e-09    2.00198328e+00    1.16584577e+00    3.99274503e+00   -7.31035740e-03   -1.08667913e-02    1.00000000e-02
519      1.73000000e-09    2.01095681e+00    1.17368681e+00    3.99316140e+00   -6.66113079e-03   -1.11997729e-02    1.00000000e-02
520      1.73333333e-09    2.02548825e+00    1.18774946e+00    3.99641968e+00   -3.23786880e-03   -1.14322657e-02    1.00000000e-02
521      1.73666667e-09    2.04009087e+00    1.20270309e+00    4.00122378e+00    1.59362998e-03   -1.14687424e-02    1.00000000e-02
522      1.74000000e-09    2.04924385e+00    1.21288704e+00    4.00543949e+00    5.68798122e-03   -1.12942970e-02    1.00000000e-02
523      1.74333333e-09    2.04951371e+00    1.21449423e+00    4.00733099e+00    7.36198323e-03   -1.09816246e-02    1.00000000e-02
524      1.74666667e-09    2.04086986e+00    1.20700302e+00    4.00639139e+00    6.19640998e-03   -1.06547817e-02    1.00000000e-02
525      1.75000000e-09    2.02668638e+00    1.19334209e+00    4.00323531e+00    2.88890928e-03   -1.04354613e-02    1.00000000e-02
526      1.75333333e-09    2.01244344e+00    1.17877068e+00    3.99902037e+00   -1.35165326e-03   -1.04008140e-02    1.00000000e-02
527      1.75666667e-09    2.00363716e+00    1.16890394e+00    3.99507179e+00   -5.19118590e-03   -1.05629108e-02    1.00000000e-02
528      1.76000000e-09    2.00369217e+00    1.16759149e+00    3.99276294e+00   -7.29198509e-03   -1.08656170e-02    1.00000000e-02
529      1.76333333e-09    2.01265819e+00    1.17542661e+00    3.99318118e+00   -6.64151257e-03   -1.11979704e-02    1.00000000e-02
530      1.76666667e-09    2.02718166e+00    1.18948177e+00    3.99643101e+00   -3.22720411e-03   -1.14299444e-02    1.00000000e-02
531      1.77000000e-09    2.04177603e+00    1.20442660e+00    4.00121952e+00    1.58861571e-03   -1.14663005e-02    1.00000000e-02
532      1.77333333e-09    2.05092085e+00    1.21460123e+00    4.00542235e+00    5.67045358e-03   -1.12922086e-02    1.00000000e-02
533      1.77666667e-09    2.05118300e+00    1.21619928e+00    4.00731075e+00    7.34198791e-03   -1.09801595e-02    1.00000000e-02
534      1.78000000e-09    2.04253188e+00    1.20869944e+00    4.00637663e+00    6.18245783e-03   -1.06539044e-02    1.00000000e-02
535      1.78333333e-09    2.02834142e+00    1.19503065e+00    4.00322899e+00    2.88371086e-03   -1.04349404e-02    1.00000000e-02
536      1.78666667e-09    2.01409162e+00    1.18045249e+00    3.99902218e+00   -1.34867695e-03   -1.04003694e-02    1.00000000e-02
537      1.79000000e-09    2.00527853e+00    1.17058022e+00    3.99508173e+00   -5.18031186e-03   -1.05622677e-02    1.00000000e-02
538      1.79333333e-09    2.00532667e+00    1.16926281e+00    3.99278022e+00   -7.27424407e-03   -1.08645175e-02    1.00000000e-02
539      1.79666667e-09    2.01428554e+00    1.17709230e+00    3.99320024e+00   -6.62261776e-03   -1.11962648e-02    1.00000000e-02
540      1.80000000e-09    2.02880141e+00    1.19114034e+00    3.99644191e+00   -3.21694806e-03   -1.14277391e-02    1.00000000e-02
541      1.80333333e-09    2.04338789e+00    1.20607675e+00    4.00121544e+00    1.58379686e-03   -1.14639789e-02    1.00000000e-02
542      1.80666667e-09    2.05252493e+00    1.21624248e+00    4.00540586e+00    5.65359380e-03   -1.12902270e-02    1.00000000e-02
543      1.81000000e-09    2.05277972e+00    1.21783179e+00    4.00729125e+00    7.32271720e-03   -1.09787786e-02    1.00000000e-02
544      1.81333333e-09    2.04412168e+00    1.21032370e+00    4.00636237e+00    6.16896828e-03   -1.06530912e-02    1.00000000e-02
545      1.81666667e-09    2.02992456e+00    1.19664741e+00    4.00322285e+00    2.87866117e-03   -1.04344721e-02    1.00000000e-02
546      1.82000000e-09    2.01566822e+00    1.18206283e+00    3.99902394e+00   -1.34579788e-03   -1.03999752e-02    1.00000000e-02
547      1.82333333e-09    2.00684864e+00    1.17218530e+00    3.99509137e+00   -5.16977897e-03   -1.05616810e-02    1.00000000e-02
548      1.82666667e-09    2.00689024e+00    1.17086319e+00    3.99279693e+00   -7.25710345e-03   -1.08634892e-02    1.00000000e-02
549      1.83000000e-09    2.01584228e+00    1.17868733e+00    3.99321860e+00   -6.60440653e-03   -1.11946510e-02    1.00000000e-02
550      1.83333333e-09    2.03035091e+00    1.19272857e+00    3.99645241e+00   -3.20707634e-03   -1.14256435e-02    1.00000000e-02
551      1.83666667e-09    2.04492987e+00    1.20765695e+00    4.00121151e+00    1.57916239e-03   -1.14617712e-02    1.00000000e-02
552      1.84000000e-09    2.05405948e+00    1.21781416e+00    4.00538999e+00    5.63736265e-03   -1.12883467e-02    1.00000000e-02
553      1.84333333e-09    2.05430724e+00    1.21939511e+00    4.00727245e+00    7.30412961e-03   -1.09774774e-02    1.00000000e-02
554      1.84666667e-09    2.04564260e+00    1.21187914e+00    4.00634857e+00    6.15591646e-03   -1.06523385e-02    1.00000000e-02
555      1.85000000e-09    2.03143913e+00    1.19819568e+00    4.00321690e+00    2.87375263e-03   -1.04340537e-02    1.00000000e-02
556      1.85333333e-09    2.01717656e+00    1.18360498e+00    3.99902565e+00   -1.34301283e-03   -1.03996287e-02    1.00000000e-02
557      1.85666667e-09    2.00835080e+00    1.17372247e+00    3.99510071e+00   -5.15957306e-03   -1.05611478e-02    1.00000000e-02
558      1.86000000e-09    2.00838615e+00    1.17239589e+00    3.99281308e+00   -7.24053395e-03   -1.08625281e-02    1.00000000e-02
559      1.86333333e-09    2.01733169e+00    1.18021494e+00    3.99323632e+00   -6.58684172e-03   -1.11931244e-02    1.00000000e-02
560      1.86666667e-09    2.03183341e+00    1.19424970e+00    3.99646252e+00   -3.19756652e-03   -1.14236519e-02    1.00000000e-02
561      1.87000000e-09    2.04640518e+00    1.20917041e+00    4.00120774e+00    1.57470215e-03   -1.14596714e-02    1.00000000e-02
562      1.87333333e-09    2.05552771e+00    1.21931948e+00    4.00537470e+00    5.62172421e-03   -1.12865623e-02    1.00000000e-02
563      1.87666667e-09    2.05576876e+00    1.22089242e+00    4.00725430e+00    7.28618724e-03   -1.09762517e-02    1.00000000e-02
564      1.88000000e-09    2.04709781e+00    1.21336891e+00    4.00633521e+00    6.14327965e-03   -1.06516432e-02    1.00000000e-02
565      1.88333333e-09    2.03288830e+00    1.19967861e+00    4.00321112e+00    2.86897841e-03   -1.04336824e-02    1.00000000e-02
566      1.88666667e-09    2.01861979e+00    1.18508209e+00    3.99902730e+00   -1.34031846e-03   -1.03993272e-02    1.00000000e-02
567      1.89000000e-09    2.00978813e+00    1.17519484e+00    3.99510977e+00   -5.14968043e-03   -1.05606651e-02    1.00000000e-02
568      1.89333333e-09    2.00981754e+00    1.17386403e+00    3.99282870e+00   -7.22450788e-03   -1.08616310e-02    1.00000000e-02
569      1.89666667e-09    2.01875687e+00    1.18167824e+00    3.99325342e+00   -6.56988868e-03   -1.11916802e-02    1.00000000e-02
570      1.90000000e-09    2.03325199e+00    1.19570682e+00    3.99647227e+00   -3.18839789e-03   -1.14217589e-02    1.00000000e-02
571      1.90333333e-09    2.04781690e+00    1.21062020e+00    4.00120411e+00    1.57040678e-03   -1.14576737e-02    1.00000000e-02
572      1.90666667e-09    2.05693266e+00    1.22076148e+00    4.00535996e+00    5.60664549e-03   -1.12848687e-02    1.00000000e-02
573      1.91000000e-09    2.05716731e+00    1.22232677e+00    4.00723677e+00    7.26885527e-03   -1.09750976e-02    1.00000000e-02
574      1.91333333e-09    2.04849035e+00    1.21479604e+00    4.00632228e+00    6.13103700e-03   -1.06510022e-02    1.00000000e-02
575      1.91666667e-09    2.03427506e+00    1.20109920e+00    4.00320550e+00    2.86433234e-03   -1.04333557e-02    1.00000000e-02
576      1.92000000e-09    2.02000089e+00    1.18649714e+00    3.99902890e+00   -1.33771140e-03   -1.03990684e-02    1.00000000e-02
577      1.92333333e-09    2.01116362e+00    1.17660539e+00    3.99511856e+00   -5.14008788e-03   -1.05602303e-02    1.00000000e-02
578      1.92666667e-09    2.01118735e+00    1.17527056e+00    3.99284383e+00   -7.20899914e-03   -1.08607943e-02    1.00000000e-02
579      1.93000000e-09    2.02012077e+00    1.18308017e+00    3.99326994e+00   -6.55351516e-03   -1.11903144e-02    1.00000000e-02
580      1.93333333e-09    2.03460960e+00    1.19710287e+00    3.99648168e+00   -3.17955131e-03   -1.14199592e-02    1.00000000e-02
581      1.93666667e-09    2.04916796e+00    1.21200924e+00    4.00120061e+00    1.56626760e-03   -1.14557727e-02    1.00000000e-02
582      1.94000000e-09    2.05827726e+00    1.22214307e+00    4.00534575e+00    5.59209608e-03   -1.12832611e-02    1.00000000e-02
583      1.94333333e-09    2.05850579e+00    1.22370102e+00    4.00721982e+00    7.25210161e-03   -1.09740113e-02    1.00000000e-02
584      1.94666667e-09    2.04982309e+00    1.21616338e+00    4.00630975e+00    6.11916922e-03   -1.06504126e-02    1.00000000e-02
585      1.95000000e-09    2.03560229e+00    1.20246031e+00    4.00320003e+00    2.85980876e-03   -1.04330710e-02    1.00000000e-02
586      1.95333333e-09    2.02132272e+00    1.18785296e+00    3.99903045e+00   -1.33518829e-03   -1.03988499e-02    1.00000000e-02
587      1.95666667e-09    2.01248010e+00    1.17795694e+00    3.99512709e+00   -5.13078280e-03   -1.05598408e-02    1.00000000e-02
588      1.96000000e-09    2.01249843e+00    1.17661831e+00    3.99285847e+00   -7.19398315e-03   -1.08600151e-02    1.00000000e-02
589      1.96333333e-09    2.02142621e+00    1.18442355e+00    3.99328590e+00   -6.53769111e-03   -1.11890228e-02    1.00000000e-02
590      1.96666667e-09    2.03590902e+00    1.19844063e+00    3.99649077e+00   -3.17100906e-03   -1.14182481e-02    1.00000000e-02
591      1.97000000e-09    2.05046113e+00    1.21334030e+00    4.00119725e+00    1.56227656e-03   -1.14539635e-02    1.00000000e-02
592      1.97333333e-09    2.05956425e+00    1.22346699e+00    4.00533203e+00    5.57804788e-03   -1.12817352e-02    1.00000000e-02
593      1.97666667e-09    2.05978695e+00    1.22501792e+00    4.00720344e+00    7.23589659e-03   -1.09729893e-02    1.00000000e-02
594      1.98000000e-09    2.05109877e+00    1.21747368e+00    4.00629759e+00    6.10765849e-03   -1.06498717e-02    1.00000000e-02
595      1.98333333e-09    2.03687272e+00    1.20376465e+00    4.00319472e+00    2.85540243e-03   -1.04328262e-02    1.00000000e-02
596      1.98666667e-09    2.02258800e+00    1.18915226e+00    3.99903195e+00   -1.33274583e-03   -1.03986694e-02    1.00000000e-02
597      1.99000000e-09    2.01374028e+00    1.17925219e+00    3.99513537e+00   -5.12175313e-03   -1.05594943e-02    1.00000000e-02
598      1.99333333e-09    2.01375345e+00    1.17790995e+00    3.99287267e+00   -7.17943679e-03   -1.08592904e-02    1.00000000e-02
599      1.99666667e-09    2.02267585e+00    1.18571103e+00    3.99330135e+00   -6.52238850e-03   -1.11878017e-02    1.00000000e-02
600      2.00000000e-09    2.03715292e+00    1.19972276e+00    3.99649957e+00   -3.16275473e-03   -1.14166210e-02    1.00000000e-02
601      2.00333333e-09    2.05169906e+00    1.21461603e+00    4.00119401e+00    1.55842619e-03   -1.14522414e-02    1.00000000e-02
602      2.00666667e-09    2.06079629e+00    1.22473589e+00    4.00531877e+00    5.56447486e-03   -1.12802866e-02    1.00000000e-02
603      2.01000000e-09    2.06101340e+00    1.22628009e+00    4.00718759e+00    7.22021272e-03   -1.09720282e-02    1.00000000e-02
604      2.01333333e-09    2.05231999e+00    1.21872952e+00    4.00628581e+00    6.09648818e-03   -1.06493769e-02    1.00000000e-02
605      2.01666667e-09    2.03808893e+00    1.20501479e+00    4.00318955e+00    2.85110850e-03   -1.04326190e-02    1.00000000e-02
606      2.02000000e-09    2.02379930e+00    1.19039760e+00    3.99903341e+00   -1.33038081e-03   -1.03985248e-02    1.00000000e-02
607      2.02333333e-09    2.01494672e+00    1.18049369e+00    3.99514341e+00   -5.11298738e-03   -1.05591883e-02    1.00000000e-02
608      2.02666667e-09    2.01495498e+00    1.17914803e+00    3.99288642e+00   -7.16533831e-03   -1.08586172e-02    1.00000000e-02
609      2.03000000e-09    2.02387224e+00    1.18694517e+00    3.99331630e+00   -6.50758121e-03   -1.11866474e-02    1.00000000e-02
610      2.03333333e-09    2.03834384e+00    1.20095179e+00    3.99650807e+00   -3.15477311e-03   -1.14150737e-02    1.00000000e-02
611      2.03666667e-09    2.05288427e+00    1.21583894e+00    4.00119088e+00    1.55470950e-03   -1.14506019e-02    1.00000000e-02
612      2.04000000e-09    2.06197586e+00    1.22595225e+00    4.00530596e+00    5.55135286e-03   -1.12789115e-02    1.00000000e-02
613      2.04333333e-09    2.06218765e+00    1.22749001e+00    4.00717224e+00    7.20502443e-03   -1.09711250e-02    1.00000000e-02
614      2.04666667e-09    2.05348924e+00    1.21993338e+00    4.00627437e+00    6.08564281e-03   -1.06489258e-02    1.00000000e-02
615      2.05000000e-09    2.03925339e+00    1.20621321e+00    4.00318452e+00    2.84692245e-03   -1.04324473e-02    1.00000000e-02
616      2.05333333e-09    2.02495909e+00    1.19159145e+00    3.99903483e+00   -1.32809014e-03   -1.03984142e-02    1.00000000e-02
617      2.05666667e-09    2.01610187e+00    1.18168389e+00    3.99515123e+00   -5.10447465e-03   -1.05589207e-02    1.00000000e-02
618      2.06000000e-09    2.01610545e+00    1.18033499e+00    3.99289977e+00   -7.15166727e-03   -1.08579929e-02    1.00000000e-02
619      2.06333333e-09    2.02501781e+00    1.18812838e+00    3.99333078e+00   -6.49324486e-03   -1.11855566e-02    1.00000000e-02
620      2.06666667e-09    2.03948417e+00    1.20213013e+00    3.99651630e+00   -3.14705008e-03   -1.14136021e-02    1.00000000e-02
621      2.07000000e-09    2.05401916e+00    1.21701142e+00    4.00118787e+00    1.55111999e-03   -1.14490408e-02    1.00000000e-02
622      2.07333333e-09    2.06310536e+00    1.22711846e+00    4.00529357e+00    5.53865941e-03   -1.12776061e-02    1.00000000e-02
623      2.07666667e-09    2.06331206e+00    1.22865004e+00    4.00715737e+00    7.19030790e-03   -1.09702765e-02    1.00000000e-02
624      2.08000000e-09    2.05460887e+00    1.22108761e+00    4.00626326e+00    6.07510791e-03   -1.06485160e-02    1.00000000e-02
625      2.08333333e-09    2.04036847e+00    1.20736224e+00    4.00317963e+00    2.84284002e-03   -1.04323092e-02    1.00000000e-02
626      2.08666667e-09    2.02606970e+00    1.19273612e+00    3.99903620e+00   -1.32587082e-03   -1.03983355e-02    1.00000000e-02
627      2.09000000e-09    2.01720806e+00    1.18282510e+00    3.99515883e+00   -5.09620454e-03   -1.05586894e-02    1.00000000e-02
628      2.09333333e-09    2.01720718e+00    1.18147314e+00    3.99291272e+00   -7.13840443e-03   -1.08574150e-02    1.00000000e-02
629      2.09666667e-09    2.02611486e+00    1.18926297e+00    3.99334481e+00   -6.47935668e-03   -1.11845260e-02    1.00000000e-02
630      2.10000000e-09    2.04057623e+00    1.20326007e+00    3.99652427e+00   -3.13957251e-03   -1.14122023e-02    1.00000000e-02
631      2.10333333e-09    2.05510600e+00    1.21813575e+00    4.00118497e+00    1.54765157e-03   -1.14475542e-02    1.00000000e-02
632      2.10666667e-09    2.06418705e+00    1.22823679e+00    4.00528159e+00    5.52637357e-03   -1.12763669e-02    1.00000000e-02
633      2.11000000e-09    2.06438889e+00    1.22976245e+00    4.00714296e+00    7.17604091e-03   -1.09694801e-02    1.00000000e-02
634      2.11333333e-09    2.05568115e+00    1.22219446e+00    4.00625247e+00    6.06486991e-03   -1.06481453e-02    1.00000000e-02
635      2.11666667e-09    2.04143639e+00    1.20846411e+00    4.00317486e+00    2.83885723e-03   -1.04322027e-02    1.00000000e-02
636      2.12000000e-09    2.02713337e+00    1.19383385e+00    3.99903753e+00   -1.32371998e-03   -1.03982871e-02    1.00000000e-02
637      2.12333333e-09    2.01826752e+00    1.18391954e+00    3.99516622e+00   -5.08816721e-03   -1.05584924e-02    1.00000000e-02
638      2.12666667e-09    2.01826238e+00    1.18256468e+00    3.99292529e+00   -7.12553169e-03   -1.08568811e-02    1.00000000e-02
639      2.13000000e-09    2.02716559e+00    1.19035112e+00    3.99335841e+00   -6.46589536e-03   -1.11835527e-02    1.00000000e-02
640      2.13333333e-09    2.04162219e+00    1.20434379e+00    3.99653200e+00   -3.13232819e-03   -1.14108709e-02    1.00000000e-02
641      2.13666667e-09    2.05614699e+00    1.21921411e+00    4.00118216e+00    1.54429854e-03   -1.14461383e-02    1.00000000e-02
642      2.14000000e-09    2.06522311e+00    1.22930939e+00    4.00526999e+00    5.51447578e-03   -1.12751904e-02    1.00000000e-02
643      2.14333333e-09    2.06542030e+00    1.23082937e+00    4.00712899e+00    7.16220268e-03   -1.09687330e-02    1.00000000e-02
644      2.14666667e-09    2.05670821e+00    1.22325606e+00    4.00624199e+00    6.05491607e-03   -1.06478116e-02    1.00000000e-02
645      2.15000000e-09    2.04245930e+00    1.20952095e+00    4.00317021e+00    2.83497032e-03   -1.04321260e-02    1.00000000e-02
646      2.15333333e-09    2.02815222e+00    1.19488674e+00    3.99903883e+00   -1.32163487e-03   -1.03982671e-02    1.00000000e-02
647      2.15666667e-09    2.01928235e+00    1.18496932e+00    3.99517341e+00   -5.08035328e-03   -1.05583278e-02    1.00000000e-02
648      2.16000000e-09    2.01927314e+00    1.18361171e+00    3.99293751e+00   -7.11303201e-03   -1.08563889e-02    1.00000000e-02
649      2.16333333e-09    2.02817210e+00    1.19139494e+00    3.99337160e+00   -6.45284100e-03   -1.11826336e-02    1.00000000e-02
650      2.16666667e-09    2.04262414e+00    1.20538338e+00    3.99653950e+00   -3.12530574e-03   -1.14096044e-02    1.00000000e-02
651      2.17000000e-09    2.05714418e+00    1.22024856e+00    4.00117946e+00    1.54105553e-03   -1.14447896e-02    1.00000000e-02
652      2.17333333e-09    2.06621560e+00    1.23033833e+00    4.00525875e+00    5.50294778e-03   -1.12740737e-02    1.00000000e-02
653      2.17666667e-09    2.06640834e+00    1.23185286e+00    4.00711544e+00    7.14877377e-03   -1.09680326e-02    1.00000000e-02
654      2.18000000e-09    2.05769210e+00    1.22427445e+00    4.00623180e+00    6.04523443e-03   -1.06475129e-02    1.00000000e-02
655      2.18333333e-09    2.04343922e+00    1.21053479e+00    4.00316568e+00    2.83117575e-03   -1.04320776e-02    1.00000000e-02
656      2.18666667e-09    2.02912827e+00    1.19589681e+00    3.99904008e+00   -1.31961286e-03   -1.03982739e-02    1.00000000e-02
657      2.19000000e-09    2.02025456e+00    1.18597643e+00    3.99518040e+00   -5.07275387e-03   -1.05581939e-02    1.00000000e-02
658      2.19333333e-09    2.02024149e+00    1.18461623e+00    3.99294937e+00   -7.10088933e-03   -1.08559362e-02    1.00000000e-02
659      2.19666667e-09    2.02913638e+00    1.19239642e+00    3.99338440e+00   -6.44017491e-03   -1.11817662e-02    1.00000000e-02
660      2.20000000e-09    2.04358407e+00    1.20638081e+00    3.99654677e+00   -3.11849455e-03   -1.14083995e-02    1.00000000e-02
661      2.20333333e-09    2.05809956e+00    1.22124108e+00    4.00117684e+00    1.53791751e-03   -1.14435048e-02    1.00000000e-02
662      2.20666667e-09    2.06716647e+00    1.23132556e+00    4.00524786e+00    5.49177246e-03   -1.12730137e-02    1.00000000e-02
663      2.21000000e-09    2.06735497e+00    1.23283487e+00    4.00710228e+00    7.13573592e-03   -1.09673766e-02    1.00000000e-02
664      2.21333333e-09    2.05863476e+00    1.22525157e+00    4.00622188e+00    6.03581372e-03   -1.06472473e-02    1.00000000e-02
665      2.21666667e-09    2.04437809e+00    1.21150756e+00    4.00316126e+00    2.82747016e-03   -1.04320556e-02    1.00000000e-02
666      2.22000000e-09    2.03006344e+00    1.19686598e+00    3.99904130e+00   -1.31765143e-03   -1.03983059e-02    1.00000000e-02
667      2.22333333e-09    2.02118609e+00    1.18694281e+00    3.99518721e+00   -5.06536054e-03   -1.05580889e-02    1.00000000e-02
668      2.22666667e-09    2.02116932e+00    1.18558015e+00    3.99296091e+00   -7.08908851e-03   -1.08555209e-02    1.00000000e-02
669      2.23000000e-09    2.03006034e+00    1.19335744e+00    3.99339683e+00   -6.42787959e-03   -1.11809478e-02    1.00000000e-02
670      2.23333333e-09    2.04450387e+00    1.20733799e+00    3.99655383e+00   -3.11188471e-03   -1.14072533e-02    1.00000000e-02
671      2.23666667e-09    2.05901500e+00    1.22219355e+00    4.00117431e+00    1.53487976e-03   -1.14422808e-02    1.00000000e-02
672      2.24000000e-09    2.06807761e+00    1.23227295e+00    4.00523730e+00    5.48093379e-03   -1.12720076e-02    1.00000000e-02
673      2.24333333e-09    2.06826204e+00    1.23377725e+00    4.00708950e+00    7.12307202e-03   -1.09667628e-02    1.00000000e-02
674      2.24666667e-09    2.05953804e+00    1.22618926e+00    4.00621224e+00    6.02664330e-03   -1.06470130e-02    1.00000000e-02
675      2.25000000e-09    2.04527776e+00    1.21244109e+00    4.00315695e+00    2.82385037e-03   -1.04320587e-02    1.00000000e-02
676      2.25333333e-09    2.03095959e+00    1.19779609e+00    3.99904249e+00   -1.31574818e-03   -1.03983617e-02    1.00000000e-02
677      2.25666667e-09    2.02207876e+00    1.18787026e+00    3.99519384e+00   -5.05816525e-03   -1.05580111e-02    1.00000000e-02
678      2.26000000e-09    2.02205847e+00    1.18650528e+00    3.99297213e+00   -7.07761528e-03   -1.08551412e-02    1.00000000e-02
679      2.26333333e-09    2.03094578e+00    1.19427983e+00    3.99340891e+00   -6.41593861e-03   -1.11801759e-02    1.00000000e-02
680      2.26666667e-09    2.04538533e+00    1.20825670e+00    3.99656069e+00   -3.10546695e-03   -1.14061629e-02    1.00000000e-02
681      2.27000000e-09    2.05989230e+00    1.22310776e+00    4.00117187e+00    1.53193780e-03   -1.14411145e-02    1.00000000e-02
682      2.27333333e-09    2.06895080e+00    1.23318228e+00    4.00522706e+00    5.47041672e-03   -1.12710526e-02    1.00000000e-02
683      2.27666667e-09    2.06913134e+00    1.23468178e+00    4.00707709e+00    7.11076596e-03   -1.09661889e-02    1.00000000e-02
684      2.28000000e-09    2.06040372e+00    1.22708929e+00    4.00620285e+00    6.01771318e-03   -1.06468083e-02    1.00000000e-02
685      2.28333333e-09    2.04613999e+00    1.21333714e+00    4.00315275e+00    2.82031337e-03   -1.04320854e-02    1.00000000e-02
686      2.28666667e-09    2.03181846e+00    1.19868888e+00    3.99904364e+00   -1.31390081e-03   -1.03984399e-02    1.00000000e-02
687      2.29000000e-09    2.02293430e+00    1.18876053e+00    3.99520030e+00   -5.05116039e-03   -1.05579592e-02    1.00000000e-02
688      2.29333333e-09    2.02291065e+00    1.18739337e+00    3.99298304e+00   -7.06645613e-03   -1.08547950e-02    1.00000000e-02
689      2.29666667e-09    2.03179444e+00    1.19516531e+00    3.99342065e+00   -6.40433654e-03   -1.11794483e-02    1.00000000e-02
690      2.30000000e-09    2.04623019e+00    1.20913866e+00    3.99656736e+00   -3.09923259e-03   -1.14051255e-02    1.00000000e-02
691      2.30333333e-09    2.06073318e+00    1.22398541e+00    4.00116951e+00    1.52908745e-03   -1.14400033e-02    1.00000000e-02
692      2.30666667e-09    2.06978773e+00    1.23405526e+00    4.00521712e+00    5.46020711e-03   -1.12701464e-02    1.00000000e-02
693      2.31000000e-09    2.06996456e+00    1.23555014e+00    4.00706503e+00    7.09880259e-03   -1.09656529e-02    1.00000000e-02
694      2.31333333e-09    2.06123347e+00    1.22795334e+00    4.00619370e+00    6.00901386e-03   -1.06466317e-02    1.00000000e-02
695      2.31666667e-09    2.04696645e+00    1.21419738e+00    4.00314864e+00    2.81685628e-03   -1.04321342e-02    1.00000000e-02
696      2.32000000e-09    2.03264172e+00    1.19954601e+00    3.99904476e+00   -1.31210713e-03   -1.03985390e-02    1.00000000e-02
697      2.32333333e-09    2.02375439e+00    1.18961528e+00    3.99520659e+00   -5.04433872e-03   -1.05579315e-02    1.00000000e-02
698      2.32666667e-09    2.02372754e+00    1.18824605e+00    3.99299366e+00   -7.05559835e-03   -1.08544807e-02    1.00000000e-02
699      2.33000000e-09    2.03260795e+00    1.19601552e+00    3.99343206e+00   -6.39305885e-03   -1.11787628e-02    1.00000000e-02
700      2.33333333e-09    2.04704007e+00    1.20998552e+00    3.99657384e+00   -3.09317351e-03   -1.14041387e-02    1.00000000e-02
701      2.33666667e-09    2.06153925e+00    1.22482813e+00    4.00116722e+00    1.52632472e-03   -1.14389443e-02    1.00000000e-02
702      2.34000000e-09    2.07059004e+00    1.23489350e+00    4.00520747e+00    5.45029165e-03   -1.12692865e-02    1.00000000e-02
703      2.34333333e-09    2.07076332e+00    1.23638395e+00    4.00705330e+00    7.08716763e-03   -1.09651529e-02    1.00000000e-02
704      2.34666667e-09    2.06202892e+00    1.22878301e+00    4.00618480e+00    6.00053640e-03   -1.06464815e-02    1.00000000e-02
705      2.35000000e-09    2.04775875e+00    1.21502340e+00    4.00314464e+00    2.81347640e-03   -1.04322039e-02    1.00000000e-02
706      2.35333333e-09    2.03343096e+00    1.20036907e+00    3.99904585e+00   -1.31036506e-03   -1.03986580e-02    1.00000000e-02
707      2.35666667e-09    2.02454062e+00    1.19043609e+00    3.99521272e+00   -5.03769334e-03   -1.05579267e-02    1.00000000e-02
708      2.36000000e-09    2.02451071e+00    1.18906490e+00    3.99300400e+00   -7.04502987e-03   -1.08541966e-02    1.00000000e-02
709      2.36333333e-09    2.03338790e+00    1.19683203e+00    3.99344316e+00   -6.38209188e-03   -1.11781172e-02    1.00000000e-02
710      2.36666667e-09    2.04781655e+00    1.21079883e+00    3.99658014e+00   -3.08728209e-03   -1.14031998e-02    1.00000000e-02
711      2.37000000e-09    2.06231209e+00    1.22563748e+00    4.00116501e+00    1.52364587e-03   -1.14379352e-02    1.00000000e-02
712      2.37333333e-09    2.07135926e+00    1.23569855e+00    4.00519809e+00    5.44065782e-03   -1.12684707e-02    1.00000000e-02
713      2.37666667e-09    2.07152914e+00    1.23718473e+00    4.00704189e+00    7.07584761e-03   -1.09646871e-02    1.00000000e-02
714      2.38000000e-09    2.06279158e+00    1.22957984e+00    4.00617612e+00    5.99227232e-03   -1.06463563e-02    1.00000000e-02
715      2.38333333e-09    2.04851841e+00    1.21581673e+00    4.00314072e+00    2.81017113e-03   -1.04322932e-02    1.00000000e-02
716      2.38666667e-09    2.03418770e+00    1.20115958e+00    3.99904691e+00   -1.30867260e-03   -1.03987954e-02    1.00000000e-02
717      2.39000000e-09    2.02529448e+00    1.19122446e+00    3.99521870e+00   -5.03121769e-03   -1.05579435e-02    1.00000000e-02
718      2.39333333e-09    2.02526166e+00    1.18985143e+00    3.99301408e+00   -7.03473930e-03   -1.08539411e-02    1.00000000e-02
719      2.39666667e-09    2.03413577e+00    1.19761633e+00    3.99345396e+00   -6.37142273e-03   -1.11775096e-02    1.00000000e-02
720      2.40000000e-09    2.04856111e+00    1.21158009e+00    3.99658628e+00   -3.08155116e-03   -1.14023067e-02    1.00000000e-02
721      2.40333333e-09    2.06305316e+00    1.22641494e+00    4.00116287e+00    1.52104735e-03   -1.14369734e-02    1.00000000e-02
722      2.40666667e-09    2.07209688e+00    1.23647187e+00    4.00518899e+00    5.43129381e-03   -1.12676967e-02    1.00000000e-02
723      2.41000000e-09    2.07226351e+00    1.23795397e+00    4.00703079e+00    7.06482983e-03   -1.09642537e-02    1.00000000e-02
724      2.41333333e-09    2.06352293e+00    1.23034526e+00    4.00616766e+00    5.98421359e-03   -1.06462548e-02    1.00000000e-02
725      2.41666667e-09    2.04924689e+00    1.21657881e+00    4.00313690e+00    2.80693802e-03   -1.04324010e-02    1.00000000e-02
726      2.42000000e-09    2.03491339e+00    1.20191898e+00    3.99904794e+00   -1.30702784e-03   -1.03989502e-02    1.00000000e-02
727      2.42333333e-09    2.02601743e+00    1.19198183e+00    3.99522453e+00   -5.02490554e-03   -1.05579807e-02    1.00000000e-02
728      2.42666667e-09    2.02598183e+00    1.19060707e+00    3.99302389e+00   -7.02471585e-03   -1.08537126e-02    1.00000000e-02
729      2.43000000e-09    2.03485301e+00    1.19836987e+00    3.99346447e+00   -6.36103925e-03   -1.11769380e-02    1.00000000e-02
730      2.43333333e-09    2.04927517e+00    1.21233071e+00    3.99659225e+00   -3.07597398e-03   -1.14014571e-02    1.00000000e-02
731      2.43666667e-09    2.06376388e+00    1.22716191e+00    4.00116079e+00    1.51852582e-03   -1.14360568e-02    1.00000000e-02
732      2.44000000e-09    2.07280430e+00    1.23721488e+00    4.00518013e+00    5.42218847e-03   -1.12669626e-02    1.00000000e-02
733      2.44333333e-09    2.07296782e+00    1.23869305e+00    4.00701999e+00    7.05410226e-03   -1.09638510e-02    1.00000000e-02
734      2.44666667e-09    2.06422435e+00    1.23108069e+00    4.00615941e+00    5.97635260e-03   -1.06461755e-02    1.00000000e-02
735      2.45000000e-09    2.04994557e+00    1.21731104e+00    4.00313317e+00    2.80377469e-03   -1.04325260e-02    1.00000000e-02
736      2.45333333e-09    2.03560942e+00    1.20264864e+00    3.99904894e+00   -1.30542897e-03   -1.03991213e-02    1.00000000e-02
737      2.45666667e-09    2.02671083e+00    1.19270958e+00    3.99523021e+00   -5.01875094e-03   -1.05580369e-02    1.00000000e-02
738      2.46000000e-09    2.02667259e+00    1.19133318e+00    3.99303345e+00   -7.01494927e-03   -1.08535098e-02    1.00000000e-02
739      2.46333333e-09    2.03554097e+00    1.19909398e+00    3.99347471e+00   -6.35092998e-03   -1.11764008e-02    1.00000000e-02
740      2.46666667e-09    2.04996010e+00    1.21305204e+00    3.99659807e+00   -3.07054423e-03   -1.14006489e-02    1.00000000e-02
741      2.47000000e-09    2.06444561e+00    1.22787975e+00    4.00115878e+00    1.51607809e-03   -1.14351832e-02    1.00000000e-02
742      2.47333333e-09    2.07348287e+00    1.23792891e+00    4.00517153e+00    5.41333128e-03   -1.12662665e-02    1.00000000e-02
743      2.47666667e-09    2.07364341e+00    1.23940331e+00    4.00700946e+00    7.04365354e-03   -1.09634775e-02    1.00000000e-02
744      2.48000000e-09    2.06489717e+00    1.23178744e+00    4.00615137e+00    5.96868212e-03   -1.06461173e-02    1.00000000e-02
745      2.48333333e-09    2.05061578e+00    1.21801472e+00    4.00312952e+00    2.80067893e-03   -1.04326672e-02    1.00000000e-02
746      2.48666667e-09    2.03627710e+00    1.20334988e+00    3.99904991e+00   -1.30387426e-03   -1.03993077e-02    1.00000000e-02
747      2.49000000e-09    2.02737601e+00    1.19340901e+00    3.99523576e+00   -5.01274824e-03   -1.05581112e-02    1.00000000e-02
748      2.49333333e-09    2.02733524e+00    1.19203107e+00    3.99304278e+00   -7.00542988e-03   -1.08533313e-02    1.00000000e-02
749      2.49666667e-09    2.03620094e+00    1.19978998e+00    3.99348468e+00   -6.34108408e-03   -1.11758962e-02    1.00000000e-02
750      2.50000000e-09    2.05061717e+00    1.21374538e+00    3.99660374e+00   -3.06525592e-03   -1.13998802e-02    1.00000000e-02
751      2.50333333e-09    2.06509963e+00    1.22856975e+00    4.00115683e+00    1.51370115e-03   -1.14343505e-02    1.00000000e-02
752      2.50666667e-09    2.07413385e+00    1.23861524e+00    4.00516315e+00    5.40471230e-03   -1.12656064e-02    1.00000000e-02
753      2.51000000e-09    2.07429155e+00    1.24008601e+00    4.00699922e+00    7.03347292e-03   -1.09631317e-02    1.00000000e-02
754      2.51333333e-09    2.06554267e+00    1.23246677e+00    4.00614352e+00    5.96119529e-03   -1.06460790e-02    1.00000000e-02
755      2.51666667e-09    2.05125879e+00    1.21869112e+00    4.00312595e+00    2.79764860e-03   -1.04328237e-02    1.00000000e-02
756      2.52000000e-09    2.03691768e+00    1.20402395e+00    3.99905086e+00   -1.30236204e-03   -1.03995083e-02    1.00000000e-02
757      2.52333333e-09    2.02801422e+00    1.19408138e+00    3.99524118e+00   -5.00689204e-03   -1.05582024e-02    1.00000000e-02
758      2.52666667e-09    2.02797103e+00    1.19270199e+00    3.99305187e+00   -6.99614845e-03   -1.08531757e-02    1.00000000e-02
759      2.53000000e-09    2.03683418e+00    1.20045911e+00    3.99349440e+00   -6.33149128e-03   -1.11754225e-02    1.00000000e-02
760      2.53333333e-09    2.05124764e+00    1.21441197e+00    3.99660926e+00   -3.06010343e-03   -1.13991491e-02    1.00000000e-02
761      2.53666667e-09    2.06572717e+00    1.22923312e+00    4.00115494e+00    1.51139214e-03   -1.14335569e-02    1.00000000e-02
762      2.54000000e-09    2.07475849e+00    1.23927509e+00    4.00515500e+00    5.39632210e-03   -1.12649807e-02    1.00000000e-02
763      2.54333333e-09    2.07491346e+00    1.24074238e+00    4.00698923e+00    7.02355020e-03   -1.09628122e-02    1.00000000e-02
764      2.54666667e-09    2.06616206e+00    1.23311990e+00    4.00613585e+00    5.95388558e-03   -1.06460594e-02    1.00000000e-02
765      2.55000000e-09    2.05187579e+00    1.21934144e+00    4.00312246e+00    2.79468164e-03   -1.04329944e-02    1.00000000e-02
766      2.55333333e-09    2.03753238e+00    1.20467205e+00    3.99905178e+00   -1.30089074e-03   -1.03997223e-02    1.00000000e-02
767      2.55666667e-09    2.02862664e+00    1.19472786e+00    3.99524646e+00   -5.00117719e-03   -1.05583095e-02    1.00000000e-02
768      2.56000000e-09    2.02858116e+00    1.19334711e+00    3.99306074e+00   -6.98709625e-03   -1.08530418e-02    1.00000000e-02
769      2.56333333e-09    2.03744187e+00    1.20110253e+00    3.99350387e+00   -6.32214189e-03   -1.11749783e-02    1.00000000e-02
770      2.56666667e-09    2.05185267e+00    1.21505297e+00    3.99661465e+00   -3.05508144e-03   -1.13984539e-02    1.00000000e-02
771      2.57000000e-09    2.06632940e+00    1.22987105e+00    4.00115311e+00    1.50914837e-03   -1.14328005e-02    1.00000000e-02
772      2.57333333e-09    2.07535794e+00    1.23990963e+00    4.00514707e+00    5.38815179e-03   -1.12643877e-02    1.00000000e-02
773      2.57666667e-09    2.07551030e+00    1.24137357e+00    4.00697949e+00    7.01387572e-03   -1.09625176e-02    1.00000000e-02
774      2.58000000e-09    2.06675649e+00    1.23374799e+00    4.00612838e+00    5.94674680e-03   -1.06460575e-02    1.00000000e-02
775      2.58333333e-09    2.05246794e+00    1.21996683e+00    4.00311905e+00    2.79177612e-03   -1.04331785e-02    1.00000000e-02
776      2.58666667e-09    2.03812232e+00    1.20529533e+00    3.99905268e+00   -1.29945885e-03   -1.03999487e-02    1.00000000e-02
777      2.59000000e-09    2.02921443e+00    1.19534961e+00    3.99525163e+00   -4.99559878e-03   -1.05584315e-02    1.00000000e-02
778      2.59333333e-09    2.02916675e+00    1.19396758e+00    3.99306940e+00   -6.97826496e-03   -1.08529285e-02    1.00000000e-02
779      2.59666667e-09    2.03802513e+00    1.20172140e+00    3.99351311e+00   -6.31302670e-03   -1.11745622e-02    1.00000000e-02
780      2.60000000e-09    2.05243340e+00    1.21566952e+00    3.99661990e+00   -3.05018493e-03   -1.13977927e-02    1.00000000e-02
781      2.60333333e-09    2.06690744e+00    1.23048464e+00    4.00115133e+00    1.50696725e-03   -1.14320795e-02    1.00000000e-02
782      2.60666667e-09    2.07593332e+00    1.24051997e+00    4.00513934e+00    5.38019291e-03   -1.12638259e-02    1.00000000e-02
783      2.61000000e-09    2.07608318e+00    1.24198068e+00    4.00697000e+00    7.00444031e-03   -1.09622467e-02    1.00000000e-02
784      2.61333333e-09    2.06732706e+00    1.23435212e+00    4.00612107e+00    5.93977304e-03   -1.06460723e-02    1.00000000e-02
785      2.61666667e-09    2.05303633e+00    1.22056838e+00    4.00311571e+00    2.78893018e-03   -1.04333750e-02    1.00000000e-02
786      2.62000000e-09    2.03868862e+00    1.20589487e+00    3.99905356e+00   -1.29806491e-03   -1.04001867e-02    1.00000000e-02
787      2.62333333e-09    2.02977866e+00    1.19594770e+00    3.99525667e+00   -4.99015213e-03   -1.05585675e-02    1.00000000e-02
788      2.62666667e-09    2.02972889e+00    1.19456447e+00    3.99307784e+00   -6.96964668e-03   -1.08528346e-02    1.00000000e-02
789      2.63000000e-09    2.03858505e+00    1.20231677e+00    3.99352212e+00   -6.30413701e-03   -1.11741726e-02    1.00000000e-02
790      2.63333333e-09    2.05299089e+00    1.21626269e+00    3.99662503e+00   -3.04540914e-03   -1.13971640e-02    1.00000000e-02
791      2.63666667e-09    2.06746236e+00    1.23107497e+00    4.00114961e+00    1.50484635e-03   -1.14313923e-02    1.00000000e-02
792      2.64000000e-09    2.07648569e+00    1.24110717e+00    4.00513182e+00    5.37243745e-03   -1.12632937e-02    1.00000000e-02
793      2.64333333e-09    2.07663315e+00    1.24256478e+00    4.00696074e+00    6.99523525e-03   -1.09619982e-02    1.00000000e-02
794      2.64666667e-09    2.06787482e+00    1.23493334e+00    4.00611394e+00    5.93295868e-03   -1.06461027e-02    1.00000000e-02
795      2.65000000e-09    2.05358202e+00    1.22114714e+00    4.00311244e+00    2.78614201e-03   -1.04335831e-02    1.00000000e-02
796      2.65333333e-09    2.03923230e+00    1.20647170e+00    3.99905441e+00   -1.29670755e-03   -1.04004355e-02    1.00000000e-02
797      2.65666667e-09    2.03032037e+00    1.19652318e+00    3.99526160e+00   -4.98483277e-03   -1.05587166e-02    1.00000000e-02
798      2.66000000e-09    2.03026861e+00    1.19513882e+00    3.99308609e+00   -6.96123389e-03   -1.08527591e-02    1.00000000e-02
799      2.66333333e-09    2.03912264e+00    1.20288968e+00    3.99353092e+00   -6.29546454e-03   -1.11738084e-02    1.00000000e-02
800      2.66666667e-09    2.05352617e+00    1.21683349e+00    3.99663003e+00   -3.04074959e-03   -1.13965663e-02    1.00000000e-02
801      2.67000000e-09    2.06799518e+00    1.23164305e+00    4.00114793e+00    1.50278333e-03   -1.14307373e-02    1.00000000e-02
802      2.67333333e-09    2.07701606e+00    1.24167224e+00    4.00512449e+00    5.36487781e-03   -1.12627897e-02    1.00000000e-02
803      2.67666667e-09    2.07716123e+00    1.24312687e+00    4.00695171e+00    6.98625228e-03   -1.09617710e-02    1.00000000e-02
804      2.68000000e-09    2.06840079e+00    1.23549267e+00    4.00610697e+00    5.92629837e-03   -1.06461479e-02    1.00000000e-02
805      2.68333333e-09    2.05410601e+00    1.22170410e+00    4.00310924e+00    2.78340994e-03   -1.04338021e-02    1.00000000e-02
806      2.68666667e-09    2.03975438e+00    1.20702683e+00    3.99905525e+00   -1.29538545e-03   -1.04006944e-02    1.00000000e-02
807      2.69000000e-09    2.03084057e+00    1.19707703e+00    3.99526641e+00   -4.97963641e-03   -1.05588780e-02    1.00000000e-02
808      2.69333333e-09    2.03078690e+00    1.19569161e+00    3.99309415e+00   -6.95301942e-03   -1.08527009e-02    1.00000000e-02
809      2.69666667e-09    2.03963891e+00    1.20344111e+00    3.99353950e+00   -6.28700144e-03   -1.11734682e-02    1.00000000e-02
810      2.70000000e-09    2.05404021e+00    1.21738290e+00    3.99663491e+00   -3.03620200e-03   -1.13959982e-02    1.00000000e-02
811      2.70333333e-09    2.06850687e+00    1.23218985e+00    4.00114630e+00    1.50077599e-03   -1.14301131e-02    1.00000000e-02
812      2.70666667e-09    2.07752540e+00    1.24221615e+00    4.00511734e+00    5.35750677e-03   -1.12623126e-02    1.00000000e-02
813      2.71000000e-09    2.07766838e+00    1.24366791e+00    4.00694290e+00    6.97748352e-03   -1.09615640e-02    1.00000000e-02
814      2.71333333e-09    2.06890592e+00    1.23603106e+00    4.00610015e+00    5.91978698e-03   -1.06462070e-02    1.00000000e-02
815      2.71666667e-09    2.05460924e+00    1.22224021e+00    4.00310611e+00    2.78073231e-03   -1.04340311e-02    1.00000000e-02
816      2.72000000e-09    2.04025579e+00    1.20756121e+00    3.99905606e+00   -1.29409734e-03   -1.04009625e-02    1.00000000e-02
817      2.72333333e-09    2.03134019e+00    1.19761019e+00    3.99527112e+00   -4.97455898e-03   -1.05590508e-02    1.00000000e-02
818      2.72666667e-09    2.03128471e+00    1.19622379e+00    3.99310202e+00   -6.94499645e-03   -1.08526592e-02    1.00000000e-02
819      2.73000000e-09    2.04013478e+00    1.20397200e+00    3.99354788e+00   -6.27874024e-03   -1.11731509e-02    1.00000000e-02
820      2.73333333e-09    2.05453396e+00    1.21791187e+00    3.99663968e+00   -3.03176234e-03   -1.13954581e-02    1.00000000e-02
821      2.73666667e-09    2.06899835e+00    1.23271631e+00    4.00114472e+00    1.49882223e-03   -1.14295182e-02    1.00000000e-02
822      2.74000000e-09    2.07801464e+00    1.24273982e+00    4.00511037e+00    5.35031747e-03   -1.12618611e-02    1.00000000e-02
823      2.74333333e-09    2.07815552e+00    1.24418881e+00    4.00693429e+00    6.96892147e-03   -1.09613761e-02    1.00000000e-02
824      2.74666667e-09    2.06939113e+00    1.23654942e+00    4.00609350e+00    5.91341966e-03   -1.06462792e-02    1.00000000e-02
825      2.75000000e-09    2.05509264e+00    1.22275640e+00    4.00310304e+00    2.77810756e-03   -1.04342696e-02    1.00000000e-02
826      2.75333333e-09    2.04073744e+00    1.20807573e+00    3.99905685e+00   -1.29284203e-03   -1.04012393e-02    1.00000000e-02
827      2.75666667e-09    2.03182014e+00    1.19812357e+00    3.99527572e+00   -4.96959656e-03   -1.05592344e-02    1.00000000e-02
828      2.76000000e-09    2.03176293e+00    1.19673624e+00    3.99310971e+00   -6.93715848e-03   -1.08526329e-02    1.00000000e-02
829      2.76333333e-09    2.04061115e+00    1.20448325e+00    3.99355606e+00   -6.27067385e-03   -1.11728553e-02    1.00000000e-02
830      2.76666667e-09    2.05500829e+00    1.21842127e+00    3.99664434e+00   -3.02742678e-03   -1.13949449e-02    1.00000000e-02
831      2.77000000e-09    2.06947052e+00    1.23322330e+00    4.00114318e+00    1.49692003e-03   -1.14289512e-02    1.00000000e-02
832      2.77333333e-09    2.07848466e+00    1.24324414e+00    4.00510357e+00    5.34330339e-03   -1.12614340e-02    1.00000000e-02
833      2.77666667e-09    2.07862353e+00    1.24469046e+00    4.00692589e+00    6.96055901e-03   -1.09612064e-02    1.00000000e-02
834      2.78000000e-09    2.06985729e+00    1.23704862e+00    4.00608698e+00    5.90719173e-03   -1.06463636e-02    1.00000000e-02
835      2.78333333e-09    2.05555707e+00    1.22325351e+00    4.00310004e+00    2.77553419e-03   -1.04345167e-02    1.00000000e-02
836      2.78666667e-09    2.04120021e+00    1.20857126e+00    3.99905762e+00   -1.29161834e-03   -1.04015241e-02    1.00000000e-02
837      2.79000000e-09    2.03228128e+00    1.19861803e+00    3.99528022e+00   -4.96474542e-03   -1.05594281e-02    1.00000000e-02
838      2.79333333e-09    2.03222242e+00    1.19722984e+00    3.99311723e+00   -6.92949930e-03   -1.08526212e-02    1.00000000e-02
839      2.79666667e-09    2.04106887e+00    1.20497570e+00    3.99356406e+00   -6.26279551e-03   -1.11725803e-02    1.00000000e-02
840      2.80000000e-09    2.05546407e+00    1.21891197e+00    3.99664890e+00   -3.02319167e-03   -1.13944573e-02    1.00000000e-02
841      2.80333333e-09    2.06992422e+00    1.23371168e+00    4.00114169e+00    1.49506750e-03   -1.14284109e-02    1.00000000e-02
842      2.80666667e-09    2.07893630e+00    1.24372994e+00    4.00509694e+00    5.33645831e-03   -1.12610301e-02    1.00000000e-02
843      2.81000000e-09    2.07907324e+00    1.24517370e+00    4.00691768e+00    6.95238934e-03   -1.09610539e-02    1.00000000e-02
844      2.81333333e-09    2.07030523e+00    1.23752950e+00    4.00608062e+00    5.90109876e-03   -1.06464596e-02    1.00000000e-02
845      2.81666667e-09    2.05600336e+00    1.22373239e+00    4.00309710e+00    2.77301077e-03   -1.04347720e-02    1.00000000e-02
846      2.82000000e-09    2.04164491e+00    1.20904864e+00    3.99905837e+00   -1.29042518e-03   -1.04018162e-02    1.00000000e-02
847      2.82333333e-09    2.03272443e+00    1.19909439e+00    3.99528462e+00   -4.96000199e-03   -1.05596310e-02    1.00000000e-02
848      2.82666667e-09    2.03266400e+00    1.19770539e+00    3.99312458e+00   -6.92201298e-03   -1.08526233e-02    1.00000000e-02
849      2.83000000e-09    2.04150877e+00    1.20545017e+00    3.99357187e+00   -6.25509880e-03   -1.11723250e-02    1.00000000e-02
850      2.83333333e-09    2.05590211e+00    1.21938476e+00    3.99665335e+00   -3.01905355e-03   -1.13939941e-02    1.00000000e-02
851      2.83666667e-09    2.07036027e+00    1.23418225e+00    4.00114023e+00    1.49326282e-03   -1.14278960e-02    1.00000000e-02
852      2.84000000e-09    2.07937037e+00    1.24419802e+00    4.00509046e+00    5.32977632e-03   -1.12606484e-02    1.00000000e-02
853      2.84333333e-09    2.07950546e+00    1.24563932e+00    4.00690966e+00    6.94440597e-03   -1.09609177e-02    1.00000000e-02
854      2.84666667e-09    2.07073576e+00    1.23799285e+00    4.00607439e+00    5.89513650e-03   -1.06465663e-02    1.00000000e-02
855      2.85000000e-09    2.05643231e+00    1.22419382e+00    4.00309421e+00    2.77053590e-03   -1.04350347e-02    1.00000000e-02
856      2.85333333e-09    2.04207235e+00    1.20950863e+00    3.99905910e+00   -1.28926148e-03   -1.04021151e-02    1.00000000e-02
857      2.85666667e-09    2.03315039e+00    1.19955343e+00    3.99528893e+00   -4.95536282e-03   -1.05598426e-02    1.00000000e-02
858      2.86000000e-09    2.03308846e+00    1.19816369e+00    3.99313176e+00   -6.91469388e-03   -1.08526384e-02    1.00000000e-02
859      2.86333333e-09    2.04193162e+00    1.20590744e+00    3.99357951e+00   -6.24757758e-03   -1.11720883e-02    1.00000000e-02
860      2.86666667e-09    2.05632317e+00    1.21984043e+00    3.99665770e+00   -3.01500913e-03   -1.13935541e-02    1.00000000e-02
861      2.87000000e-09    2.07077943e+00    1.23463579e+00    4.00113882e+00    1.49150424e-03   -1.14274054e-02    1.00000000e-02
862      2.87333333e-09    2.07978763e+00    1.24464917e+00    4.00508415e+00    5.32325179e-03   -1.12602877e-02    1.00000000e-02
863      2.87666667e-09    2.07992095e+00    1.24608808e+00    4.00690183e+00    6.93660273e-03   -1.09607969e-02    1.00000000e-02
864      2.88000000e-09    2.07114963e+00    1.23843943e+00    4.00606829e+00    5.88930088e-03   -1.06466832e-02    1.00000000e-02
865      2.88333333e-09    2.05684467e+00    1.22463856e+00    4.00309139e+00    2.76810827e-03   -1.04353043e-02    1.00000000e-02
866      2.88666667e-09    2.04248327e+00    1.20995201e+00    3.99905982e+00   -1.28812623e-03   -1.04024202e-02    1.00000000e-02
867      2.89000000e-09    2.03355990e+00    1.19999592e+00    3.99529314e+00   -4.95082466e-03   -1.05600623e-02    1.00000000e-02
868      2.89333333e-09    2.03349654e+00    1.19860547e+00    3.99313879e+00   -6.90753657e-03   -1.08526657e-02    1.00000000e-02
869      2.89666667e-09    2.04233816e+00    1.20634826e+00    3.99358697e+00   -6.24022602e-03   -1.11718693e-02    1.00000000e-02
870      2.90000000e-09    2.05672801e+00    1.22027972e+00    3.99666195e+00   -3.01105527e-03   -1.13931363e-02    1.00000000e-02
871      2.90333333e-09    2.07118244e+00    1.23507303e+00    4.00113744e+00    1.48979012e-03   -1.14269379e-02    1.00000000e-02
872      2.90666667e-09    2.08018882e+00    1.24508410e+00    4.00507798e+00    5.31687934e-03   -1.12599471e-02    1.00000000e-02
873      2.91000000e-09    2.08032044e+00    1.24652072e+00    4.00689417e+00    6.92897371e-03   -1.09606908e-02    1.00000000e-02
874      2.91333333e-09    2.07154758e+00    1.23886997e+00    4.00606233e+00    5.88358800e-03   -1.06468096e-02    1.00000000e-02
875      2.91666667e-09    2.05724118e+00    1.22506734e+00    4.00308862e+00    2.76572659e-03   -1.04355803e-02    1.00000000e-02
876      2.92000000e-09    2.04287840e+00    1.21037948e+00    3.99906052e+00   -1.28701847e-03   -1.04027311e-02    1.00000000e-02
877      2.92333333e-09    2.03395369e+00    1.20042255e+00    3.99529726e+00   -4.94638434e-03   -1.05602895e-02    1.00000000e-02
878      2.92666667e-09    2.03388896e+00    1.19903145e+00    3.99314566e+00   -6.90053590e-03   -1.08527046e-02    1.00000000e-02
879      2.93000000e-09    2.04272911e+00    1.20677334e+00    3.99359427e+00   -6.23303853e-03   -1.11716672e-02    1.00000000e-02
880      2.93333333e-09    2.05711733e+00    1.22070334e+00    3.99666611e+00   -3.00718900e-03   -1.13927396e-02    1.00000000e-02
881      2.93666667e-09    2.07157000e+00    1.23549467e+00    4.00113610e+00    1.48811887e-03   -1.14264926e-02    1.00000000e-02
882      2.94000000e-09    2.08057464e+00    1.24550352e+00    4.00507195e+00    5.31065384e-03   -1.12596256e-02    1.00000000e-02
883      2.94333333e-09    2.08070464e+00    1.24693794e+00    4.00688668e+00    6.92151326e-03   -1.09605985e-02    1.00000000e-02
884      2.94666667e-09    2.07193029e+00    1.23928517e+00    4.00605649e+00    5.87799415e-03   -1.06469449e-02    1.00000000e-02
885      2.95000000e-09    2.05762252e+00    1.22548084e+00    4.00308590e+00    2.76338964e-03   -1.04358621e-02    1.00000000e-02
886      2.95333333e-09    2.04325843e+00    1.21079174e+00    3.99906120e+00   -1.28593725e-03   -1.04030471e-02    1.00000000e-02
887      2.95666667e-09    2.03433243e+00    1.20083402e+00    3.99530130e+00   -4.94203886e-03   -1.05605236e-02    1.00000000e-02
888      2.96000000e-09    2.03426640e+00    1.19944232e+00    3.99315239e+00   -6.89368693e-03   -1.08527543e-02    1.00000000e-02
889      2.96333333e-09    2.04310515e+00    1.20718336e+00    3.99360141e+00   -6.22600981e-03   -1.11714811e-02    1.00000000e-02
890      2.96666667e-09    2.05749180e+00    1.22111196e+00    3.99667019e+00   -3.00340745e-03   -1.13923631e-02    1.00000000e-02
891      2.97000000e-09    2.07194280e+00    1.23590139e+00    4.00113480e+00    1.48648899e-03   -1.14260683e-02    1.00000000e-02
892      2.97333333e-09    2.08094576e+00    1.24590810e+00    4.00506607e+00    5.30457040e-03   -1.12593223e-02    1.00000000e-02
893      2.97666667e-09    2.08107420e+00    1.24734039e+00    4.00687936e+00    6.91421601e-03   -1.09605194e-02    1.00000000e-02
894      2.98000000e-09    2.07229844e+00    1.23968567e+00    4.00605077e+00    5.87251576e-03   -1.06470885e-02    1.00000000e-02
895      2.98333333e-09    2.05798934e+00    1.22587972e+00    4.00308324e+00    2.76109625e-03   -1.04361492e-02    1.00000000e-02
896      2.98666667e-09    2.04362400e+00    1.21118944e+00    3.99906187e+00   -1.28488169e-03   -1.04033678e-02    1.00000000e-02
897      2.99000000e-09    2.03469678e+00    1.20123098e+00    3.99530525e+00   -4.93778532e-03   -1.05607641e-02    1.00000000e-02
898      2.99333333e-09    2.03462952e+00    1.19983872e+00    3.99315898e+00   -6.88698491e-03   -1.08528143e-02    1.00000000e-02
899      2.99666667e-09    2.04346693e+00    1.20757895e+00    3.99360839e+00   -6.21913475e-03   -1.11713101e-02    1.00000000e-02
900      3.00000000e-09    2.05785208e+00    1.22150622e+00    3.99667417e+00   -2.99970792e-03   -1.13920058e-02    1.00000000e-02
901      3.00333333e-09    2.07230147e+00    1.23629383e+00    4.00113353e+00    1.48489903e-03   -1.14256642e-02    1.00000000e-02
902      3.00666667e-09    2.08130283e+00    1.24629847e+00    4.00506031e+00    5.29862436e-03   -1.12590363e-02    1.00000000e-02
903      3.01000000e-09    2.08142977e+00    1.24772871e+00    4.00687219e+00    6.90707680e-03   -1.09604527e-02    1.00000000e-02
904      3.01333333e-09    2.07265264e+00    1.24007212e+00    4.00604517e+00    5.86714939e-03   -1.06472398e-02    1.00000000e-02
905      3.01666667e-09    2.05834230e+00    1.22626461e+00    4.00308063e+00    2.75884527e-03   -1.04364412e-02    1.00000000e-02
906      3.02000000e-09    2.04397576e+00    1.21157321e+00    3.99906252e+00   -1.28385093e-03   -1.04036927e-02    1.00000000e-02
907      3.02333333e-09    2.03504738e+00    1.20161406e+00    3.99530913e+00   -4.93362096e-03   -1.05610106e-02    1.00000000e-02
908      3.02666667e-09    2.03497893e+00    1.20022128e+00    3.99316542e+00   -6.88042532e-03   -1.08528839e-02    1.00000000e-02
909      3.03000000e-09    2.04381506e+00    1.20796076e+00    3.99361522e+00   -6.21240851e-03   -1.11711536e-02    1.00000000e-02
910      3.03333333e-09    2.05819878e+00    1.22188675e+00    3.99667807e+00   -2.99608782e-03   -1.13916669e-02    1.00000000e-02
911      3.03666667e-09    2.07264662e+00    1.23667260e+00    4.00113229e+00    1.48334762e-03   -1.14252793e-02    1.00000000e-02
912      3.04000000e-09    2.08164644e+00    1.24667526e+00    4.00505469e+00    5.29281124e-03   -1.12587669e-02    1.00000000e-02
913      3.04333333e-09    2.08177194e+00    1.24810352e+00    4.00686519e+00    6.90009070e-03   -1.09603978e-02    1.00000000e-02
914      3.04666667e-09    2.07299352e+00    1.24044512e+00    4.00603969e+00    5.86189179e-03   -1.06473983e-02    1.00000000e-02
915      3.05000000e-09    2.05868198e+00    1.22663612e+00    4.00307807e+00    2.75663561e-03   -1.04367376e-02    1.00000000e-02
916      3.05333333e-09    2.04431430e+00    1.21194365e+00    3.99906316e+00   -1.28284415e-03   -1.04040216e-02    1.00000000e-02
917      3.05666667e-09    2.03538481e+00    1.20198384e+00    3.99531292e+00   -4.92954311e-03   -1.05612624e-02    1.00000000e-02
918      3.06000000e-09    2.03531523e+00    1.20059060e+00    3.99317173e+00   -6.87400383e-03   -1.08529624e-02    1.00000000e-02
919      3.06333333e-09    2.04415014e+00    1.20832936e+00    3.99362191e+00   -6.20582644e-03   -1.11710108e-02    1.00000000e-02
920      3.06666667e-09    2.05853249e+00    1.22225413e+00    3.99668189e+00   -2.99254466e-03   -1.13913454e-02    1.00000000e-02
921      3.07000000e-09    2.07297884e+00    1.23703830e+00    4.00113109e+00    1.48183344e-03   -1.14249128e-02    1.00000000e-02
922      3.07333333e-09    2.08197718e+00    1.24703904e+00    4.00504920e+00    5.28712677e-03   -1.12585132e-02    1.00000000e-02
923      3.07666667e-09    2.08210132e+00    1.24846538e+00    4.00685833e+00    6.89325299e-03   -1.09603540e-02    1.00000000e-02
924      3.08000000e-09    2.07332165e+00    1.24080525e+00    4.00603432e+00    5.85673979e-03   -1.06475636e-02    1.00000000e-02
925      3.08333333e-09    2.05900896e+00    1.22699481e+00    4.00307556e+00    2.75446623e-03   -1.04370381e-02    1.00000000e-02
926      3.08666667e-09    2.04464019e+00    1.21230132e+00    3.99906378e+00   -1.28186057e-03   -1.04043538e-02    1.00000000e-02
927      3.09000000e-09    2.03570964e+00    1.20234091e+00    3.99531663e+00   -4.92554922e-03   -1.05615192e-02    1.00000000e-02
928      3.09333333e-09    2.03563900e+00    1.20094723e+00    3.99317791e+00   -6.86771627e-03   -1.08530495e-02    1.00000000e-02
929      3.09666667e-09    2.04447274e+00    1.20868532e+00    3.99362846e+00   -6.19938410e-03   -1.11708809e-02    1.00000000e-02
930      3.10000000e-09    2.05885377e+00    1.22260893e+00    3.99668563e+00   -2.98907608e-03   -1.13910407e-02    1.00000000e-02
931      3.10333333e-09    2.07329870e+00    1.23739147e+00    4.00112991e+00    1.48035524e-03   -1.14245638e-02    1.00000000e-02
932      3.10666667e-09    2.08229562e+00    1.24739036e+00    4.00504382e+00    5.28156687e-03   -1.12582746e-02    1.00000000e-02
933      3.11000000e-09    2.08241844e+00    1.24881487e+00    4.00685162e+00    6.88655914e-03   -1.09603207e-02    1.00000000e-02
934      3.11333333e-09    2.07363758e+00    1.24115306e+00    4.00602905e+00    5.85169038e-03   -1.06477351e-02    1.00000000e-02
935      3.11666667e-09    2.05932379e+00    1.22734124e+00    4.00307310e+00    2.75233610e-03   -1.04373421e-02    1.00000000e-02
936      3.12000000e-09    2.04495398e+00    1.21264678e+00    3.99906439e+00   -1.28089943e-03   -1.04046891e-02    1.00000000e-02
937      3.12333333e-09    2.03602243e+00    1.20268581e+00    3.99532027e+00   -4.92163682e-03   -1.05617806e-02    1.00000000e-02
938      3.12666667e-09    2.03595076e+00    1.20129172e+00    3.99318396e+00   -6.86155865e-03   -1.08531444e-02    1.00000000e-02
939      3.13000000e-09    2.04478339e+00    1.20902919e+00    3.99363487e+00   -6.19307721e-03   -1.11707635e-02    1.00000000e-02
940      3.13333333e-09    2.05916316e+00    1.22295168e+00    3.99668929e+00   -2.98567982e-03   -1.13907518e-02    1.00000000e-02
941      3.13666667e-09    2.07360673e+00    1.23773266e+00    4.00112877e+00    1.47891180e-03   -1.14242315e-02    1.00000000e-02
942      3.14000000e-09    2.08260228e+00    1.24772977e+00    4.00503857e+00    5.27612763e-03   -1.12580502e-02    1.00000000e-02
943      3.14333333e-09    2.08272384e+00    1.24915250e+00    4.00684505e+00    6.88000483e-03   -1.09602974e-02    1.00000000e-02
944      3.14666667e-09    2.07394184e+00    1.24148908e+00    4.00602389e+00    5.84674066e-03   -1.06479124e-02    1.00000000e-02
945      3.15000000e-09    2.05962700e+00    1.22767593e+00    4.00307068e+00    2.75024425e-03   -1.04376494e-02    1.00000000e-02
946      3.15333333e-09    2.04525621e+00    1.21298055e+00    3.99906498e+00   -1.27996001e-03   -1.04050271e-02    1.00000000e-02
947      3.15666667e-09    2.03632369e+00    1.20301905e+00    3.99532384e+00   -4.91780357e-03   -1.05620462e-02    1.00000000e-02
948      3.16000000e-09    2.03625105e+00    1.20162460e+00    3.99318990e+00   -6.85552714e-03   -1.08532468e-02    1.00000000e-02
949      3.16333333e-09    2.04508261e+00    1.20936148e+00    3.99364115e+00   -6.18690171e-03   -1.11706577e-02    1.00000000e-02
950      3.16666667e-09    2.05946118e+00    1.22328291e+00    3.99669287e+00   -2.98235370e-03   -1.13904782e-02    1.00000000e-02
951      3.17000000e-09    2.07390343e+00    1.23806238e+00    4.00112765e+00    1.47750197e-03   -1.14239152e-02    1.00000000e-02
952      3.17333333e-09    2.08289768e+00    1.24805776e+00    4.00503342e+00    5.27080531e-03   -1.12578394e-02    1.00000000e-02
953      3.17666667e-09    2.08301802e+00    1.24947878e+00    4.00683861e+00    6.87358590e-03   -1.09602835e-02    1.00000000e-02
954      3.18000000e-09    2.07423493e+00    1.24181380e+00    4.00601884e+00    5.84188784e-03   -1.06480951e-02    1.00000000e-02
955      3.18333333e-09    2.05991910e+00    1.22799938e+00    4.00306831e+00    2.74818974e-03   -1.04379596e-02    1.00000000e-02
956      3.18666667e-09    2.04554736e+00    1.21330312e+00    3.99906556e+00   -1.27904160e-03   -1.04053674e-02    1.00000000e-02
957      3.19000000e-09    2.03661393e+00    1.20334113e+00    3.99532734e+00   -4.91404719e-03   -1.05623155e-02    1.00000000e-02
958      3.19333333e-09    2.03654036e+00    1.20194635e+00    3.99319571e+00   -6.84961808e-03   -1.08533562e-02    1.00000000e-02
959      3.19666667e-09    2.04537090e+00    1.20968268e+00    3.99364730e+00   -6.18085370e-03   -1.11705630e-02    1.00000000e-02
960      3.20000000e-09    2.05974831e+00    1.22360309e+00    3.99669639e+00   -2.97909566e-03   -1.13902190e-02    1.00000000e-02
961      3.20333333e-09    2.07418931e+00    1.23838112e+00    4.00112656e+00    1.47612466e-03   -1.14236141e-02    1.00000000e-02
962      3.20666667e-09    2.08318230e+00    1.24837484e+00    4.00502839e+00    5.26559632e-03   -1.12576416e-02    1.00000000e-02
963      3.21000000e-09    2.08330148e+00    1.24979419e+00    4.00683231e+00    6.86729837e-03   -1.09602784e-02    1.00000000e-02
964      3.21333333e-09    2.07451735e+00    1.24212772e+00    4.00601388e+00    5.83712923e-03   -1.06482828e-02    1.00000000e-02
965      3.21666667e-09    2.06020055e+00    1.22831208e+00    4.00306598e+00    2.74617166e-03   -1.04382723e-02    1.00000000e-02
966      3.22000000e-09    2.04582791e+00    1.21361499e+00    3.99906613e+00   -1.27814356e-03   -1.04057098e-02    1.00000000e-02
967      3.22333333e-09    2.03689361e+00    1.20365254e+00    3.99533077e+00   -4.91036551e-03   -1.05625881e-02    1.00000000e-02
968      3.22666667e-09    2.03681915e+00    1.20225745e+00    3.99320140e+00   -6.84382794e-03   -1.08534721e-02    1.00000000e-02
969      3.23000000e-09    2.04564873e+00    1.20999326e+00    3.99365332e+00   -6.17492941e-03   -1.11704789e-02    1.00000000e-02
970      3.23333333e-09    2.06002503e+00    1.22391271e+00    3.99669983e+00   -2.97590370e-03   -1.13899737e-02    1.00000000e-02
971      3.23666667e-09    2.07446482e+00    1.23868934e+00    4.00112550e+00    1.47477879e-03   -1.14233277e-02    1.00000000e-02
972      3.24000000e-09    2.08345660e+00    1.24868145e+00    4.00502347e+00    5.26049723e-03   -1.12574562e-02    1.00000000e-02
973      3.24333333e-09    2.08357467e+00    1.25009921e+00    4.00682614e+00    6.86113841e-03   -1.09602818e-02    1.00000000e-02
974      3.24666667e-09    2.07478953e+00    1.24243129e+00    4.00600902e+00    5.83246228e-03   -1.06484750e-02    1.00000000e-02
975      3.25000000e-09    2.06047183e+00    1.22861448e+00    4.00306369e+00    2.74418912e-03   -1.04385872e-02    1.00000000e-02
976      3.25333333e-09    2.04609833e+00    1.21391659e+00    3.99906669e+00   -1.27726522e-03   -1.04060539e-02    1.00000000e-02
977      3.25666667e-09    2.03716320e+00    1.20395371e+00    3.99533413e+00   -4.90675642e-03   -1.05628639e-02    1.00000000e-02
978      3.26000000e-09    2.03708790e+00    1.20255835e+00    3.99320698e+00   -6.83815333e-03   -1.08535941e-02    1.00000000e-02
979      3.26333333e-09    2.04591654e+00    1.21029368e+00    3.99365922e+00   -6.16912526e-03   -1.11704048e-02    1.00000000e-02
980      3.26666667e-09    2.06029179e+00    1.22421220e+00    3.99670321e+00   -2.97277592e-03   -1.13897415e-02    1.00000000e-02
981      3.27000000e-09    2.07473042e+00    1.23898749e+00    4.00112446e+00    1.47346336e-03   -1.14230551e-02    1.00000000e-02
982      3.27333333e-09    2.08372104e+00    1.24897805e+00    4.00501865e+00    5.25550473e-03   -1.12572824e-02    1.00000000e-02
983      3.27666667e-09    2.08383803e+00    1.25039426e+00    4.00682009e+00    6.85510236e-03   -1.09602931e-02    1.00000000e-02
984      3.28000000e-09    2.07505194e+00    1.24272495e+00    4.00600426e+00    5.82788448e-03   -1.06486714e-02    1.00000000e-02
985      3.28333333e-09    2.06073336e+00    1.22890701e+00    4.00306145e+00    2.74224129e-03   -1.04389041e-02    1.00000000e-02
986      3.28666667e-09    2.04635904e+00    1.21420836e+00    3.99906723e+00   -1.27640599e-03   -1.04063993e-02    1.00000000e-02
987      3.29000000e-09    2.03742312e+00    1.20424510e+00    3.99533743e+00   -4.90321792e-03   -1.05631424e-02    1.00000000e-02
988      3.29333333e-09    2.03734702e+00    1.20284949e+00    3.99321246e+00   -6.83259099e-03   -1.08537217e-02    1.00000000e-02
989      3.29666667e-09    2.04617478e+00    1.21058437e+00    3.99366501e+00   -6.16343779e-03   -1.11703402e-02    1.00000000e-02
990      3.30000000e-09    2.06054901e+00    1.22450200e+00    3.99670652e+00   -2.96971049e-03   -1.13895219e-02    1.00000000e-02
991      3.30333333e-09    2.07498652e+00    1.23927599e+00    4.00112345e+00    1.47217740e-03   -1.14227958e-02    1.00000000e-02
992      3.30666667e-09    2.08397603e+00    1.24926506e+00    4.00501393e+00    5.25061567e-03   -1.12571199e-02    1.00000000e-02
993      3.31000000e-09    2.08409199e+00    1.25067978e+00    4.00681416e+00    6.84918668e-03   -1.09603118e-02    1.00000000e-02
994      3.31333333e-09    2.07530499e+00    1.24300912e+00    4.00599958e+00    5.82339347e-03   -1.06488718e-02    1.00000000e-02
995      3.31666667e-09    2.06098557e+00    1.22919010e+00    4.00305924e+00    2.74032733e-03   -1.04392226e-02    1.00000000e-02
996      3.32000000e-09    2.04661047e+00    1.21449073e+00    3.99906776e+00   -1.27556527e-03   -1.04067460e-02    1.00000000e-02
997      3.32333333e-09    2.03767380e+00    1.20452710e+00    3.99534066e+00   -4.89974805e-03   -1.05634233e-02    1.00000000e-02
998      3.32666667e-09    2.03759693e+00    1.20313127e+00    3.99321782e+00   -6.82713779e-03   -1.08538546e-02    1.00000000e-02
999      3.33000000e-09    2.04642384e+00    1.21086574e+00    3.99367068e+00   -6.15786370e-03   -1.11702846e-02    1.00000000e-02
1000     3.33333333e-09    2.06079710e+00    1.22478252e+00    3.99670976e+00   -2.96670566e-03   -1.13893143e-02    1.00000000e-02
1001     3.33666667e-09    2.07523354e+00    1.23955527e+00    4.00112246e+00    1.47091997e-03   -1.14225492e-02    1.00000000e-02
1002     3.34000000e-09    2.08422198e+00    1.24954289e+00    4.00500931e+00    5.24582701e-03   -1.12569681e-02    1.00000000e-02
1003     3.34333333e-09    2.08433696e+00    1.25095617e+00    4.00680836e+00    6.84338800e-03   -1.09603376e-02    1.00000000e-02
1004     3.34666667e-09    2.07554907e+00    1.24328421e+00    4.00599500e+00    5.81898695e-03   -1.06490756e-02    1.00000000e-02
1005     3.35000000e-09    2.06122886e+00    1.22946415e+00    4.00305708e+00    2.73844647e-03   -1.04395424e-02    1.00000000e-02
1006     3.35333333e-09    2.04685301e+00    1.21476410e+00    3.99906828e+00   -1.27474248e-03   -1.04070935e-02    1.00000000e-02
1007     3.35666667e-09    2.03791563e+00    1.20480013e+00    3.99534383e+00   -4.89634495e-03   -1.05637063e-02    1.00000000e-02
1008     3.36000000e-09    2.03783803e+00    1.20340410e+00    3.99322308e+00   -6.82179073e-03   -1.08539924e-02    1.00000000e-02
1009     3.36333333e-09    2.04666413e+00    1.21113818e+00    3.99367624e+00   -6.15239979e-03   -1.11702375e-02    1.00000000e-02
1010     3.36666667e-09    2.06103646e+00    1.22505415e+00    3.99671294e+00   -2.96375973e-03   -1.13891182e-02    1.00000000e-02
1011     3.37000000e-09    2.07547187e+00    1.23982569e+00    4.00112149e+00    1.46969018e-03   -1.14223148e-02    1.00000000e-02
1012     3.37333333e-09    2.08445928e+00    1.24981192e+00    4.00500478e+00    5.24113583e-03   -1.12568264e-02    1.00000000e-02
1013     3.37666667e-09    2.08457331e+00    1.25122380e+00    4.00680266e+00    6.83770306e-03   -1.09603700e-02    1.00000000e-02
1014     3.38000000e-09    2.07578458e+00    1.24355059e+00    4.00599050e+00    5.81466269e-03   -1.06492827e-02    1.00000000e-02
1015     3.38333333e-09    2.06146361e+00    1.22972953e+00    4.00305495e+00    2.73659792e-03   -1.04398634e-02    1.00000000e-02
1016     3.38666667e-09    2.04708705e+00    1.21502883e+00    3.99906880e+00   -1.27393710e-03   -1.04074416e-02    1.00000000e-02
1017     3.39000000e-09    2.03814898e+00    1.20506455e+00    3.99534694e+00   -4.89300681e-03   -1.05639911e-02    1.00000000e-02
1018     3.39333333e-09    2.03807069e+00    1.20366835e+00    3.99322824e+00   -6.81654690e-03   -1.08541348e-02    1.00000000e-02
1019     3.39666667e-09    2.04689602e+00    1.21140207e+00    3.99368169e+00   -6.14704300e-03   -1.11701984e-02    1.00000000e-02
1020     3.40000000e-09    2.06126745e+00    1.22531726e+00    3.99671606e+00   -2.96087109e-03   -1.13889329e-02    1.00000000e-02
1021     3.40333333e-09    2.07570188e+00    1.24008765e+00    4.00112055e+00    1.46848717e-03   -1.14220919e-02    1.00000000e-02
1022     3.40666667e-09    2.08468830e+00    1.25007252e+00    4.00500035e+00    5.23653935e-03   -1.12566944e-02    1.00000000e-02
1023     3.41000000e-09    2.08480142e+00    1.25148306e+00    4.00679708e+00    6.83212871e-03   -1.09604087e-02    1.00000000e-02
1024     3.41333333e-09    2.07601189e+00    1.24380864e+00    4.00598608e+00    5.81041857e-03   -1.06494928e-02    1.00000000e-02
1025     3.41666667e-09    2.06169019e+00    1.22998662e+00    4.00305286e+00    2.73478095e-03   -1.04401852e-02    1.00000000e-02
1026     3.42000000e-09    2.04731295e+00    1.21528530e+00    3.99906930e+00   -1.27314858e-03   -1.04077902e-02    1.00000000e-02
1027     3.42333333e-09    2.03837423e+00    1.20532074e+00    3.99535000e+00   -4.88973191e-03   -1.05642776e-02    1.00000000e-02
1028     3.42666667e-09    2.03829528e+00    1.20392439e+00    3.99323331e+00   -6.81140352e-03   -1.08542813e-02    1.00000000e-02
1029     3.43000000e-09    2.04711987e+00    1.21165776e+00    3.99368703e+00   -6.14179040e-03   -1.11701670e-02    1.00000000e-02
1030     3.43333333e-09    2.06149044e+00    1.22557221e+00    3.99671912e+00   -2.95803818e-03   -1.13887581e-02    1.00000000e-02
1031     3.43666667e-09    2.07592393e+00    1.24034149e+00    4.00111962e+00    1.46731012e-03   -1.14218801e-02    1.00000000e-02
1032     3.44000000e-09    2.08490939e+00    1.25032506e+00    4.00499601e+00    5.23203486e-03   -1.12565716e-02    1.00000000e-02
1033     3.44333333e-09    2.08502164e+00    1.25173429e+00    4.00679161e+00    6.82666196e-03   -1.09604532e-02    1.00000000e-02
1034     3.44666667e-09    2.07623133e+00    1.24405870e+00    4.00598175e+00    5.80625253e-03   -1.06497055e-02    1.00000000e-02
1035     3.45000000e-09    2.06190894e+00    1.23023576e+00    4.00305081e+00    2.73299484e-03   -1.04405077e-02    1.00000000e-02
1036     3.45333333e-09    2.04753106e+00    1.21553385e+00    3.99906979e+00   -1.27237643e-03   -1.04081389e-02    1.00000000e-02
1037     3.45666667e-09    2.03859172e+00    1.20556903e+00    3.99535299e+00   -4.88651856e-03   -1.05645653e-02    1.00000000e-02
1038     3.46000000e-09    2.03851214e+00    1.20417255e+00    3.99323827e+00   -6.80635790e-03   -1.08544318e-02    1.00000000e-02
1039     3.46333333e-09    2.04733603e+00    1.21190561e+00    3.99369228e+00   -6.13663916e-03   -1.11701428e-02    1.00000000e-02
1040     3.46666667e-09    2.06170578e+00    1.22581935e+00    3.99672212e+00   -2.95525950e-03   -1.13885932e-02    1.00000000e-02
1041     3.47000000e-09    2.07613835e+00    1.24058755e+00    4.00111872e+00    1.46615824e-03   -1.14216788e-02    1.00000000e-02
1042     3.47333333e-09    2.08512290e+00    1.25056986e+00    4.00499175e+00    5.22761979e-03   -1.12564576e-02    1.00000000e-02
1043     3.47666667e-09    2.08523431e+00    1.25197783e+00    4.00678624e+00    6.82129989e-03   -1.09605033e-02    1.00000000e-02
1044     3.48000000e-09    2.07644326e+00    1.24430111e+00    4.00597750e+00    5.80216259e-03   -1.06499205e-02    1.00000000e-02
1045     3.48333333e-09    2.06212020e+00    1.23047728e+00    4.00304880e+00    2.73123891e-03   -1.04408305e-02    1.00000000e-02
1046     3.48666667e-09    2.04774171e+00    1.21577481e+00    3.99907026e+00   -1.27162017e-03   -1.04084876e-02    1.00000000e-02
1047     3.49000000e-09    2.03880178e+00    1.20580975e+00    3.99535594e+00   -4.88336516e-03   -1.05648542e-02    1.00000000e-02
1048     3.49333333e-09    2.03872159e+00    1.20441317e+00    3.99324315e+00   -6.80140745e-03   -1.08545859e-02    1.00000000e-02
1049     3.49666667e-09    2.04754481e+00    1.21214594e+00    3.99369742e+00   -6.13158653e-03   -1.11701255e-02    1.00000000e-02
1050     3.50000000e-09    2.06191378e+00    1.22605900e+00    3.99672507e+00   -2.95253362e-03   -1.13884377e-02    1.00000000e-02
1051     3.50333333e-09    2.07634547e+00    1.24082616e+00    4.00111784e+00    1.46503077e-03   -1.14214876e-02    1.00000000e-02
1052     3.50666667e-09    2.08532914e+00    1.25080725e+00    4.00498758e+00    5.22329163e-03   -1.12563519e-02    1.00000000e-02
1053     3.51000000e-09    2.08543975e+00    1.25221400e+00    4.00678098e+00    6.81603972e-03   -1.09605585e-02    1.00000000e-02
1054     3.51333333e-09    2.07664799e+00    1.24453620e+00    4.00597332e+00    5.79814684e-03   -1.06501377e-02    1.00000000e-02
1055     3.51666667e-09    2.06232430e+00    1.23071151e+00    4.00304682e+00    2.72951246e-03   -1.04411536e-02    1.00000000e-02
1056     3.52000000e-09    2.04794521e+00    1.21600851e+00    3.99907074e+00   -1.27087932e-03   -1.04088361e-02    1.00000000e-02
1057     3.52333333e-09    2.03900472e+00    1.20604324e+00    3.99535883e+00   -4.88027014e-03   -1.05651439e-02    1.00000000e-02
1058     3.52666667e-09    2.03892397e+00    1.20464656e+00    3.99324793e+00   -6.79654969e-03   -1.08547433e-02    1.00000000e-02
1059     3.53000000e-09    2.04774654e+00    1.21237906e+00    3.99370247e+00   -6.12662991e-03   -1.11701146e-02    1.00000000e-02
1060     3.53333333e-09    2.06211475e+00    1.22629148e+00    3.99672796e+00   -2.94985915e-03   -1.13882913e-02    1.00000000e-02
1061     3.53666667e-09    2.07654560e+00    1.24105764e+00    4.00111698e+00    1.46392697e-03   -1.14213061e-02    1.00000000e-02
1062     3.54000000e-09    2.08552843e+00    1.25103754e+00    4.00498349e+00    5.21904801e-03   -1.12562541e-02    1.00000000e-02
1063     3.54333333e-09    2.08563826e+00    1.25244312e+00    4.00677582e+00    6.81087874e-03   -1.09606187e-02    1.00000000e-02
1064     3.54666667e-09    2.07684583e+00    1.24476426e+00    4.00596922e+00    5.79420342e-03   -1.06503568e-02    1.00000000e-02
1065     3.55000000e-09    2.06252152e+00    1.23093875e+00    4.00304487e+00    2.72781486e-03   -1.04414767e-02    1.00000000e-02
1066     3.55333333e-09    2.04814188e+00    1.21623525e+00    3.99907120e+00   -1.27015343e-03   -1.04091843e-02    1.00000000e-02
1067     3.55666667e-09    2.03920086e+00    1.20626977e+00    3.99536166e+00   -4.87723201e-03   -1.05654343e-02    1.00000000e-02
1068     3.56000000e-09    2.03911956e+00    1.20487302e+00    3.99325263e+00   -6.79178220e-03   -1.08549038e-02    1.00000000e-02
1069     3.56333333e-09    2.04794152e+00    1.21260528e+00    3.99370742e+00   -6.12176677e-03   -1.11701099e-02    1.00000000e-02
1070     3.56666667e-09    2.06230901e+00    1.22651708e+00    3.99673080e+00   -2.94723474e-03   -1.13881536e-02    1.00000000e-02
1071     3.57000000e-09    2.07673905e+00    1.24128227e+00    4.00111614e+00    1.46284616e-03   -1.14211338e-02    1.00000000e-02
1072     3.57333333e-09    2.08572106e+00    1.25126104e+00    4.00497948e+00    5.21488662e-03   -1.12561639e-02    1.00000000e-02
1073     3.57666667e-09    2.08583015e+00    1.25266547e+00    4.00677075e+00    6.80581438e-03   -1.09606834e-02    1.00000000e-02
1074     3.58000000e-09    2.07703706e+00    1.24498559e+00    4.00596520e+00    5.79033057e-03   -1.06505776e-02    1.00000000e-02
1075     3.58333333e-09    2.06271218e+00    1.23115930e+00    4.00304296e+00    2.72614547e-03   -1.04417997e-02    1.00000000e-02
1076     3.58666667e-09    2.04833200e+00    1.21645531e+00    3.99907165e+00   -1.26944208e-03   -1.04095318e-02    1.00000000e-02
1077     3.59000000e-09    2.03939048e+00    1.20648966e+00    3.99536445e+00   -4.87424932e-03   -1.05657251e-02    1.00000000e-02
1078     3.59333333e-09    2.03930866e+00    1.20509285e+00    3.99325724e+00   -6.78710267e-03   -1.08550670e-02    1.00000000e-02
1079     3.59666667e-09    2.04813003e+00    1.21282488e+00    3.99371228e+00   -6.11699466e-03   -1.11701110e-02    1.00000000e-02
1080     3.60000000e-09    2.06249682e+00    1.22673609e+00    3.99673358e+00   -2.94465911e-03   -1.13880240e-02    1.00000000e-02
1081     3.60333333e-09    2.07692608e+00    1.24150035e+00    4.00111532e+00    1.46178765e-03   -1.14209702e-02    1.00000000e-02
1082     3.60666667e-09    2.08590732e+00    1.25147801e+00    4.00497554e+00    5.21080523e-03   -1.12560809e-02    1.00000000e-02
1083     3.61000000e-09    2.08601569e+00    1.25288133e+00    4.00676578e+00    6.80084412e-03   -1.09607524e-02    1.00000000e-02
1084     3.61333333e-09    2.07722198e+00    1.24520048e+00    4.00596125e+00    5.78652654e-03   -1.06507998e-02    1.00000000e-02
1085     3.61666667e-09    2.06289654e+00    1.23137342e+00    4.00304108e+00    2.72450368e-03   -1.04421223e-02    1.00000000e-02
1086     3.62000000e-09    2.04851586e+00    1.21666898e+00    3.99907209e+00   -1.26874485e-03   -1.04098786e-02    1.00000000e-02
1087     3.62333333e-09    2.03957385e+00    1.20670317e+00    3.99536718e+00   -4.87132067e-03   -1.05660163e-02    1.00000000e-02
1088     3.62666667e-09    2.03949154e+00    1.20530632e+00    3.99326176e+00   -6.78250886e-03   -1.08552328e-02    1.00000000e-02
1089     3.63000000e-09    2.04831235e+00    1.21303814e+00    3.99371705e+00   -6.11231125e-03   -1.11701175e-02    1.00000000e-02
1090     3.63333333e-09    2.06267848e+00    1.22694878e+00    3.99673632e+00   -2.94213103e-03   -1.13879023e-02    1.00000000e-02
1091     3.63666667e-09    2.07710699e+00    1.24171214e+00    4.00111451e+00    1.46075079e-03   -1.14208151e-02    1.00000000e-02
1092     3.64000000e-09    2.08608747e+00    1.25168873e+00    4.00497169e+00    5.20680172e-03   -1.12560047e-02    1.00000000e-02
1093     3.64333333e-09    2.08619515e+00    1.25309098e+00    4.00676090e+00    6.79596556e-03   -1.09608253e-02    1.00000000e-02
1094     3.64666667e-09    2.07740084e+00    1.24540918e+00    4.00595737e+00    5.78278969e-03   -1.06510233e-02    1.00000000e-02
1095     3.65000000e-09    2.06307488e+00    1.23158139e+00    4.00303923e+00    2.72288889e-03   -1.04424444e-02    1.00000000e-02
1096     3.65333333e-09    2.04869371e+00    1.21687652e+00    3.99907252e+00   -1.26806134e-03   -1.04102245e-02    1.00000000e-02
1097     3.65666667e-09    2.03975124e+00    1.20691056e+00    3.99536987e+00   -4.86844471e-03   -1.05663075e-02    1.00000000e-02
1098     3.66000000e-09    2.03966846e+00    1.20551368e+00    3.99326620e+00   -6.77799861e-03   -1.08554009e-02    1.00000000e-02
1099     3.66333333e-09    2.04848874e+00    1.21324532e+00    3.99372173e+00   -6.10771426e-03   -1.11701292e-02    1.00000000e-02
1100     3.66666667e-09    2.06285423e+00    1.22715542e+00    3.99673900e+00   -2.93964928e-03   -1.13877880e-02    1.00000000e-02
1101     3.67000000e-09    2.07728202e+00    1.24191791e+00    4.00111372e+00    1.45973497e-03   -1.14206680e-02    1.00000000e-02
1102     3.67333333e-09    2.08626177e+00    1.25189346e+00    4.00496790e+00    5.20287401e-03   -1.12559350e-02    1.00000000e-02
1103     3.67666667e-09    2.08636880e+00    1.25329468e+00    4.00675611e+00    6.79117637e-03   -1.09609021e-02    1.00000000e-02
1104     3.68000000e-09    2.07757391e+00    1.24561195e+00    4.00595355e+00    5.77911840e-03   -1.06512478e-02    1.00000000e-02
1105     3.68333333e-09    2.06324744e+00    1.23178346e+00    4.00303741e+00    2.72130052e-03   -1.04427659e-02    1.00000000e-02
1106     3.68666667e-09    2.04886581e+00    1.21707818e+00    3.99907295e+00   -1.26739116e-03   -1.04105694e-02    1.00000000e-02
1107     3.69000000e-09    2.03992290e+00    1.20711210e+00    3.99537250e+00   -4.86562013e-03   -1.05665986e-02    1.00000000e-02
1108     3.69333333e-09    2.03983968e+00    1.20571521e+00    3.99327057e+00   -6.77356985e-03   -1.08555711e-02    1.00000000e-02
1109     3.69666667e-09    2.04865945e+00    1.21344666e+00    3.99372632e+00   -6.10320151e-03   -1.11701458e-02    1.00000000e-02
1110     3.70000000e-09    2.06302432e+00    1.22735625e+00    3.99674164e+00   -2.93721273e-03   -1.13876809e-02    1.00000000e-02
1111     3.70333333e-09    2.07745142e+00    1.24211790e+00    4.00111295e+00    1.45873958e-03   -1.14205286e-02    1.00000000e-02
1112     3.70666667e-09    2.08643047e+00    1.25209245e+00    4.00496419e+00    5.19902014e-03   -1.12558715e-02    1.00000000e-02
1113     3.71000000e-09    2.08653687e+00    1.25349266e+00    4.00675141e+00    6.78647431e-03   -1.09609823e-02    1.00000000e-02
1114     3.71333333e-09    2.07774143e+00    1.24580905e+00    4.00594981e+00    5.77551112e-03   -1.06514732e-02    1.00000000e-02
1115     3.71666667e-09    2.06341448e+00    1.23197988e+00    4.00303562e+00    2.71973803e-03   -1.04430865e-02    1.00000000e-02
1116     3.72000000e-09    2.04903241e+00    1.21727420e+00    3.99907337e+00   -1.26673395e-03   -1.04109132e-02    1.00000000e-02
1117     3.72333333e-09    2.04008909e+00    1.20730801e+00    3.99537510e+00   -4.86284567e-03   -1.05668896e-02    1.00000000e-02
1118     3.72666667e-09    2.04000544e+00    1.20591112e+00    3.99327485e+00   -6.76922054e-03   -1.08557432e-02    1.00000000e-02
1119     3.73000000e-09    2.04882472e+00    1.21364242e+00    3.99373084e+00   -6.09877089e-03   -1.11701669e-02    1.00000000e-02
1120     3.73333333e-09    2.06318900e+00    1.22755151e+00    3.99674423e+00   -2.93482024e-03   -1.13875805e-02    1.00000000e-02
1121     3.73666667e-09    2.07761543e+00    1.24231235e+00    4.00111219e+00    1.45776405e-03   -1.14203965e-02    1.00000000e-02
1122     3.74000000e-09    2.08659382e+00    1.25228593e+00    4.00496055e+00    5.19523818e-03   -1.12558139e-02    1.00000000e-02
1123     3.74333333e-09    2.08669960e+00    1.25368517e+00    4.00674679e+00    6.78185720e-03   -1.09610658e-02    1.00000000e-02
1124     3.74666667e-09    2.07790364e+00    1.24600070e+00    4.00594613e+00    5.77196633e-03   -1.06516993e-02    1.00000000e-02
1125     3.75000000e-09    2.06357622e+00    1.23217087e+00    4.00303387e+00    2.71820086e-03   -1.04434063e-02    1.00000000e-02
1126     3.75333333e-09    2.04919373e+00    1.21746483e+00    3.99907378e+00   -1.26608933e-03   -1.04112556e-02    1.00000000e-02
1127     3.75666667e-09    2.04025001e+00    1.20749854e+00    3.99537764e+00   -4.86012012e-03   -1.05671801e-02    1.00000000e-02
1128     3.76000000e-09    2.04016596e+00    1.20610166e+00    3.99327906e+00   -6.76494876e-03   -1.08559169e-02    1.00000000e-02
1129     3.76333333e-09    2.04898478e+00    1.21383282e+00    3.99373527e+00   -6.09442037e-03   -1.11701924e-02    1.00000000e-02
1130     3.76666667e-09    2.06334850e+00    1.22774144e+00    3.99674677e+00   -2.93247076e-03   -1.13874867e-02    1.00000000e-02
1131     3.77000000e-09    2.07777428e+00    1.24250149e+00    4.00111146e+00    1.45680782e-03   -1.14202713e-02    1.00000000e-02
1132     3.77333333e-09    2.08675202e+00    1.25247413e+00    4.00495698e+00    5.19152628e-03   -1.12557619e-02    1.00000000e-02
1133     3.77666667e-09    2.08685722e+00    1.25387242e+00    4.00674226e+00    6.77732295e-03   -1.09611524e-02    1.00000000e-02
1134     3.78000000e-09    2.07806075e+00    1.24618712e+00    4.00594251e+00    5.76848260e-03   -1.06519259e-02    1.00000000e-02
1135     3.78333333e-09    2.06373289e+00    1.23235667e+00    4.00303214e+00    2.71668849e-03   -1.04437250e-02    1.00000000e-02
1136     3.78666667e-09    2.04935000e+00    1.21765028e+00    3.99907418e+00   -1.26545698e-03   -1.04115966e-02    1.00000000e-02
1137     3.79000000e-09    2.04040591e+00    1.20768391e+00    3.99538015e+00   -4.85744230e-03   -1.05674701e-02    1.00000000e-02
1138     3.79333333e-09    2.04032148e+00    1.20628705e+00    3.99328320e+00   -6.76075262e-03   -1.08560921e-02    1.00000000e-02
1139     3.79666667e-09    2.04913985e+00    1.21401808e+00    3.99373962e+00   -6.09014798e-03   -1.11702220e-02    1.00000000e-02
1140     3.80000000e-09    2.06350302e+00    1.22792625e+00    3.99674927e+00   -2.93016322e-03   -1.13873990e-02    1.00000000e-02
1141     3.80333333e-09    2.07792819e+00    1.24268554e+00    4.00111073e+00    1.45587035e-03   -1.14201529e-02    1.00000000e-02
1142     3.80666667e-09    2.08690530e+00    1.25265726e+00    4.00495347e+00    5.18788267e-03   -1.12557152e-02    1.00000000e-02
1143     3.81000000e-09    2.08700993e+00    1.25405465e+00    4.00673781e+00    6.77286954e-03   -1.09612417e-02    1.00000000e-02
1144     3.81333333e-09    2.07821298e+00    1.24636854e+00    4.00593896e+00    5.76505850e-03   -1.06521529e-02    1.00000000e-02
1145     3.81666667e-09    2.06388470e+00    1.23253748e+00    4.00303044e+00    2.71520040e-03   -1.04440425e-02    1.00000000e-02
1146     3.82000000e-09    2.04950143e+00    1.21783075e+00    3.99907458e+00   -1.26483655e-03   -1.04119361e-02    1.00000000e-02
1147     3.82333333e-09    2.04055698e+00    1.20786432e+00    3.99538261e+00   -4.85481106e-03   -1.05677595e-02    1.00000000e-02
1148     3.82666667e-09    2.04047219e+00    1.20646750e+00    3.99328726e+00   -6.75663030e-03   -1.08562687e-02    1.00000000e-02
1149     3.83000000e-09    2.04929013e+00    1.21419841e+00    3.99374390e+00   -6.08595181e-03   -1.11702554e-02    1.00000000e-02
1150     3.83333333e-09    2.06365278e+00    1.22810614e+00    3.99675172e+00   -2.92789664e-03   -1.13873172e-02    1.00000000e-02
1151     3.83666667e-09    2.07807736e+00    1.24286471e+00    4.00111002e+00    1.45495113e-03   -1.14200409e-02    1.00000000e-02
1152     3.84000000e-09    2.08705387e+00    1.25283554e+00    4.00495003e+00    5.18430562e-03   -1.12556736e-02    1.00000000e-02
1153     3.84333333e-09    2.08715796e+00    1.25423204e+00    4.00673343e+00    6.76849501e-03   -1.09613337e-02    1.00000000e-02
1154     3.84666667e-09    2.07836054e+00    1.24654515e+00    4.00593547e+00    5.76169268e-03   -1.06523802e-02    1.00000000e-02
1155     3.85000000e-09    2.06403185e+00    1.23271351e+00    4.00302877e+00    2.71373609e-03   -1.04443588e-02    1.00000000e-02
1156     3.85333333e-09    2.04964822e+00    1.21800647e+00    3.99907496e+00   -1.26422773e-03   -1.04122740e-02    1.00000000e-02
1157     3.85666667e-09    2.04070344e+00    1.20803997e+00    3.99538502e+00   -4.85222531e-03   -1.05680481e-02    1.00000000e-02
1158     3.86000000e-09    2.04061829e+00    1.20664320e+00    3.99329126e+00   -6.75258005e-03   -1.08564464e-02    1.00000000e-02
1159     3.86333333e-09    2.04943584e+00    1.21437401e+00    3.99374810e+00   -6.08183003e-03   -1.11702924e-02    1.00000000e-02
1160     3.86666667e-09    2.06379799e+00    1.22828133e+00    3.99675413e+00   -2.92567003e-03   -1.13872410e-02    1.00000000e-02
1161     3.87000000e-09    2.07822199e+00    1.24303918e+00    4.00110933e+00    1.45404966e-03   -1.14199349e-02    1.00000000e-02
1162     3.87333333e-09    2.08719792e+00    1.25300916e+00    4.00494665e+00    5.18079347e-03   -1.12556368e-02    1.00000000e-02
1163     3.87666667e-09    2.08730149e+00    1.25440480e+00    4.00672914e+00    6.76419747e-03   -1.09614281e-02    1.00000000e-02
1164     3.88000000e-09    2.07850362e+00    1.24671716e+00    4.00593203e+00    5.75838380e-03   -1.06526075e-02    1.00000000e-02
1165     3.88333333e-09    2.06417455e+00    1.23288496e+00    4.00302712e+00    2.71229509e-03   -1.04446737e-02    1.00000000e-02
1166     3.88666667e-09    2.04979057e+00    1.21817761e+00    3.99907534e+00   -1.26363021e-03   -1.04126102e-02    1.00000000e-02
1167     3.89000000e-09    2.04084547e+00    1.20821107e+00    3.99538740e+00   -4.84968397e-03   -1.05683358e-02    1.00000000e-02
1168     3.89333333e-09    2.04075999e+00    1.20681435e+00    3.99329518e+00   -6.74860017e-03   -1.08566250e-02    1.00000000e-02
1169     3.89666667e-09    2.04957715e+00    1.21454507e+00    3.99375223e+00   -6.07778087e-03   -1.11703328e-02    1.00000000e-02
1170     3.90000000e-09    2.06393882e+00    1.22845199e+00    3.99675650e+00   -2.92348246e-03   -1.13871701e-02    1.00000000e-02
1171     3.90333333e-09    2.07836227e+00    1.24320916e+00    4.00110865e+00    1.45316547e-03   -1.14198348e-02    1.00000000e-02
1172     3.90666667e-09    2.08733764e+00    1.25317831e+00    4.00494333e+00    5.17734462e-03   -1.12556045e-02    1.00000000e-02
1173     3.91000000e-09    2.08744071e+00    1.25457311e+00    4.00672492e+00    6.75997510e-03   -1.09615248e-02    1.00000000e-02
1174     3.91333333e-09    2.07864241e+00    1.24688474e+00    4.00592866e+00    5.75513060e-03   -1.06528348e-02    1.00000000e-02
1175     3.91666667e-09    2.06431297e+00    1.23305200e+00    4.00302551e+00    2.71087692e-03   -1.04449871e-02    1.00000000e-02
1176     3.92000000e-09    2.04992867e+00    1.21834437e+00    3.99907572e+00   -1.26304368e-03   -1.04129445e-02    1.00000000e-02
1177     3.92333333e-09    2.04098326e+00    1.20837780e+00    3.99538974e+00   -4.84718602e-03   -1.05686225e-02    1.00000000e-02
1178     3.92666667e-09    2.04089747e+00    1.20698114e+00    3.99329904e+00   -6.74468900e-03   -1.08568045e-02    1.00000000e-02
1179     3.93000000e-09    2.04971425e+00    1.21471178e+00    3.99375628e+00   -6.07380260e-03   -1.11703764e-02    1.00000000e-02
1180     3.93333333e-09    2.06407547e+00    1.22861832e+00    3.99675883e+00   -2.92133302e-03   -1.13871044e-02    1.00000000e-02
1181     3.93666667e-09    2.07849838e+00    1.24337483e+00    4.00110798e+00    1.45229808e-03   -1.14197402e-02    1.00000000e-02
1182     3.94000000e-09    2.08747322e+00    1.25334317e+00    4.00494008e+00    5.17395752e-03   -1.12555765e-02    1.00000000e-02
1183     3.94333333e-09    2.08757580e+00    1.25473716e+00    4.00672077e+00    6.75582612e-03   -1.09616235e-02    1.00000000e-02
1184     3.94666667e-09    2.07877709e+00    1.24704809e+00    4.00592534e+00    5.75193183e-03   -1.06530620e-02    1.00000000e-02
1185     3.95000000e-09    2.06444730e+00    1.23321482e+00    4.00302392e+00    2.70948112e-03   -1.04452989e-02    1.00000000e-02
1186     3.95333333e-09    2.05006268e+00    1.21850692e+00    3.99907608e+00   -1.26246787e-03   -1.04132770e-02    1.00000000e-02
1187     3.95666667e-09    2.04111698e+00    1.20854032e+00    3.99539203e+00   -4.84473046e-03   -1.05689081e-02    1.00000000e-02
1188     3.96000000e-09    2.04103090e+00    1.20714373e+00    3.99330283e+00   -6.74084496e-03   -1.08569847e-02    1.00000000e-02
1189     3.96333333e-09    2.04984733e+00    1.21487431e+00    3.99376027e+00   -6.06989357e-03   -1.11704230e-02    1.00000000e-02
1190     3.96666667e-09    2.06420810e+00    1.22878049e+00    3.99676112e+00   -2.91922083e-03   -1.13870435e-02    1.00000000e-02
1191     3.97000000e-09    2.07863050e+00    1.24353636e+00    4.00110732e+00    1.45144706e-03   -1.14196510e-02    1.00000000e-02
1192     3.97333333e-09    2.08760482e+00    1.25350391e+00    4.00493688e+00    5.17063067e-03   -1.12555527e-02    1.00000000e-02
1193     3.97666667e-09    2.08770693e+00    1.25489712e+00    4.00671670e+00    6.75174882e-03   -1.09617241e-02    1.00000000e-02
1194     3.98000000e-09    2.07890783e+00    1.24720736e+00    4.00592208e+00    5.74878629e-03   -1.06532889e-02    1.00000000e-02
1195     3.98333333e-09    2.06457770e+00    1.23337359e+00    4.00302235e+00    2.70810725e-03   -1.04456091e-02    1.00000000e-02
1196     3.98666667e-09    2.05019278e+00    1.21866544e+00    3.99907644e+00   -1.26190249e-03   -1.04136074e-02    1.00000000e-02
1197     3.99000000e-09    2.04124681e+00    1.20869882e+00    3.99539429e+00   -4.84231631e-03   -1.05691925e-02    1.00000000e-02
1198     3.99333333e-09    2.04116044e+00    1.20730231e+00    3.99330655e+00   -6.73706651e-03   -1.08571654e-02    1.00000000e-02
1199     3.99666667e-09    2.04997654e+00    1.21503283e+00    3.99376418e+00   -6.06605216e-03   -1.11704724e-02    1.00000000e-02
1200     4.00000000e-09    2.06433688e+00    1.22893866e+00    3.99676337e+00   -2.91714503e-03   -1.13869872e-02    1.00000000e-02
1201     4.00333333e-09    2.07875879e+00    1.24369391e+00    4.00110668e+00    1.45061198e-03   -1.14195668e-02    1.00000000e-02
1202     4.00666667e-09    2.08773260e+00    1.25366070e+00    4.00493373e+00    5.16736261e-03   -1.12555328e-02    1.00000000e-02
1203     4.01000000e-09    2.08783427e+00    1.25505315e+00    4.00671270e+00    6.74774155e-03   -1.09618265e-02    1.00000000e-02
1204     4.01333333e-09    2.07903479e+00    1.24736272e+00    4.00591887e+00    5.74569281e-03   -1.06535154e-02    1.00000000e-02
1205     4.01666667e-09    2.06470434e+00    1.23352847e+00    4.00302081e+00    2.70675488e-03   -1.04459175e-02    1.00000000e-02
1206     4.02000000e-09    2.05031914e+00    1.21882007e+00    3.99907680e+00   -1.26134728e-03   -1.04139359e-02    1.00000000e-02
1207     4.02333333e-09    2.04137290e+00    1.20885345e+00    3.99539651e+00   -4.83994264e-03   -1.05694756e-02    1.00000000e-02
1208     4.02666667e-09    2.04128627e+00    1.20745703e+00    3.99331022e+00   -6.73335216e-03   -1.08573466e-02    1.00000000e-02
1209     4.03000000e-09    2.05010204e+00    1.21518750e+00    3.99376803e+00   -6.06227682e-03   -1.11705244e-02    1.00000000e-02
1210     4.03333333e-09    2.06446197e+00    1.22909300e+00    3.99676558e+00   -2.91510479e-03   -1.13869353e-02    1.00000000e-02
1211     4.03666667e-09    2.07888341e+00    1.24384764e+00    4.00110605e+00    1.44979242e-03   -1.14194874e-02    1.00000000e-02
1212     4.04000000e-09    2.08785674e+00    1.25381370e+00    4.00493065e+00    5.16415195e-03   -1.12555165e-02    1.00000000e-02
1213     4.04333333e-09    2.08795797e+00    1.25520540e+00    4.00670876e+00    6.74380269e-03   -1.09619305e-02    1.00000000e-02
1214     4.04666667e-09    2.07915813e+00    1.24751434e+00    4.00591572e+00    5.74265026e-03   -1.06537414e-02    1.00000000e-02
1215     4.05000000e-09    2.06482737e+00    1.23367962e+00    4.00301929e+00    2.70542357e-03   -1.04462241e-02    1.00000000e-02
1216     4.05333333e-09    2.05044190e+00    1.21897099e+00    3.99907714e+00   -1.26080197e-03   -1.04142622e-02    1.00000000e-02
1217     4.05666667e-09    2.04149542e+00    1.20900437e+00    3.99539870e+00   -4.83760855e-03   -1.05697574e-02    1.00000000e-02
1218     4.06000000e-09    2.04140853e+00    1.20760804e+00    3.99331382e+00   -6.72970045e-03   -1.08575281e-02    1.00000000e-02
1219     4.06333333e-09    2.05022399e+00    1.21533848e+00    3.99377181e+00   -6.05856604e-03   -1.11705789e-02    1.00000000e-02
1220     4.06666667e-09    2.06458354e+00    1.22924365e+00    3.99676775e+00   -2.91309933e-03   -1.13868877e-02    1.00000000e-02
1221     4.07000000e-09    2.07900451e+00    1.24399772e+00    4.00110544e+00    1.44898798e-03   -1.14194127e-02    1.00000000e-02
1222     4.07333333e-09    2.08797738e+00    1.25396305e+00    4.00492761e+00    5.16099733e-03   -1.12555038e-02    1.00000000e-02
1223     4.07666667e-09    2.08807819e+00    1.25535404e+00    4.00670490e+00    6.73993070e-03   -1.09620359e-02    1.00000000e-02
1224     4.08000000e-09    2.07927800e+00    1.24766235e+00    4.00591262e+00    5.73965754e-03   -1.06539669e-02    1.00000000e-02
1225     4.08333333e-09    2.06494695e+00    1.23382718e+00    4.00301780e+00    2.70411293e-03   -1.04465289e-02    1.00000000e-02
1226     4.08666667e-09    2.05056122e+00    1.21911834e+00    3.99907749e+00   -1.26026632e-03   -1.04145863e-02    1.00000000e-02
1227     4.09000000e-09    2.04161450e+00    1.20915173e+00    3.99540085e+00   -4.83531314e-03   -1.05700377e-02    1.00000000e-02
1228     4.09333333e-09    2.04152737e+00    1.20775550e+00    3.99331736e+00   -6.72610998e-03   -1.08577097e-02    1.00000000e-02
1229     4.09666667e-09    2.05034254e+00    1.21548590e+00    3.99377553e+00   -6.05491835e-03   -1.11706357e-02    1.00000000e-02
1230     4.10000000e-09    2.06470171e+00    1.22939077e+00    3.99676989e+00   -2.91112785e-03   -1.13868440e-02    1.00000000e-02
1231     4.10333333e-09    2.07912224e+00    1.24414427e+00    4.00110483e+00    1.44819827e-03   -1.14193424e-02    1.00000000e-02
1232     4.10666667e-09    2.08809465e+00    1.25410891e+00    4.00492463e+00    5.15789744e-03   -1.12554944e-02    1.00000000e-02
1233     4.11000000e-09    2.08819507e+00    1.25549920e+00    4.00670110e+00    6.73612407e-03   -1.09621427e-02    1.00000000e-02
1234     4.11333333e-09    2.07939454e+00    1.24780691e+00    4.00590957e+00    5.73671359e-03   -1.06541917e-02    1.00000000e-02
1235     4.11666667e-09    2.06506321e+00    1.23397130e+00    4.00301633e+00    2.70282255e-03   -1.04468317e-02    1.00000000e-02
1236     4.12000000e-09    2.05067724e+00    1.21926226e+00    3.99907782e+00   -1.25974009e-03   -1.04149082e-02    1.00000000e-02
1237     4.12333333e-09    2.04173030e+00    1.20929567e+00    3.99540296e+00   -4.83305556e-03   -1.05703164e-02    1.00000000e-02
1238     4.12666667e-09    2.04164293e+00    1.20789954e+00    3.99332084e+00   -6.72257939e-03   -1.08578914e-02    1.00000000e-02
1239     4.13000000e-09    2.05045782e+00    1.21562992e+00    3.99377919e+00   -6.05133234e-03   -1.11706946e-02    1.00000000e-02
1240     4.13333333e-09    2.06481663e+00    1.22953450e+00    3.99677199e+00   -2.90918962e-03   -1.13868041e-02    1.00000000e-02
1241     4.13666667e-09    2.07923673e+00    1.24428745e+00    4.00110424e+00    1.44742293e-03   -1.14192763e-02    1.00000000e-02
1242     4.14000000e-09    2.08820871e+00    1.25425142e+00    4.00492171e+00    5.15485101e-03   -1.12554881e-02    1.00000000e-02
1243     4.14333333e-09    2.08830874e+00    1.25564103e+00    4.00669736e+00    6.73238133e-03   -1.09622506e-02    1.00000000e-02
1244     4.14666667e-09    2.07950789e+00    1.24794814e+00    4.00590656e+00    5.73381737e-03   -1.06544157e-02    1.00000000e-02
1245     4.15000000e-09    2.06517629e+00    1.23411212e+00    4.00301489e+00    2.70155204e-03   -1.04471325e-02    1.00000000e-02
1246     4.15333333e-09    2.05079009e+00    1.21940288e+00    3.99907815e+00   -1.25922304e-03   -1.04152278e-02    1.00000000e-02
1247     4.15666667e-09    2.04184293e+00    1.20943631e+00    3.99540504e+00   -4.83083499e-03   -1.05705936e-02    1.00000000e-02
1248     4.16000000e-09    2.04175535e+00    1.20804030e+00    3.99332427e+00   -6.71910737e-03   -1.08580731e-02    1.00000000e-02
1249     4.16333333e-09    2.05056998e+00    1.21577066e+00    3.99378279e+00   -6.04780664e-03   -1.11707555e-02    1.00000000e-02
1250     4.16666667e-09    2.06492843e+00    1.22967496e+00    3.99677406e+00   -2.90728390e-03   -1.13867678e-02    1.00000000e-02
1251     4.17000000e-09    2.07934812e+00    1.24442739e+00    4.00110366e+00    1.44666158e-03   -1.14192143e-02    1.00000000e-02
1252     4.17333333e-09    2.08831968e+00    1.25439069e+00    4.00491883e+00    5.15185680e-03   -1.12554849e-02    1.00000000e-02
1253     4.17666667e-09    2.08841934e+00    1.25577964e+00    4.00669368e+00    6.72870108e-03   -1.09623596e-02    1.00000000e-02
1254     4.18000000e-09    2.07961818e+00    1.24808619e+00    4.00590361e+00    5.73096788e-03   -1.06546390e-02    1.00000000e-02
1255     4.18333333e-09    2.06528632e+00    1.23424976e+00    4.00301347e+00    2.70030101e-03   -1.04474313e-02    1.00000000e-02
1256     4.18666667e-09    2.05089990e+00    1.21954034e+00    3.99907848e+00   -1.25871495e-03   -1.04155451e-02    1.00000000e-02
1257     4.19000000e-09    2.04195255e+00    1.20957380e+00    3.99540708e+00   -4.82865062e-03   -1.05708691e-02    1.00000000e-02
1258     4.19333333e-09    2.04186476e+00    1.20817790e+00    3.99332764e+00   -6.71569264e-03   -1.08582547e-02    1.00000000e-02
1259     4.19666667e-09    2.05067912e+00    1.21590826e+00    3.99378632e+00   -6.04433991e-03   -1.11708182e-02    1.00000000e-02
1260     4.20000000e-09    2.06503724e+00    1.22981229e+00    3.99677609e+00   -2.90540998e-03   -1.13867350e-02    1.00000000e-02
1261     4.20333333e-09    2.07945654e+00    1.24456420e+00    4.00110309e+00    1.44591389e-03   -1.14191561e-02    1.00000000e-02
1262     4.20666667e-09    2.08842769e+00    1.25452687e+00    4.00491600e+00    5.14891363e-03   -1.12554844e-02    1.00000000e-02
1263     4.21000000e-09    2.08852699e+00    1.25591518e+00    4.00669007e+00    6.72508194e-03   -1.09624696e-02    1.00000000e-02
1264     4.21333333e-09    2.07972554e+00    1.24822118e+00    4.00590071e+00    5.72816414e-03   -1.06548613e-02    1.00000000e-02
1265     4.21666667e-09    2.06539343e+00    1.23438435e+00    4.00301207e+00    2.69906911e-03   -1.04477279e-02    1.00000000e-02
1266     4.22000000e-09    2.05100680e+00    1.21967476e+00    3.99907880e+00   -1.25821560e-03   -1.04158600e-02    1.00000000e-02
1267     4.22333333e-09    2.04205926e+00    1.20970826e+00    3.99540910e+00   -4.82650168e-03   -1.05711429e-02    1.00000000e-02
1268     4.22666667e-09    2.04197127e+00    1.20831248e+00    3.99333095e+00   -6.71233395e-03   -1.08584361e-02    1.00000000e-02
1269     4.23000000e-09    2.05078539e+00    1.21604284e+00    3.99378980e+00   -6.04093087e-03   -1.11708827e-02    1.00000000e-02
1270     4.23333333e-09    2.06514319e+00    1.22994661e+00    3.99677809e+00   -2.90356718e-03   -1.13867054e-02    1.00000000e-02
1271     4.23666667e-09    2.07956210e+00    1.24469803e+00    4.00110253e+00    1.44517952e-03   -1.14191015e-02    1.00000000e-02
1272     4.24000000e-09    2.08853287e+00    1.25466007e+00    4.00491322e+00    5.14602033e-03   -1.12554867e-02    1.00000000e-02
1273     4.24333333e-09    2.08863182e+00    1.25604776e+00    4.00668652e+00    6.72152257e-03   -1.09625804e-02    1.00000000e-02
1274     4.24666667e-09    2.07983008e+00    1.24835322e+00    4.00589785e+00    5.72540521e-03   -1.06550826e-02    1.00000000e-02
1275     4.25000000e-09    2.06549774e+00    1.23451601e+00    4.00301069e+00    2.69785597e-03   -1.04480224e-02    1.00000000e-02
1276     4.25333333e-09    2.05111090e+00    1.21980626e+00    3.99907911e+00   -1.25772478e-03   -1.04161725e-02    1.00000000e-02
1277     4.25666667e-09    2.04216318e+00    1.20983980e+00    3.99541108e+00   -4.82438740e-03   -1.05714149e-02    1.00000000e-02
1278     4.26000000e-09    2.04207501e+00    1.20844414e+00    3.99333421e+00   -6.70903010e-03   -1.08586172e-02    1.00000000e-02
1279     4.26333333e-09    2.05088890e+00    1.21617451e+00    3.99379322e+00   -6.03757826e-03   -1.11709487e-02    1.00000000e-02
1280     4.26666667e-09    2.06524639e+00    1.23007804e+00    3.99678005e+00   -2.90175482e-03   -1.13866790e-02    1.00000000e-02
1281     4.27000000e-09    2.07966493e+00    1.24482897e+00    4.00110198e+00    1.44445814e-03   -1.14190505e-02    1.00000000e-02
1282     4.27333333e-09    2.08863531e+00    1.25479041e+00    4.00491049e+00    5.14317579e-03   -1.12554915e-02    1.00000000e-02
1283     4.27666667e-09    2.08873393e+00    1.25617749e+00    4.00668302e+00    6.71802168e-03   -1.09626919e-02    1.00000000e-02
1284     4.28000000e-09    2.07993191e+00    1.24848243e+00    4.00589504e+00    5.72269015e-03   -1.06553029e-02    1.00000000e-02
1285     4.28333333e-09    2.06559935e+00    1.23464486e+00    4.00300933e+00    2.69666124e-03   -1.04483148e-02    1.00000000e-02
1286     4.28666667e-09    2.05121233e+00    1.21993495e+00    3.99907942e+00   -1.25724229e-03   -1.04164825e-02    1.00000000e-02
1287     4.29000000e-09    2.04226444e+00    1.20996855e+00    3.99541303e+00   -4.82230705e-03   -1.05716851e-02    1.00000000e-02
1288     4.29333333e-09    2.04217609e+00    1.20857301e+00    3.99333742e+00   -6.70577992e-03   -1.08587979e-02    1.00000000e-02
1289     4.29666667e-09    2.05098976e+00    1.21630339e+00    3.99379658e+00   -6.03428085e-03   -1.11710163e-02    1.00000000e-02
1290     4.30000000e-09    2.06534694e+00    1.23020668e+00    3.99678199e+00   -2.89997227e-03   -1.13866556e-02    1.00000000e-02
1291     4.30333333e-09    2.07976512e+00    1.24495714e+00    4.00110144e+00    1.44374943e-03   -1.14190028e-02    1.00000000e-02
1292     4.30666667e-09    2.08873515e+00    1.25491800e+00    4.00490780e+00    5.14037893e-03   -1.12554986e-02    1.00000000e-02
1293     4.31000000e-09    2.08883344e+00    1.25630449e+00    4.00667959e+00    6.71457803e-03   -1.09628041e-02    1.00000000e-02
1294     4.31333333e-09    2.08003116e+00    1.24860892e+00    4.00589227e+00    5.72001809e-03   -1.06555221e-02    1.00000000e-02
1295     4.31666667e-09    2.06569838e+00    1.23477100e+00    4.00300799e+00    2.69548457e-03   -1.04486049e-02    1.00000000e-02
1296     4.32000000e-09    2.05131118e+00    1.22006094e+00    3.99907972e+00   -1.25676793e-03   -1.04167900e-02    1.00000000e-02
1297     4.32333333e-09    2.04236313e+00    1.21009459e+00    3.99541494e+00   -4.82025991e-03   -1.05719534e-02    1.00000000e-02
1298     4.32666667e-09    2.04227462e+00    1.20869919e+00    3.99334057e+00   -6.70258227e-03   -1.08589781e-02    1.00000000e-02
1299     4.33000000e-09    2.05108807e+00    1.21642958e+00    3.99379989e+00   -6.03103749e-03   -1.11710851e-02    1.00000000e-02
1300     4.33333333e-09    2.06544497e+00    1.23033265e+00    3.99678389e+00   -2.89821890e-03   -1.13866349e-02    1.00000000e-02
1301     4.33666667e-09    2.07986280e+00    1.24508266e+00    4.00110091e+00    1.44305310e-03   -1.14189583e-02    1.00000000e-02
1302     4.34000000e-09    2.08883247e+00    1.25504294e+00    4.00490516e+00    5.13762869e-03   -1.12555081e-02    1.00000000e-02
1303     4.34333333e-09    2.08893045e+00    1.25642886e+00    4.00667620e+00    6.71119039e-03   -1.09629168e-02    1.00000000e-02
1304     4.34666667e-09    2.08012792e+00    1.24873280e+00    4.00588955e+00    5.71738814e-03   -1.06557401e-02    1.00000000e-02
1305     4.35000000e-09    2.06579494e+00    1.23489454e+00    4.00300668e+00    2.69432563e-03   -1.04488927e-02    1.00000000e-02
1306     4.35333333e-09    2.05140756e+00    1.22018434e+00    3.99908002e+00   -1.25630150e-03   -1.04170950e-02    1.00000000e-02
1307     4.35666667e-09    2.04245936e+00    1.21021805e+00    3.99541683e+00   -4.81824530e-03   -1.05722199e-02    1.00000000e-02
1308     4.36000000e-09    2.04237069e+00    1.20882278e+00    3.99334368e+00   -6.69943606e-03   -1.08591578e-02    1.00000000e-02
1309     4.36333333e-09    2.05118394e+00    1.21655320e+00    3.99380315e+00   -6.02784700e-03   -1.11711553e-02    1.00000000e-02
1310     4.36666667e-09    2.06554056e+00    1.23045605e+00    3.99678576e+00   -2.89649409e-03   -1.13866169e-02    1.00000000e-02
1311     4.37000000e-09    2.07995806e+00    1.24520562e+00    4.00110039e+00    1.44236884e-03   -1.14189168e-02    1.00000000e-02
1312     4.37333333e-09    2.08892739e+00    1.25516534e+00    4.00490257e+00    5.13492404e-03   -1.12555197e-02    1.00000000e-02
1313     4.37666667e-09    2.08902507e+00    1.25655070e+00    4.00667288e+00    6.70785757e-03   -1.09630300e-02    1.00000000e-02
1314     4.38000000e-09    2.08022230e+00    1.24885417e+00    4.00588686e+00    5.71479945e-03   -1.06559569e-02    1.00000000e-02
1315     4.38333333e-09    2.06588912e+00    1.23501557e+00    4.00300538e+00    2.69318409e-03   -1.04491782e-02    1.00000000e-02
1316     4.38666667e-09    2.05150158e+00    1.22030525e+00    3.99908031e+00   -1.25584283e-03   -1.04173974e-02    1.00000000e-02
1317     4.39000000e-09    2.04255323e+00    1.21033902e+00    3.99541869e+00   -4.81626253e-03   -1.05724843e-02    1.00000000e-02
1318     4.39333333e-09    2.04246441e+00    1.20894389e+00    3.99334674e+00   -6.69634022e-03   -1.08593369e-02    1.00000000e-02
1319     4.39666667e-09    2.05127746e+00    1.21667433e+00    3.99380635e+00   -6.02470829e-03   -1.11712265e-02    1.00000000e-02
1320     4.40000000e-09    2.06563382e+00    1.23057697e+00    3.99678760e+00   -2.89479724e-03   -1.13866015e-02    1.00000000e-02
1321     4.40333333e-09    2.08005100e+00    1.24532611e+00    4.00109988e+00    1.44169638e-03   -1.14188783e-02    1.00000000e-02
1322     4.40666667e-09    2.08902000e+00    1.25528530e+00    4.00490001e+00    5.13226401e-03   -1.12555333e-02    1.00000000e-02
1323     4.41000000e-09    2.08911739e+00    1.25667011e+00    4.00666961e+00    6.70457844e-03   -1.09631436e-02    1.00000000e-02
1324     4.41333333e-09    2.08031438e+00    1.24897311e+00    4.00588423e+00    5.71225121e-03   -1.06561724e-02    1.00000000e-02
1325     4.41666667e-09    2.06598101e+00    1.23513420e+00    4.00300411e+00    2.69205963e-03   -1.04494614e-02    1.00000000e-02
1326     4.42000000e-09    2.05159332e+00    1.22042376e+00    3.99908060e+00   -1.25539174e-03   -1.04176973e-02    1.00000000e-02
1327     4.42333333e-09    2.04264483e+00    1.21045760e+00    3.99542052e+00   -4.81431096e-03   -1.05727468e-02    1.00000000e-02
1328     4.42666667e-09    2.04255587e+00    1.20906260e+00    3.99334974e+00   -6.69329369e-03   -1.08595154e-02    1.00000000e-02
1329     4.43000000e-09    2.05136874e+00    1.21679307e+00    3.99380950e+00   -6.02162027e-03   -1.11712988e-02    1.00000000e-02
1330     4.43333333e-09    2.06572484e+00    1.23069552e+00    3.99678941e+00   -2.89312779e-03   -1.13865885e-02    1.00000000e-02
1331     4.43666667e-09    2.08014171e+00    1.24544424e+00    4.00109938e+00    1.44103543e-03   -1.14188425e-02    1.00000000e-02
1332     4.44000000e-09    2.08911038e+00    1.25540290e+00    4.00489750e+00    5.12964762e-03   -1.12555488e-02    1.00000000e-02
1333     4.44333333e-09    2.08920749e+00    1.25678718e+00    4.00666639e+00    6.70135187e-03   -1.09632575e-02    1.00000000e-02
1334     4.44666667e-09    2.08040426e+00    1.24908974e+00    4.00588163e+00    5.70974261e-03   -1.06563867e-02    1.00000000e-02
1335     4.45000000e-09    2.06607072e+00    1.23525052e+00    4.00300285e+00    2.69095195e-03   -1.04497423e-02    1.00000000e-02
1336     4.45333333e-09    2.05168288e+00    1.22053996e+00    3.99908088e+00   -1.25494805e-03   -1.04179945e-02    1.00000000e-02
1337     4.45666667e-09    2.04273426e+00    1.21057387e+00    3.99542232e+00   -4.81238995e-03   -1.05730073e-02    1.00000000e-02
1338     4.46000000e-09    2.04264517e+00    1.20917902e+00    3.99335270e+00   -6.69029547e-03   -1.08596931e-02    1.00000000e-02
1339     4.46333333e-09    2.05145786e+00    1.21690952e+00    3.99381260e+00   -6.01858189e-03   -1.11713721e-02    1.00000000e-02
1340     4.46666667e-09    2.06581372e+00    1.23081177e+00    3.99679120e+00   -2.89148517e-03   -1.13865778e-02    1.00000000e-02
1341     4.47000000e-09    2.08023028e+00    1.24556009e+00    4.00109888e+00    1.44038573e-03   -1.14188093e-02    1.00000000e-02
1342     4.47333333e-09    2.08919864e+00    1.25551824e+00    4.00489503e+00    5.12707395e-03   -1.12555661e-02    1.00000000e-02
1343     4.47666667e-09    2.08929548e+00    1.25690201e+00    4.00666322e+00    6.69817678e-03   -1.09633715e-02    1.00000000e-02
1344     4.48000000e-09    2.08049204e+00    1.24920412e+00    4.00587907e+00    5.70727287e-03   -1.06565996e-02    1.00000000e-02
1345     4.48333333e-09    2.06615832e+00    1.23536460e+00    4.00300161e+00    2.68986074e-03   -1.04500208e-02    1.00000000e-02
1346     4.48666667e-09    2.05177034e+00    1.22065394e+00    3.99908116e+00   -1.25451159e-03   -1.04182892e-02    1.00000000e-02
1347     4.49000000e-09    2.04282160e+00    1.21068792e+00    3.99542409e+00   -4.81049888e-03   -1.05732657e-02    1.00000000e-02
1348     4.49333333e-09    2.04273238e+00    1.20929321e+00    3.99335562e+00   -6.68734458e-03   -1.08598701e-02    1.00000000e-02
1349     4.49666667e-09    2.05154490e+00    1.21702375e+00    3.99381565e+00   -6.01559212e-03   -1.11714462e-02    1.00000000e-02
1350     4.50000000e-09    2.06590052e+00    1.23092582e+00    3.99679295e+00   -2.88986884e-03   -1.13865693e-02    1.00000000e-02
1351     4.50333333e-09    2.08031679e+00    1.24567375e+00    4.00109840e+00    1.43974703e-03   -1.14187787e-02    1.00000000e-02
1352     4.50666667e-09    2.08928486e+00    1.25563140e+00    4.00489260e+00    5.12454208e-03   -1.12555851e-02    1.00000000e-02
1353     4.51000000e-09    2.08938144e+00    1.25701466e+00    4.00666010e+00    6.69505211e-03   -1.09634858e-02    1.00000000e-02
1354     4.51333333e-09    2.08057778e+00    1.24931635e+00    4.00587656e+00    5.70484123e-03   -1.06568110e-02    1.00000000e-02
1355     4.51666667e-09    2.06624390e+00    1.23547655e+00    4.00300039e+00    2.68878569e-03   -1.04502969e-02    1.00000000e-02
1356     4.52000000e-09    2.05185579e+00    1.22076578e+00    3.99908144e+00   -1.25408221e-03   -1.04185812e-02    1.00000000e-02
1357     4.52333333e-09    2.04290694e+00    1.21079984e+00    3.99542584e+00   -4.80863715e-03   -1.05735220e-02    1.00000000e-02
1358     4.52666667e-09    2.04281760e+00    1.20940528e+00    3.99335848e+00   -6.68444005e-03   -1.08600462e-02    1.00000000e-02
1359     4.53000000e-09    2.05162996e+00    1.21713586e+00    3.99381866e+00   -6.01264997e-03   -1.11715211e-02    1.00000000e-02
1360     4.53333333e-09    2.06598535e+00    1.23103775e+00    3.99679468e+00   -2.88827826e-03   -1.13865629e-02    1.00000000e-02
1361     4.53666667e-09    2.08040133e+00    1.24578530e+00    4.00109792e+00    1.43911906e-03   -1.14187505e-02    1.00000000e-02
1362     4.54000000e-09    2.08936911e+00    1.25574246e+00    4.00489021e+00    5.12205114e-03   -1.12556056e-02    1.00000000e-02
1363     4.54333333e-09    2.08946543e+00    1.25712524e+00    4.00665703e+00    6.69197684e-03   -1.09636001e-02    1.00000000e-02
1364     4.54666667e-09    2.08066158e+00    1.24942651e+00    4.00587408e+00    5.70244695e-03   -1.06570211e-02    1.00000000e-02
1365     4.55000000e-09    2.06632754e+00    1.23558643e+00    4.00299919e+00    2.68772653e-03   -1.04505706e-02    1.00000000e-02
1366     4.55333333e-09    2.05193930e+00    1.22087556e+00    3.99908171e+00   -1.25365975e-03   -1.04188706e-02    1.00000000e-02
1367     4.55666667e-09    2.04299034e+00    1.21090970e+00    3.99542756e+00   -4.80680417e-03   -1.05737762e-02    1.00000000e-02
1368     4.56000000e-09    2.04290089e+00    1.20951529e+00    3.99336131e+00   -6.68158096e-03   -1.08602215e-02    1.00000000e-02
1369     4.56333333e-09    2.05171310e+00    1.21724592e+00    3.99382161e+00   -6.00975448e-03   -1.11715967e-02    1.00000000e-02
1370     4.56666667e-09    2.06606826e+00    1.23114764e+00    3.99679638e+00   -2.88671291e-03   -1.13865584e-02    1.00000000e-02
1371     4.57000000e-09    2.08048398e+00    1.24589482e+00    4.00109746e+00    1.43850160e-03   -1.14187246e-02    1.00000000e-02
1372     4.57333333e-09    2.08945147e+00    1.25585150e+00    4.00488786e+00    5.11960026e-03   -1.12556277e-02    1.00000000e-02
1373     4.57666667e-09    2.08954755e+00    1.25723381e+00    4.00665402e+00    6.68894997e-03   -1.09637144e-02    1.00000000e-02
1374     4.58000000e-09    2.08074351e+00    1.24953468e+00    4.00587164e+00    5.70008930e-03   -1.06572297e-02    1.00000000e-02
1375     4.58333333e-09    2.06640932e+00    1.23569432e+00    4.00299801e+00    2.68668296e-03   -1.04508418e-02    1.00000000e-02
1376     4.58666667e-09    2.05202096e+00    1.22098337e+00    3.99908198e+00   -1.25324405e-03   -1.04191573e-02    1.00000000e-02
1377     4.59000000e-09    2.04307190e+00    1.21101759e+00    3.99542925e+00   -4.80499938e-03   -1.05740284e-02    1.00000000e-02
1378     4.59333333e-09    2.04298234e+00    1.20962332e+00    3.99336409e+00   -6.67876640e-03   -1.08603958e-02    1.00000000e-02
1379     4.59666667e-09    2.05179440e+00    1.21735400e+00    3.99382452e+00   -6.00690470e-03   -1.11716729e-02    1.00000000e-02
1380     4.60000000e-09    2.06614935e+00    1.23125557e+00    3.99679805e+00   -2.88517230e-03   -1.13865558e-02    1.00000000e-02
1381     4.60333333e-09    2.08056480e+00    1.24600238e+00    4.00109700e+00    1.43789439e-03   -1.14187008e-02    1.00000000e-02
1382     4.60666667e-09    2.08953203e+00    1.25595860e+00    4.00488554e+00    5.11718863e-03   -1.12556512e-02    1.00000000e-02
1383     4.61000000e-09    2.08962787e+00    1.25734044e+00    4.00665104e+00    6.68597053e-03   -1.09638287e-02    1.00000000e-02
1384     4.61333333e-09    2.08082364e+00    1.24964092e+00    4.00586924e+00    5.69776759e-03   -1.06574368e-02    1.00000000e-02
1385     4.61666667e-09    2.06648931e+00    1.23580030e+00    4.00299685e+00    2.68565472e-03   -1.04511107e-02    1.00000000e-02
1386     4.62000000e-09    2.05210083e+00    1.22108927e+00    3.99908224e+00   -1.25283497e-03   -1.04194414e-02    1.00000000e-02
1387     4.62333333e-09    2.04315168e+00    1.21112357e+00    3.99543092e+00   -4.80322221e-03   -1.05742783e-02    1.00000000e-02
1388     4.62666667e-09    2.04306202e+00    1.20972946e+00    3.99336682e+00   -6.67599549e-03   -1.08605692e-02    1.00000000e-02
1389     4.63000000e-09    2.05187393e+00    1.21746019e+00    3.99382738e+00   -6.00409972e-03   -1.11717497e-02    1.00000000e-02
1390     4.63333333e-09    2.06622868e+00    1.23136159e+00    3.99679970e+00   -2.88365594e-03   -1.13865549e-02    1.00000000e-02
1391     4.63666667e-09    2.08064387e+00    1.24610806e+00    4.00109654e+00    1.43729722e-03   -1.14186791e-02    1.00000000e-02
1392     4.64000000e-09    2.08961084e+00    1.25606383e+00    4.00488326e+00    5.11481543e-03   -1.12556760e-02    1.00000000e-02
1393     4.64333333e-09    2.08970645e+00    1.25744521e+00    4.00664812e+00    6.68303757e-03   -1.09639428e-02    1.00000000e-02
1394     4.64666667e-09    2.08090204e+00    1.24974531e+00    4.00586687e+00    5.69548114e-03   -1.06576424e-02    1.00000000e-02
1395     4.65000000e-09    2.06656757e+00    1.23590444e+00    4.00299570e+00    2.68464153e-03   -1.04513770e-02    1.00000000e-02
1396     4.65333333e-09    2.05217899e+00    1.22119333e+00    3.99908250e+00   -1.25243236e-03   -1.04197227e-02    1.00000000e-02
1397     4.65666667e-09    2.04322974e+00    1.21122772e+00    3.99543256e+00   -4.80147214e-03   -1.05745261e-02    1.00000000e-02
1398     4.66000000e-09    2.04313999e+00    1.20983375e+00    3.99336952e+00   -6.67326738e-03   -1.08607416e-02    1.00000000e-02
1399     4.66333333e-09    2.05195177e+00    1.21756454e+00    3.99383020e+00   -6.00133866e-03   -1.11718269e-02    1.00000000e-02
1400     4.66666667e-09    2.06630632e+00    1.23146579e+00    3.99680132e+00   -2.88216334e-03   -1.13865558e-02    1.00000000e-02
1401     4.67000000e-09    2.08072127e+00    1.24621192e+00    4.00109610e+00    1.43670987e-03   -1.14186595e-02    1.00000000e-02
1402     4.67333333e-09    2.08968797e+00    1.25616725e+00    4.00488102e+00    5.11247987e-03   -1.12557021e-02    1.00000000e-02
1403     4.67666667e-09    2.08978337e+00    1.25754819e+00    4.00664524e+00    6.68015018e-03   -1.09640569e-02    1.00000000e-02
1404     4.68000000e-09    2.08097878e+00    1.24984792e+00    4.00586454e+00    5.69322926e-03   -1.06578464e-02    1.00000000e-02
1405     4.68333333e-09    2.06664418e+00    1.23600681e+00    4.00299457e+00    2.68364312e-03   -1.04516410e-02    1.00000000e-02
1406     4.68666667e-09    2.05225550e+00    1.22129561e+00    3.99908275e+00   -1.25203609e-03   -1.04200015e-02    1.00000000e-02
1407     4.69000000e-09    2.04330617e+00    1.21133010e+00    3.99543417e+00   -4.79974863e-03   -1.05747718e-02    1.00000000e-02
1408     4.69333333e-09    2.04321632e+00    1.20993628e+00    3.99337217e+00   -6.67058121e-03   -1.08609129e-02    1.00000000e-02
1409     4.69666667e-09    2.05202798e+00    1.21766712e+00    3.99383298e+00   -5.99862063e-03   -1.11719046e-02    1.00000000e-02
1410     4.70000000e-09    2.06638234e+00    1.23156824e+00    3.99680291e+00   -2.88069405e-03   -1.13865582e-02    1.00000000e-02
1411     4.70333333e-09    2.08079704e+00    1.24631403e+00    4.00109566e+00    1.43613211e-03   -1.14186417e-02    1.00000000e-02
1412     4.70666667e-09    2.08976350e+00    1.25626893e+00    4.00487882e+00    5.11018120e-03   -1.12557293e-02    1.00000000e-02
1413     4.71000000e-09    2.08985868e+00    1.25764944e+00    4.00664240e+00    6.67730746e-03   -1.09641707e-02    1.00000000e-02
1414     4.71333333e-09    2.08105393e+00    1.24994881e+00    4.00586225e+00    5.69101132e-03   -1.06580488e-02    1.00000000e-02
1415     4.71666667e-09    2.06671921e+00    1.23610746e+00    4.00299345e+00    2.68265924e-03   -1.04519024e-02    1.00000000e-02
1416     4.72000000e-09    2.05233043e+00    1.22139620e+00    3.99908300e+00   -1.25164602e-03   -1.04202775e-02    1.00000000e-02
1417     4.72333333e-09    2.04338101e+00    1.21143077e+00    3.99543577e+00   -4.79805117e-03   -1.05750152e-02    1.00000000e-02
1418     4.72666667e-09    2.04329108e+00    1.21003711e+00    3.99337478e+00   -6.66793619e-03   -1.08610832e-02    1.00000000e-02
1419     4.73000000e-09    2.05210261e+00    1.21776801e+00    3.99383571e+00   -5.99594480e-03   -1.11719826e-02    1.00000000e-02
1420     4.73333333e-09    2.06645679e+00    1.23166898e+00    3.99680449e+00   -2.87924760e-03   -1.13865621e-02    1.00000000e-02
1421     4.73666667e-09    2.08087126e+00    1.24641446e+00    4.00109524e+00    1.43556374e-03   -1.14186257e-02    1.00000000e-02
1422     4.74000000e-09    2.08983748e+00    1.25636893e+00    4.00487665e+00    5.10791866e-03   -1.12557576e-02    1.00000000e-02
1423     4.74333333e-09    2.08993245e+00    1.25774903e+00    4.00663961e+00    6.67450853e-03   -1.09642842e-02    1.00000000e-02
1424     4.74666667e-09    2.08112754e+00    1.25004804e+00    4.00585999e+00    5.68882667e-03   -1.06582497e-02    1.00000000e-02
1425     4.75000000e-09    2.06679270e+00    1.23620646e+00    4.00299236e+00    2.68168964e-03   -1.04521614e-02    1.00000000e-02
1426     4.75333333e-09    2.05240383e+00    1.22149514e+00    3.99908325e+00   -1.25126202e-03   -1.04205508e-02    1.00000000e-02
1427     4.75666667e-09    2.04345434e+00    1.21152980e+00    3.99543734e+00   -4.79637927e-03   -1.05752565e-02    1.00000000e-02
1428     4.76000000e-09    2.04336433e+00    1.21013629e+00    3.99337735e+00   -6.66533152e-03   -1.08612524e-02    1.00000000e-02
1429     4.76333333e-09    2.05217574e+00    1.21786725e+00    3.99383840e+00   -5.99331034e-03   -1.11720609e-02    1.00000000e-02
1430     4.76666667e-09    2.06652974e+00    1.23176809e+00    3.99680603e+00   -2.87782357e-03   -1.13865674e-02    1.00000000e-02
1431     4.77000000e-09    2.08094399e+00    1.24651325e+00    4.00109481e+00    1.43500457e-03   -1.14186114e-02    1.00000000e-02
1432     4.77333333e-09    2.08990997e+00    1.25646732e+00    4.00487451e+00    5.10569153e-03   -1.12557870e-02    1.00000000e-02
1433     4.77666667e-09    2.09000474e+00    1.25784701e+00    4.00663686e+00    6.67175256e-03   -1.09643975e-02    1.00000000e-02
1434     4.78000000e-09    2.08119968e+00    1.25014568e+00    4.00585776e+00    5.68667471e-03   -1.06584489e-02    1.00000000e-02
1435     4.78333333e-09    2.06686472e+00    1.23630387e+00    4.00299128e+00    2.68073406e-03   -1.04524179e-02    1.00000000e-02
1436     4.78666667e-09    2.05247576e+00    1.22159249e+00    3.99908349e+00   -1.25088396e-03   -1.04208215e-02    1.00000000e-02
1437     4.79000000e-09    2.04352621e+00    1.21162725e+00    3.99543888e+00   -4.79473244e-03   -1.05754955e-02    1.00000000e-02
1438     4.79333333e-09    2.04343612e+00    1.21023389e+00    3.99337989e+00   -6.66276643e-03   -1.08614204e-02    1.00000000e-02
1439     4.79666667e-09    2.05224742e+00    1.21796491e+00    3.99384105e+00   -5.99071646e-03   -1.11721394e-02    1.00000000e-02
1440     4.80000000e-09    2.06660125e+00    1.23186563e+00    3.99680756e+00   -2.87642151e-03   -1.13865741e-02    1.00000000e-02
1441     4.80333333e-09    2.08101527e+00    1.24661048e+00    4.00109440e+00    1.43445438e-03   -1.14185988e-02    1.00000000e-02
1442     4.80666667e-09    2.08998103e+00    1.25656415e+00    4.00487241e+00    5.10349912e-03   -1.12558172e-02    1.00000000e-02
1443     4.81000000e-09    2.09007561e+00    1.25794344e+00    4.00663416e+00    6.66903871e-03   -1.09645104e-02    1.00000000e-02
1444     4.81333333e-09    2.08127040e+00    1.25024177e+00    4.00585557e+00    5.68455482e-03   -1.06586465e-02    1.00000000e-02
1445     4.81666667e-09    2.06693533e+00    1.23639975e+00    4.00299021e+00    2.67979227e-03   -1.04526719e-02    1.00000000e-02
1446     4.82000000e-09    2.05254629e+00    1.22168831e+00    3.99908373e+00   -1.25051172e-03   -1.04210895e-02    1.00000000e-02
1447     4.82333333e-09    2.04359667e+00    1.21172316e+00    3.99544040e+00   -4.79311021e-03   -1.05757324e-02    1.00000000e-02
1448     4.82666667e-09    2.04350651e+00    1.21032996e+00    3.99338238e+00   -6.66024016e-03   -1.08615873e-02    1.00000000e-02
1449     4.83000000e-09    2.05231771e+00    1.21806105e+00    3.99384365e+00   -5.98816237e-03   -1.11722181e-02    1.00000000e-02
1450     4.83333333e-09    2.06667137e+00    1.23196164e+00    3.99680906e+00   -2.87504101e-03   -1.13865821e-02    1.00000000e-02
1451     4.83666667e-09    2.08108518e+00    1.24670619e+00    4.00109399e+00    1.43391300e-03   -1.14185877e-02    1.00000000e-02
1452     4.84000000e-09    2.09005072e+00    1.25665947e+00    4.00487034e+00    5.10134073e-03   -1.12558484e-02    1.00000000e-02
1453     4.84333333e-09    2.09014511e+00    1.25803837e+00    4.00663149e+00    6.66636618e-03   -1.09646230e-02    1.00000000e-02
1454     4.84666667e-09    2.08133975e+00    1.25033638e+00    4.00585341e+00    5.68246641e-03   -1.06588425e-02    1.00000000e-02
1455     4.85000000e-09    2.06700458e+00    1.23649415e+00    4.00298916e+00    2.67886403e-03   -1.04529235e-02    1.00000000e-02
1456     4.85333333e-09    2.05261546e+00    1.22178265e+00    3.99908396e+00   -1.25014519e-03   -1.04213548e-02    1.00000000e-02
1457     4.85666667e-09    2.04366578e+00    1.21181761e+00    3.99544190e+00   -4.79151212e-03   -1.05759670e-02    1.00000000e-02
1458     4.86000000e-09    2.04357555e+00    1.21042456e+00    3.99338484e+00   -6.65775199e-03   -1.08617530e-02    1.00000000e-02
1459     4.86333333e-09    2.05238665e+00    1.21815571e+00    3.99384622e+00   -5.98564731e-03   -1.11722970e-02    1.00000000e-02
1460     4.86666667e-09    2.06674015e+00    1.23205618e+00    3.99681053e+00   -2.87368167e-03   -1.13865912e-02    1.00000000e-02
1461     4.87000000e-09    2.08115375e+00    1.24680044e+00    4.00109359e+00    1.43338024e-03   -1.14185781e-02    1.00000000e-02
1462     4.87333333e-09    2.09011908e+00    1.25675334e+00    4.00486830e+00    5.09921570e-03   -1.12558804e-02    1.00000000e-02
1463     4.87666667e-09    2.09021329e+00    1.25813186e+00    4.00662887e+00    6.66373418e-03   -1.09647351e-02    1.00000000e-02
1464     4.88000000e-09    2.08140779e+00    1.25042955e+00    4.00585128e+00    5.68040892e-03   -1.06590368e-02    1.00000000e-02
1465     4.88333333e-09    2.06707252e+00    1.23658712e+00    4.00298813e+00    2.67794911e-03   -1.04531725e-02    1.00000000e-02
1466     4.88666667e-09    2.05268333e+00    1.22187558e+00    3.99908420e+00   -1.24978424e-03   -1.04216175e-02    1.00000000e-02
1467     4.89000000e-09    2.04373359e+00    1.21191063e+00    3.99544338e+00   -4.78993771e-03   -1.05761994e-02    1.00000000e-02
1468     4.89333333e-09    2.04364330e+00    1.21051773e+00    3.99338726e+00   -6.65530119e-03   -1.08619175e-02    1.00000000e-02
1469     4.89666667e-09    2.05245429e+00    1.21824895e+00    3.99384875e+00   -5.98317055e-03   -1.11723759e-02    1.00000000e-02
1470     4.90000000e-09    2.06680764e+00    1.23214931e+00    3.99681199e+00   -2.87234307e-03   -1.13866015e-02    1.00000000e-02
1471     4.90333333e-09    2.08122105e+00    1.24689329e+00    4.00109320e+00    1.43285591e-03   -1.14185699e-02    1.00000000e-02
1472     4.90666667e-09    2.09018617e+00    1.25684582e+00    4.00486630e+00    5.09712338e-03   -1.12559131e-02    1.00000000e-02
1473     4.91000000e-09    2.09028020e+00    1.25822396e+00    4.00662629e+00    6.66114195e-03   -1.09648468e-02    1.00000000e-02
1474     4.91333333e-09    2.08147457e+00    1.25052134e+00    4.00584918e+00    5.67838178e-03   -1.06592294e-02    1.00000000e-02
1475     4.91666667e-09    2.06713920e+00    1.23667871e+00    4.00298711e+00    2.67704728e-03   -1.04534191e-02    1.00000000e-02
1476     4.92000000e-09    2.05274994e+00    1.22196712e+00    3.99908442e+00   -1.24942876e-03   -1.04218774e-02    1.00000000e-02
1477     4.92333333e-09    2.04380014e+00    1.21200227e+00    3.99544484e+00   -4.78838655e-03   -1.05764295e-02    1.00000000e-02
1478     4.92666667e-09    2.04370980e+00    1.21060952e+00    3.99338965e+00   -6.65288707e-03   -1.08620807e-02    1.00000000e-02
1479     4.93000000e-09    2.05252070e+00    1.21834081e+00    3.99385124e+00   -5.98073135e-03   -1.11724549e-02    1.00000000e-02
1480     4.93333333e-09    2.06687390e+00    1.23224106e+00    3.99681342e+00   -2.87102484e-03   -1.13866129e-02    1.00000000e-02
1481     4.93666667e-09    2.08128711e+00    1.24698476e+00    4.00109281e+00    1.43233985e-03   -1.14185630e-02    1.00000000e-02
1482     4.94000000e-09    2.09025203e+00    1.25693693e+00    4.00486432e+00    5.09506313e-03   -1.12559466e-02    1.00000000e-02
1483     4.94333333e-09    2.09034589e+00    1.25831471e+00    4.00662374e+00    6.65858874e-03   -1.09649580e-02    1.00000000e-02
1484     4.94666667e-09    2.08154013e+00    1.25061179e+00    4.00584712e+00    5.67638445e-03   -1.06594203e-02    1.00000000e-02
1485     4.95000000e-09    2.06720467e+00    1.23676897e+00    4.00298610e+00    2.67615832e-03   -1.04536633e-02    1.00000000e-02
1486     4.95333333e-09    2.05281534e+00    1.22205734e+00    3.99908465e+00   -1.24907865e-03   -1.04221347e-02    1.00000000e-02
1487     4.95666667e-09    2.04386549e+00    1.21209259e+00    3.99544627e+00   -4.78685822e-03   -1.05766575e-02    1.00000000e-02
1488     4.96000000e-09    2.04377509e+00    1.21069999e+00    3.99339200e+00   -6.65050894e-03   -1.08622428e-02    1.00000000e-02
1489     4.96333333e-09    2.05258590e+00    1.21843135e+00    3.99385370e+00   -5.97832902e-03   -1.11725339e-02    1.00000000e-02
1490     4.96666667e-09    2.06693896e+00    1.23233150e+00    3.99681483e+00   -2.86972660e-03   -1.13866253e-02    1.00000000e-02
1491     4.97000000e-09    2.08135198e+00    1.24707493e+00    4.00109242e+00    1.43183188e-03   -1.14185574e-02    1.00000000e-02
1492     4.97333333e-09    2.09031670e+00    1.25702674e+00    4.00486238e+00    5.09303434e-03   -1.12559807e-02    1.00000000e-02
1493     4.97666667e-09    2.09041040e+00    1.25840417e+00    4.00662123e+00    6.65607382e-03   -1.09650687e-02    1.00000000e-02
1494     4.98000000e-09    2.08160452e+00    1.25070096e+00    4.00584508e+00    5.67441638e-03   -1.06596095e-02    1.00000000e-02
1495     4.98333333e-09    2.06726897e+00    1.23685795e+00    4.00298511e+00    2.67528202e-03   -1.04539049e-02    1.00000000e-02
1496     4.98666667e-09    2.05287958e+00    1.22214627e+00    3.99908487e+00   -1.24873379e-03   -1.04223894e-02    1.00000000e-02
1497     4.99000000e-09    2.04392968e+00    1.21218162e+00    3.99544768e+00   -4.78535229e-03   -1.05768832e-02    1.00000000e-02
1498     4.99333333e-09    2.04383923e+00    1.21078918e+00    3.99339431e+00   -6.64816616e-03   -1.08624035e-02    1.00000000e-02
1499     4.99666667e-09    2.05264996e+00    1.21852061e+00    3.99385611e+00   -5.97596286e-03   -1.11726129e-02    1.00000000e-02
1500     5.00000000e-09    2.06700287e+00    1.23242065e+00    3.99681622e+00   -2.86844797e-03   -1.13866386e-02    1.00000000e-02
1501     5.00333333e-09    2.08141571e+00    1.24716382e+00    4.00109205e+00    1.43133184e-03   -1.14185531e-02    1.00000000e-02
1502     5.00666667e-09    2.09038024e+00    1.25711529e+00    4.00486046e+00    5.09103641e-03   -1.12560154e-02    1.00000000e-02
1503     5.01000000e-09    2.09047378e+00    1.25849237e+00    4.00661876e+00    6.65359649e-03   -1.09651788e-02    1.00000000e-02
1504     5.01333333e-09    2.08166778e+00    1.25078887e+00    4.00584308e+00    5.67247706e-03   -1.06597971e-02    1.00000000e-02
1505     5.01666667e-09    2.06733215e+00    1.23694568e+00    4.00298413e+00    2.67441816e-03   -1.04541441e-02    1.00000000e-02
1506     5.02000000e-09    2.05294270e+00    1.22223397e+00    3.99908509e+00   -1.24839409e-03   -1.04226414e-02    1.00000000e-02
1507     5.02333333e-09    2.04399275e+00    1.21226942e+00    3.99544908e+00   -4.78386835e-03   -1.05771067e-02    1.00000000e-02
1508     5.02666667e-09    2.04390225e+00    1.21087713e+00    3.99339659e+00   -6.64585806e-03   -1.08625630e-02    1.00000000e-02
1509     5.03000000e-09    2.05271290e+00    1.21860863e+00    3.99385849e+00   -5.97363221e-03   -1.11726917e-02    1.00000000e-02
1510     5.03333333e-09    2.06706568e+00    1.23250857e+00    3.99681759e+00   -2.86718859e-03   -1.13866528e-02    1.00000000e-02
1511     5.03666667e-09    2.08147834e+00    1.24725148e+00    4.00109168e+00    1.43083957e-03   -1.14185498e-02    1.00000000e-02
1512     5.04000000e-09    2.09044269e+00    1.25720261e+00    4.00485857e+00    5.08906876e-03   -1.12560507e-02    1.00000000e-02
1513     5.04333333e-09    2.09053606e+00    1.25857936e+00    4.00661633e+00    6.65115604e-03   -1.09652884e-02    1.00000000e-02
1514     5.04666667e-09    2.08172995e+00    1.25087557e+00    4.00584110e+00    5.67056597e-03   -1.06599829e-02    1.00000000e-02
1515     5.05000000e-09    2.06739424e+00    1.23703221e+00    4.00298317e+00    2.67356653e-03   -1.04543809e-02    1.00000000e-02
1516     5.05333333e-09    2.05300473e+00    1.22232047e+00    3.99908531e+00   -1.24805943e-03   -1.04228908e-02    1.00000000e-02
1517     5.05666667e-09    2.04405475e+00    1.21235601e+00    3.99545045e+00   -4.78240602e-03   -1.05773279e-02    1.00000000e-02
1518     5.06000000e-09    2.04396420e+00    1.21096388e+00    3.99339884e+00   -6.64358402e-03   -1.08627212e-02    1.00000000e-02
1519     5.06333333e-09    2.05277477e+00    1.21869545e+00    3.99386084e+00   -5.97133640e-03   -1.11727705e-02    1.00000000e-02
1520     5.06666667e-09    2.06712742e+00    1.23259530e+00    3.99681894e+00   -2.86594811e-03   -1.13866679e-02    1.00000000e-02
1521     5.07000000e-09    2.08153991e+00    1.24733796e+00    4.00109132e+00    1.43035491e-03   -1.14185477e-02    1.00000000e-02
1522     5.07333333e-09    2.09050408e+00    1.25728876e+00    4.00485672e+00    5.08713080e-03   -1.12560864e-02    1.00000000e-02
1523     5.07666667e-09    2.09059730e+00    1.25866517e+00    4.00661393e+00    6.64875181e-03   -1.09653973e-02    1.00000000e-02
1524     5.08000000e-09    2.08179107e+00    1.25096112e+00    4.00583916e+00    5.66868262e-03   -1.06601670e-02    1.00000000e-02
1525     5.08333333e-09    2.06745528e+00    1.23711758e+00    4.00298222e+00    2.67272693e-03   -1.04546152e-02    1.00000000e-02
1526     5.08666667e-09    2.05306573e+00    1.22240581e+00    3.99908552e+00   -1.24772974e-03   -1.04231376e-02    1.00000000e-02
1527     5.09000000e-09    2.04411571e+00    1.21244145e+00    3.99545180e+00   -4.78096491e-03   -1.05775470e-02    1.00000000e-02
1528     5.09333333e-09    2.04402512e+00    1.21104947e+00    3.99340105e+00   -6.64134341e-03   -1.08628780e-02    1.00000000e-02
1529     5.09666667e-09    2.05283561e+00    1.21878111e+00    3.99386315e+00   -5.96907481e-03   -1.11728491e-02    1.00000000e-02
1530     5.10000000e-09    2.06718813e+00    1.23268087e+00    3.99682027e+00   -2.86472619e-03   -1.13866838e-02    1.00000000e-02
1531     5.10333333e-09    2.08160045e+00    1.24742329e+00    4.00109096e+00    1.42987772e-03   -1.14185466e-02    1.00000000e-02
1532     5.10666667e-09    2.09056445e+00    1.25737376e+00    4.00485489e+00    5.08522199e-03   -1.12561227e-02    1.00000000e-02
1533     5.11000000e-09    2.09065752e+00    1.25874985e+00    4.00661157e+00    6.64638313e-03   -1.09655057e-02    1.00000000e-02
1534     5.11333333e-09    2.08185119e+00    1.25104553e+00    4.00583724e+00    5.66682653e-03   -1.06603494e-02    1.00000000e-02
1535     5.11666667e-09    2.06751533e+00    1.23720183e+00    4.00298129e+00    2.67189916e-03   -1.04548471e-02    1.00000000e-02
1536     5.12000000e-09    2.05312572e+00    1.22249002e+00    3.99908573e+00   -1.24740490e-03   -1.04233817e-02    1.00000000e-02
1537     5.12333333e-09    2.04417566e+00    1.21252577e+00    3.99545314e+00   -4.77954463e-03   -1.05777638e-02    1.00000000e-02
1538     5.12666667e-09    2.04408503e+00    1.21113394e+00    3.99340324e+00   -6.63913565e-03   -1.08630336e-02    1.00000000e-02
1539     5.13000000e-09    2.05289545e+00    1.21886565e+00    3.99386542e+00   -5.96684681e-03   -1.11729276e-02    1.00000000e-02
1540     5.13333333e-09    2.06724786e+00    1.23276532e+00    3.99682158e+00   -2.86352249e-03   -1.13867004e-02    1.00000000e-02
1541     5.13666667e-09    2.08166001e+00    1.24750750e+00    4.00109060e+00    1.42940784e-03   -1.14185465e-02    1.00000000e-02
1542     5.14000000e-09    2.09062383e+00    1.25745766e+00    4.00485308e+00    5.08334178e-03   -1.12561593e-02    1.00000000e-02
1543     5.14333333e-09    2.09071677e+00    1.25883343e+00    4.00660925e+00    6.64404937e-03   -1.09656134e-02    1.00000000e-02
1544     5.14666667e-09    2.08191033e+00    1.25112885e+00    4.00583535e+00    5.66499721e-03   -1.06605301e-02    1.00000000e-02
1545     5.15000000e-09    2.06757440e+00    1.23728499e+00    4.00298037e+00    2.67108303e-03   -1.04550765e-02    1.00000000e-02
1546     5.15333333e-09    2.05318474e+00    1.22257316e+00    3.99908593e+00   -1.24708483e-03   -1.04236233e-02    1.00000000e-02
1547     5.15666667e-09    2.04423465e+00    1.21260901e+00    3.99545445e+00   -4.77814482e-03   -1.05779784e-02    1.00000000e-02
1548     5.16000000e-09    2.04414399e+00    1.21121732e+00    3.99340539e+00   -6.63696013e-03   -1.08631878e-02    1.00000000e-02
1549     5.16333333e-09    2.05295434e+00    1.21894911e+00    3.99386767e+00   -5.96465178e-03   -1.11730058e-02    1.00000000e-02
1550     5.16666667e-09    2.06730662e+00    1.23284869e+00    3.99682287e+00   -2.86233667e-03   -1.13867177e-02    1.00000000e-02
1551     5.17000000e-09    2.08171862e+00    1.24759064e+00    4.00109026e+00    1.42894513e-03   -1.14185473e-02    1.00000000e-02
1552     5.17333333e-09    2.09068228e+00    1.25754049e+00    4.00485131e+00    5.08148965e-03   -1.12561964e-02    1.00000000e-02
1553     5.17666667e-09    2.09077507e+00    1.25891595e+00    4.00660696e+00    6.64174988e-03   -1.09657204e-02    1.00000000e-02
1554     5.18000000e-09    2.08196853e+00    1.25121112e+00    4.00583348e+00    5.66319419e-03   -1.06607091e-02    1.00000000e-02
1555     5.18333333e-09    2.06763253e+00    1.23736710e+00    4.00297946e+00    2.67027834e-03   -1.04553036e-02    1.00000000e-02
1556     5.18666667e-09    2.05324283e+00    1.22265525e+00    3.99908614e+00   -1.24676943e-03   -1.04238623e-02    1.00000000e-02
1557     5.19000000e-09    2.04429271e+00    1.21269120e+00    3.99545575e+00   -4.77676511e-03   -1.05781909e-02    1.00000000e-02
1558     5.19333333e-09    2.04420201e+00    1.21129965e+00    3.99340750e+00   -6.63481629e-03   -1.08633407e-02    1.00000000e-02
1559     5.19666667e-09    2.05301230e+00    1.21903151e+00    3.99386988e+00   -5.96248914e-03   -1.11730838e-02    1.00000000e-02
1560     5.20000000e-09    2.06736447e+00    1.23293102e+00    3.99682414e+00   -2.86116843e-03   -1.13867356e-02    1.00000000e-02
1561     5.20333333e-09    2.08177631e+00    1.24767274e+00    4.00108992e+00    1.42848945e-03   -1.14185491e-02    1.00000000e-02
1562     5.20666667e-09    2.09073981e+00    1.25762229e+00    4.00484956e+00    5.07966507e-03   -1.12562338e-02    1.00000000e-02
1563     5.21000000e-09    2.09083247e+00    1.25899745e+00    4.00660470e+00    6.63948407e-03   -1.09658268e-02    1.00000000e-02
1564     5.21333333e-09    2.08202583e+00    1.25129236e+00    4.00583165e+00    5.66141704e-03   -1.06608863e-02    1.00000000e-02
1565     5.21666667e-09    2.06768976e+00    1.23744819e+00    4.00297856e+00    2.66948491e-03   -1.04555282e-02    1.00000000e-02
1566     5.22000000e-09    2.05330002e+00    1.22273632e+00    3.99908634e+00   -1.24645862e-03   -1.04240987e-02    1.00000000e-02
1567     5.22333333e-09    2.04434987e+00    1.21277237e+00    3.99545703e+00   -4.77540516e-03   -1.05784011e-02    1.00000000e-02
1568     5.22666667e-09    2.04425914e+00    1.21138097e+00    3.99340959e+00   -6.63270357e-03   -1.08634922e-02    1.00000000e-02
1569     5.23000000e-09    2.05306937e+00    1.21911291e+00    3.99387205e+00   -5.96035831e-03   -1.11731616e-02    1.00000000e-02
1570     5.23333333e-09    2.06742142e+00    1.23301233e+00    3.99682539e+00   -2.86001744e-03   -1.13867542e-02    1.00000000e-02
1571     5.23666667e-09    2.08183312e+00    1.24775383e+00    4.00108958e+00    1.42804067e-03   -1.14185516e-02    1.00000000e-02
1572     5.24000000e-09    2.09079645e+00    1.25770308e+00    4.00484784e+00    5.07786754e-03   -1.12562715e-02    1.00000000e-02
1573     5.24333333e-09    2.09088898e+00    1.25907794e+00    4.00660247e+00    6.63725132e-03   -1.09659324e-02    1.00000000e-02
1574     5.24666667e-09    2.08208225e+00    1.25137262e+00    4.00582984e+00    5.65966529e-03   -1.06610618e-02    1.00000000e-02
1575     5.25000000e-09    2.06774612e+00    1.23752830e+00    4.00297768e+00    2.66870255e-03   -1.04557505e-02    1.00000000e-02
1576     5.25333333e-09    2.05335634e+00    1.22281640e+00    3.99908653e+00   -1.24615232e-03   -1.04243326e-02    1.00000000e-02
1577     5.25666667e-09    2.04440617e+00    1.21285255e+00    3.99545828e+00   -4.77406462e-03   -1.05786092e-02    1.00000000e-02
1578     5.26000000e-09    2.04431541e+00    1.21146130e+00    3.99341165e+00   -6.63062141e-03   -1.08636424e-02    1.00000000e-02
1579     5.26333333e-09    2.05312557e+00    1.21919331e+00    3.99387420e+00   -5.95825870e-03   -1.11732390e-02    1.00000000e-02
1580     5.26666667e-09    2.06747752e+00    1.23309266e+00    3.99682662e+00   -2.85888340e-03   -1.13867733e-02    1.00000000e-02
1581     5.27000000e-09    2.08188907e+00    1.24783394e+00    4.00108925e+00    1.42759866e-03   -1.14185550e-02    1.00000000e-02
1582     5.27333333e-09    2.09085225e+00    1.25778290e+00    4.00484614e+00    5.07609658e-03   -1.12563094e-02    1.00000000e-02
1583     5.27666667e-09    2.09094465e+00    1.25915748e+00    4.00660028e+00    6.63505105e-03   -1.09660374e-02    1.00000000e-02
1584     5.28000000e-09    2.08213783e+00    1.25145191e+00    4.00582805e+00    5.65793852e-03   -1.06612356e-02    1.00000000e-02
1585     5.28333333e-09    2.06780164e+00    1.23760745e+00    4.00297681e+00    2.66793108e-03   -1.04559703e-02    1.00000000e-02
1586     5.28666667e-09    2.05341182e+00    1.22289554e+00    3.99908673e+00   -1.24585044e-03   -1.04245639e-02    1.00000000e-02
1587     5.29000000e-09    2.04446163e+00    1.21293179e+00    3.99545953e+00   -4.77274315e-03   -1.05788150e-02    1.00000000e-02
1588     5.29333333e-09    2.04437084e+00    1.21154068e+00    3.99341368e+00   -6.62856929e-03   -1.08637913e-02    1.00000000e-02
1589     5.29666667e-09    2.05318095e+00    1.21927276e+00    3.99387631e+00   -5.95618979e-03   -1.11733162e-02    1.00000000e-02
1590     5.30000000e-09    2.06753279e+00    1.23317204e+00    3.99682784e+00   -2.85776601e-03   -1.13867930e-02    1.00000000e-02
1591     5.30333333e-09    2.08194419e+00    1.24791311e+00    4.00108892e+00    1.42716327e-03   -1.14185591e-02    1.00000000e-02
1592     5.30666667e-09    2.09090723e+00    1.25786178e+00    4.00484447e+00    5.07435169e-03   -1.12563477e-02    1.00000000e-02
1593     5.31000000e-09    2.09099951e+00    1.25923608e+00    4.00659812e+00    6.63288270e-03   -1.09661416e-02    1.00000000e-02
1594     5.31333333e-09    2.08219260e+00    1.25153028e+00    4.00582629e+00    5.65623629e-03   -1.06614077e-02    1.00000000e-02
1595     5.31666667e-09    2.06785635e+00    1.23768568e+00    4.00297595e+00    2.66717034e-03   -1.04561878e-02    1.00000000e-02
1596     5.32000000e-09    2.05346650e+00    1.22297375e+00    3.99908692e+00   -1.24555289e-03   -1.04247927e-02    1.00000000e-02
1597     5.32333333e-09    2.04451628e+00    1.21301010e+00    3.99546075e+00   -4.77144043e-03   -1.05790188e-02    1.00000000e-02
1598     5.32666667e-09    2.04442547e+00    1.21161914e+00    3.99341568e+00   -6.62654667e-03   -1.08639387e-02    1.00000000e-02
1599     5.33000000e-09    2.05323552e+00    1.21935129e+00    3.99387839e+00   -5.95415101e-03   -1.11733930e-02    1.00000000e-02
1600     5.33333333e-09    2.06758726e+00    1.23325049e+00    3.99682903e+00   -2.85666498e-03   -1.13868132e-02    1.00000000e-02
1601     5.33666667e-09    2.08199853e+00    1.24799135e+00    4.00108860e+00    1.42673440e-03   -1.14185639e-02    1.00000000e-02
1602     5.34000000e-09    2.09096142e+00    1.25793975e+00    4.00484282e+00    5.07263242e-03   -1.12563861e-02    1.00000000e-02
1603     5.34333333e-09    2.09105357e+00    1.25931377e+00    4.00659599e+00    6.63074570e-03   -1.09662451e-02    1.00000000e-02
1604     5.34666667e-09    2.08224658e+00    1.25160775e+00    4.00582456e+00    5.65455820e-03   -1.06615781e-02    1.00000000e-02
1605     5.35000000e-09    2.06791028e+00    1.23776301e+00    4.00297510e+00    2.66642013e-03   -1.04564030e-02    1.00000000e-02
1606     5.35333333e-09    2.05352039e+00    1.22305106e+00    3.99908711e+00   -1.24525961e-03   -1.04250190e-02    1.00000000e-02
1607     5.35666667e-09    2.04457015e+00    1.21308751e+00    3.99546196e+00   -4.77015613e-03   -1.05792203e-02    1.00000000e-02
1608     5.36000000e-09    2.04447931e+00    1.21169669e+00    3.99341765e+00   -6.62455305e-03   -1.08640849e-02    1.00000000e-02
1609     5.36333333e-09    2.05328931e+00    1.21942892e+00    3.99388045e+00   -5.95214184e-03   -1.11734694e-02    1.00000000e-02
1610     5.36666667e-09    2.06764096e+00    1.23332805e+00    3.99683021e+00   -2.85558001e-03   -1.13868338e-02    1.00000000e-02
1611     5.37000000e-09    2.08205209e+00    1.24806871e+00    4.00108828e+00    1.42631191e-03   -1.14185694e-02    1.00000000e-02
1612     5.37333333e-09    2.09101484e+00    1.25801684e+00    4.00484120e+00    5.07093830e-03   -1.12564247e-02    1.00000000e-02
1613     5.37666667e-09    2.09110687e+00    1.25939058e+00    4.00659389e+00    6.62863950e-03   -1.09663478e-02    1.00000000e-02
1614     5.38000000e-09    2.08229980e+00    1.25168434e+00    4.00582285e+00    5.65290384e-03   -1.06617467e-02    1.00000000e-02
1615     5.38333333e-09    2.06796344e+00    1.23783947e+00    4.00297427e+00    2.66568030e-03   -1.04566158e-02    1.00000000e-02
1616     5.38666667e-09    2.05357353e+00    1.22312751e+00    3.99908730e+00   -1.24497051e-03   -1.04252428e-02    1.00000000e-02
1617     5.39000000e-09    2.04462327e+00    1.21316406e+00    3.99546315e+00   -4.76888994e-03   -1.05794197e-02    1.00000000e-02
1618     5.39333333e-09    2.04453241e+00    1.21177338e+00    3.99341959e+00   -6.62258793e-03   -1.08642296e-02    1.00000000e-02
1619     5.39666667e-09    2.05334236e+00    1.21950568e+00    3.99388247e+00   -5.95016177e-03   -1.11735455e-02    1.00000000e-02
1620     5.40000000e-09    2.06769391e+00    1.23340475e+00    3.99683138e+00   -2.85451084e-03   -1.13868549e-02    1.00000000e-02
1621     5.40333333e-09    2.08210491e+00    1.24814520e+00    4.00108797e+00    1.42589569e-03   -1.14185756e-02    1.00000000e-02
1622     5.40666667e-09    2.09106752e+00    1.25809307e+00    4.00483960e+00    5.06926888e-03   -1.12564635e-02    1.00000000e-02
1623     5.41000000e-09    2.09115944e+00    1.25946654e+00    4.00659182e+00    6.62656357e-03   -1.09664497e-02    1.00000000e-02
1624     5.41333333e-09    2.08235228e+00    1.25176008e+00    4.00582116e+00    5.65127280e-03   -1.06619137e-02    1.00000000e-02
1625     5.41666667e-09    2.06801588e+00    1.23791508e+00    4.00297345e+00    2.66495068e-03   -1.04568263e-02    1.00000000e-02
1626     5.42000000e-09    2.05362593e+00    1.22320311e+00    3.99908748e+00   -1.24468551e-03   -1.04254641e-02    1.00000000e-02
1627     5.42333333e-09    2.04467566e+00    1.21323976e+00    3.99546432e+00   -4.76764156e-03   -1.05796170e-02    1.00000000e-02
1628     5.42666667e-09    2.04458478e+00    1.21184922e+00    3.99342151e+00   -6.62065081e-03   -1.08643730e-02    1.00000000e-02
1629     5.43000000e-09    2.05339468e+00    1.21958160e+00    3.99388446e+00   -5.94821029e-03   -1.11736212e-02    1.00000000e-02
1630     5.43333333e-09    2.06774614e+00    1.23348060e+00    3.99683252e+00   -2.85345718e-03   -1.13868763e-02    1.00000000e-02
1631     5.43666667e-09    2.08215701e+00    1.24822086e+00    4.00108767e+00    1.42548562e-03   -1.14185823e-02    1.00000000e-02
1632     5.44000000e-09    2.09111948e+00    1.25816846e+00    4.00483802e+00    5.06762374e-03   -1.12565024e-02    1.00000000e-02
1633     5.44333333e-09    2.09121129e+00    1.25954168e+00    4.00658979e+00    6.62451739e-03   -1.09665509e-02    1.00000000e-02
1634     5.44666667e-09    2.08240406e+00    1.25183501e+00    4.00581950e+00    5.64966471e-03   -1.06620789e-02    1.00000000e-02
1635     5.45000000e-09    2.06806761e+00    1.23798988e+00    4.00297263e+00    2.66423111e-03   -1.04570345e-02    1.00000000e-02
1636     5.45333333e-09    2.05367763e+00    1.22327790e+00    3.99908766e+00   -1.24440455e-03   -1.04256830e-02    1.00000000e-02
1637     5.45666667e-09    2.04472734e+00    1.21331464e+00    3.99546548e+00   -4.76641068e-03   -1.05798122e-02    1.00000000e-02
1638     5.46000000e-09    2.04463645e+00    1.21192424e+00    3.99342339e+00   -6.61874123e-03   -1.08645150e-02    1.00000000e-02
1639     5.46333333e-09    2.05344630e+00    1.21965669e+00    3.99388643e+00   -5.94628691e-03   -1.11736965e-02    1.00000000e-02
1640     5.46666667e-09    2.06779767e+00    1.23355563e+00    3.99683365e+00   -2.85241877e-03   -1.13868981e-02    1.00000000e-02
1641     5.47000000e-09    2.08220841e+00    1.24829570e+00    4.00108736e+00    1.42508159e-03   -1.14185897e-02    1.00000000e-02
1642     5.47333333e-09    2.09117076e+00    1.25824305e+00    4.00483647e+00    5.06600243e-03   -1.12565414e-02    1.00000000e-02
1643     5.47666667e-09    2.09126246e+00    1.25961601e+00    4.00658778e+00    6.62250045e-03   -1.09666512e-02    1.00000000e-02
1644     5.48000000e-09    2.08245515e+00    1.25190913e+00    4.00581787e+00    5.64807916e-03   -1.06622425e-02    1.00000000e-02
1645     5.48333333e-09    2.06811865e+00    1.23806388e+00    4.00297183e+00    2.66352142e-03   -1.04572404e-02    1.00000000e-02
1646     5.48666667e-09    2.05372865e+00    1.22335189e+00    3.99908784e+00   -1.24412756e-03   -1.04258994e-02    1.00000000e-02
1647     5.49000000e-09    2.04477835e+00    1.21338873e+00    3.99546662e+00   -4.76519700e-03   -1.05800052e-02    1.00000000e-02
1648     5.49333333e-09    2.04468744e+00    1.21199847e+00    3.99342525e+00   -6.61685871e-03   -1.08646557e-02    1.00000000e-02
1649     5.49666667e-09    2.05349725e+00    1.21973099e+00    3.99388837e+00   -5.94439113e-03   -1.11737714e-02    1.00000000e-02
1650     5.50000000e-09    2.06784853e+00    1.23362986e+00    3.99683477e+00   -2.85139534e-03   -1.13869203e-02    1.00000000e-02
1651     5.50333333e-09    2.08225915e+00    1.24836975e+00    4.00108707e+00    1.42468349e-03   -1.14185975e-02    1.00000000e-02
1652     5.50666667e-09    2.09122136e+00    1.25831685e+00    4.00483494e+00    5.06440455e-03   -1.12565805e-02    1.00000000e-02
1653     5.51000000e-09    2.09131296e+00    1.25968956e+00    4.00658580e+00    6.62051224e-03   -1.09667508e-02    1.00000000e-02
1654     5.51333333e-09    2.08250558e+00    1.25198248e+00    4.00581625e+00    5.64651580e-03   -1.06624044e-02    1.00000000e-02
1655     5.51666667e-09    2.06816903e+00    1.23813711e+00    4.00297104e+00    2.66282146e-03   -1.04574440e-02    1.00000000e-02
1656     5.52000000e-09    2.05377901e+00    1.22342511e+00    3.99908802e+00   -1.24385446e-03   -1.04261134e-02    1.00000000e-02
1657     5.52333333e-09    2.04482870e+00    1.21346205e+00    3.99546774e+00   -4.76400025e-03   -1.05801962e-02    1.00000000e-02
1658     5.52666667e-09    2.04473777e+00    1.21207192e+00    3.99342709e+00   -6.61500279e-03   -1.08647950e-02    1.00000000e-02
1659     5.53000000e-09    2.05354754e+00    1.21980451e+00    3.99389028e+00   -5.94252249e-03   -1.11738458e-02    1.00000000e-02
1660     5.53333333e-09    2.06789873e+00    1.23370333e+00    3.99683586e+00   -2.85038665e-03   -1.13869428e-02    1.00000000e-02
1661     5.53666667e-09    2.08230923e+00    1.24844303e+00    4.00108677e+00    1.42429120e-03   -1.14186059e-02    1.00000000e-02
1662     5.54000000e-09    2.09127132e+00    1.25838988e+00    4.00483343e+00    5.06282969e-03   -1.12566196e-02    1.00000000e-02
1663     5.54333333e-09    2.09136282e+00    1.25976235e+00    4.00658384e+00    6.61855228e-03   -1.09668496e-02    1.00000000e-02
1664     5.54666667e-09    2.08255536e+00    1.25205507e+00    4.00581466e+00    5.64497426e-03   -1.06625646e-02    1.00000000e-02
1665     5.55000000e-09    2.06821878e+00    1.23820959e+00    4.00297027e+00    2.66213107e-03   -1.04576454e-02    1.00000000e-02
1666     5.55333333e-09    2.05382873e+00    1.22349758e+00    3.99908819e+00   -1.24358518e-03   -1.04263251e-02    1.00000000e-02
1667     5.55666667e-09    2.04487840e+00    1.21353461e+00    3.99546885e+00   -4.76282014e-03   -1.05803851e-02    1.00000000e-02
1668     5.56000000e-09    2.04478746e+00    1.21214462e+00    3.99342890e+00   -6.61317304e-03   -1.08649329e-02    1.00000000e-02
1669     5.56333333e-09    2.05359719e+00    1.21987729e+00    3.99389216e+00   -5.94068053e-03   -1.11739198e-02    1.00000000e-02
1670     5.56666667e-09    2.06794831e+00    1.23377604e+00    3.99683695e+00   -2.84939243e-03   -1.13869655e-02    1.00000000e-02
1671     5.57000000e-09    2.08235869e+00    1.24851557e+00    4.00108649e+00    1.42390463e-03   -1.14186147e-02    1.00000000e-02
1672     5.57333333e-09    2.09132066e+00    1.25846218e+00    4.00483194e+00    5.06127744e-03   -1.12566588e-02    1.00000000e-02
1673     5.57666667e-09    2.09141205e+00    1.25983441e+00    4.00658192e+00    6.61662010e-03   -1.09669475e-02    1.00000000e-02
1674     5.58000000e-09    2.08260452e+00    1.25212693e+00    4.00581309e+00    5.64345418e-03   -1.06627231e-02    1.00000000e-02
1675     5.58333333e-09    2.06826790e+00    1.23828134e+00    4.00296950e+00    2.66145011e-03   -1.04578445e-02    1.00000000e-02
1676     5.58666667e-09    2.05387783e+00    1.22356932e+00    3.99908836e+00   -1.24331966e-03   -1.04265343e-02    1.00000000e-02
1677     5.59000000e-09    2.04492750e+00    1.21360645e+00    3.99546994e+00   -4.76165640e-03   -1.05805719e-02    1.00000000e-02
1678     5.59333333e-09    2.04483654e+00    1.21221659e+00    3.99343068e+00   -6.61136900e-03   -1.08650695e-02    1.00000000e-02
1679     5.59666667e-09    2.05364623e+00    1.21994933e+00    3.99389402e+00   -5.93886479e-03   -1.11739933e-02    1.00000000e-02
1680     5.60000000e-09    2.06799727e+00    1.23384803e+00    3.99683801e+00   -2.84841244e-03   -1.13869885e-02    1.00000000e-02
1681     5.60333333e-09    2.08240753e+00    1.24858738e+00    4.00108620e+00    1.42352368e-03   -1.14186240e-02    1.00000000e-02
1682     5.60666667e-09    2.09136938e+00    1.25853375e+00    4.00483048e+00    5.05974743e-03   -1.12566979e-02    1.00000000e-02
1683     5.61000000e-09    2.09146068e+00    1.25990575e+00    4.00658002e+00    6.61471521e-03   -1.09670447e-02    1.00000000e-02
1684     5.61333333e-09    2.08265309e+00    1.25219808e+00    4.00581154e+00    5.64195520e-03   -1.06628800e-02    1.00000000e-02
1685     5.61666667e-09    2.06831642e+00    1.23835237e+00    4.00296874e+00    2.66077843e-03   -1.04580414e-02    1.00000000e-02
1686     5.62000000e-09    2.05392633e+00    1.22364035e+00    3.99908853e+00   -1.24305784e-03   -1.04267412e-02    1.00000000e-02
1687     5.62333333e-09    2.04497599e+00    1.21367758e+00    3.99547102e+00   -4.76050875e-03   -1.05807567e-02    1.00000000e-02
1688     5.62666667e-09    2.04488502e+00    1.21228785e+00    3.99343244e+00   -6.60959025e-03   -1.08652047e-02    1.00000000e-02
1689     5.63000000e-09    2.05369468e+00    1.22002066e+00    3.99389584e+00   -5.93707483e-03   -1.11740663e-02    1.00000000e-02
1690     5.63333333e-09    2.06804563e+00    1.23391930e+00    3.99683906e+00   -2.84744645e-03   -1.13870118e-02    1.00000000e-02
1691     5.63666667e-09    2.08245579e+00    1.24865848e+00    4.00108592e+00    1.42314823e-03   -1.14186338e-02    1.00000000e-02
1692     5.64000000e-09    2.09141752e+00    1.25860462e+00    4.00482903e+00    5.05823926e-03   -1.12567371e-02    1.00000000e-02
1693     5.64333333e-09    2.09150872e+00    1.25997639e+00    4.00657815e+00    6.61283718e-03   -1.09671410e-02    1.00000000e-02
1694     5.64666667e-09    2.08270106e+00    1.25226854e+00    4.00581001e+00    5.64047698e-03   -1.06630352e-02    1.00000000e-02
1695     5.65000000e-09    2.06836436e+00    1.23842272e+00    4.00296799e+00    2.66011588e-03   -1.04582361e-02    1.00000000e-02
1696     5.65333333e-09    2.05397426e+00    1.22371070e+00    3.99908870e+00   -1.24279964e-03   -1.04269458e-02    1.00000000e-02
1697     5.65666667e-09    2.04502391e+00    1.21374802e+00    3.99547209e+00   -4.75937693e-03   -1.05809394e-02    1.00000000e-02
1698     5.66000000e-09    2.04493293e+00    1.21235842e+00    3.99343417e+00   -6.60783638e-03   -1.08653386e-02    1.00000000e-02
1699     5.66333333e-09    2.05374255e+00    1.22009129e+00    3.99389765e+00   -5.93531021e-03   -1.11741389e-02    1.00000000e-02
1700     5.66666667e-09    2.06809343e+00    1.23398989e+00    3.99684010e+00   -2.84649422e-03   -1.13870352e-02    1.00000000e-02
1701     5.67000000e-09    2.08250348e+00    1.24872890e+00    4.00108564e+00    1.42277820e-03   -1.14186439e-02    1.00000000e-02
1702     5.67333333e-09    2.09146509e+00    1.25867481e+00    4.00482761e+00    5.05675256e-03   -1.12567763e-02    1.00000000e-02
1703     5.67666667e-09    2.09155620e+00    1.26004635e+00    4.00657631e+00    6.61098553e-03   -1.09672364e-02    1.00000000e-02
1704     5.68000000e-09    2.08274848e+00    1.25233832e+00    4.00580851e+00    5.63901920e-03   -1.06631887e-02    1.00000000e-02
1705     5.68333333e-09    2.06841174e+00    1.23849240e+00    4.00296726e+00    2.65946232e-03   -1.04584287e-02    1.00000000e-02
1706     5.68666667e-09    2.05402162e+00    1.22378037e+00    3.99908887e+00   -1.24254502e-03   -1.04271480e-02    1.00000000e-02
1707     5.69000000e-09    2.04507126e+00    1.21381778e+00    3.99547314e+00   -4.75826069e-03   -1.05811201e-02    1.00000000e-02
1708     5.69333333e-09    2.04498027e+00    1.21242831e+00    3.99343588e+00   -6.60610697e-03   -1.08654711e-02    1.00000000e-02
1709     5.69666667e-09    2.05378986e+00    1.22016126e+00    3.99389943e+00   -5.93357052e-03   -1.11742110e-02    1.00000000e-02
1710     5.70000000e-09    2.06814067e+00    1.23405980e+00    3.99684112e+00   -2.84555551e-03   -1.13870589e-02    1.00000000e-02
1711     5.70333333e-09    2.08255061e+00    1.24879864e+00    4.00108537e+00    1.42241348e-03   -1.14186544e-02    1.00000000e-02
1712     5.70666667e-09    2.09151211e+00    1.25874434e+00    4.00482621e+00    5.05528698e-03   -1.12568154e-02    1.00000000e-02
1713     5.71000000e-09    2.09160312e+00    1.26011566e+00    4.00657449e+00    6.60915985e-03   -1.09673311e-02    1.00000000e-02
1714     5.71333333e-09    2.08279534e+00    1.25240745e+00    4.00580702e+00    5.63758151e-03   -1.06633407e-02    1.00000000e-02
1715     5.71666667e-09    2.06845857e+00    1.23856142e+00    4.00296653e+00    2.65881761e-03   -1.04586190e-02    1.00000000e-02
1716     5.72000000e-09    2.05406843e+00    1.22384939e+00    3.99908903e+00   -1.24229391e-03   -1.04273479e-02    1.00000000e-02
1717     5.72333333e-09    2.04511807e+00    1.21388689e+00    3.99547417e+00   -4.75715977e-03   -1.05812988e-02    1.00000000e-02
1718     5.72666667e-09    2.04502708e+00    1.21249755e+00    3.99343757e+00   -6.60440161e-03   -1.08656023e-02    1.00000000e-02
1719     5.73000000e-09    2.05383663e+00    1.22023056e+00    3.99390118e+00   -5.93185533e-03   -1.11742825e-02    1.00000000e-02
1720     5.73333333e-09    2.06818736e+00    1.23412906e+00    3.99684213e+00   -2.84463010e-03   -1.13870827e-02    1.00000000e-02
1721     5.73666667e-09    2.08259720e+00    1.24886774e+00    4.00108510e+00    1.42205399e-03   -1.14186652e-02    1.00000000e-02
1722     5.74000000e-09    2.09155860e+00    1.25881322e+00    4.00482482e+00    5.05384215e-03   -1.12568545e-02    1.00000000e-02
1723     5.74333333e-09    2.09164952e+00    1.26018432e+00    4.00657269e+00    6.60735970e-03   -1.09674249e-02    1.00000000e-02
1724     5.74666667e-09    2.08284168e+00    1.25247593e+00    4.00580556e+00    5.63616359e-03   -1.06634910e-02    1.00000000e-02
1725     5.75000000e-09    2.06850487e+00    1.23862981e+00    4.00296581e+00    2.65818161e-03   -1.04588072e-02    1.00000000e-02
1726     5.75333333e-09    2.05411472e+00    1.22391777e+00    3.99908919e+00   -1.24204624e-03   -1.04275456e-02    1.00000000e-02
1727     5.75666667e-09    2.04516436e+00    1.21395537e+00    3.99547519e+00   -4.75607392e-03   -1.05814755e-02    1.00000000e-02
1728     5.76000000e-09    2.04507335e+00    1.21256615e+00    3.99343923e+00   -6.60271992e-03   -1.08657321e-02    1.00000000e-02
1729     5.76333333e-09    2.05388288e+00    1.22029923e+00    3.99390291e+00   -5.93016425e-03   -1.11743535e-02    1.00000000e-02
1730     5.76666667e-09    2.06823354e+00    1.23419767e+00    3.99684312e+00   -2.84371777e-03   -1.13871066e-02    1.00000000e-02
1731     5.77000000e-09    2.08264327e+00    1.24893620e+00    4.00108484e+00    1.42169964e-03   -1.14186764e-02    1.00000000e-02
1732     5.77333333e-09    2.09160456e+00    1.25888146e+00    4.00482346e+00    5.05241772e-03   -1.12568934e-02    1.00000000e-02
1733     5.77666667e-09    2.09169540e+00    1.26025235e+00    4.00657093e+00    6.60558466e-03   -1.09675179e-02    1.00000000e-02
1734     5.78000000e-09    2.08288750e+00    1.25254380e+00    4.00580411e+00    5.63476513e-03   -1.06636396e-02    1.00000000e-02
1735     5.78333333e-09    2.06855066e+00    1.23869757e+00    4.00296511e+00    2.65755419e-03   -1.04589933e-02    1.00000000e-02
1736     5.78666667e-09    2.05416049e+00    1.22398553e+00    3.99908935e+00   -1.24180197e-03   -1.04277410e-02    1.00000000e-02
1737     5.79000000e-09    2.04521013e+00    1.21402322e+00    3.99547620e+00   -4.75500291e-03   -1.05816503e-02    1.00000000e-02
1738     5.79333333e-09    2.04511912e+00    1.21263413e+00    3.99344087e+00   -6.60106151e-03   -1.08658606e-02    1.00000000e-02
1739     5.79666667e-09    2.05392861e+00    1.22036728e+00    3.99390461e+00   -5.92849686e-03   -1.11744241e-02    1.00000000e-02
1740     5.80000000e-09    2.06827921e+00    1.23426567e+00    3.99684410e+00   -2.84281830e-03   -1.13871307e-02    1.00000000e-02
1741     5.80333333e-09    2.08268884e+00    1.24900404e+00    4.00108458e+00    1.42135033e-03   -1.14186879e-02    1.00000000e-02
1742     5.80666667e-09    2.09165003e+00    1.25894909e+00    4.00482211e+00    5.05101336e-03   -1.12569324e-02    1.00000000e-02
1743     5.81000000e-09    2.09174078e+00    1.26031977e+00    4.00656918e+00    6.60383431e-03   -1.09676100e-02    1.00000000e-02
1744     5.81333333e-09    2.08293282e+00    1.25261105e+00    4.00580269e+00    5.63338581e-03   -1.06637867e-02    1.00000000e-02
1745     5.81666667e-09    2.06859595e+00    1.23876473e+00    4.00296441e+00    2.65693521e-03   -1.04591772e-02    1.00000000e-02
1746     5.82000000e-09    2.05420577e+00    1.22405269e+00    3.99908950e+00   -1.24156104e-03   -1.04279342e-02    1.00000000e-02
1747     5.82333333e-09    2.04525540e+00    1.21409047e+00    3.99547719e+00   -4.75394649e-03   -1.05818230e-02    1.00000000e-02
1748     5.82666667e-09    2.04516439e+00    1.21270150e+00    3.99344249e+00   -6.59942600e-03   -1.08659878e-02    1.00000000e-02
1749     5.83000000e-09    2.05397385e+00    1.22043471e+00    3.99390629e+00   -5.92685278e-03   -1.11744941e-02    1.00000000e-02
1750     5.83333333e-09    2.06832438e+00    1.23433306e+00    3.99684507e+00   -2.84193149e-03   -1.13871549e-02    1.00000000e-02
1751     5.83666667e-09    2.08273392e+00    1.24907128e+00    4.00108432e+00    1.42100598e-03   -1.14186996e-02    1.00000000e-02
1752     5.84000000e-09    2.09169500e+00    1.25901612e+00    4.00482079e+00    5.04962872e-03   -1.12569712e-02    1.00000000e-02
1753     5.84333333e-09    2.09178567e+00    1.26038660e+00    4.00656746e+00    6.60210825e-03   -1.09677013e-02    1.00000000e-02
1754     5.84666667e-09    2.08297766e+00    1.25267772e+00    4.00580128e+00    5.63202534e-03   -1.06639322e-02    1.00000000e-02
1755     5.85000000e-09    2.06864076e+00    1.23883130e+00    4.00296372e+00    2.65632455e-03   -1.04593591e-02    1.00000000e-02
1756     5.85333333e-09    2.05425057e+00    1.22411926e+00    3.99908966e+00   -1.24132339e-03   -1.04281251e-02    1.00000000e-02
1757     5.85666667e-09    2.04530020e+00    1.21415713e+00    3.99547817e+00   -4.75290443e-03   -1.05819939e-02    1.00000000e-02
1758     5.86000000e-09    2.04520918e+00    1.21276827e+00    3.99344409e+00   -6.59781302e-03   -1.08661137e-02    1.00000000e-02
1759     5.86333333e-09    2.05401861e+00    1.22050156e+00    3.99390795e+00   -5.92523164e-03   -1.11745635e-02    1.00000000e-02
1760     5.86666667e-09    2.06836908e+00    1.23439986e+00    3.99684602e+00   -2.84105712e-03   -1.13871793e-02    1.00000000e-02
1761     5.87000000e-09    2.08277852e+00    1.24913792e+00    4.00108407e+00    1.42066650e-03   -1.14187117e-02    1.00000000e-02
1762     5.87333333e-09    2.09173950e+00    1.25908257e+00    4.00481948e+00    5.04826349e-03   -1.12570098e-02    1.00000000e-02
1763     5.87666667e-09    2.09183009e+00    1.26045285e+00    4.00656577e+00    6.60040610e-03   -1.09677918e-02    1.00000000e-02
1764     5.88000000e-09    2.08302203e+00    1.25274380e+00    4.00579990e+00    5.63068341e-03   -1.06640761e-02    1.00000000e-02
1765     5.88333333e-09    2.06868510e+00    1.23889730e+00    4.00296304e+00    2.65572208e-03   -1.04595389e-02    1.00000000e-02
1766     5.88666667e-09    2.05429489e+00    1.22418526e+00    3.99908981e+00   -1.24108896e-03   -1.04283138e-02    1.00000000e-02
1767     5.89000000e-09    2.04534452e+00    1.21422321e+00    3.99547914e+00   -4.75187651e-03   -1.05821628e-02    1.00000000e-02
1768     5.89333333e-09    2.04525350e+00    1.21283447e+00    3.99344566e+00   -6.59622221e-03   -1.08662382e-02    1.00000000e-02
1769     5.89666667e-09    2.05406291e+00    1.22056782e+00    3.99390958e+00   -5.92363305e-03   -1.11746324e-02    1.00000000e-02
1770     5.90000000e-09    2.06841331e+00    1.23446608e+00    3.99684696e+00   -2.84019498e-03   -1.13872036e-02    1.00000000e-02
1771     5.90333333e-09    2.08282266e+00    1.24920400e+00    4.00108382e+00    1.42033181e-03   -1.14187240e-02    1.00000000e-02
1772     5.90666667e-09    2.09178354e+00    1.25914845e+00    4.00481819e+00    5.04691733e-03   -1.12570484e-02    1.00000000e-02
1773     5.91000000e-09    2.09187405e+00    1.26051853e+00    4.00656410e+00    6.59872746e-03   -1.09678814e-02    1.00000000e-02
1774     5.91333333e-09    2.08306593e+00    1.25280932e+00    4.00579853e+00    5.62935973e-03   -1.06642184e-02    1.00000000e-02
1775     5.91666667e-09    2.06872898e+00    1.23896273e+00    4.00296237e+00    2.65512768e-03   -1.04597166e-02    1.00000000e-02
1776     5.92000000e-09    2.05433876e+00    1.22425069e+00    3.99908996e+00   -1.24085771e-03   -1.04285004e-02    1.00000000e-02
1777     5.92333333e-09    2.04538839e+00    1.21428873e+00    3.99548009e+00   -4.75086250e-03   -1.05823298e-02    1.00000000e-02
1778     5.92666667e-09    2.04529737e+00    1.21290011e+00    3.99344721e+00   -6.59465321e-03   -1.08663615e-02    1.00000000e-02
1779     5.93000000e-09    2.05410675e+00    1.22063352e+00    3.99391119e+00   -5.92205665e-03   -1.11747008e-02    1.00000000e-02
1780     5.93333333e-09    2.06845709e+00    1.23453174e+00    3.99684788e+00   -2.83934489e-03   -1.13872281e-02    1.00000000e-02
1781     5.93666667e-09    2.08286635e+00    1.24926951e+00    4.00108357e+00    1.42000183e-03   -1.14187365e-02    1.00000000e-02
1782     5.94000000e-09    2.09182713e+00    1.25921377e+00    4.00481692e+00    5.04558994e-03   -1.12570868e-02    1.00000000e-02
1783     5.94333333e-09    2.09191756e+00    1.26058365e+00    4.00656245e+00    6.59707195e-03   -1.09679702e-02    1.00000000e-02
1784     5.94666667e-09    2.08310940e+00    1.25287430e+00    4.00579718e+00    5.62805401e-03   -1.06643592e-02    1.00000000e-02
1785     5.95000000e-09    2.06877241e+00    1.23902761e+00    4.00296171e+00    2.65454121e-03   -1.04598923e-02    1.00000000e-02
1786     5.95333333e-09    2.05438219e+00    1.22431558e+00    3.99909011e+00   -1.24062958e-03   -1.04286848e-02    1.00000000e-02
1787     5.95666667e-09    2.04543182e+00    1.21435370e+00    3.99548103e+00   -4.74986217e-03   -1.05824949e-02    1.00000000e-02
1788     5.96000000e-09    2.04534079e+00    1.21296520e+00    3.99344874e+00   -6.59310568e-03   -1.08664834e-02    1.00000000e-02
1789     5.96333333e-09    2.05415015e+00    1.22069867e+00    3.99391278e+00   -5.92050207e-03   -1.11747686e-02    1.00000000e-02
1790     5.96666667e-09    2.06850043e+00    1.23459684e+00    3.99684880e+00   -2.83850664e-03   -1.13872526e-02    1.00000000e-02
1791     5.97000000e-09    2.08290960e+00    1.24933448e+00    4.00108333e+00    1.41967648e-03   -1.14187492e-02    1.00000000e-02
1792     5.97333333e-09    2.09187029e+00    1.25927854e+00    4.00481567e+00    5.04428102e-03   -1.12571251e-02    1.00000000e-02
1793     5.97666667e-09    2.09196064e+00    1.26064824e+00    4.00656082e+00    6.59543920e-03   -1.09680581e-02    1.00000000e-02
1794     5.98000000e-09    2.08315243e+00    1.25293873e+00    4.00579585e+00    5.62676597e-03   -1.06644984e-02    1.00000000e-02
1795     5.98333333e-09    2.06881542e+00    1.23909196e+00    4.00296106e+00    2.65396257e-03   -1.04600660e-02    1.00000000e-02
1796     5.98666667e-09    2.05442519e+00    1.22437992e+00    3.99909025e+00   -1.24040453e-03   -1.04288671e-02    1.00000000e-02
1797     5.99000000e-09    2.04547482e+00    1.21441813e+00    3.99548196e+00   -4.74887533e-03   -1.05826582e-02    1.00000000e-02
1798     5.99333333e-09    2.04538379e+00    1.21302975e+00    3.99345025e+00   -6.59157927e-03   -1.08666040e-02    1.00000000e-02
1799     5.99666667e-09    2.05419312e+00    1.22076328e+00    3.99391435e+00   -5.91896898e-03   -1.11748359e-02    1.00000000e-02
1800     6.00000000e-09    2.06854334e+00    1.23466141e+00    3.99684970e+00   -2.83768005e-03   -1.13872772e-02    1.00000000e-02
1801     6.00333333e-09    2.08295242e+00    1.24939891e+00    4.00108309e+00    1.41935569e-03   -1.14187621e-02    1.00000000e-02
1802     6.00666667e-09    2.09191302e+00    1.25934278e+00    4.00481443e+00    5.04299025e-03   -1.12571632e-02    1.00000000e-02
1803     6.01000000e-09    2.09200330e+00    1.26071230e+00    4.00655922e+00    6.59382885e-03   -1.09681452e-02    1.00000000e-02
1804     6.01333333e-09    2.08319504e+00    1.25300264e+00    4.00579454e+00    5.62549534e-03   -1.06646361e-02    1.00000000e-02
1805     6.01666667e-09    2.06885801e+00    1.23915578e+00    4.00296042e+00    2.65339163e-03   -1.04602377e-02    1.00000000e-02
1806     6.02000000e-09    2.05446777e+00    1.22444375e+00    3.99909040e+00   -1.24018250e-03   -1.04290473e-02    1.00000000e-02
1807     6.02333333e-09    2.04551740e+00    1.21448204e+00    3.99548288e+00   -4.74790175e-03   -1.05828196e-02    1.00000000e-02
1808     6.02666667e-09    2.04542637e+00    1.21309377e+00    3.99345174e+00   -6.59007365e-03   -1.08667234e-02    1.00000000e-02
1809     6.03000000e-09    2.05423568e+00    1.22082737e+00    3.99391590e+00   -5.91745701e-03   -1.11749026e-02    1.00000000e-02
1810     6.03333333e-09    2.06858584e+00    1.23472546e+00    3.99685058e+00   -2.83686492e-03   -1.13873017e-02    1.00000000e-02
1811     6.03666667e-09    2.08299484e+00    1.24946281e+00    4.00108286e+00    1.41903937e-03   -1.14187752e-02    1.00000000e-02
1812     6.04000000e-09    2.09195535e+00    1.25940651e+00    4.00481321e+00    5.04171735e-03   -1.12572012e-02    1.00000000e-02
1813     6.04333333e-09    2.09204555e+00    1.26077584e+00    4.00655764e+00    6.59224054e-03   -1.09682314e-02    1.00000000e-02
1814     6.04666667e-09    2.08323724e+00    1.25306603e+00    4.00579325e+00    5.62424185e-03   -1.06647722e-02    1.00000000e-02
1815     6.05000000e-09    2.06890018e+00    1.23921910e+00    4.00295978e+00    2.65282827e-03   -1.04604074e-02    1.00000000e-02
1816     6.05333333e-09    2.05450994e+00    1.22450707e+00    3.99909054e+00   -1.23996345e-03   -1.04292254e-02    1.00000000e-02
1817     6.05666667e-09    2.04555957e+00    1.21454544e+00    3.99548378e+00   -4.74694123e-03   -1.05829791e-02    1.00000000e-02
1818     6.06000000e-09    2.04546854e+00    1.21315728e+00    3.99345321e+00   -6.58858850e-03   -1.08668415e-02    1.00000000e-02
1819     6.06333333e-09    2.05427783e+00    1.22089094e+00    3.99391742e+00   -5.91596584e-03   -1.11749687e-02    1.00000000e-02
1820     6.06666667e-09    2.06862794e+00    1.23478899e+00    3.99685146e+00   -2.83606107e-03   -1.13873263e-02    1.00000000e-02
1821     6.07000000e-09    2.08303685e+00    1.24952621e+00    4.00108263e+00    1.41872745e-03   -1.14187885e-02    1.00000000e-02
1822     6.07333333e-09    2.09199727e+00    1.25946972e+00    4.00481201e+00    5.04046202e-03   -1.12572389e-02    1.00000000e-02
1823     6.07666667e-09    2.09208740e+00    1.26083887e+00    4.00655608e+00    6.59067392e-03   -1.09683168e-02    1.00000000e-02
1824     6.08000000e-09    2.08327905e+00    1.25312893e+00    4.00579197e+00    5.62300523e-03   -1.06649068e-02    1.00000000e-02
1825     6.08333333e-09    2.06894197e+00    1.23928191e+00    4.00295916e+00    2.65227239e-03   -1.04605751e-02    1.00000000e-02
1826     6.08666667e-09    2.05455171e+00    1.22456988e+00    3.99909068e+00   -1.23974732e-03   -1.04294014e-02    1.00000000e-02
1827     6.09000000e-09    2.04560135e+00    1.21460834e+00    3.99548467e+00   -4.74599357e-03   -1.05831368e-02    1.00000000e-02
1828     6.09333333e-09    2.04551032e+00    1.21322028e+00    3.99345466e+00   -6.58712348e-03   -1.08669583e-02    1.00000000e-02
1829     6.09666667e-09    2.05431958e+00    1.22095400e+00    3.99391892e+00   -5.91449513e-03   -1.11750343e-02    1.00000000e-02
1830     6.10000000e-09    2.06866964e+00    1.23485201e+00    3.99685232e+00   -2.83526832e-03   -1.13873509e-02    1.00000000e-02
1831     6.10333333e-09    2.08307847e+00    1.24958910e+00    4.00108240e+00    1.41841986e-03   -1.14188019e-02    1.00000000e-02
1832     6.10666667e-09    2.09203880e+00    1.25953244e+00    4.00481083e+00    5.03922398e-03   -1.12572765e-02    1.00000000e-02
1833     6.11000000e-09    2.09212886e+00    1.26090141e+00    4.00655454e+00    6.58912864e-03   -1.09684014e-02    1.00000000e-02
1834     6.11333333e-09    2.08332046e+00    1.25319133e+00    4.00579071e+00    5.62178521e-03   -1.06650400e-02    1.00000000e-02
1835     6.11666667e-09    2.06898336e+00    1.23934423e+00    4.00295854e+00    2.65172387e-03   -1.04607409e-02    1.00000000e-02
1836     6.12000000e-09    2.05459310e+00    1.22463221e+00    3.99909082e+00   -1.23953408e-03   -1.04295754e-02    1.00000000e-02
1837     6.12333333e-09    2.04564274e+00    1.21467074e+00    3.99548555e+00   -4.74505857e-03   -1.05832927e-02    1.00000000e-02
1838     6.12666667e-09    2.04555171e+00    1.21328280e+00    3.99345609e+00   -6.58567828e-03   -1.08670738e-02    1.00000000e-02
1839     6.13000000e-09    2.05436096e+00    1.22101658e+00    3.99392041e+00   -5.91304456e-03   -1.11750993e-02    1.00000000e-02
1840     6.13333333e-09    2.06871095e+00    1.23491455e+00    3.99685317e+00   -2.83448649e-03   -1.13873755e-02    1.00000000e-02
1841     6.13666667e-09    2.08311970e+00    1.24965151e+00    4.00108217e+00    1.41811653e-03   -1.14188155e-02    1.00000000e-02
1842     6.14000000e-09    2.09207995e+00    1.25959467e+00    4.00480966e+00    5.03800296e-03   -1.12573139e-02    1.00000000e-02
1843     6.14333333e-09    2.09216994e+00    1.26096347e+00    4.00655302e+00    6.58760438e-03   -1.09684851e-02    1.00000000e-02
1844     6.14666667e-09    2.08336150e+00    1.25325325e+00    4.00578947e+00    5.62058155e-03   -1.06651716e-02    1.00000000e-02
1845     6.15000000e-09    2.06902438e+00    1.23940608e+00    4.00295793e+00    2.65118259e-03   -1.04609048e-02    1.00000000e-02
1846     6.15333333e-09    2.05463411e+00    1.22469406e+00    3.99909096e+00   -1.23932368e-03   -1.04297473e-02    1.00000000e-02
1847     6.15666667e-09    2.04568375e+00    1.21473267e+00    3.99548642e+00   -4.74413603e-03   -1.05834469e-02    1.00000000e-02
1848     6.16000000e-09    2.04559272e+00    1.21334483e+00    3.99345750e+00   -6.58425260e-03   -1.08671881e-02    1.00000000e-02
1849     6.16333333e-09    2.05440195e+00    1.22107867e+00    3.99392187e+00   -5.91161381e-03   -1.11751637e-02    1.00000000e-02
1850     6.16666667e-09    2.06875190e+00    1.23497660e+00    3.99685401e+00   -2.83371541e-03   -1.13874000e-02    1.00000000e-02
1851     6.17000000e-09    2.08316057e+00    1.24971344e+00    4.00108195e+00    1.41781739e-03   -1.14188292e-02    1.00000000e-02
1852     6.17333333e-09    2.09212073e+00    1.25965642e+00    4.00480851e+00    5.03679869e-03   -1.12573511e-02    1.00000000e-02
1853     6.17666667e-09    2.09221066e+00    1.26102506e+00    4.00655152e+00    6.58610080e-03   -1.09685681e-02    1.00000000e-02
1854     6.18000000e-09    2.08340217e+00    1.25331470e+00    4.00578824e+00    5.61939399e-03   -1.06653018e-02    1.00000000e-02
1855     6.18333333e-09    2.06906503e+00    1.23946745e+00    4.00295733e+00    2.65064846e-03   -1.04610668e-02    1.00000000e-02
1856     6.18666667e-09    2.05467476e+00    1.22475544e+00    3.99909109e+00   -1.23911607e-03   -1.04299172e-02    1.00000000e-02
1857     6.19000000e-09    2.04572440e+00    1.21479413e+00    3.99548728e+00   -4.74322576e-03   -1.05835992e-02    1.00000000e-02
1858     6.19333333e-09    2.04563337e+00    1.21340639e+00    3.99345889e+00   -6.58284613e-03   -1.08673012e-02    1.00000000e-02
1859     6.19666667e-09    2.05444258e+00    1.22114029e+00    3.99392331e+00   -5.91020256e-03   -1.11752276e-02    1.00000000e-02
1860     6.20000000e-09    2.06879248e+00    1.23503818e+00    3.99685484e+00   -2.83295492e-03   -1.13874245e-02    1.00000000e-02
1861     6.20333333e-09    2.08320107e+00    1.24977489e+00    4.00108173e+00    1.41752237e-03   -1.14188430e-02    1.00000000e-02
1862     6.20666667e-09    2.09216115e+00    1.25971771e+00    4.00480737e+00    5.03561089e-03   -1.12573881e-02    1.00000000e-02
1863     6.21000000e-09    2.09225101e+00    1.26108618e+00    4.00655005e+00    6.58461757e-03   -1.09686501e-02    1.00000000e-02
1864     6.21333333e-09    2.08344248e+00    1.25337569e+00    4.00578703e+00    5.61822228e-03   -1.06654305e-02    1.00000000e-02
1865     6.21666667e-09    2.06910532e+00    1.23952837e+00    4.00295674e+00    2.65012136e-03   -1.04612268e-02    1.00000000e-02
1866     6.22000000e-09    2.05471504e+00    1.22481635e+00    3.99909122e+00   -1.23891121e-03   -1.04300852e-02    1.00000000e-02
1867     6.22333333e-09    2.04576470e+00    1.21485512e+00    3.99548812e+00   -4.74232759e-03   -1.05837498e-02    1.00000000e-02
1868     6.22666667e-09    2.04567367e+00    1.21346749e+00    3.99346026e+00   -6.58145857e-03   -1.08674130e-02    1.00000000e-02
1869     6.23000000e-09    2.05448286e+00    1.22120144e+00    3.99392474e+00   -5.90881051e-03   -1.11752909e-02    1.00000000e-02
1870     6.23333333e-09    2.06883270e+00    1.23509930e+00    3.99685566e+00   -2.83220483e-03   -1.13874490e-02    1.00000000e-02
1871     6.23666667e-09    2.08324122e+00    1.24983589e+00    4.00108151e+00    1.41723141e-03   -1.14188569e-02    1.00000000e-02
1872     6.24000000e-09    2.09220122e+00    1.25977854e+00    4.00480625e+00    5.03443930e-03   -1.12574248e-02    1.00000000e-02
1873     6.24333333e-09    2.09229101e+00    1.26114685e+00    4.00654859e+00    6.58315439e-03   -1.09687314e-02    1.00000000e-02
1874     6.24666667e-09    2.08348245e+00    1.25343623e+00    4.00578584e+00    5.61706619e-03   -1.06655578e-02    1.00000000e-02
1875     6.25000000e-09    2.06914526e+00    1.23958884e+00    4.00295615e+00    2.64960120e-03   -1.04613851e-02    1.00000000e-02
1876     6.25333333e-09    2.05475498e+00    1.22487682e+00    3.99909136e+00   -1.23870905e-03   -1.04302511e-02    1.00000000e-02
1877     6.25666667e-09    2.04580464e+00    1.21491567e+00    3.99548895e+00   -4.74144131e-03   -1.05838987e-02    1.00000000e-02
1878     6.26000000e-09    2.04571361e+00    1.21352813e+00    3.99346161e+00   -6.58008963e-03   -1.08675236e-02    1.00000000e-02
1879     6.26333333e-09    2.05452278e+00    1.22126215e+00    3.99392614e+00   -5.90743736e-03   -1.11753536e-02    1.00000000e-02
1880     6.26666667e-09    2.06887258e+00    1.23515997e+00    3.99685646e+00   -2.83146499e-03   -1.13874735e-02    1.00000000e-02
1881     6.27000000e-09    2.08328102e+00    1.24989643e+00    4.00108130e+00    1.41694443e-03   -1.14188709e-02    1.00000000e-02
1882     6.27333333e-09    2.09224094e+00    1.25983892e+00    4.00480514e+00    5.03328368e-03   -1.12574614e-02    1.00000000e-02
1883     6.27666667e-09    2.09233067e+00    1.26120707e+00    4.00654715e+00    6.58171093e-03   -1.09688118e-02    1.00000000e-02
1884     6.28000000e-09    2.08352207e+00    1.25349633e+00    4.00578466e+00    5.61592548e-03   -1.06656836e-02    1.00000000e-02
1885     6.28333333e-09    2.06918486e+00    1.23964886e+00    4.00295557e+00    2.64908786e-03   -1.04615414e-02    1.00000000e-02
1886     6.28666667e-09    2.05479458e+00    1.22493685e+00    3.99909149e+00   -1.23850956e-03   -1.04304152e-02    1.00000000e-02
1887     6.29000000e-09    2.04584424e+00    1.21497577e+00    3.99548978e+00   -4.74056676e-03   -1.05840458e-02    1.00000000e-02
1888     6.29333333e-09    2.04575322e+00    1.21358834e+00    3.99346295e+00   -6.57873903e-03   -1.08676330e-02    1.00000000e-02
1889     6.29666667e-09    2.05456237e+00    1.22132240e+00    3.99392753e+00   -5.90608281e-03   -1.11754158e-02    1.00000000e-02
1890     6.30000000e-09    2.06891212e+00    1.23522019e+00    3.99685726e+00   -2.83073524e-03   -1.13874978e-02    1.00000000e-02
1891     6.30333333e-09    2.08332048e+00    1.24995654e+00    4.00108109e+00    1.41666138e-03   -1.14188849e-02    1.00000000e-02
1892     6.30666667e-09    2.09228033e+00    1.25989887e+00    4.00480405e+00    5.03214377e-03   -1.12574977e-02    1.00000000e-02
1893     6.31000000e-09    2.09237000e+00    1.26126686e+00    4.00654573e+00    6.58028690e-03   -1.09688914e-02    1.00000000e-02
1894     6.31333333e-09    2.08356135e+00    1.25355599e+00    4.00578350e+00    5.61479991e-03   -1.06658080e-02    1.00000000e-02
1895     6.31666667e-09    2.06922413e+00    1.23970845e+00    4.00295500e+00    2.64858124e-03   -1.04616960e-02    1.00000000e-02
1896     6.32000000e-09    2.05483384e+00    1.22499645e+00    3.99909161e+00   -1.23831270e-03   -1.04305773e-02    1.00000000e-02
1897     6.32333333e-09    2.04588351e+00    1.21503544e+00    3.99549059e+00   -4.73970375e-03   -1.05841913e-02    1.00000000e-02
1898     6.32666667e-09    2.04579249e+00    1.21364811e+00    3.99346427e+00   -6.57740648e-03   -1.08677412e-02    1.00000000e-02
1899     6.33000000e-09    2.05460163e+00    1.22138223e+00    3.99392889e+00   -5.90474658e-03   -1.11754773e-02    1.00000000e-02
1900     6.33333333e-09    2.06895133e+00    1.23527998e+00    3.99685804e+00   -2.83001542e-03   -1.13875221e-02    1.00000000e-02
1901     6.33666667e-09    2.08335962e+00    1.25001621e+00    4.00108088e+00    1.41638219e-03   -1.14188991e-02    1.00000000e-02
1902     6.34000000e-09    2.09231939e+00    1.25995838e+00    4.00480297e+00    5.03101932e-03   -1.12575338e-02    1.00000000e-02
1903     6.34333333e-09    2.09240900e+00    1.26132622e+00    4.00654434e+00    6.57888199e-03   -1.09689702e-02    1.00000000e-02
1904     6.34666667e-09    2.08360031e+00    1.25361522e+00    4.00578235e+00    5.61368926e-03   -1.06659310e-02    1.00000000e-02
1905     6.35000000e-09    2.06926307e+00    1.23976762e+00    4.00295444e+00    2.64808126e-03   -1.04618488e-02    1.00000000e-02
1906     6.35333333e-09    2.05487279e+00    1.22505562e+00    3.99909174e+00   -1.23811842e-03   -1.04307375e-02    1.00000000e-02
1907     6.35666667e-09    2.04592246e+00    1.21509468e+00    3.99549139e+00   -4.73885211e-03   -1.05843350e-02    1.00000000e-02
1908     6.36000000e-09    2.04583144e+00    1.21370745e+00    3.99346557e+00   -6.57609171e-03   -1.08678482e-02    1.00000000e-02
1909     6.36333333e-09    2.05464056e+00    1.22144162e+00    3.99393024e+00   -5.90342838e-03   -1.11755383e-02    1.00000000e-02
1910     6.36666667e-09    2.06899021e+00    1.23533934e+00    3.99685882e+00   -2.82930537e-03   -1.13875464e-02    1.00000000e-02
1911     6.37000000e-09    2.08339844e+00    1.25007545e+00    4.00108068e+00    1.41610680e-03   -1.14189133e-02    1.00000000e-02
1912     6.37333333e-09    2.09235813e+00    1.26001747e+00    4.00480191e+00    5.02991009e-03   -1.12575696e-02    1.00000000e-02
1913     6.37666667e-09    2.09244768e+00    1.26138515e+00    4.00654296e+00    6.57749592e-03   -1.09690482e-02    1.00000000e-02
1914     6.38000000e-09    2.08363896e+00    1.25367404e+00    4.00578122e+00    5.61259329e-03   -1.06660526e-02    1.00000000e-02
1915     6.38333333e-09    2.06930170e+00    1.23982637e+00    4.00295389e+00    2.64758781e-03   -1.04619997e-02    1.00000000e-02
1916     6.38666667e-09    2.05491141e+00    1.22511438e+00    3.99909186e+00   -1.23792669e-03   -1.04308958e-02    1.00000000e-02
1917     6.39000000e-09    2.04596109e+00    1.21515351e+00    3.99549218e+00   -4.73801167e-03   -1.05844771e-02    1.00000000e-02
1918     6.39333333e-09    2.04587007e+00    1.21376637e+00    3.99346685e+00   -6.57479445e-03   -1.08679541e-02    1.00000000e-02
1919     6.39666667e-09    2.05467918e+00    1.22150060e+00    3.99393157e+00   -5.90212793e-03   -1.11755988e-02    1.00000000e-02
1920     6.40000000e-09    2.06902878e+00    1.23539828e+00    3.99685958e+00   -2.82860495e-03   -1.13875705e-02    1.00000000e-02
1921     6.40333333e-09    2.08343694e+00    1.25013428e+00    4.00108047e+00    1.41583515e-03   -1.14189276e-02    1.00000000e-02
1922     6.40666667e-09    2.09239656e+00    1.26007615e+00    4.00480087e+00    5.02881584e-03   -1.12576052e-02    1.00000000e-02
1923     6.41000000e-09    2.09248604e+00    1.26144368e+00    4.00654159e+00    6.57612838e-03   -1.09691253e-02    1.00000000e-02
1924     6.41333333e-09    2.08367729e+00    1.25373245e+00    4.00578010e+00    5.61151180e-03   -1.06661728e-02    1.00000000e-02
1925     6.41666667e-09    2.06934002e+00    1.23988472e+00    4.00295334e+00    2.64710079e-03   -1.04621489e-02    1.00000000e-02
1926     6.42000000e-09    2.05494972e+00    1.22517272e+00    3.99909199e+00   -1.23773747e-03   -1.04310522e-02    1.00000000e-02
1927     6.42333333e-09    2.04599941e+00    1.21521193e+00    3.99549296e+00   -4.73718226e-03   -1.05846175e-02    1.00000000e-02
1928     6.42666667e-09    2.04590840e+00    1.21382488e+00    3.99346812e+00   -6.57351443e-03   -1.08680587e-02    1.00000000e-02
1929     6.43000000e-09    2.05471749e+00    1.22155916e+00    3.99393288e+00   -5.90084496e-03   -1.11756586e-02    1.00000000e-02
1930     6.43333333e-09    2.06906705e+00    1.23545681e+00    3.99686033e+00   -2.82791400e-03   -1.13875946e-02    1.00000000e-02
1931     6.43666667e-09    2.08347513e+00    1.25019270e+00    4.00108027e+00    1.41556719e-03   -1.14189419e-02    1.00000000e-02
1932     6.44000000e-09    2.09243468e+00    1.26013442e+00    4.00479983e+00    5.02773635e-03   -1.12576406e-02    1.00000000e-02
1933     6.44333333e-09    2.09252411e+00    1.26150180e+00    4.00654025e+00    6.57477911e-03   -1.09692017e-02    1.00000000e-02
1934     6.44666667e-09    2.08371532e+00    1.25379046e+00    4.00577900e+00    5.61044456e-03   -1.06662916e-02    1.00000000e-02
1935     6.45000000e-09    2.06937803e+00    1.23994266e+00    4.00295280e+00    2.64662011e-03   -1.04622963e-02    1.00000000e-02
1936     6.45333333e-09    2.05498773e+00    1.22523067e+00    3.99909211e+00   -1.23755071e-03   -1.04312068e-02    1.00000000e-02
1937     6.45666667e-09    2.04603742e+00    1.21526994e+00    3.99549373e+00   -4.73636373e-03   -1.05847563e-02    1.00000000e-02
1938     6.46000000e-09    2.04594642e+00    1.21388299e+00    3.99346937e+00   -6.57225138e-03   -1.08681622e-02    1.00000000e-02
1939     6.46333333e-09    2.05475549e+00    1.22161731e+00    3.99393418e+00   -5.89957920e-03   -1.11757179e-02    1.00000000e-02
1940     6.46666667e-09    2.06910501e+00    1.23551493e+00    3.99686108e+00   -2.82723238e-03   -1.13876186e-02    1.00000000e-02
1941     6.47000000e-09    2.08351303e+00    1.25025071e+00    4.00108008e+00    1.41530285e-03   -1.14189562e-02    1.00000000e-02
1942     6.47333333e-09    2.09247250e+00    1.26019228e+00    4.00479881e+00    5.02667138e-03   -1.12576757e-02    1.00000000e-02
1943     6.47666667e-09    2.09256188e+00    1.26155953e+00    4.00653892e+00    6.57344781e-03   -1.09692773e-02    1.00000000e-02
1944     6.48000000e-09    2.08375305e+00    1.25384807e+00    4.00577792e+00    5.60939136e-03   -1.06664091e-02    1.00000000e-02
1945     6.48333333e-09    2.06941575e+00    1.24000020e+00    4.00295226e+00    2.64614567e-03   -1.04624421e-02    1.00000000e-02
1946     6.48666667e-09    2.05502545e+00    1.22528822e+00    3.99909223e+00   -1.23736639e-03   -1.04313596e-02    1.00000000e-02
1947     6.49000000e-09    2.04607514e+00    1.21532756e+00    3.99549449e+00   -4.73555590e-03   -1.05848935e-02    1.00000000e-02
1948     6.49333333e-09    2.04598414e+00    1.21394070e+00    3.99347060e+00   -6.57100507e-03   -1.08682645e-02    1.00000000e-02
1949     6.49666667e-09    2.05479320e+00    1.22167507e+00    3.99393545e+00   -5.89833038e-03   -1.11757767e-02    1.00000000e-02
1950     6.50000000e-09    2.06914268e+00    1.23557266e+00    3.99686181e+00   -2.82655994e-03   -1.13876425e-02    1.00000000e-02
1951     6.50333333e-09    2.08355063e+00    1.25030833e+00    4.00107988e+00    1.41504207e-03   -1.14189706e-02    1.00000000e-02
1952     6.50666667e-09    2.09251003e+00    1.26024976e+00    4.00479781e+00    5.02562071e-03   -1.12577105e-02    1.00000000e-02
1953     6.51000000e-09    2.09259935e+00    1.26161686e+00    4.00653762e+00    6.57213422e-03   -1.09693521e-02    1.00000000e-02
1954     6.51333333e-09    2.08379049e+00    1.25390529e+00    4.00577684e+00    5.60835199e-03   -1.06665252e-02    1.00000000e-02
1955     6.51666667e-09    2.06945317e+00    1.24005736e+00    4.00295174e+00    2.64567740e-03   -1.04625861e-02    1.00000000e-02
1956     6.52000000e-09    2.05506287e+00    1.22534538e+00    3.99909235e+00   -1.23718446e-03   -1.04315106e-02    1.00000000e-02
1957     6.52333333e-09    2.04611258e+00    1.21538479e+00    3.99549524e+00   -4.73475861e-03   -1.05850291e-02    1.00000000e-02
1958     6.52666667e-09    2.04602157e+00    1.21399801e+00    3.99347182e+00   -6.56977522e-03   -1.08683657e-02    1.00000000e-02
1959     6.53000000e-09    2.05483062e+00    1.22173244e+00    3.99393671e+00   -5.89709825e-03   -1.11758348e-02    1.00000000e-02
1960     6.53333333e-09    2.06918006e+00    1.23563000e+00    3.99686253e+00   -2.82589654e-03   -1.13876662e-02    1.00000000e-02
1961     6.53666667e-09    2.08358794e+00    1.25036556e+00    4.00107969e+00    1.41478481e-03   -1.14189850e-02    1.00000000e-02
1962     6.54000000e-09    2.09254728e+00    1.26030685e+00    4.00479682e+00    5.02458413e-03   -1.12577451e-02    1.00000000e-02
1963     6.54333333e-09    2.09263654e+00    1.26167381e+00    4.00653633e+00    6.57083807e-03   -1.09694261e-02    1.00000000e-02
1964     6.54666667e-09    2.08382765e+00    1.25396213e+00    4.00577578e+00    5.60732625e-03   -1.06666400e-02    1.00000000e-02
1965     6.55000000e-09    2.06949031e+00    1.24011414e+00    4.00295122e+00    2.64521519e-03   -1.04627284e-02    1.00000000e-02
1966     6.55333333e-09    2.05510001e+00    1.22540217e+00    3.99909247e+00   -1.23700490e-03   -1.04316598e-02    1.00000000e-02
1967     6.55666667e-09    2.04614972e+00    1.21544164e+00    3.99549598e+00   -4.73397172e-03   -1.05851631e-02    1.00000000e-02
1968     6.56000000e-09    2.04605873e+00    1.21405495e+00    3.99347302e+00   -6.56856160e-03   -1.08684657e-02    1.00000000e-02
1969     6.56333333e-09    2.05486776e+00    1.22178943e+00    3.99393796e+00   -5.89588256e-03   -1.11758924e-02    1.00000000e-02
1970     6.56666667e-09    2.06921715e+00    1.23568695e+00    3.99686324e+00   -2.82524205e-03   -1.13876899e-02    1.00000000e-02
1971     6.57000000e-09    2.08362498e+00    1.25042241e+00    4.00107951e+00    1.41453101e-03   -1.14189994e-02    1.00000000e-02
1972     6.57333333e-09    2.09258424e+00    1.26036356e+00    4.00479584e+00    5.02356141e-03   -1.12577795e-02    1.00000000e-02
1973     6.57666667e-09    2.09267345e+00    1.26173038e+00    4.00653505e+00    6.56955910e-03   -1.09694993e-02    1.00000000e-02
1974     6.58000000e-09    2.08386452e+00    1.25401859e+00    4.00577474e+00    5.60631393e-03   -1.06667535e-02    1.00000000e-02
1975     6.58333333e-09    2.06952718e+00    1.24017055e+00    4.00295070e+00    2.64475896e-03   -1.04628690e-02    1.00000000e-02
1976     6.58666667e-09    2.05513687e+00    1.22545858e+00    3.99909258e+00   -1.23682766e-03   -1.04318072e-02    1.00000000e-02
1977     6.59000000e-09    2.04618659e+00    1.21549811e+00    3.99549671e+00   -4.73319507e-03   -1.05852956e-02    1.00000000e-02
1978     6.59333333e-09    2.04609560e+00    1.21411151e+00    3.99347420e+00   -6.56736396e-03   -1.08685647e-02    1.00000000e-02
1979     6.59666667e-09    2.05490462e+00    1.22184603e+00    3.99393918e+00   -5.89468306e-03   -1.11759494e-02    1.00000000e-02
1980     6.60000000e-09    2.06925397e+00    1.23574352e+00    3.99686395e+00   -2.82459632e-03   -1.13877134e-02    1.00000000e-02
1981     6.60333333e-09    2.08366173e+00    1.25047888e+00    4.00107932e+00    1.41428061e-03   -1.14190138e-02    1.00000000e-02
1982     6.60666667e-09    2.09262093e+00    1.26041989e+00    4.00479487e+00    5.02255234e-03   -1.12578135e-02    1.00000000e-02
1983     6.61000000e-09    2.09271009e+00    1.26178658e+00    4.00653380e+00    6.56829705e-03   -1.09695717e-02    1.00000000e-02
1984     6.61333333e-09    2.08390113e+00    1.25407468e+00    4.00577371e+00    5.60531485e-03   -1.06668657e-02    1.00000000e-02
1985     6.61666667e-09    2.06956377e+00    1.24022658e+00    4.00295020e+00    2.64430863e-03   -1.04630080e-02    1.00000000e-02
1986     6.62000000e-09    2.05517346e+00    1.22551462e+00    3.99909270e+00   -1.23665271e-03   -1.04319529e-02    1.00000000e-02
1987     6.62333333e-09    2.04622319e+00    1.21555422e+00    3.99549743e+00   -4.73242851e-03   -1.05854265e-02    1.00000000e-02
1988     6.62666667e-09    2.04613220e+00    1.21416770e+00    3.99347537e+00   -6.56618207e-03   -1.08686625e-02    1.00000000e-02
1989     6.63000000e-09    2.05494121e+00    1.22190227e+00    3.99394039e+00   -5.89349949e-03   -1.11760059e-02    1.00000000e-02
1990     6.63333333e-09    2.06929052e+00    1.23579973e+00    3.99686464e+00   -2.82395924e-03   -1.13877369e-02    1.00000000e-02
1991     6.63666667e-09    2.08369822e+00    1.25053498e+00    4.00107914e+00    1.41403356e-03   -1.14190282e-02    1.00000000e-02
1992     6.64000000e-09    2.09265735e+00    1.26047586e+00    4.00479392e+00    5.02155672e-03   -1.12578473e-02    1.00000000e-02
1993     6.64333333e-09    2.09274645e+00    1.26184242e+00    4.00653256e+00    6.56705166e-03   -1.09696434e-02    1.00000000e-02
1994     6.64666667e-09    2.08393746e+00    1.25413041e+00    4.00577269e+00    5.60432879e-03   -1.06669765e-02    1.00000000e-02
1995     6.65000000e-09    2.06960009e+00    1.24028225e+00    4.00294970e+00    2.64386410e-03   -1.04631453e-02    1.00000000e-02
1996     6.65333333e-09    2.05520979e+00    1.22557029e+00    3.99909281e+00   -1.23648002e-03   -1.04320969e-02    1.00000000e-02
1997     6.65666667e-09    2.04625952e+00    1.21560996e+00    3.99549815e+00   -4.73167189e-03   -1.05855558e-02    1.00000000e-02
1998     6.66000000e-09    2.04616853e+00    1.21422352e+00    3.99347653e+00   -6.56501568e-03   -1.08687592e-02    1.00000000e-02
1999     6.66333333e-09    2.05497753e+00    1.22195813e+00    3.99394159e+00   -5.89233162e-03   -1.11760618e-02    1.00000000e-02
2000     6.66666667e-09    2.06932680e+00    1.23585556e+00    3.99686533e+00   -2.82333065e-03   -1.13877602e-02    1.00000000e-02
2001     6.67000000e-09    2.08373444e+00    1.25059072e+00    4.00107895e+00    1.41378982e-03   -1.14190426e-02    1.00000000e-02
2002     6.67333333e-09    2.09269351e+00    1.26053146e+00    4.00479298e+00    5.02057435e-03   -1.12578809e-02    1.00000000e-02
2003     6.67666667e-09    2.09278256e+00    1.26189789e+00    4.00653133e+00    6.56582269e-03   -1.09697143e-02    1.00000000e-02
2004     6.68000000e-09    2.08397354e+00    1.25418579e+00    4.00577169e+00    5.60335557e-03   -1.06670862e-02    1.00000000e-02
2005     6.68333333e-09    2.06963615e+00    1.24033757e+00    4.00294920e+00    2.64342529e-03   -1.04632810e-02    1.00000000e-02
2006     6.68666667e-09    2.05524585e+00    1.22562561e+00    3.99909292e+00   -1.23630956e-03   -1.04322392e-02    1.00000000e-02
2007     6.69000000e-09    2.04629558e+00    1.21566534e+00    3.99549885e+00   -4.73092507e-03   -1.05856837e-02    1.00000000e-02
2008     6.69333333e-09    2.04620461e+00    1.21427898e+00    3.99347766e+00   -6.56386458e-03   -1.08688548e-02    1.00000000e-02
2009     6.69666667e-09    2.05501359e+00    1.22201364e+00    3.99394277e+00   -5.89117922e-03   -1.11761172e-02    1.00000000e-02
2010     6.70000000e-09    2.06936282e+00    1.23591104e+00    3.99686600e+00   -2.82271044e-03   -1.13877833e-02    1.00000000e-02
2011     6.70333333e-09    2.08377040e+00    1.25064610e+00    4.00107878e+00    1.41354932e-03   -1.14190569e-02    1.00000000e-02
2012     6.70666667e-09    2.09272940e+00    1.26058671e+00    4.00479205e+00    5.01960502e-03   -1.12579142e-02    1.00000000e-02
2013     6.71000000e-09    2.09281841e+00    1.26195301e+00    4.00653013e+00    6.56460989e-03   -1.09697844e-02    1.00000000e-02
2014     6.71333333e-09    2.08400936e+00    1.25424081e+00    4.00577069e+00    5.60239501e-03   -1.06671945e-02    1.00000000e-02
2015     6.71666667e-09    2.06967195e+00    1.24039254e+00    4.00294871e+00    2.64299213e-03   -1.04634151e-02    1.00000000e-02
2016     6.72000000e-09    2.05528165e+00    1.22568058e+00    3.99909303e+00   -1.23614128e-03   -1.04323797e-02    1.00000000e-02
2017     6.72333333e-09    2.04633139e+00    1.21572037e+00    3.99549954e+00   -4.73018790e-03   -1.05858100e-02    1.00000000e-02
2018     6.72666667e-09    2.04624042e+00    1.21433409e+00    3.99347879e+00   -6.56272854e-03   -1.08689494e-02    1.00000000e-02
2019     6.73000000e-09    2.05504939e+00    1.22206880e+00    3.99394393e+00   -5.89004205e-03   -1.11761720e-02    1.00000000e-02
2020     6.73333333e-09    2.06939859e+00    1.23596616e+00    3.99686667e+00   -2.82209848e-03   -1.13878064e-02    1.00000000e-02
2021     6.73666667e-09    2.08380611e+00    1.25070113e+00    4.00107860e+00    1.41331203e-03   -1.14190713e-02    1.00000000e-02
2022     6.74000000e-09    2.09276505e+00    1.26064161e+00    4.00479114e+00    5.01864854e-03   -1.12579472e-02    1.00000000e-02
2023     6.74333333e-09    2.09285400e+00    1.26200778e+00    4.00652893e+00    6.56341303e-03   -1.09698538e-02    1.00000000e-02
2024     6.74666667e-09    2.08404492e+00    1.25429548e+00    4.00576972e+00    5.60144691e-03   -1.06673016e-02    1.00000000e-02
2025     6.75000000e-09    2.06970751e+00    1.24044715e+00    4.00294823e+00    2.64256453e-03   -1.04635476e-02    1.00000000e-02
2026     6.75333333e-09    2.05531720e+00    1.22573521e+00    3.99909314e+00   -1.23597517e-03   -1.04325186e-02    1.00000000e-02
2027     6.75666667e-09    2.04636695e+00    1.21577505e+00    3.99550023e+00   -4.72946025e-03   -1.05859349e-02    1.00000000e-02
2028     6.76000000e-09    2.04627598e+00    1.21438885e+00    3.99347990e+00   -6.56160732e-03   -1.08690429e-02    1.00000000e-02
2029     6.76333333e-09    2.05508495e+00    1.22212360e+00    3.99394508e+00   -5.88891989e-03   -1.11762262e-02    1.00000000e-02
2030     6.76666667e-09    2.06943410e+00    1.23602094e+00    3.99686733e+00   -2.82149465e-03   -1.13878293e-02    1.00000000e-02
2031     6.77000000e-09    2.08384156e+00    1.25075581e+00    4.00107843e+00    1.41307788e-03   -1.14190856e-02    1.00000000e-02
2032     6.77333333e-09    2.09280044e+00    1.26069616e+00    4.00479023e+00    5.01770471e-03   -1.12579799e-02    1.00000000e-02
2033     6.77666667e-09    2.09288935e+00    1.26206221e+00    4.00652776e+00    6.56223185e-03   -1.09699224e-02    1.00000000e-02
2034     6.78000000e-09    2.08408024e+00    1.25434981e+00    4.00576875e+00    5.60051110e-03   -1.06674074e-02    1.00000000e-02
2035     6.78333333e-09    2.06974281e+00    1.24050143e+00    4.00294776e+00    2.64214241e-03   -1.04636786e-02    1.00000000e-02
2036     6.78666667e-09    2.05535251e+00    1.22578949e+00    3.99909324e+00   -1.23581119e-03   -1.04326559e-02    1.00000000e-02
2037     6.79000000e-09    2.04640227e+00    1.21582939e+00    3.99550090e+00   -4.72874197e-03   -1.05860583e-02    1.00000000e-02
2038     6.79333333e-09    2.04631130e+00    1.21444327e+00    3.99348099e+00   -6.56050072e-03   -1.08691353e-02    1.00000000e-02
2039     6.79666667e-09    2.05512025e+00    1.22217806e+00    3.99394621e+00   -5.88781251e-03   -1.11762799e-02    1.00000000e-02
2040     6.80000000e-09    2.06946937e+00    1.23607537e+00    3.99686798e+00   -2.82089881e-03   -1.13878520e-02    1.00000000e-02
2041     6.80333333e-09    2.08387678e+00    1.25081014e+00    4.00107825e+00    1.41284685e-03   -1.14190999e-02    1.00000000e-02
2042     6.80666667e-09    2.09283559e+00    1.26075037e+00    4.00478934e+00    5.01677335e-03   -1.12580123e-02    1.00000000e-02
2043     6.81000000e-09    2.09292445e+00    1.26211630e+00    4.00652660e+00    6.56106614e-03   -1.09699903e-02    1.00000000e-02
2044     6.81333333e-09    2.08411531e+00    1.25440381e+00    4.00576780e+00    5.59958740e-03   -1.06675120e-02    1.00000000e-02
2045     6.81666667e-09    2.06977787e+00    1.24055537e+00    4.00294729e+00    2.64172569e-03   -1.04638080e-02    1.00000000e-02
2046     6.82000000e-09    2.05538757e+00    1.22584343e+00    3.99909335e+00   -1.23564931e-03   -1.04327916e-02    1.00000000e-02
2047     6.82333333e-09    2.04643733e+00    1.21588339e+00    3.99550157e+00   -4.72803293e-03   -1.05861802e-02    1.00000000e-02
2048     6.82666667e-09    2.04634637e+00    1.21449735e+00    3.99348207e+00   -6.55940853e-03   -1.08692266e-02    1.00000000e-02
2049     6.83000000e-09    2.05515531e+00    1.22223218e+00    3.99394733e+00   -5.88671969e-03   -1.11763331e-02    1.00000000e-02
2050     6.83333333e-09    2.06950440e+00    1.23612946e+00    3.99686862e+00   -2.82031086e-03   -1.13878747e-02    1.00000000e-02
2051     6.83666667e-09    2.08391175e+00    1.25086414e+00    4.00107809e+00    1.41261887e-03   -1.14191142e-02    1.00000000e-02
2052     6.84000000e-09    2.09287050e+00    1.26080424e+00    4.00478846e+00    5.01585426e-03   -1.12580445e-02    1.00000000e-02
2053     6.84333333e-09    2.09295931e+00    1.26217006e+00    4.00652545e+00    6.55991567e-03   -1.09700574e-02    1.00000000e-02
2054     6.84666667e-09    2.08415014e+00    1.25445747e+00    4.00576686e+00    5.59867563e-03   -1.06676154e-02    1.00000000e-02
2055     6.85000000e-09    2.06981269e+00    1.24060898e+00    4.00294683e+00    2.64131430e-03   -1.04639359e-02    1.00000000e-02
2056     6.85333333e-09    2.05542239e+00    1.22589705e+00    3.99909345e+00   -1.23548950e-03   -1.04329256e-02    1.00000000e-02
2057     6.85666667e-09    2.04647216e+00    1.21593706e+00    3.99550223e+00   -4.72733300e-03   -1.05863007e-02    1.00000000e-02
2058     6.86000000e-09    2.04638121e+00    1.21455109e+00    3.99348314e+00   -6.55833052e-03   -1.08693169e-02    1.00000000e-02
2059     6.86333333e-09    2.05519014e+00    1.22228596e+00    3.99394843e+00   -5.88564122e-03   -1.11763857e-02    1.00000000e-02
2060     6.86666667e-09    2.06953919e+00    1.23618321e+00    3.99686925e+00   -2.81973068e-03   -1.13878971e-02    1.00000000e-02
2061     6.87000000e-09    2.08394648e+00    1.25091780e+00    4.00107792e+00    1.41239390e-03   -1.14191285e-02    1.00000000e-02
2062     6.87333333e-09    2.09290518e+00    1.26085779e+00    4.00478759e+00    5.01494727e-03   -1.12580764e-02    1.00000000e-02
2063     6.87666667e-09    2.09299394e+00    1.26222348e+00    4.00652432e+00    6.55878021e-03   -1.09701238e-02    1.00000000e-02
2064     6.88000000e-09    2.08418474e+00    1.25451080e+00    4.00576593e+00    5.59777563e-03   -1.06677176e-02    1.00000000e-02
2065     6.88333333e-09    2.06984728e+00    1.24066227e+00    4.00294637e+00    2.64090815e-03   -1.04640622e-02    1.00000000e-02
2066     6.88666667e-09    2.05545698e+00    1.22595033e+00    3.99909356e+00   -1.23533173e-03   -1.04330580e-02    1.00000000e-02
2067     6.89000000e-09    2.04650676e+00    1.21599040e+00    3.99550288e+00   -4.72664205e-03   -1.05864198e-02    1.00000000e-02
2068     6.89333333e-09    2.04641581e+00    1.21460451e+00    3.99348419e+00   -6.55726650e-03   -1.08694062e-02    1.00000000e-02
2069     6.89666667e-09    2.05522473e+00    1.22233941e+00    3.99394952e+00   -5.88457688e-03   -1.11764377e-02    1.00000000e-02
2070     6.90000000e-09    2.06957374e+00    1.23623664e+00    3.99686987e+00   -2.81915814e-03   -1.13879195e-02    1.00000000e-02
2071     6.90333333e-09    2.08398098e+00    1.25097114e+00    4.00107775e+00    1.41217190e-03   -1.14191427e-02    1.00000000e-02
2072     6.90666667e-09    2.09293962e+00    1.26091100e+00    4.00478674e+00    5.01405220e-03   -1.12581081e-02    1.00000000e-02
2073     6.91000000e-09    2.09302833e+00    1.26227658e+00    4.00652321e+00    6.55765954e-03   -1.09701895e-02    1.00000000e-02
2074     6.91333333e-09    2.08421911e+00    1.25456381e+00    4.00576501e+00    5.59688721e-03   -1.06678186e-02    1.00000000e-02
2075     6.91666667e-09    2.06988164e+00    1.24071523e+00    4.00294592e+00    2.64050719e-03   -1.04641871e-02    1.00000000e-02
2076     6.92000000e-09    2.05549134e+00    1.22600330e+00    3.99909366e+00   -1.23517597e-03   -1.04331889e-02    1.00000000e-02
2077     6.92333333e-09    2.04654113e+00    1.21604342e+00    3.99550352e+00   -4.72595995e-03   -1.05865375e-02    1.00000000e-02
2078     6.92666667e-09    2.04645018e+00    1.21465760e+00    3.99348523e+00   -6.55621626e-03   -1.08694945e-02    1.00000000e-02
2079     6.93000000e-09    2.05525909e+00    1.22239254e+00    3.99395059e+00   -5.88352647e-03   -1.11764893e-02    1.00000000e-02
2080     6.93333333e-09    2.06960807e+00    1.23628974e+00    3.99687049e+00   -2.81859314e-03   -1.13879417e-02    1.00000000e-02
2081     6.93666667e-09    2.08401525e+00    1.25102415e+00    4.00107759e+00    1.41195283e-03   -1.14191568e-02    1.00000000e-02
2082     6.94000000e-09    2.09297383e+00    1.26096390e+00    4.00478589e+00    5.01316888e-03   -1.12581394e-02    1.00000000e-02
2083     6.94333333e-09    2.09306250e+00    1.26232936e+00    4.00652211e+00    6.55655344e-03   -1.09702545e-02    1.00000000e-02
2084     6.94666667e-09    2.08425325e+00    1.25461650e+00    4.00576411e+00    5.59601022e-03   -1.06679185e-02    1.00000000e-02
2085     6.95000000e-09    2.06991577e+00    1.24076787e+00    4.00294548e+00    2.64011132e-03   -1.04643105e-02    1.00000000e-02
2086     6.95333333e-09    2.05552547e+00    1.22605594e+00    3.99909376e+00   -1.23502219e-03   -1.04333182e-02    1.00000000e-02
2087     6.95666667e-09    2.04657526e+00    1.21609612e+00    3.99550416e+00   -4.72528657e-03   -1.05866538e-02    1.00000000e-02
2088     6.96000000e-09    2.04648432e+00    1.21471037e+00    3.99348626e+00   -6.55517960e-03   -1.08695818e-02    1.00000000e-02
2089     6.96333333e-09    2.05529322e+00    1.22244535e+00    3.99395165e+00   -5.88248978e-03   -1.11765402e-02    1.00000000e-02
2090     6.96666667e-09    2.06964217e+00    1.23634252e+00    3.99687110e+00   -2.81803557e-03   -1.13879637e-02    1.00000000e-02
2091     6.97000000e-09    2.08404930e+00    1.25107684e+00    4.00107743e+00    1.41173664e-03   -1.14191709e-02    1.00000000e-02
2092     6.97333333e-09    2.09300782e+00    1.26101647e+00    4.00478506e+00    5.01229712e-03   -1.12581705e-02    1.00000000e-02
2093     6.97666667e-09    2.09309645e+00    1.26238183e+00    4.00652102e+00    6.55546171e-03   -1.09703187e-02    1.00000000e-02
2094     6.98000000e-09    2.08428717e+00    1.25466888e+00    4.00576321e+00    5.59514448e-03   -1.06680171e-02    1.00000000e-02
2095     6.98333333e-09    2.06994968e+00    1.24082020e+00    4.00294504e+00    2.63972049e-03   -1.04644324e-02    1.00000000e-02
2096     6.98666667e-09    2.05555938e+00    1.22610828e+00    3.99909386e+00   -1.23487036e-03   -1.04334460e-02    1.00000000e-02
2097     6.99000000e-09    2.04660918e+00    1.21614851e+00    3.99550478e+00   -4.72462178e-03   -1.05867687e-02    1.00000000e-02
2098     6.99333333e-09    2.04651825e+00    1.21476282e+00    3.99348727e+00   -6.55415632e-03   -1.08696681e-02    1.00000000e-02
2099     6.99666667e-09    2.05532713e+00    1.22249784e+00    3.99395270e+00   -5.88146660e-03   -1.11765907e-02    1.00000000e-02
2100     7.00000000e-09    2.06967605e+00    1.23639498e+00    3.99687170e+00   -2.81748531e-03   -1.13879856e-02    1.00000000e-02
2101     7.00333333e-09    2.08408312e+00    1.25112922e+00    4.00107727e+00    1.41152328e-03   -1.14191850e-02    1.00000000e-02
2102     7.00666667e-09    2.09304159e+00    1.26106874e+00    4.00478424e+00    5.01143675e-03   -1.12582013e-02    1.00000000e-02
2103     7.01000000e-09    2.09313017e+00    1.26243398e+00    4.00651995e+00    6.55438414e-03   -1.09703822e-02    1.00000000e-02
2104     7.01333333e-09    2.08432087e+00    1.25472095e+00    4.00576233e+00    5.59428985e-03   -1.06681147e-02    1.00000000e-02
2105     7.01666667e-09    2.06998337e+00    1.24087222e+00    4.00294460e+00    2.63933462e-03   -1.04645529e-02    1.00000000e-02
2106     7.02000000e-09    2.05559307e+00    1.22616030e+00    3.99909396e+00   -1.23472046e-03   -1.04335722e-02    1.00000000e-02
2107     7.02333333e-09    2.04664288e+00    1.21620058e+00    3.99550540e+00   -4.72396548e-03   -1.05868823e-02    1.00000000e-02
2108     7.02666667e-09    2.04655195e+00    1.21481496e+00    3.99348827e+00   -6.55314623e-03   -1.08697533e-02    1.00000000e-02
2109     7.03000000e-09    2.05536082e+00    1.22255002e+00    3.99395373e+00   -5.88045676e-03   -1.11766406e-02    1.00000000e-02
2110     7.03333333e-09    2.06970970e+00    1.23644713e+00    3.99687229e+00   -2.81694225e-03   -1.13880073e-02    1.00000000e-02
2111     7.03666667e-09    2.08411673e+00    1.25118128e+00    4.00107712e+00    1.41131272e-03   -1.14191989e-02    1.00000000e-02
2112     7.04000000e-09    2.09307514e+00    1.26112069e+00    4.00478342e+00    5.01058762e-03   -1.12582318e-02    1.00000000e-02
2113     7.04333333e-09    2.09316368e+00    1.26248583e+00    4.00651889e+00    6.55332051e-03   -1.09704451e-02    1.00000000e-02
2114     7.04666667e-09    2.08435435e+00    1.25477271e+00    4.00576146e+00    5.59344615e-03   -1.06682110e-02    1.00000000e-02
2115     7.05000000e-09    2.07001684e+00    1.24092393e+00    4.00294417e+00    2.63895363e-03   -1.04646719e-02    1.00000000e-02
2116     7.05333333e-09    2.05562654e+00    1.22621201e+00    3.99909405e+00   -1.23457246e-03   -1.04336970e-02    1.00000000e-02
2117     7.05666667e-09    2.04667636e+00    1.21625235e+00    3.99550601e+00   -4.72331753e-03   -1.05869946e-02    1.00000000e-02
2118     7.06000000e-09    2.04658543e+00    1.21486680e+00    3.99348925e+00   -6.55214915e-03   -1.08698376e-02    1.00000000e-02
2119     7.06333333e-09    2.05539430e+00    1.22260188e+00    3.99395475e+00   -5.87946004e-03   -1.11766901e-02    1.00000000e-02
2120     7.06666667e-09    2.06974315e+00    1.23649897e+00    3.99687287e+00   -2.81640630e-03   -1.13880288e-02    1.00000000e-02
2121     7.07000000e-09    2.08415012e+00    1.25123304e+00    4.00107696e+00    1.41110491e-03   -1.14192129e-02    1.00000000e-02
2122     7.07333333e-09    2.09310848e+00    1.26117234e+00    4.00478262e+00    5.00974956e-03   -1.12582621e-02    1.00000000e-02
2123     7.07666667e-09    2.09319698e+00    1.26253737e+00    4.00651784e+00    6.55227063e-03   -1.09705072e-02    1.00000000e-02
2124     7.08000000e-09    2.08438762e+00    1.25482416e+00    4.00576060e+00    5.59261325e-03   -1.06683063e-02    1.00000000e-02
2125     7.08333333e-09    2.07005010e+00    1.24097534e+00    4.00294375e+00    2.63857747e-03   -1.04647896e-02    1.00000000e-02
2126     7.08666667e-09    2.05565980e+00    1.22626343e+00    3.99909415e+00   -1.23442633e-03   -1.04338202e-02    1.00000000e-02
2127     7.09000000e-09    2.04670963e+00    1.21630381e+00    3.99550661e+00   -4.72267781e-03   -1.05871055e-02    1.00000000e-02
2128     7.09333333e-09    2.04661871e+00    1.21491832e+00    3.99349023e+00   -6.55116488e-03   -1.08699210e-02    1.00000000e-02
2129     7.09666667e-09    2.05542756e+00    1.22265345e+00    3.99395576e+00   -5.87847625e-03   -1.11767390e-02    1.00000000e-02
2130     7.10000000e-09    2.06977638e+00    1.23655050e+00    3.99687345e+00   -2.81587734e-03   -1.13880502e-02    1.00000000e-02
2131     7.10333333e-09    2.08418330e+00    1.25128449e+00    4.00107681e+00    1.41089982e-03   -1.14192267e-02    1.00000000e-02
2132     7.10666667e-09    2.09314161e+00    1.26122368e+00    4.00478183e+00    5.00892240e-03   -1.12582921e-02    1.00000000e-02
2133     7.11000000e-09    2.09323006e+00    1.26258860e+00    4.00651681e+00    6.55123430e-03   -1.09705687e-02    1.00000000e-02
2134     7.11333333e-09    2.08442069e+00    1.25487532e+00    4.00575975e+00    5.59179097e-03   -1.06684004e-02    1.00000000e-02
2135     7.11666667e-09    2.07008315e+00    1.24102645e+00    4.00294333e+00    2.63820605e-03   -1.04649058e-02    1.00000000e-02
2136     7.12000000e-09    2.05569285e+00    1.22631454e+00    3.99909424e+00   -1.23428204e-03   -1.04339420e-02    1.00000000e-02
2137     7.12333333e-09    2.04674268e+00    1.21635497e+00    3.99550721e+00   -4.72204622e-03   -1.05872151e-02    1.00000000e-02
2138     7.12666667e-09    2.04665177e+00    1.21496955e+00    3.99349119e+00   -6.55019325e-03   -1.08700034e-02    1.00000000e-02
2139     7.13000000e-09    2.05546062e+00    1.22270471e+00    3.99395675e+00   -5.87750522e-03   -1.11767873e-02    1.00000000e-02
2140     7.13333333e-09    2.06980940e+00    1.23660174e+00    3.99687402e+00   -2.81535528e-03   -1.13880715e-02    1.00000000e-02
2141     7.13666667e-09    2.08421628e+00    1.25133564e+00    4.00107666e+00    1.41069741e-03   -1.14192405e-02    1.00000000e-02
2142     7.14000000e-09    2.09317453e+00    1.26127472e+00    4.00478105e+00    5.00810598e-03   -1.12583217e-02    1.00000000e-02
2143     7.14333333e-09    2.09326294e+00    1.26263955e+00    4.00651579e+00    6.55021132e-03   -1.09706294e-02    1.00000000e-02
2144     7.14666667e-09    2.08445354e+00    1.25492618e+00    4.00575891e+00    5.59097917e-03   -1.06684935e-02    1.00000000e-02
2145     7.15000000e-09    2.07011599e+00    1.24107727e+00    4.00294292e+00    2.63783933e-03   -1.04650207e-02    1.00000000e-02
2146     7.15333333e-09    2.05572570e+00    1.22636536e+00    3.99909434e+00   -1.23413958e-03   -1.04340624e-02    1.00000000e-02
2147     7.15666667e-09    2.04677554e+00    1.21640584e+00    3.99550779e+00   -4.72142264e-03   -1.05873234e-02    1.00000000e-02
2148     7.16000000e-09    2.04668463e+00    1.21502048e+00    3.99349214e+00   -6.54923406e-03   -1.08700848e-02    1.00000000e-02
2149     7.16333333e-09    2.05549347e+00    1.22275567e+00    3.99395773e+00   -5.87654675e-03   -1.11768352e-02    1.00000000e-02
2150     7.16666667e-09    2.06984222e+00    1.23665267e+00    3.99687458e+00   -2.81484001e-03   -1.13880925e-02    1.00000000e-02
2151     7.17000000e-09    2.08424905e+00    1.25138650e+00    4.00107651e+00    1.41049763e-03   -1.14192543e-02    1.00000000e-02
2152     7.17333333e-09    2.09320725e+00    1.26132547e+00    4.00478028e+00    5.00730016e-03   -1.12583512e-02    1.00000000e-02
2153     7.17666667e-09    2.09329562e+00    1.26269020e+00    4.00651479e+00    6.54920150e-03   -1.09706895e-02    1.00000000e-02
2154     7.18000000e-09    2.08448619e+00    1.25497675e+00    4.00575809e+00    5.59017770e-03   -1.06685854e-02    1.00000000e-02
2155     7.18333333e-09    2.07014864e+00    1.24112780e+00    4.00294251e+00    2.63747723e-03   -1.04651342e-02    1.00000000e-02
2156     7.18666667e-09    2.05575834e+00    1.22641589e+00    3.99909443e+00   -1.23399892e-03   -1.04341813e-02    1.00000000e-02
2157     7.19000000e-09    2.04680819e+00    1.21645641e+00    3.99550837e+00   -4.72080695e-03   -1.05874304e-02    1.00000000e-02
2158     7.19333333e-09    2.04671728e+00    1.21507111e+00    3.99349308e+00   -6.54828715e-03   -1.08701653e-02    1.00000000e-02
2159     7.19666667e-09    2.05552611e+00    1.22280634e+00    3.99395870e+00   -5.87560066e-03   -1.11768826e-02    1.00000000e-02
2160     7.20000000e-09    2.06987483e+00    1.23670331e+00    3.99687513e+00   -2.81433144e-03   -1.13881134e-02    1.00000000e-02
2161     7.20333333e-09    2.08428161e+00    1.25143706e+00    4.00107637e+00    1.41030044e-03   -1.14192679e-02    1.00000000e-02
2162     7.20666667e-09    2.09323976e+00    1.26137593e+00    4.00477952e+00    5.00650477e-03   -1.12583803e-02    1.00000000e-02
2163     7.21000000e-09    2.09332809e+00    1.26274055e+00    4.00651380e+00    6.54820466e-03   -1.09707490e-02    1.00000000e-02
2164     7.21333333e-09    2.08451864e+00    1.25502703e+00    4.00575727e+00    5.58938642e-03   -1.06686763e-02    1.00000000e-02
2165     7.21666667e-09    2.07018108e+00    1.24117803e+00    4.00294211e+00    2.63711968e-03   -1.04652463e-02    1.00000000e-02
2166     7.22000000e-09    2.05579078e+00    1.22646613e+00    3.99909452e+00   -1.23386002e-03   -1.04342988e-02    1.00000000e-02
2167     7.22333333e-09    2.04684064e+00    1.21650670e+00    3.99550895e+00   -4.72019904e-03   -1.05875362e-02    1.00000000e-02
2168     7.22666667e-09    2.04674973e+00    1.21512146e+00    3.99349400e+00   -6.54735233e-03   -1.08702448e-02    1.00000000e-02
2169     7.23000000e-09    2.05555856e+00    1.22285671e+00    3.99395965e+00   -5.87466678e-03   -1.11769294e-02    1.00000000e-02
2170     7.23333333e-09    2.06990725e+00    1.23675366e+00    3.99687568e+00   -2.81382946e-03   -1.13881342e-02    1.00000000e-02
2171     7.23666667e-09    2.08431398e+00    1.25148733e+00    4.00107622e+00    1.41010582e-03   -1.14192815e-02    1.00000000e-02
2172     7.24000000e-09    2.09327208e+00    1.26142610e+00    4.00477877e+00    5.00571967e-03   -1.12584092e-02    1.00000000e-02
2173     7.24333333e-09    2.09336037e+00    1.26279062e+00    4.00651282e+00    6.54722061e-03   -1.09708077e-02    1.00000000e-02
2174     7.24666667e-09    2.08455089e+00    1.25507703e+00    4.00575646e+00    5.58860518e-03   -1.06687661e-02    1.00000000e-02
2175     7.25000000e-09    2.07021332e+00    1.24122799e+00    4.00294172e+00    2.63676662e-03   -1.04653571e-02    1.00000000e-02
2176     7.25333333e-09    2.05582303e+00    1.22651608e+00    3.99909461e+00   -1.23372287e-03   -1.04344149e-02    1.00000000e-02
2177     7.25666667e-09    2.04687289e+00    1.21655670e+00    3.99550951e+00   -4.71959881e-03   -1.05876407e-02    1.00000000e-02
2178     7.26000000e-09    2.04678199e+00    1.21517152e+00    3.99349491e+00   -6.54642945e-03   -1.08703235e-02    1.00000000e-02
2179     7.26333333e-09    2.05559080e+00    1.22290680e+00    3.99396060e+00   -5.87374493e-03   -1.11769758e-02    1.00000000e-02
2180     7.26666667e-09    2.06993947e+00    1.23680372e+00    3.99687622e+00   -2.81333398e-03   -1.13881547e-02    1.00000000e-02
2181     7.27000000e-09    2.08434615e+00    1.25153731e+00    4.00107608e+00    1.40991372e-03   -1.14192950e-02    1.00000000e-02
2182     7.27333333e-09    2.09330420e+00    1.26147598e+00    4.00477802e+00    5.00494471e-03   -1.12584378e-02    1.00000000e-02
2183     7.27666667e-09    2.09339245e+00    1.26284041e+00    4.00651185e+00    6.54624916e-03   -1.09708658e-02    1.00000000e-02
2184     7.28000000e-09    2.08458295e+00    1.25512674e+00    4.00575567e+00    5.58783385e-03   -1.06688549e-02    1.00000000e-02
2185     7.28333333e-09    2.07024537e+00    1.24127766e+00    4.00294132e+00    2.63641800e-03   -1.04654666e-02    1.00000000e-02
2186     7.28666667e-09    2.05585508e+00    1.22656576e+00    3.99909470e+00   -1.23358744e-03   -1.04345296e-02    1.00000000e-02
2187     7.29000000e-09    2.04690494e+00    1.21660641e+00    3.99551007e+00   -4.71900615e-03   -1.05877440e-02    1.00000000e-02
2188     7.29333333e-09    2.04681405e+00    1.21522129e+00    3.99349582e+00   -6.54551832e-03   -1.08704012e-02    1.00000000e-02
2189     7.29666667e-09    2.05562286e+00    1.22295660e+00    3.99396153e+00   -5.87283493e-03   -1.11770216e-02    1.00000000e-02
2190     7.30000000e-09    2.06997149e+00    1.23685350e+00    3.99687676e+00   -2.81284492e-03   -1.13881752e-02    1.00000000e-02
2191     7.30333333e-09    2.08437813e+00    1.25158701e+00    4.00107594e+00    1.40972411e-03   -1.14193084e-02    1.00000000e-02
2192     7.30666667e-09    2.09333613e+00    1.26152558e+00    4.00477729e+00    5.00417974e-03   -1.12584661e-02    1.00000000e-02
2193     7.31000000e-09    2.09342434e+00    1.26288992e+00    4.00651089e+00    6.54529014e-03   -1.09709233e-02    1.00000000e-02
2194     7.31333333e-09    2.08461482e+00    1.25517617e+00    4.00575488e+00    5.58707227e-03   -1.06689426e-02    1.00000000e-02
2195     7.31666667e-09    2.07027722e+00    1.24132705e+00    4.00294094e+00    2.63607375e-03   -1.04655748e-02    1.00000000e-02
2196     7.32000000e-09    2.05588693e+00    1.22661515e+00    3.99909479e+00   -1.23345371e-03   -1.04346430e-02    1.00000000e-02
2197     7.32333333e-09    2.04693681e+00    1.21665585e+00    3.99551062e+00   -4.71842096e-03   -1.05878461e-02    1.00000000e-02
2198     7.32666667e-09    2.04684592e+00    1.21527078e+00    3.99349671e+00   -6.54461879e-03   -1.08704781e-02    1.00000000e-02
2199     7.33000000e-09    2.05565472e+00    1.22300612e+00    3.99396245e+00   -5.87193663e-03   -1.11770670e-02    1.00000000e-02
2200     7.33333333e-09    2.07000332e+00    1.23690299e+00    3.99687728e+00   -2.81236216e-03   -1.13881954e-02    1.00000000e-02
2201     7.33666667e-09    2.08440991e+00    1.25163643e+00    4.00107580e+00    1.40953695e-03   -1.14193218e-02    1.00000000e-02
2202     7.34000000e-09    2.09336786e+00    1.26157491e+00    4.00477657e+00    5.00342462e-03   -1.12584941e-02    1.00000000e-02
2203     7.34333333e-09    2.09345603e+00    1.26293915e+00    4.00650995e+00    6.54434336e-03   -1.09709801e-02    1.00000000e-02
2204     7.34666667e-09    2.08464649e+00    1.25522533e+00    4.00575411e+00    5.58632032e-03   -1.06690293e-02    1.00000000e-02
2205     7.35000000e-09    2.07030889e+00    1.24137616e+00    4.00294055e+00    2.63573380e-03   -1.04656817e-02    1.00000000e-02
2206     7.35333333e-09    2.05591860e+00    1.22666427e+00    3.99909487e+00   -1.23332165e-03   -1.04347550e-02    1.00000000e-02
2207     7.35666667e-09    2.04696848e+00    1.21670500e+00    3.99551117e+00   -4.71784312e-03   -1.05879469e-02    1.00000000e-02
2208     7.36000000e-09    2.04687760e+00    1.21532000e+00    3.99349758e+00   -6.54373068e-03   -1.08705540e-02    1.00000000e-02
2209     7.36333333e-09    2.05568639e+00    1.22305536e+00    3.99396335e+00   -5.87104984e-03   -1.11771119e-02    1.00000000e-02
2210     7.36666667e-09    2.07003496e+00    1.23695221e+00    3.99687780e+00   -2.81188563e-03   -1.13882155e-02    1.00000000e-02
2211     7.37000000e-09    2.08444151e+00    1.25168557e+00    4.00107566e+00    1.40935220e-03   -1.14193351e-02    1.00000000e-02
2212     7.37333333e-09    2.09339941e+00    1.26162395e+00    4.00477586e+00    5.00267921e-03   -1.12585219e-02    1.00000000e-02
2213     7.37666667e-09    2.09348755e+00    1.26298810e+00    4.00650902e+00    6.54340867e-03   -1.09710362e-02    1.00000000e-02
2214     7.38000000e-09    2.08467798e+00    1.25527421e+00    4.00575334e+00    5.58557786e-03   -1.06691149e-02    1.00000000e-02
2215     7.38333333e-09    2.07034037e+00    1.24142500e+00    4.00294018e+00    2.63539811e-03   -1.04657874e-02    1.00000000e-02
2216     7.38666667e-09    2.05595008e+00    1.22671311e+00    3.99909496e+00   -1.23319125e-03   -1.04348657e-02    1.00000000e-02
2217     7.39000000e-09    2.04699997e+00    1.21675389e+00    3.99551170e+00   -4.71727254e-03   -1.05880466e-02    1.00000000e-02
2218     7.39333333e-09    2.04690909e+00    1.21536893e+00    3.99349845e+00   -6.54285384e-03   -1.08706291e-02    1.00000000e-02
2219     7.39666667e-09    2.05571787e+00    1.22310433e+00    3.99396425e+00   -5.87017440e-03   -1.11771563e-02    1.00000000e-02
2220     7.40000000e-09    2.07006642e+00    1.23700115e+00    3.99687831e+00   -2.81141524e-03   -1.13882354e-02    1.00000000e-02
2221     7.40333333e-09    2.08447292e+00    1.25173444e+00    4.00107553e+00    1.40916984e-03   -1.14193483e-02    1.00000000e-02
2222     7.40666667e-09    2.09343077e+00    1.26167272e+00    4.00477515e+00    5.00194337e-03   -1.12585494e-02    1.00000000e-02
2223     7.41000000e-09    2.09351887e+00    1.26303678e+00    4.00650810e+00    6.54248588e-03   -1.09710917e-02    1.00000000e-02
2224     7.41333333e-09    2.08470928e+00    1.25532282e+00    4.00575258e+00    5.58484477e-03   -1.06691996e-02    1.00000000e-02
2225     7.41666667e-09    2.07037166e+00    1.24147358e+00    4.00293980e+00    2.63506660e-03   -1.04658917e-02    1.00000000e-02
2226     7.42000000e-09    2.05598138e+00    1.22676168e+00    3.99909504e+00   -1.23306247e-03   -1.04349750e-02    1.00000000e-02
2227     7.42333333e-09    2.04703127e+00    1.21680250e+00    3.99551223e+00   -4.71670911e-03   -1.05881451e-02    1.00000000e-02
2228     7.42666667e-09    2.04694040e+00    1.21541760e+00    3.99349931e+00   -6.54198811e-03   -1.08707033e-02    1.00000000e-02
2229     7.43000000e-09    2.05574917e+00    1.22315302e+00    3.99396513e+00   -5.86931017e-03   -1.11772002e-02    1.00000000e-02
2230     7.43333333e-09    2.07009769e+00    1.23704981e+00    3.99687882e+00   -2.81095089e-03   -1.13882551e-02    1.00000000e-02
2231     7.43666667e-09    2.08450414e+00    1.25178303e+00    4.00107539e+00    1.40898983e-03   -1.14193614e-02    1.00000000e-02
2232     7.44000000e-09    2.09346195e+00    1.26172122e+00    4.00477446e+00    5.00121696e-03   -1.12585766e-02    1.00000000e-02
2233     7.44333333e-09    2.09355001e+00    1.26308519e+00    4.00650720e+00    6.54157483e-03   -1.09711466e-02    1.00000000e-02
2234     7.44666667e-09    2.08474040e+00    1.25537116e+00    4.00575184e+00    5.58412089e-03   -1.06692833e-02    1.00000000e-02
2235     7.45000000e-09    2.07040278e+00    1.24152188e+00    4.00293944e+00    2.63473923e-03   -1.04659949e-02    1.00000000e-02
2236     7.45333333e-09    2.05601249e+00    1.22680999e+00    3.99909513e+00   -1.23293530e-03   -1.04350831e-02    1.00000000e-02
2237     7.45666667e-09    2.04706239e+00    1.21685084e+00    3.99551276e+00   -4.71615275e-03   -1.05882424e-02    1.00000000e-02
2238     7.46000000e-09    2.04697152e+00    1.21546599e+00    3.99350015e+00   -6.54113334e-03   -1.08707767e-02    1.00000000e-02
2239     7.46333333e-09    2.05578028e+00    1.22320144e+00    3.99396600e+00   -5.86845697e-03   -1.11772436e-02    1.00000000e-02
2240     7.46666667e-09    2.07012877e+00    1.23709821e+00    3.99687932e+00   -2.81049251e-03   -1.13882747e-02    1.00000000e-02
2241     7.47000000e-09    2.08453519e+00    1.25183136e+00    4.00107526e+00    1.40881213e-03   -1.14193744e-02    1.00000000e-02
2242     7.47333333e-09    2.09349295e+00    1.26176946e+00    4.00477377e+00    5.00049985e-03   -1.12586036e-02    1.00000000e-02
2243     7.47666667e-09    2.09358097e+00    1.26313334e+00    4.00650630e+00    6.54067535e-03   -1.09712009e-02    1.00000000e-02
2244     7.48000000e-09    2.08477134e+00    1.25541924e+00    4.00575110e+00    5.58340612e-03   -1.06693660e-02    1.00000000e-02
2245     7.48333333e-09    2.07043371e+00    1.24156992e+00    4.00293907e+00    2.63441593e-03   -1.04660968e-02    1.00000000e-02
2246     7.48666667e-09    2.05604342e+00    1.22685803e+00    3.99909521e+00   -1.23280972e-03   -1.04351899e-02    1.00000000e-02
2247     7.49000000e-09    2.04709333e+00    1.21689892e+00    3.99551327e+00   -4.71560334e-03   -1.05883386e-02    1.00000000e-02
2248     7.49333333e-09    2.04700246e+00    1.21551412e+00    3.99350099e+00   -6.54028937e-03   -1.08708492e-02    1.00000000e-02
2249     7.49666667e-09    2.05581122e+00    1.22324959e+00    3.99396687e+00   -5.86761464e-03   -1.11772866e-02    1.00000000e-02
2250     7.50000000e-09    2.07015968e+00    1.23714634e+00    3.99687981e+00   -2.81003999e-03   -1.13882941e-02    1.00000000e-02
2251     7.50333333e-09    2.08456605e+00    1.25187941e+00    4.00107513e+00    1.40863671e-03   -1.14193873e-02    1.00000000e-02
2252     7.50666667e-09    2.09352377e+00    1.26181742e+00    4.00477310e+00    4.99979191e-03   -1.12586303e-02    1.00000000e-02
2253     7.51000000e-09    2.09361176e+00    1.26318122e+00    4.00650542e+00    6.53978728e-03   -1.09712546e-02    1.00000000e-02
2254     7.51333333e-09    2.08480210e+00    1.25546705e+00    4.00575037e+00    5.58270032e-03   -1.06694477e-02    1.00000000e-02
2255     7.51666667e-09    2.07046446e+00    1.24161769e+00    4.00293871e+00    2.63409666e-03   -1.04661975e-02    1.00000000e-02
2256     7.52000000e-09    2.05607418e+00    1.22690580e+00    3.99909529e+00   -1.23268570e-03   -1.04352954e-02    1.00000000e-02
2257     7.52333333e-09    2.04712409e+00    1.21694674e+00    3.99551379e+00   -4.71506081e-03   -1.05884336e-02    1.00000000e-02
2258     7.52666667e-09    2.04703323e+00    1.21556199e+00    3.99350181e+00   -6.53945605e-03   -1.08709209e-02    1.00000000e-02
2259     7.53000000e-09    2.05584197e+00    1.22329748e+00    3.99396772e+00   -5.86678305e-03   -1.11773291e-02    1.00000000e-02
2260     7.53333333e-09    2.07019041e+00    1.23719420e+00    3.99688030e+00   -2.80959327e-03   -1.13883133e-02    1.00000000e-02
2261     7.53666667e-09    2.08459674e+00    1.25192721e+00    4.00107501e+00    1.40846354e-03   -1.14194001e-02    1.00000000e-02
2262     7.54000000e-09    2.09355441e+00    1.26186513e+00    4.00477243e+00    4.99909301e-03   -1.12586567e-02    1.00000000e-02
2263     7.54333333e-09    2.09364236e+00    1.26322884e+00    4.00650454e+00    6.53891046e-03   -1.09713076e-02    1.00000000e-02
2264     7.54666667e-09    2.08483269e+00    1.25551460e+00    4.00574965e+00    5.58200338e-03   -1.06695284e-02    1.00000000e-02
2265     7.55000000e-09    2.07049504e+00    1.24166521e+00    4.00293836e+00    2.63378134e-03   -1.04662970e-02    1.00000000e-02
2266     7.55333333e-09    2.05610475e+00    1.22695332e+00    3.99909537e+00   -1.23256322e-03   -1.04353996e-02    1.00000000e-02
2267     7.55666667e-09    2.04715467e+00    1.21699429e+00    3.99551429e+00   -4.71452504e-03   -1.05885275e-02    1.00000000e-02
2268     7.56000000e-09    2.04706381e+00    1.21560959e+00    3.99350263e+00   -6.53863323e-03   -1.08709917e-02    1.00000000e-02
2269     7.56333333e-09    2.05587255e+00    1.22334511e+00    3.99396856e+00   -5.86596203e-03   -1.11773712e-02    1.00000000e-02
2270     7.56666667e-09    2.07022096e+00    1.23724180e+00    3.99688078e+00   -2.80915226e-03   -1.13883324e-02    1.00000000e-02
2271     7.57000000e-09    2.08462725e+00    1.25197474e+00    4.00107488e+00    1.40829259e-03   -1.14194129e-02    1.00000000e-02
2272     7.57333333e-09    2.09358487e+00    1.26191257e+00    4.00477177e+00    4.99840302e-03   -1.12586829e-02    1.00000000e-02
2273     7.57666667e-09    2.09367279e+00    1.26327620e+00    4.00650368e+00    6.53804473e-03   -1.09713601e-02    1.00000000e-02
2274     7.58000000e-09    2.08486310e+00    1.25556190e+00    4.00574894e+00    5.58131516e-03   -1.06696082e-02    1.00000000e-02
2275     7.58333333e-09    2.07052544e+00    1.24171247e+00    4.00293801e+00    2.63346994e-03   -1.04663953e-02    1.00000000e-02
2276     7.58666667e-09    2.05613516e+00    1.22700058e+00    3.99909545e+00   -1.23244227e-03   -1.04355026e-02    1.00000000e-02
2277     7.59000000e-09    2.04718508e+00    1.21704158e+00    3.99551479e+00   -4.71399595e-03   -1.05886204e-02    1.00000000e-02
2278     7.59333333e-09    2.04709423e+00    1.21565693e+00    3.99350343e+00   -6.53782077e-03   -1.08710617e-02    1.00000000e-02
2279     7.59666667e-09    2.05590296e+00    1.22339247e+00    3.99396939e+00   -5.86515143e-03   -1.11774127e-02    1.00000000e-02
2280     7.60000000e-09    2.07025134e+00    1.23728914e+00    3.99688126e+00   -2.80871688e-03   -1.13883513e-02    1.00000000e-02
2281     7.60333333e-09    2.08465759e+00    1.25202201e+00    4.00107475e+00    1.40812382e-03   -1.14194256e-02    1.00000000e-02
2282     7.60666667e-09    2.09361517e+00    1.26195975e+00    4.00477112e+00    4.99772181e-03   -1.12587088e-02    1.00000000e-02
2283     7.61000000e-09    2.09370305e+00    1.26332330e+00    4.00650283e+00    6.53718995e-03   -1.09714119e-02    1.00000000e-02
2284     7.61333333e-09    2.08489334e+00    1.25560894e+00    4.00574824e+00    5.58063554e-03   -1.06696871e-02    1.00000000e-02
2285     7.61666667e-09    2.07055567e+00    1.24175947e+00    4.00293767e+00    2.63316240e-03   -1.04664925e-02    1.00000000e-02
2286     7.62000000e-09    2.05616539e+00    1.22704758e+00    3.99909553e+00   -1.23232281e-03   -1.04356044e-02    1.00000000e-02
2287     7.62333333e-09    2.04721532e+00    1.21708862e+00    3.99551528e+00   -4.71347345e-03   -1.05887121e-02    1.00000000e-02
2288     7.62666667e-09    2.04712447e+00    1.21570401e+00    3.99350423e+00   -6.53701852e-03   -1.08711309e-02    1.00000000e-02
2289     7.63000000e-09    2.05593319e+00    1.22343958e+00    3.99397020e+00   -5.86435111e-03   -1.11774539e-02    1.00000000e-02
2290     7.63333333e-09    2.07028155e+00    1.23733622e+00    3.99688172e+00   -2.80828704e-03   -1.13883700e-02    1.00000000e-02
2291     7.63666667e-09    2.08468775e+00    1.25206902e+00    4.00107463e+00    1.40795721e-03   -1.14194381e-02    1.00000000e-02
2292     7.64000000e-09    2.09364529e+00    1.26200668e+00    4.00477047e+00    4.99704927e-03   -1.12587344e-02    1.00000000e-02
2293     7.64333333e-09    2.09373314e+00    1.26337015e+00    4.00650199e+00    6.53634594e-03   -1.09714632e-02    1.00000000e-02
2294     7.64666667e-09    2.08492340e+00    1.25565572e+00    4.00574755e+00    5.57996442e-03   -1.06697650e-02    1.00000000e-02
2295     7.65000000e-09    2.07058573e+00    1.24180622e+00    4.00293732e+00    2.63285866e-03   -1.04665885e-02    1.00000000e-02
2296     7.65333333e-09    2.05619545e+00    1.22709433e+00    3.99909560e+00   -1.23220484e-03   -1.04357050e-02    1.00000000e-02
2297     7.65666667e-09    2.04724538e+00    1.21713540e+00    3.99551577e+00   -4.71295745e-03   -1.05888027e-02    1.00000000e-02
2298     7.66000000e-09    2.04715454e+00    1.21575084e+00    3.99350501e+00   -6.53622634e-03   -1.08711993e-02    1.00000000e-02
2299     7.66333333e-09    2.05596325e+00    1.22348643e+00    3.99397101e+00   -5.86356093e-03   -1.11774945e-02    1.00000000e-02
2300     7.66666667e-09    2.07031158e+00    1.23738304e+00    3.99688219e+00   -2.80786268e-03   -1.13883885e-02    1.00000000e-02
2301     7.67000000e-09    2.08471775e+00    1.25211578e+00    4.00107451e+00    1.40779273e-03   -1.14194506e-02    1.00000000e-02
2302     7.67333333e-09    2.09367524e+00    1.26205336e+00    4.00476984e+00    4.99638527e-03   -1.12587598e-02    1.00000000e-02
2303     7.67666667e-09    2.09376306e+00    1.26341674e+00    4.00650116e+00    6.53551258e-03   -1.09715139e-02    1.00000000e-02
2304     7.68000000e-09    2.08495330e+00    1.25570226e+00    4.00574687e+00    5.57930166e-03   -1.06698420e-02    1.00000000e-02
2305     7.68333333e-09    2.07061562e+00    1.24185272e+00    4.00293699e+00    2.63255867e-03   -1.04666833e-02    1.00000000e-02
2306     7.68666667e-09    2.05622534e+00    1.22714083e+00    3.99909568e+00   -1.23208833e-03   -1.04358043e-02    1.00000000e-02
2307     7.69000000e-09    2.04727528e+00    1.21718194e+00    3.99551625e+00   -4.71244785e-03   -1.05888922e-02    1.00000000e-02
2308     7.69333333e-09    2.04718444e+00    1.21579742e+00    3.99350578e+00   -6.53544410e-03   -1.08712669e-02    1.00000000e-02
2309     7.69666667e-09    2.05599315e+00    1.22353303e+00    3.99397181e+00   -5.86278075e-03   -1.11775348e-02    1.00000000e-02
2310     7.70000000e-09    2.07034145e+00    1.23742962e+00    3.99688264e+00   -2.80744370e-03   -1.13884069e-02    1.00000000e-02
2311     7.70333333e-09    2.08474758e+00    1.25216229e+00    4.00107439e+00    1.40763034e-03   -1.14194630e-02    1.00000000e-02
2312     7.70666667e-09    2.09370503e+00    1.26209978e+00    4.00476921e+00    4.99572968e-03   -1.12587849e-02    1.00000000e-02
2313     7.71000000e-09    2.09379281e+00    1.26346309e+00    4.00650034e+00    6.53468970e-03   -1.09715640e-02    1.00000000e-02
2314     7.71333333e-09    2.08498303e+00    1.25574854e+00    4.00574619e+00    5.57864717e-03   -1.06699181e-02    1.00000000e-02
2315     7.71666667e-09    2.07064534e+00    1.24189897e+00    4.00293665e+00    2.63226239e-03   -1.04667771e-02    1.00000000e-02
2316     7.72000000e-09    2.05625507e+00    1.22718708e+00    3.99909576e+00   -1.23197326e-03   -1.04359025e-02    1.00000000e-02
2317     7.72333333e-09    2.04730501e+00    1.21722822e+00    3.99551672e+00   -4.71194458e-03   -1.05889807e-02    1.00000000e-02
2318     7.72666667e-09    2.04721417e+00    1.21584374e+00    3.99350655e+00   -6.53467165e-03   -1.08713337e-02    1.00000000e-02
2319     7.73000000e-09    2.05602287e+00    1.22357937e+00    3.99397260e+00   -5.86201041e-03   -1.11775746e-02    1.00000000e-02
2320     7.73333333e-09    2.07037115e+00    1.23747594e+00    3.99688310e+00   -2.80703005e-03   -1.13884252e-02    1.00000000e-02
2321     7.73666667e-09    2.08477724e+00    1.25220854e+00    4.00107427e+00    1.40747002e-03   -1.14194753e-02    1.00000000e-02
2322     7.74000000e-09    2.09373465e+00    1.26214596e+00    4.00476859e+00    4.99508240e-03   -1.12588098e-02    1.00000000e-02
2323     7.74333333e-09    2.09382240e+00    1.26350919e+00    4.00649954e+00    6.53387716e-03   -1.09716135e-02    1.00000000e-02
2324     7.74666667e-09    2.08501260e+00    1.25579458e+00    4.00574552e+00    5.57800082e-03   -1.06699933e-02    1.00000000e-02
2325     7.75000000e-09    2.07067490e+00    1.24194497e+00    4.00293633e+00    2.63196976e-03   -1.04668697e-02    1.00000000e-02
2326     7.75333333e-09    2.05628463e+00    1.22723308e+00    3.99909583e+00   -1.23185961e-03   -1.04359995e-02    1.00000000e-02
2327     7.75666667e-09    2.04733458e+00    1.21727425e+00    3.99551719e+00   -4.71144754e-03   -1.05890682e-02    1.00000000e-02
2328     7.76000000e-09    2.04724374e+00    1.21588982e+00    3.99350730e+00   -6.53390887e-03   -1.08713997e-02    1.00000000e-02
2329     7.76333333e-09    2.05605244e+00    1.22362547e+00    3.99397338e+00   -5.86124980e-03   -1.11776139e-02    1.00000000e-02
2330     7.76666667e-09    2.07040069e+00    1.23752201e+00    3.99688354e+00   -2.80662163e-03   -1.13884432e-02    1.00000000e-02
2331     7.77000000e-09    2.08480674e+00    1.25225455e+00    4.00107415e+00    1.40731174e-03   -1.14194874e-02    1.00000000e-02
2332     7.77333333e-09    2.09376410e+00    1.26219188e+00    4.00476798e+00    4.99444331e-03   -1.12588344e-02    1.00000000e-02
2333     7.77666667e-09    2.09385182e+00    1.26355504e+00    4.00649874e+00    6.53307483e-03   -1.09716624e-02    1.00000000e-02
2334     7.78000000e-09    2.08504200e+00    1.25584037e+00    4.00574486e+00    5.57736250e-03   -1.06700676e-02    1.00000000e-02
2335     7.78333333e-09    2.07070430e+00    1.24199073e+00    4.00293600e+00    2.63168073e-03   -1.04669612e-02    1.00000000e-02
2336     7.78666667e-09    2.05631402e+00    1.22727884e+00    3.99909590e+00   -1.23174736e-03   -1.04360954e-02    1.00000000e-02
2337     7.79000000e-09    2.04736398e+00    1.21732004e+00    3.99551765e+00   -4.71095666e-03   -1.05891546e-02    1.00000000e-02
2338     7.79333333e-09    2.04727315e+00    1.21593565e+00    3.99350805e+00   -6.53315561e-03   -1.08714650e-02    1.00000000e-02
2339     7.79666667e-09    2.05608183e+00    1.22367132e+00    3.99397415e+00   -5.86049877e-03   -1.11776528e-02    1.00000000e-02
2340     7.80000000e-09    2.07043006e+00    1.23756783e+00    3.99688398e+00   -2.80621839e-03   -1.13884611e-02    1.00000000e-02
2341     7.80333333e-09    2.08483607e+00    1.25230031e+00    4.00107404e+00    1.40715547e-03   -1.14194995e-02    1.00000000e-02
2342     7.80666667e-09    2.09379340e+00    1.26223757e+00    4.00476738e+00    4.99381229e-03   -1.12588588e-02    1.00000000e-02
2343     7.81000000e-09    2.09388108e+00    1.26360065e+00    4.00649795e+00    6.53228255e-03   -1.09717108e-02    1.00000000e-02
2344     7.81333333e-09    2.08507125e+00    1.25588592e+00    4.00574421e+00    5.57673210e-03   -1.06701411e-02    1.00000000e-02
2345     7.81666667e-09    2.07073353e+00    1.24203625e+00    4.00293568e+00    2.63139525e-03   -1.04670516e-02    1.00000000e-02
2346     7.82000000e-09    2.05634326e+00    1.22732436e+00    3.99909598e+00   -1.23163650e-03   -1.04361901e-02    1.00000000e-02
2347     7.82333333e-09    2.04739322e+00    1.21736559e+00    3.99551811e+00   -4.71047184e-03   -1.05892399e-02    1.00000000e-02
2348     7.82666667e-09    2.04730239e+00    1.21598124e+00    3.99350879e+00   -6.53241175e-03   -1.08715295e-02    1.00000000e-02
2349     7.83000000e-09    2.05611107e+00    1.22371692e+00    3.99397490e+00   -5.85975718e-03   -1.11776913e-02    1.00000000e-02
2350     7.83333333e-09    2.07045928e+00    1.23761341e+00    3.99688441e+00   -2.80582024e-03   -1.13884788e-02    1.00000000e-02
2351     7.83666667e-09    2.08486524e+00    1.25234583e+00    4.00107392e+00    1.40700118e-03   -1.14195115e-02    1.00000000e-02
2352     7.84000000e-09    2.09382253e+00    1.26228301e+00    4.00476678e+00    4.99318924e-03   -1.12588829e-02    1.00000000e-02
2353     7.84333333e-09    2.09391018e+00    1.26364601e+00    4.00649717e+00    6.53150019e-03   -1.09717587e-02    1.00000000e-02
2354     7.84666667e-09    2.08510033e+00    1.25593123e+00    4.00574357e+00    5.57610952e-03   -1.06702137e-02    1.00000000e-02
2355     7.85000000e-09    2.07076261e+00    1.24208152e+00    4.00293536e+00    2.63111328e-03   -1.04671410e-02    1.00000000e-02
2356     7.85333333e-09    2.05637233e+00    1.22736963e+00    3.99909605e+00   -1.23152701e-03   -1.04362838e-02    1.00000000e-02
2357     7.85666667e-09    2.04742230e+00    1.21741089e+00    3.99551856e+00   -4.70999301e-03   -1.05893243e-02    1.00000000e-02
2358     7.86000000e-09    2.04733148e+00    1.21602658e+00    3.99350951e+00   -6.53167715e-03   -1.08715933e-02    1.00000000e-02
2359     7.86333333e-09    2.05614015e+00    1.22376228e+00    3.99397565e+00   -5.85902491e-03   -1.11777294e-02    1.00000000e-02
2360     7.86666667e-09    2.07048833e+00    1.23765875e+00    3.99688484e+00   -2.80542711e-03   -1.13884963e-02    1.00000000e-02
2361     7.87000000e-09    2.08489426e+00    1.25239111e+00    4.00107381e+00    1.40684884e-03   -1.14195234e-02    1.00000000e-02
2362     7.87333333e-09    2.09385150e+00    1.26232821e+00    4.00476619e+00    4.99257403e-03   -1.12589067e-02    1.00000000e-02
2363     7.87666667e-09    2.09393912e+00    1.26369114e+00    4.00649640e+00    6.53072762e-03   -1.09718060e-02    1.00000000e-02
2364     7.88000000e-09    2.08512925e+00    1.25597630e+00    4.00574294e+00    5.57549465e-03   -1.06702854e-02    1.00000000e-02
2365     7.88333333e-09    2.07079152e+00    1.24212656e+00    4.00293505e+00    2.63083477e-03   -1.04672293e-02    1.00000000e-02
2366     7.88666667e-09    2.05640125e+00    1.22741467e+00    3.99909612e+00   -1.23141886e-03   -1.04363762e-02    1.00000000e-02
2367     7.89000000e-09    2.04745122e+00    1.21745596e+00    3.99551900e+00   -4.70952008e-03   -1.05894077e-02    1.00000000e-02
2368     7.89333333e-09    2.04736040e+00    1.21607169e+00    3.99351023e+00   -6.53095170e-03   -1.08716563e-02    1.00000000e-02
2369     7.89666667e-09    2.05616906e+00    1.22380740e+00    3.99397639e+00   -5.85830184e-03   -1.11777670e-02    1.00000000e-02
2370     7.90000000e-09    2.07051722e+00    1.23770385e+00    3.99688527e+00   -2.80503895e-03   -1.13885137e-02    1.00000000e-02
2371     7.90333333e-09    2.08492311e+00    1.25243614e+00    4.00107370e+00    1.40669844e-03   -1.14195352e-02    1.00000000e-02
2372     7.90666667e-09    2.09388032e+00    1.26237317e+00    4.00476561e+00    4.99196657e-03   -1.12589303e-02    1.00000000e-02
2373     7.91000000e-09    2.09396791e+00    1.26373603e+00    4.00649564e+00    6.52996470e-03   -1.09718527e-02    1.00000000e-02
2374     7.91333333e-09    2.08515802e+00    1.25602113e+00    4.00574231e+00    5.57488738e-03   -1.06703563e-02    1.00000000e-02
2375     7.91666667e-09    2.07082028e+00    1.24217136e+00    4.00293474e+00    2.63055967e-03   -1.04673165e-02    1.00000000e-02
2376     7.92000000e-09    2.05643001e+00    1.22745947e+00    3.99909619e+00   -1.23131205e-03   -1.04364676e-02    1.00000000e-02
2377     7.92333333e-09    2.04747998e+00    1.21750079e+00    3.99551944e+00   -4.70905299e-03   -1.05894901e-02    1.00000000e-02
2378     7.92666667e-09    2.04738917e+00    1.21611655e+00    3.99351094e+00   -6.53023527e-03   -1.08717186e-02    1.00000000e-02
2379     7.93000000e-09    2.05619782e+00    1.22385229e+00    3.99397712e+00   -5.85758782e-03   -1.11778042e-02    1.00000000e-02
2380     7.93333333e-09    2.07054596e+00    1.23774870e+00    3.99688568e+00   -2.80465566e-03   -1.13885309e-02    1.00000000e-02
2381     7.93666667e-09    2.08495181e+00    1.25248094e+00    4.00107359e+00    1.40654993e-03   -1.14195470e-02    1.00000000e-02
2382     7.94000000e-09    2.09390898e+00    1.26241789e+00    4.00476504e+00    4.99136674e-03   -1.12589537e-02    1.00000000e-02
2383     7.94333333e-09    2.09399654e+00    1.26378068e+00    4.00649489e+00    6.52921129e-03   -1.09718990e-02    1.00000000e-02
2384     7.94666667e-09    2.08518663e+00    1.25606573e+00    4.00574169e+00    5.57428762e-03   -1.06704263e-02    1.00000000e-02
2385     7.95000000e-09    2.07084888e+00    1.24221593e+00    4.00293444e+00    2.63028793e-03   -1.04674027e-02    1.00000000e-02
2386     7.95333333e-09    2.05645861e+00    1.22750403e+00    3.99909626e+00   -1.23120655e-03   -1.04365580e-02    1.00000000e-02
2387     7.95666667e-09    2.04750859e+00    1.21754538e+00    3.99551988e+00   -4.70859164e-03   -1.05895715e-02    1.00000000e-02
2388     7.96000000e-09    2.04741778e+00    1.21616118e+00    3.99351164e+00   -6.52952774e-03   -1.08717802e-02    1.00000000e-02
2389     7.96333333e-09    2.05622643e+00    1.22389693e+00    3.99397784e+00   -5.85688275e-03   -1.11778410e-02    1.00000000e-02
2390     7.96666667e-09    2.07057454e+00    1.23779332e+00    3.99688610e+00   -2.80427720e-03   -1.13885480e-02    1.00000000e-02
2391     7.97000000e-09    2.08498035e+00    1.25252550e+00    4.00107348e+00    1.40640330e-03   -1.14195586e-02    1.00000000e-02
2392     7.97333333e-09    2.09393748e+00    1.26246237e+00    4.00476447e+00    4.99077445e-03   -1.12589768e-02    1.00000000e-02
2393     7.97666667e-09    2.09402501e+00    1.26382510e+00    4.00649415e+00    6.52846728e-03   -1.09719447e-02    1.00000000e-02
2394     7.98000000e-09    2.08521508e+00    1.25611010e+00    4.00574108e+00    5.57369525e-03   -1.06704955e-02    1.00000000e-02
2395     7.98333333e-09    2.07087733e+00    1.24226026e+00    4.00293413e+00    2.63001952e-03   -1.04674879e-02    1.00000000e-02
2396     7.98666667e-09    2.05648706e+00    1.22754836e+00    3.99909633e+00   -1.23110234e-03   -1.04366472e-02    1.00000000e-02
2397     7.99000000e-09    2.04753705e+00    1.21758974e+00    3.99552031e+00   -4.70813596e-03   -1.05896520e-02    1.00000000e-02
2398     7.99333333e-09    2.04744624e+00    1.21620557e+00    3.99351233e+00   -6.52882897e-03   -1.08718410e-02    1.00000000e-02
2399     7.99666667e-09    2.05625488e+00    1.22394134e+00    3.99397856e+00   -5.85618648e-03   -1.11778774e-02    1.00000000e-02
2400     8.00000000e-09    2.07060296e+00    1.23783771e+00    3.99688651e+00   -2.80390348e-03   -1.13885649e-02    1.00000000e-02
2401     8.00333333e-09    2.08500874e+00    1.25256983e+00    4.00107337e+00    1.40625852e-03   -1.14195701e-02    1.00000000e-02
2402     8.00666667e-09    2.09396583e+00    1.26250663e+00    4.00476391e+00    4.99018958e-03   -1.12589997e-02    1.00000000e-02
2403     8.01000000e-09    2.09405333e+00    1.26386928e+00    4.00649342e+00    6.52773252e-03   -1.09719898e-02    1.00000000e-02
2404     8.01333333e-09    2.08524339e+00    1.25615423e+00    4.00574048e+00    5.57311018e-03   -1.06705639e-02    1.00000000e-02
2405     8.01666667e-09    2.07090563e+00    1.24230436e+00    4.00293384e+00    2.62975438e-03   -1.04675721e-02    1.00000000e-02
2406     8.02000000e-09    2.05651536e+00    1.22759246e+00    3.99909640e+00   -1.23099941e-03   -1.04367354e-02    1.00000000e-02
2407     8.02333333e-09    2.04756535e+00    1.21763386e+00    3.99552073e+00   -4.70768588e-03   -1.05897315e-02    1.00000000e-02
2408     8.02666667e-09    2.04747454e+00    1.21624973e+00    3.99351301e+00   -6.52813887e-03   -1.08719012e-02    1.00000000e-02
2409     8.03000000e-09    2.05628317e+00    1.22398551e+00    3.99397926e+00   -5.85549892e-03   -1.11779134e-02    1.00000000e-02
2410     8.03333333e-09    2.07063123e+00    1.23788186e+00    3.99688691e+00   -2.80353446e-03   -1.13885816e-02    1.00000000e-02
2411     8.03666667e-09    2.08503698e+00    1.25261392e+00    4.00107327e+00    1.40611556e-03   -1.14195815e-02    1.00000000e-02
2412     8.04000000e-09    2.09399403e+00    1.26255065e+00    4.00476336e+00    4.98961203e-03   -1.12590223e-02    1.00000000e-02
2413     8.04333333e-09    2.09408150e+00    1.26391324e+00    4.00649270e+00    6.52700690e-03   -1.09720345e-02    1.00000000e-02
2414     8.04666667e-09    2.08527154e+00    1.25619813e+00    4.00573988e+00    5.57253232e-03   -1.06706315e-02    1.00000000e-02
2415     8.05000000e-09    2.07093377e+00    1.24234824e+00    4.00293354e+00    2.62949247e-03   -1.04676552e-02    1.00000000e-02
2416     8.05333333e-09    2.05654350e+00    1.22763634e+00    3.99909646e+00   -1.23089774e-03   -1.04368225e-02    1.00000000e-02
2417     8.05666667e-09    2.04759350e+00    1.21767776e+00    3.99552115e+00   -4.70724131e-03   -1.05898101e-02    1.00000000e-02
2418     8.06000000e-09    2.04750269e+00    1.21629366e+00    3.99351369e+00   -6.52745730e-03   -1.08719606e-02    1.00000000e-02
2419     8.06333333e-09    2.05631132e+00    1.22402946e+00    3.99397995e+00   -5.85481992e-03   -1.11779490e-02    1.00000000e-02
2420     8.06666667e-09    2.07065936e+00    1.23792578e+00    3.99688730e+00   -2.80317005e-03   -1.13885982e-02    1.00000000e-02
2421     8.07000000e-09    2.08506507e+00    1.25265778e+00    4.00107316e+00    1.40597441e-03   -1.14195928e-02    1.00000000e-02
2422     8.07333333e-09    2.09402208e+00    1.26259444e+00    4.00476281e+00    4.98904171e-03   -1.12590447e-02    1.00000000e-02
2423     8.07666667e-09    2.09410952e+00    1.26395696e+00    4.00649198e+00    6.52629028e-03   -1.09720786e-02    1.00000000e-02
2424     8.08000000e-09    2.08529954e+00    1.25624181e+00    4.00573929e+00    5.57196156e-03   -1.06706983e-02    1.00000000e-02
2425     8.08333333e-09    2.07096177e+00    1.24239188e+00    4.00293325e+00    2.62923375e-03   -1.04677374e-02    1.00000000e-02
2426     8.08666667e-09    2.05657150e+00    1.22767998e+00    3.99909653e+00   -1.23079732e-03   -1.04369086e-02    1.00000000e-02
2427     8.09000000e-09    2.04762150e+00    1.21772143e+00    3.99552156e+00   -4.70680220e-03   -1.05898877e-02    1.00000000e-02
2428     8.09333333e-09    2.04753069e+00    1.21633736e+00    3.99351436e+00   -6.52678415e-03   -1.08720193e-02    1.00000000e-02
2429     8.09666667e-09    2.05633931e+00    1.22407317e+00    3.99398064e+00   -5.85414939e-03   -1.11779842e-02    1.00000000e-02
2430     8.10000000e-09    2.07068733e+00    1.23796947e+00    3.99688770e+00   -2.80281020e-03   -1.13886146e-02    1.00000000e-02
2431     8.10333333e-09    2.08509300e+00    1.25270141e+00    4.00107306e+00    1.40583502e-03   -1.14196040e-02    1.00000000e-02
2432     8.10666667e-09    2.09404998e+00    1.26263800e+00    4.00476228e+00    4.98847852e-03   -1.12590668e-02    1.00000000e-02
2433     8.11000000e-09    2.09413739e+00    1.26400046e+00    4.00649128e+00    6.52558255e-03   -1.09721222e-02    1.00000000e-02
2434     8.11333333e-09    2.08532739e+00    1.25628525e+00    4.00573871e+00    5.57139780e-03   -1.06707643e-02    1.00000000e-02
2435     8.11666667e-09    2.07098961e+00    1.24243530e+00    4.00293297e+00    2.62897818e-03   -1.04678186e-02    1.00000000e-02
2436     8.12000000e-09    2.05659934e+00    1.22772339e+00    3.99909659e+00   -1.23069812e-03   -1.04369937e-02    1.00000000e-02
2437     8.12333333e-09    2.04764934e+00    1.21776487e+00    3.99552197e+00   -4.70636845e-03   -1.05899644e-02    1.00000000e-02
2438     8.12666667e-09    2.04755854e+00    1.21638084e+00    3.99351501e+00   -6.52611931e-03   -1.08720774e-02    1.00000000e-02
2439     8.13000000e-09    2.05636715e+00    1.22411666e+00    3.99398132e+00   -5.85348719e-03   -1.11780190e-02    1.00000000e-02
2440     8.13333333e-09    2.07071515e+00    1.23801293e+00    3.99688809e+00   -2.80245484e-03   -1.13886308e-02    1.00000000e-02
2441     8.13666667e-09    2.08512079e+00    1.25274482e+00    4.00107296e+00    1.40569739e-03   -1.14196152e-02    1.00000000e-02
2442     8.14000000e-09    2.09407773e+00    1.26268134e+00    4.00476174e+00    4.98792236e-03   -1.12590887e-02    1.00000000e-02
2443     8.14333333e-09    2.09416511e+00    1.26404373e+00    4.00649058e+00    6.52488359e-03   -1.09721653e-02    1.00000000e-02
2444     8.14666667e-09    2.08535509e+00    1.25632848e+00    4.00573814e+00    5.57084097e-03   -1.06708295e-02    1.00000000e-02
2445     8.15000000e-09    2.07101731e+00    1.24247849e+00    4.00293268e+00    2.62872571e-03   -1.04678989e-02    1.00000000e-02
2446     8.15333333e-09    2.05662704e+00    1.22776659e+00    3.99909666e+00   -1.23060014e-03   -1.04370777e-02    1.00000000e-02
2447     8.15666667e-09    2.04767705e+00    1.21780808e+00    3.99552238e+00   -4.70594002e-03   -1.05900403e-02    1.00000000e-02
2448     8.16000000e-09    2.04758625e+00    1.21642408e+00    3.99351566e+00   -6.52546267e-03   -1.08721348e-02    1.00000000e-02
2449     8.16333333e-09    2.05639485e+00    1.22415991e+00    3.99398199e+00   -5.85283323e-03   -1.11780534e-02    1.00000000e-02
2450     8.16666667e-09    2.07074283e+00    1.23805616e+00    3.99688847e+00   -2.80210392e-03   -1.13886469e-02    1.00000000e-02
2451     8.17000000e-09    2.08514843e+00    1.25278800e+00    4.00107286e+00    1.40556148e-03   -1.14196262e-02    1.00000000e-02
2452     8.17333333e-09    2.09410534e+00    1.26272445e+00    4.00476122e+00    4.98737312e-03   -1.12591104e-02    1.00000000e-02
2453     8.17666667e-09    2.09419269e+00    1.26408678e+00    4.00648990e+00    6.52419328e-03   -1.09722079e-02    1.00000000e-02
2454     8.18000000e-09    2.08538265e+00    1.25637148e+00    4.00573757e+00    5.57029095e-03   -1.06708940e-02    1.00000000e-02
2455     8.18333333e-09    2.07104486e+00    1.24252147e+00    4.00293240e+00    2.62847631e-03   -1.04679782e-02    1.00000000e-02
2456     8.18666667e-09    2.05665459e+00    1.22780955e+00    3.99909672e+00   -1.23050336e-03   -1.04371608e-02    1.00000000e-02
2457     8.19000000e-09    2.04770460e+00    1.21785107e+00    3.99552277e+00   -4.70551681e-03   -1.05901152e-02    1.00000000e-02
2458     8.19333333e-09    2.04761381e+00    1.21646710e+00    3.99351630e+00   -6.52481412e-03   -1.08721915e-02    1.00000000e-02
2459     8.19666667e-09    2.05642240e+00    1.22420295e+00    3.99398265e+00   -5.85218738e-03   -1.11780874e-02    1.00000000e-02
2460     8.20000000e-09    2.07077035e+00    1.23809917e+00    3.99688885e+00   -2.80175737e-03   -1.13886628e-02    1.00000000e-02
2461     8.20333333e-09    2.08517593e+00    1.25283095e+00    4.00107276e+00    1.40542728e-03   -1.14196371e-02    1.00000000e-02
2462     8.20666667e-09    2.09413280e+00    1.26276734e+00    4.00476070e+00    4.98683073e-03   -1.12591319e-02    1.00000000e-02
2463     8.21000000e-09    2.09422012e+00    1.26412961e+00    4.00648922e+00    6.52351149e-03   -1.09722501e-02    1.00000000e-02
2464     8.21333333e-09    2.08541007e+00    1.25641425e+00    4.00573701e+00    5.56974767e-03   -1.06709577e-02    1.00000000e-02
2465     8.21666667e-09    2.07107227e+00    1.24256422e+00    4.00293212e+00    2.62822993e-03   -1.04680565e-02    1.00000000e-02
2466     8.22000000e-09    2.05668200e+00    1.22785230e+00    3.99909678e+00   -1.23040775e-03   -1.04372429e-02    1.00000000e-02
2467     8.22333333e-09    2.04773201e+00    1.21789384e+00    3.99552317e+00   -4.70509877e-03   -1.05901892e-02    1.00000000e-02
2468     8.22666667e-09    2.04764122e+00    1.21650990e+00    3.99351694e+00   -6.52417354e-03   -1.08722476e-02    1.00000000e-02
2469     8.23000000e-09    2.05644981e+00    1.22424576e+00    3.99398330e+00   -5.85154953e-03   -1.11781211e-02    1.00000000e-02
2470     8.23333333e-09    2.07079774e+00    1.23814196e+00    3.99688922e+00   -2.80141513e-03   -1.13886786e-02    1.00000000e-02
2471     8.23666667e-09    2.08520328e+00    1.25287369e+00    4.00107266e+00    1.40529476e-03   -1.14196479e-02    1.00000000e-02
2472     8.24000000e-09    2.09416011e+00    1.26281001e+00    4.00476019e+00    4.98629508e-03   -1.12591531e-02    1.00000000e-02
2473     8.24333333e-09    2.09424740e+00    1.26417221e+00    4.00648855e+00    6.52283813e-03   -1.09722917e-02    1.00000000e-02
2474     8.24666667e-09    2.08543733e+00    1.25645681e+00    4.00573646e+00    5.56921103e-03   -1.06710206e-02    1.00000000e-02
2475     8.25000000e-09    2.07109953e+00    1.24260675e+00    4.00293185e+00    2.62798653e-03   -1.04681340e-02    1.00000000e-02
2476     8.25333333e-09    2.05670926e+00    1.22789483e+00    3.99909685e+00   -1.23031331e-03   -1.04373240e-02    1.00000000e-02
2477     8.25666667e-09    2.04775928e+00    1.21793639e+00    3.99552356e+00   -4.70468582e-03   -1.05902624e-02    1.00000000e-02
2478     8.26000000e-09    2.04766849e+00    1.21655248e+00    3.99351756e+00   -6.52354083e-03   -1.08723030e-02    1.00000000e-02
2479     8.26333333e-09    2.05647707e+00    1.22428834e+00    3.99398395e+00   -5.85091959e-03   -1.11781544e-02    1.00000000e-02
2480     8.26666667e-09    2.07082498e+00    1.23818452e+00    3.99688959e+00   -2.80107714e-03   -1.13886942e-02    1.00000000e-02
2481     8.27000000e-09    2.08523048e+00    1.25291620e+00    4.00107256e+00    1.40516390e-03   -1.14196587e-02    1.00000000e-02
2482     8.27333333e-09    2.09418728e+00    1.26285245e+00    4.00475968e+00    4.98576609e-03   -1.12591741e-02    1.00000000e-02
2483     8.27666667e-09    2.09427454e+00    1.26421460e+00    4.00648789e+00    6.52217306e-03   -1.09723329e-02    1.00000000e-02
2484     8.28000000e-09    2.08546446e+00    1.25649915e+00    4.00573591e+00    5.56868093e-03   -1.06710829e-02    1.00000000e-02
2485     8.28333333e-09    2.07112665e+00    1.24264906e+00    4.00293158e+00    2.62774607e-03   -1.04682105e-02    1.00000000e-02
2486     8.28666667e-09    2.05673638e+00    1.22793714e+00    3.99909691e+00   -1.23022003e-03   -1.04374042e-02    1.00000000e-02
2487     8.29000000e-09    2.04778640e+00    1.21797872e+00    3.99552394e+00   -4.70427789e-03   -1.05903347e-02    1.00000000e-02
2488     8.29333333e-09    2.04769561e+00    1.21659484e+00    3.99351818e+00   -6.52291589e-03   -1.08723578e-02    1.00000000e-02
2489     8.29666667e-09    2.05650419e+00    1.22433071e+00    3.99398458e+00   -5.85029743e-03   -1.11781873e-02    1.00000000e-02
2490     8.30000000e-09    2.07085207e+00    1.23822687e+00    3.99688995e+00   -2.80074335e-03   -1.13887097e-02    1.00000000e-02
2491     8.30333333e-09    2.08525755e+00    1.25295849e+00    4.00107247e+00    1.40503467e-03   -1.14196693e-02    1.00000000e-02
2492     8.30666667e-09    2.09421431e+00    1.26289468e+00    4.00475918e+00    4.98524366e-03   -1.12591948e-02    1.00000000e-02
2493     8.31000000e-09    2.09430155e+00    1.26425677e+00    4.00648723e+00    6.52151618e-03   -1.09723735e-02    1.00000000e-02
2494     8.31333333e-09    2.08549144e+00    1.25654127e+00    4.00573537e+00    5.56815731e-03   -1.06711443e-02    1.00000000e-02
2495     8.31666667e-09    2.07115362e+00    1.24269115e+00    4.00293131e+00    2.62750852e-03   -1.04682861e-02    1.00000000e-02
2496     8.32000000e-09    2.05676335e+00    1.22797923e+00    3.99909697e+00   -1.23012787e-03   -1.04374834e-02    1.00000000e-02
2497     8.32333333e-09    2.04781338e+00    1.21802083e+00    3.99552432e+00   -4.70387493e-03   -1.05904062e-02    1.00000000e-02
2498     8.32666667e-09    2.04772259e+00    1.21663697e+00    3.99351879e+00   -6.52229861e-03   -1.08724119e-02    1.00000000e-02
2499     8.33000000e-09    2.05653116e+00    1.22437286e+00    3.99398521e+00   -5.84968296e-03   -1.11782198e-02    1.00000000e-02
2500     8.33333333e-09    2.07087903e+00    1.23826899e+00    3.99689031e+00   -2.80041369e-03   -1.13887249e-02    1.00000000e-02
2501     8.33666667e-09    2.08528447e+00    1.25300056e+00    4.00107237e+00    1.40490706e-03   -1.14196798e-02    1.00000000e-02
2502     8.34000000e-09    2.09424120e+00    1.26293669e+00    4.00475869e+00    4.98472770e-03   -1.12592154e-02    1.00000000e-02
2503     8.34333333e-09    2.09432841e+00    1.26429872e+00    4.00648659e+00    6.52086739e-03   -1.09724138e-02    1.00000000e-02
2504     8.34666667e-09    2.08551829e+00    1.25658318e+00    4.00573484e+00    5.56764006e-03   -1.06712051e-02    1.00000000e-02
2505     8.35000000e-09    2.07118046e+00    1.24273303e+00    4.00293105e+00    2.62727383e-03   -1.04683608e-02    1.00000000e-02
2506     8.35333333e-09    2.05679019e+00    1.22802111e+00    3.99909703e+00   -1.23003684e-03   -1.04375617e-02    1.00000000e-02
2507     8.35666667e-09    2.04784022e+00    1.21806272e+00    3.99552470e+00   -4.70347687e-03   -1.05904768e-02    1.00000000e-02
2508     8.36000000e-09    2.04774944e+00    1.21667890e+00    3.99351940e+00   -6.52168889e-03   -1.08724654e-02    1.00000000e-02
2509     8.36333333e-09    2.05655800e+00    1.22441479e+00    3.99398583e+00   -5.84907607e-03   -1.11782519e-02    1.00000000e-02
2510     8.36666667e-09    2.07090584e+00    1.23831090e+00    3.99689067e+00   -2.80008812e-03   -1.13887401e-02    1.00000000e-02
2511     8.37000000e-09    2.08531125e+00    1.25304242e+00    4.00107228e+00    1.40478103e-03   -1.14196903e-02    1.00000000e-02
2512     8.37333333e-09    2.09426794e+00    1.26297848e+00    4.00475820e+00    4.98421814e-03   -1.12592357e-02    1.00000000e-02
2513     8.37666667e-09    2.09435513e+00    1.26434045e+00    4.00648595e+00    6.52022657e-03   -1.09724535e-02    1.00000000e-02
2514     8.38000000e-09    2.08554499e+00    1.25662487e+00    4.00573431e+00    5.56712911e-03   -1.06712651e-02    1.00000000e-02
2515     8.38333333e-09    2.07120716e+00    1.24277470e+00    4.00293079e+00    2.62704197e-03   -1.04684346e-02    1.00000000e-02
2516     8.38666667e-09    2.05681689e+00    1.22806277e+00    3.99909709e+00   -1.22994692e-03   -1.04376390e-02    1.00000000e-02
2517     8.39000000e-09    2.04786692e+00    1.21810441e+00    3.99552507e+00   -4.70308363e-03   -1.05905466e-02    1.00000000e-02
2518     8.39333333e-09    2.04777614e+00    1.21672060e+00    3.99351999e+00   -6.52108663e-03   -1.08725183e-02    1.00000000e-02
2519     8.39666667e-09    2.05658469e+00    1.22445651e+00    3.99398644e+00   -5.84847666e-03   -1.11782838e-02    1.00000000e-02
2520     8.40000000e-09    2.07093251e+00    1.23835259e+00    3.99689102e+00   -2.79976657e-03   -1.13887551e-02    1.00000000e-02
2521     8.40333333e-09    2.08533789e+00    1.25308406e+00    4.00107219e+00    1.40465658e-03   -1.14197006e-02    1.00000000e-02
2522     8.40666667e-09    2.09429455e+00    1.26302006e+00    4.00475772e+00    4.98371487e-03   -1.12592558e-02    1.00000000e-02
2523     8.41000000e-09    2.09438171e+00    1.26438198e+00    4.00648532e+00    6.51959361e-03   -1.09724928e-02    1.00000000e-02
2524     8.41333333e-09    2.08557156e+00    1.25666635e+00    4.00573379e+00    5.56662437e-03   -1.06713244e-02    1.00000000e-02
2525     8.41666667e-09    2.07123372e+00    1.24281615e+00    4.00293053e+00    2.62681290e-03   -1.04685076e-02    1.00000000e-02
2526     8.42000000e-09    2.05684344e+00    1.22810422e+00    3.99909715e+00   -1.22985808e-03   -1.04377155e-02    1.00000000e-02
2527     8.42333333e-09    2.04789348e+00    1.21814587e+00    3.99552543e+00   -4.70269516e-03   -1.05906156e-02    1.00000000e-02
2528     8.42666667e-09    2.04780270e+00    1.21676209e+00    3.99352058e+00   -6.52049173e-03   -1.08725705e-02    1.00000000e-02
2529     8.43000000e-09    2.05661125e+00    1.22449801e+00    3.99398705e+00   -5.84788462e-03   -1.11783152e-02    1.00000000e-02
2530     8.43333333e-09    2.07095905e+00    1.23839407e+00    3.99689136e+00   -2.79944899e-03   -1.13887699e-02    1.00000000e-02
2531     8.43666667e-09    2.08536439e+00    1.25312548e+00    4.00107210e+00    1.40453368e-03   -1.14197108e-02    1.00000000e-02
2532     8.44000000e-09    2.09432102e+00    1.26306143e+00    4.00475724e+00    4.98321782e-03   -1.12592757e-02    1.00000000e-02
2533     8.44333333e-09    2.09440815e+00    1.26442329e+00    4.00648470e+00    6.51896841e-03   -1.09725316e-02    1.00000000e-02
2534     8.44666667e-09    2.08559798e+00    1.25670762e+00    4.00573327e+00    5.56612575e-03   -1.06713831e-02    1.00000000e-02
2535     8.45000000e-09    2.07126014e+00    1.24285739e+00    4.00293028e+00    2.62658659e-03   -1.04685797e-02    1.00000000e-02
2536     8.45333333e-09    2.05686987e+00    1.22814545e+00    3.99909720e+00   -1.22977033e-03   -1.04377910e-02    1.00000000e-02
2537     8.45666667e-09    2.04791991e+00    1.21818713e+00    3.99552579e+00   -4.70231140e-03   -1.05906837e-02    1.00000000e-02
2538     8.46000000e-09    2.04782913e+00    1.21680337e+00    3.99352116e+00   -6.51990409e-03   -1.08726222e-02    1.00000000e-02
2539     8.46333333e-09    2.05663766e+00    1.22453929e+00    3.99398765e+00   -5.84729987e-03   -1.11783463e-02    1.00000000e-02
2540     8.46666667e-09    2.07098545e+00    1.23843533e+00    3.99689171e+00   -2.79913533e-03   -1.13887846e-02    1.00000000e-02
2541     8.47000000e-09    2.08539076e+00    1.25316670e+00    4.00107201e+00    1.40441230e-03   -1.14197210e-02    1.00000000e-02
2542     8.47333333e-09    2.09434735e+00    1.26310258e+00    4.00475677e+00    4.98272691e-03   -1.12592953e-02    1.00000000e-02
2543     8.47666667e-09    2.09443446e+00    1.26446439e+00    4.00648408e+00    6.51835087e-03   -1.09725700e-02    1.00000000e-02
2544     8.48000000e-09    2.08562428e+00    1.25674868e+00    4.00573277e+00    5.56563319e-03   -1.06714410e-02    1.00000000e-02
2545     8.48333333e-09    2.07128642e+00    1.24289842e+00    4.00293003e+00    2.62636299e-03   -1.04686509e-02    1.00000000e-02
2546     8.48666667e-09    2.05689615e+00    1.22818648e+00    3.99909726e+00   -1.22968363e-03   -1.04378656e-02    1.00000000e-02
2547     8.49000000e-09    2.04794619e+00    1.21822817e+00    3.99552615e+00   -4.70193228e-03   -1.05907511e-02    1.00000000e-02
2548     8.49333333e-09    2.04785541e+00    1.21684444e+00    3.99352174e+00   -6.51932361e-03   -1.08726732e-02    1.00000000e-02
2549     8.49666667e-09    2.05666395e+00    1.22458037e+00    3.99398824e+00   -5.84672230e-03   -1.11783770e-02    1.00000000e-02
2550     8.50000000e-09    2.07101171e+00    1.23847638e+00    3.99689204e+00   -2.79882554e-03   -1.13887991e-02    1.00000000e-02
2551     8.50333333e-09    2.08541699e+00    1.25320770e+00    4.00107192e+00    1.40429243e-03   -1.14197310e-02    1.00000000e-02
2552     8.50666667e-09    2.09437355e+00    1.26314353e+00    4.00475631e+00    4.98224204e-03   -1.12593148e-02    1.00000000e-02
2553     8.51000000e-09    2.09446063e+00    1.26450528e+00    4.00648348e+00    6.51774088e-03   -1.09726079e-02    1.00000000e-02
2554     8.51333333e-09    2.08565043e+00    1.25678952e+00    4.00573226e+00    5.56514659e-03   -1.06714983e-02    1.00000000e-02
2555     8.51666667e-09    2.07131257e+00    1.24293925e+00    4.00292978e+00    2.62614207e-03   -1.04687213e-02    1.00000000e-02
2556     8.52000000e-09    2.05692230e+00    1.22822730e+00    3.99909732e+00   -1.22959799e-03   -1.04379394e-02    1.00000000e-02
2557     8.52333333e-09    2.04797234e+00    1.21826901e+00    3.99552650e+00   -4.70155774e-03   -1.05908176e-02    1.00000000e-02
2558     8.52666667e-09    2.04788157e+00    1.21688530e+00    3.99352231e+00   -6.51875021e-03   -1.08727237e-02    1.00000000e-02
2559     8.53000000e-09    2.05669009e+00    1.22462123e+00    3.99398882e+00   -5.84615181e-03   -1.11784074e-02    1.00000000e-02
2560     8.53333333e-09    2.07103783e+00    1.23851722e+00    3.99689238e+00   -2.79851955e-03   -1.13888135e-02    1.00000000e-02
2561     8.53666667e-09    2.08544309e+00    1.25324849e+00    4.00107183e+00    1.40417405e-03   -1.14197410e-02    1.00000000e-02
2562     8.54000000e-09    2.09439961e+00    1.26318426e+00    4.00475585e+00    4.98176315e-03   -1.12593340e-02    1.00000000e-02
2563     8.54333333e-09    2.09448666e+00    1.26454596e+00    4.00648288e+00    6.51713835e-03   -1.09726454e-02    1.00000000e-02
2564     8.54666667e-09    2.08567645e+00    1.25683017e+00    4.00573177e+00    5.56466588e-03   -1.06715548e-02    1.00000000e-02
2565     8.55000000e-09    2.07133858e+00    1.24297986e+00    4.00292954e+00    2.62592380e-03   -1.04687909e-02    1.00000000e-02
2566     8.55333333e-09    2.05694831e+00    1.22826791e+00    3.99909737e+00   -1.22951339e-03   -1.04380123e-02    1.00000000e-02
2567     8.55666667e-09    2.04799836e+00    1.21830964e+00    3.99552685e+00   -4.70118773e-03   -1.05908834e-02    1.00000000e-02
2568     8.56000000e-09    2.04790759e+00    1.21692595e+00    3.99352287e+00   -6.51818377e-03   -1.08727736e-02    1.00000000e-02
2569     8.56333333e-09    2.05671610e+00    1.22466189e+00    3.99398940e+00   -5.84558831e-03   -1.11784375e-02    1.00000000e-02
2570     8.56666667e-09    2.07106382e+00    1.23855786e+00    3.99689271e+00   -2.79821733e-03   -1.13888278e-02    1.00000000e-02
2571     8.57000000e-09    2.08546905e+00    1.25328908e+00    4.00107175e+00    1.40405714e-03   -1.14197509e-02    1.00000000e-02
2572     8.57333333e-09    2.09442554e+00    1.26322479e+00    4.00475540e+00    4.98129015e-03   -1.12593530e-02    1.00000000e-02
2573     8.57666667e-09    2.09451257e+00    1.26458644e+00    4.00648228e+00    6.51654318e-03   -1.09726825e-02    1.00000000e-02
2574     8.58000000e-09    2.08570234e+00    1.25687060e+00    4.00573128e+00    5.56419098e-03   -1.06716107e-02    1.00000000e-02
2575     8.58333333e-09    2.07136446e+00    1.24302027e+00    4.00292929e+00    2.62570814e-03   -1.04688596e-02    1.00000000e-02
2576     8.58666667e-09    2.05697419e+00    1.22830832e+00    3.99909743e+00   -1.22942981e-03   -1.04380843e-02    1.00000000e-02
2577     8.59000000e-09    2.04802424e+00    1.21835006e+00    3.99552720e+00   -4.70082218e-03   -1.05909484e-02    1.00000000e-02
2578     8.59333333e-09    2.04793347e+00    1.21696639e+00    3.99352342e+00   -6.51762423e-03   -1.08728228e-02    1.00000000e-02
2579     8.59666667e-09    2.05674198e+00    1.22470234e+00    3.99398997e+00   -5.84503171e-03   -1.11784672e-02    1.00000000e-02
2580     8.60000000e-09    2.07108968e+00    1.23859828e+00    3.99689303e+00   -2.79791882e-03   -1.13888419e-02    1.00000000e-02
2581     8.60333333e-09    2.08549487e+00    1.25332946e+00    4.00107166e+00    1.40394168e-03   -1.14197606e-02    1.00000000e-02
2582     8.60666667e-09    2.09445134e+00    1.26326511e+00    4.00475495e+00    4.98082295e-03   -1.12593718e-02    1.00000000e-02
2583     8.61000000e-09    2.09453834e+00    1.26462671e+00    4.00648170e+00    6.51595526e-03   -1.09727191e-02    1.00000000e-02
2584     8.61333333e-09    2.08572809e+00    1.25691083e+00    4.00573079e+00    5.56372182e-03   -1.06716660e-02    1.00000000e-02
2585     8.61666667e-09    2.07139021e+00    1.24306048e+00    4.00292905e+00    2.62549506e-03   -1.04689275e-02    1.00000000e-02
2586     8.62000000e-09    2.05699994e+00    1.22834852e+00    3.99909748e+00   -1.22934723e-03   -1.04381555e-02    1.00000000e-02
2587     8.62333333e-09    2.04804999e+00    1.21839027e+00    3.99552754e+00   -4.70046103e-03   -1.05910127e-02    1.00000000e-02
2588     8.62666667e-09    2.04795922e+00    1.21700663e+00    3.99352397e+00   -6.51707147e-03   -1.08728716e-02    1.00000000e-02
2589     8.63000000e-09    2.05676772e+00    1.22474258e+00    3.99399053e+00   -5.84448192e-03   -1.11784966e-02    1.00000000e-02
2590     8.63333333e-09    2.07111540e+00    1.23863850e+00    3.99689335e+00   -2.79762397e-03   -1.13888558e-02    1.00000000e-02
2591     8.63666667e-09    2.08552057e+00    1.25336963e+00    4.00107158e+00    1.40382765e-03   -1.14197703e-02    1.00000000e-02
2592     8.64000000e-09    2.09447700e+00    1.26330523e+00    4.00475451e+00    4.98036150e-03   -1.12593904e-02    1.00000000e-02
2593     8.64333333e-09    2.09456397e+00    1.26466677e+00    4.00648112e+00    6.51537450e-03   -1.09727553e-02    1.00000000e-02
2594     8.64666667e-09    2.08575371e+00    1.25695086e+00    4.00573032e+00    5.56325831e-03   -1.06717206e-02    1.00000000e-02
2595     8.65000000e-09    2.07141583e+00    1.24310048e+00    4.00292882e+00    2.62528452e-03   -1.04689947e-02    1.00000000e-02
2596     8.65333333e-09    2.05702555e+00    1.22838852e+00    3.99909753e+00   -1.22926566e-03   -1.04382258e-02    1.00000000e-02
2597     8.65666667e-09    2.04807561e+00    1.21843029e+00    3.99552787e+00   -4.70010423e-03   -1.05910761e-02    1.00000000e-02
2598     8.66000000e-09    2.04798484e+00    1.21704666e+00    3.99352451e+00   -6.51652542e-03   -1.08729197e-02    1.00000000e-02
2599     8.66333333e-09    2.05679333e+00    1.22478262e+00    3.99399109e+00   -5.84393884e-03   -1.11785256e-02    1.00000000e-02
2600     8.66666667e-09    2.07114100e+00    1.23867851e+00    3.99689367e+00   -2.79733273e-03   -1.13888696e-02    1.00000000e-02
2601     8.67000000e-09    2.08554613e+00    1.25340960e+00    4.00107149e+00    1.40371503e-03   -1.14197799e-02    1.00000000e-02
2602     8.67333333e-09    2.09450253e+00    1.26334514e+00    4.00475408e+00    4.97990569e-03   -1.12594088e-02    1.00000000e-02
2603     8.67666667e-09    2.09458948e+00    1.26470663e+00    4.00648055e+00    6.51480080e-03   -1.09727911e-02    1.00000000e-02
2604     8.68000000e-09    2.08577921e+00    1.25699068e+00    4.00572984e+00    5.56280039e-03   -1.06717746e-02    1.00000000e-02
2605     8.68333333e-09    2.07144131e+00    1.24314028e+00    4.00292858e+00    2.62507650e-03   -1.04690610e-02    1.00000000e-02
2606     8.68666667e-09    2.05705104e+00    1.22842832e+00    3.99909759e+00   -1.22918507e-03   -1.04382953e-02    1.00000000e-02
2607     8.69000000e-09    2.04810110e+00    1.21847010e+00    3.99552821e+00   -4.69975172e-03   -1.05911389e-02    1.00000000e-02
2608     8.69333333e-09    2.04801033e+00    1.21708649e+00    3.99352504e+00   -6.51598599e-03   -1.08729673e-02    1.00000000e-02
2609     8.69666667e-09    2.05681881e+00    1.22482245e+00    3.99399164e+00   -5.84340238e-03   -1.11785543e-02    1.00000000e-02
2610     8.70000000e-09    2.07116646e+00    1.23871832e+00    3.99689399e+00   -2.79704505e-03   -1.13888833e-02    1.00000000e-02
2611     8.70333333e-09    2.08557156e+00    1.25344936e+00    4.00107141e+00    1.40360380e-03   -1.14197894e-02    1.00000000e-02
2612     8.70666667e-09    2.09452793e+00    1.26338485e+00    4.00475365e+00    4.97945548e-03   -1.12594270e-02    1.00000000e-02
2613     8.71000000e-09    2.09461486e+00    1.26474630e+00    4.00647999e+00    6.51423408e-03   -1.09728265e-02    1.00000000e-02
2614     8.71333333e-09    2.08580457e+00    1.25703030e+00    4.00572938e+00    5.56234799e-03   -1.06718279e-02    1.00000000e-02
2615     8.71666667e-09    2.07146667e+00    1.24317988e+00    4.00292835e+00    2.62487095e-03   -1.04691266e-02    1.00000000e-02
2616     8.72000000e-09    2.05707639e+00    1.22846791e+00    3.99909764e+00   -1.22910545e-03   -1.04383640e-02    1.00000000e-02
2617     8.72333333e-09    2.04812645e+00    1.21850970e+00    3.99552853e+00   -4.69940344e-03   -1.05912009e-02    1.00000000e-02
2618     8.72666667e-09    2.04803568e+00    1.21712612e+00    3.99352557e+00   -6.51545308e-03   -1.08730144e-02    1.00000000e-02
2619     8.73000000e-09    2.05684416e+00    1.22486208e+00    3.99399218e+00   -5.84287247e-03   -1.11785827e-02    1.00000000e-02
2620     8.73333333e-09    2.07119179e+00    1.23875793e+00    3.99689430e+00   -2.79676088e-03   -1.13888968e-02    1.00000000e-02
2621     8.73666667e-09    2.08559686e+00    1.25348892e+00    4.00107133e+00    1.40349394e-03   -1.14197988e-02    1.00000000e-02
2622     8.74000000e-09    2.09455320e+00    1.26342436e+00    4.00475322e+00    4.97901076e-03   -1.12594450e-02    1.00000000e-02
2623     8.74333333e-09    2.09464010e+00    1.26478576e+00    4.00647943e+00    6.51367424e-03   -1.09728615e-02    1.00000000e-02
2624     8.74666667e-09    2.08582980e+00    1.25706973e+00    4.00572892e+00    5.56190102e-03   -1.06718806e-02    1.00000000e-02
2625     8.75000000e-09    2.07149189e+00    1.24321928e+00    4.00292813e+00    2.62466785e-03   -1.04691914e-02    1.00000000e-02
2626     8.75333333e-09    2.05710162e+00    1.22850731e+00    3.99909769e+00   -1.22902679e-03   -1.04384319e-02    1.00000000e-02
2627     8.75666667e-09    2.04815168e+00    1.21854911e+00    3.99552886e+00   -4.69905935e-03   -1.05912622e-02    1.00000000e-02
2628     8.76000000e-09    2.04806091e+00    1.21716554e+00    3.99352609e+00   -6.51492662e-03   -1.08730609e-02    1.00000000e-02
2629     8.76333333e-09    2.05686939e+00    1.22490151e+00    3.99399271e+00   -5.84234900e-03   -1.11786108e-02    1.00000000e-02
2630     8.76666667e-09    2.07121699e+00    1.23879734e+00    3.99689460e+00   -2.79648019e-03   -1.13889102e-02    1.00000000e-02
2631     8.77000000e-09    2.08562204e+00    1.25352828e+00    4.00107125e+00    1.40338544e-03   -1.14198081e-02    1.00000000e-02
2632     8.77333333e-09    2.09457835e+00    1.26346367e+00    4.00475280e+00    4.97857149e-03   -1.12594628e-02    1.00000000e-02
2633     8.77666667e-09    2.09466522e+00    1.26482502e+00    4.00647888e+00    6.51312120e-03   -1.09728960e-02    1.00000000e-02
2634     8.78000000e-09    2.08585490e+00    1.25710895e+00    4.00572846e+00    5.56145942e-03   -1.06719327e-02    1.00000000e-02
2635     8.78333333e-09    2.07151699e+00    1.24325848e+00    4.00292790e+00    2.62446716e-03   -1.04692554e-02    1.00000000e-02
2636     8.78666667e-09    2.05712671e+00    1.22854650e+00    3.99909774e+00   -1.22894908e-03   -1.04384990e-02    1.00000000e-02
2637     8.79000000e-09    2.04817678e+00    1.21858832e+00    3.99552918e+00   -4.69871938e-03   -1.05913227e-02    1.00000000e-02
2638     8.79333333e-09    2.04808601e+00    1.21720477e+00    3.99352661e+00   -6.51440651e-03   -1.08731068e-02    1.00000000e-02
2639     8.79666667e-09    2.05689448e+00    1.22494074e+00    3.99399324e+00   -5.84183190e-03   -1.11786386e-02    1.00000000e-02
2640     8.80000000e-09    2.07124206e+00    1.23883655e+00    3.99689490e+00   -2.79620291e-03   -1.13889234e-02    1.00000000e-02
2641     8.80333333e-09    2.08564708e+00    1.25356744e+00    4.00107117e+00    1.40327827e-03   -1.14198173e-02    1.00000000e-02
2642     8.80666667e-09    2.09460336e+00    1.26350278e+00    4.00475239e+00    4.97813758e-03   -1.12594804e-02    1.00000000e-02
2643     8.81000000e-09    2.09469021e+00    1.26486408e+00    4.00647834e+00    6.51257485e-03   -1.09729302e-02    1.00000000e-02
2644     8.81333333e-09    2.08587988e+00    1.25714798e+00    4.00572801e+00    5.56102312e-03   -1.06719841e-02    1.00000000e-02
2645     8.81666667e-09    2.07154196e+00    1.24329749e+00    4.00292768e+00    2.62426886e-03   -1.04693186e-02    1.00000000e-02
2646     8.82000000e-09    2.05715168e+00    1.22858550e+00    3.99909779e+00   -1.22887231e-03   -1.04385653e-02    1.00000000e-02
2647     8.82333333e-09    2.04820175e+00    1.21862733e+00    3.99552949e+00   -4.69838349e-03   -1.05913826e-02    1.00000000e-02
2648     8.82666667e-09    2.04811098e+00    1.21724380e+00    3.99352711e+00   -6.51389268e-03   -1.08731522e-02    1.00000000e-02
2649     8.83000000e-09    2.05691944e+00    1.22497977e+00    3.99399377e+00   -5.84132108e-03   -1.11786660e-02    1.00000000e-02
2650     8.83333333e-09    2.07126701e+00    1.23887555e+00    3.99689520e+00   -2.79592902e-03   -1.13889365e-02    1.00000000e-02
2651     8.83666667e-09    2.08567200e+00    1.25360641e+00    4.00107109e+00    1.40317243e-03   -1.14198264e-02    1.00000000e-02
2652     8.84000000e-09    2.09462825e+00    1.26354169e+00    4.00475198e+00    4.97770896e-03   -1.12594978e-02    1.00000000e-02
2653     8.84333333e-09    2.09471508e+00    1.26490295e+00    4.00647780e+00    6.51203511e-03   -1.09729639e-02    1.00000000e-02
2654     8.84666667e-09    2.08590473e+00    1.25718681e+00    4.00572757e+00    5.56059205e-03   -1.06720350e-02    1.00000000e-02
2655     8.85000000e-09    2.07156680e+00    1.24333630e+00    4.00292746e+00    2.62407290e-03   -1.04693812e-02    1.00000000e-02
2656     8.85333333e-09    2.05717652e+00    1.22862430e+00    3.99909784e+00   -1.22879645e-03   -1.04386308e-02    1.00000000e-02
2657     8.85666667e-09    2.04822659e+00    1.21866614e+00    3.99552981e+00   -4.69805161e-03   -1.05914417e-02    1.00000000e-02
2658     8.86000000e-09    2.04813583e+00    1.21728263e+00    3.99352762e+00   -6.51338504e-03   -1.08731971e-02    1.00000000e-02
2659     8.86333333e-09    2.05694428e+00    1.22501860e+00    3.99399428e+00   -5.84081645e-03   -1.11786931e-02    1.00000000e-02
2660     8.86666667e-09    2.07129183e+00    1.23891436e+00    3.99689550e+00   -2.79565845e-03   -1.13889495e-02    1.00000000e-02
2661     8.87000000e-09    2.08569679e+00    1.25364517e+00    4.00107102e+00    1.40306789e-03   -1.14198354e-02    1.00000000e-02
2662     8.87333333e-09    2.09465301e+00    1.26358041e+00    4.00475157e+00    4.97728556e-03   -1.12595150e-02    1.00000000e-02
2663     8.87666667e-09    2.09473982e+00    1.26494162e+00    4.00647727e+00    6.51150190e-03   -1.09729973e-02    1.00000000e-02
2664     8.88000000e-09    2.08592945e+00    1.25722544e+00    4.00572713e+00    5.56016614e-03   -1.06720853e-02    1.00000000e-02
2665     8.88333333e-09    2.07159152e+00    1.24337491e+00    4.00292724e+00    2.62387927e-03   -1.04694430e-02    1.00000000e-02
2666     8.88666667e-09    2.05720124e+00    1.22866291e+00    3.99909789e+00   -1.22872151e-03   -1.04386955e-02    1.00000000e-02
2667     8.89000000e-09    2.04825131e+00    1.21870476e+00    3.99553012e+00   -4.69772370e-03   -1.05915002e-02    1.00000000e-02
2668     8.89333333e-09    2.04816054e+00    1.21732126e+00    3.99352811e+00   -6.51288351e-03   -1.08732415e-02    1.00000000e-02
2669     8.89666667e-09    2.05696899e+00    1.22505724e+00    3.99399479e+00   -5.84031794e-03   -1.11787200e-02    1.00000000e-02
2670     8.90000000e-09    2.07131652e+00    1.23895298e+00    3.99689579e+00   -2.79539117e-03   -1.13889623e-02    1.00000000e-02
2671     8.90333333e-09    2.08572145e+00    1.25368374e+00    4.00107094e+00    1.40296463e-03   -1.14198443e-02    1.00000000e-02
2672     8.90666667e-09    2.09467765e+00    1.26361893e+00    4.00475117e+00    4.97686731e-03   -1.12595321e-02    1.00000000e-02
2673     8.91000000e-09    2.09476443e+00    1.26498009e+00    4.00647674e+00    6.51097513e-03   -1.09730303e-02    1.00000000e-02
2674     8.91333333e-09    2.08595405e+00    1.25726388e+00    4.00572669e+00    5.55974533e-03   -1.06721350e-02    1.00000000e-02
2675     8.91666667e-09    2.07161611e+00    1.24341333e+00    4.00292703e+00    2.62368793e-03   -1.04695040e-02    1.00000000e-02
2676     8.92000000e-09    2.05722583e+00    1.22870132e+00    3.99909794e+00   -1.22864747e-03   -1.04387595e-02    1.00000000e-02
2677     8.92333333e-09    2.04827590e+00    1.21874319e+00    3.99553042e+00   -4.69739971e-03   -1.05915580e-02    1.00000000e-02
2678     8.92666667e-09    2.04818514e+00    1.21735970e+00    3.99352860e+00   -6.51238802e-03   -1.08732854e-02    1.00000000e-02
2679     8.93000000e-09    2.05699358e+00    1.22509568e+00    3.99399530e+00   -5.83982547e-03   -1.11787465e-02    1.00000000e-02
2680     8.93333333e-09    2.07134109e+00    1.23899139e+00    3.99689608e+00   -2.79512713e-03   -1.13889750e-02    1.00000000e-02
2681     8.93666667e-09    2.08574599e+00    1.25372212e+00    4.00107086e+00    1.40286264e-03   -1.14198532e-02    1.00000000e-02
2682     8.94000000e-09    2.09470216e+00    1.26365725e+00    4.00475078e+00    4.97645415e-03   -1.12595489e-02    1.00000000e-02
2683     8.94333333e-09    2.09478892e+00    1.26501837e+00    4.00647623e+00    6.51045472e-03   -1.09730629e-02    1.00000000e-02
2684     8.94666667e-09    2.08597852e+00    1.25730213e+00    4.00572626e+00    5.55932954e-03   -1.06721840e-02    1.00000000e-02
2685     8.95000000e-09    2.07164058e+00    1.24345155e+00    4.00292681e+00    2.62349885e-03   -1.04695644e-02    1.00000000e-02
2686     8.95333333e-09    2.05725029e+00    1.22873955e+00    3.99909799e+00   -1.22857432e-03   -1.04388228e-02    1.00000000e-02
2687     8.95666667e-09    2.04830037e+00    1.21878142e+00    3.99553072e+00   -4.69707959e-03   -1.05916151e-02    1.00000000e-02
2688     8.96000000e-09    2.04820961e+00    1.21739795e+00    3.99352909e+00   -6.51189848e-03   -1.08733287e-02    1.00000000e-02
2689     8.96333333e-09    2.05701804e+00    1.22513393e+00    3.99399579e+00   -5.83933895e-03   -1.11787727e-02    1.00000000e-02
2690     8.96666667e-09    2.07136553e+00    1.23902962e+00    3.99689636e+00   -2.79486630e-03   -1.13889876e-02    1.00000000e-02
2691     8.97000000e-09    2.08577041e+00    1.25376030e+00    4.00107079e+00    1.40276191e-03   -1.14198619e-02    1.00000000e-02
2692     8.97333333e-09    2.09472654e+00    1.26369539e+00    4.00475039e+00    4.97604601e-03   -1.12595655e-02    1.00000000e-02
2693     8.97666667e-09    2.09481328e+00    1.26505646e+00    4.00647571e+00    6.50994057e-03   -1.09730951e-02    1.00000000e-02
2694     8.98000000e-09    2.08600287e+00    1.25734019e+00    4.00572584e+00    5.55891871e-03   -1.06722326e-02    1.00000000e-02
2695     8.98333333e-09    2.07166492e+00    1.24348959e+00    4.00292660e+00    2.62331200e-03   -1.04696240e-02    1.00000000e-02
2696     8.98666667e-09    2.05727464e+00    1.22877757e+00    3.99909804e+00   -1.22850204e-03   -1.04388853e-02    1.00000000e-02
2697     8.99000000e-09    2.04832472e+00    1.21881946e+00    3.99553102e+00   -4.69676328e-03   -1.05916715e-02    1.00000000e-02
2698     8.99333333e-09    2.04823395e+00    1.21743600e+00    3.99352957e+00   -6.51141481e-03   -1.08733716e-02    1.00000000e-02
2699     8.99666667e-09    2.05704237e+00    1.22517198e+00    3.99399629e+00   -5.83885831e-03   -1.11787987e-02    1.00000000e-02
2700     9.00000000e-09    2.07138985e+00    1.23906765e+00    3.99689664e+00   -2.79460862e-03   -1.13890000e-02    1.00000000e-02
2701     9.00333333e-09    2.08579470e+00    1.25379829e+00    4.00107072e+00    1.40266241e-03   -1.14198706e-02    1.00000000e-02
2702     9.00666667e-09    2.09475081e+00    1.26373333e+00    4.00475000e+00    4.97564283e-03   -1.12595820e-02    1.00000000e-02
2703     9.01000000e-09    2.09483752e+00    1.26509436e+00    4.00647521e+00    6.50943262e-03   -1.09731269e-02    1.00000000e-02
2704     9.01333333e-09    2.08602710e+00    1.25737805e+00    4.00572542e+00    5.55851279e-03   -1.06722805e-02    1.00000000e-02
2705     9.01666667e-09    2.07168914e+00    1.24352743e+00    4.00292640e+00    2.62312736e-03   -1.04696829e-02    1.00000000e-02
2706     9.02000000e-09    2.05729886e+00    1.22881541e+00    3.99909808e+00   -1.22843063e-03   -1.04389470e-02    1.00000000e-02
2707     9.02333333e-09    2.04834894e+00    1.21885730e+00    3.99553132e+00   -4.69645074e-03   -1.05917273e-02    1.00000000e-02
2708     9.02666667e-09    2.04825817e+00    1.21747386e+00    3.99353004e+00   -6.51093694e-03   -1.08734139e-02    1.00000000e-02
2709     9.03000000e-09    2.05706659e+00    1.22520984e+00    3.99399677e+00   -5.83838348e-03   -1.11788243e-02    1.00000000e-02
2710     9.03333333e-09    2.07141405e+00    1.23910549e+00    3.99689692e+00   -2.79435406e-03   -1.13890123e-02    1.00000000e-02
2711     9.03666667e-09    2.08581887e+00    1.25383609e+00    4.00107064e+00    1.40256413e-03   -1.14198792e-02    1.00000000e-02
2712     9.04000000e-09    2.09477495e+00    1.26377108e+00    4.00474962e+00    4.97524453e-03   -1.12595983e-02    1.00000000e-02
2713     9.04333333e-09    2.09486164e+00    1.26513207e+00    4.00647471e+00    6.50893078e-03   -1.09731584e-02    1.00000000e-02
2714     9.04666667e-09    2.08605121e+00    1.25741573e+00    4.00572501e+00    5.55811170e-03   -1.06723279e-02    1.00000000e-02
2715     9.05000000e-09    2.07171324e+00    1.24356509e+00    4.00292619e+00    2.62294489e-03   -1.04697412e-02    1.00000000e-02
2716     9.05333333e-09    2.05732296e+00    1.22885306e+00    3.99909813e+00   -1.22836007e-03   -1.04390081e-02    1.00000000e-02
2717     9.05666667e-09    2.04837304e+00    1.21889496e+00    3.99553161e+00   -4.69614191e-03   -1.05917824e-02    1.00000000e-02
2718     9.06000000e-09    2.04828227e+00    1.21751153e+00    3.99353051e+00   -6.51046480e-03   -1.08734558e-02    1.00000000e-02
2719     9.06333333e-09    2.05709068e+00    1.22524751e+00    3.99399725e+00   -5.83791436e-03   -1.11788496e-02    1.00000000e-02
2720     9.06666667e-09    2.07143812e+00    1.23914313e+00    3.99689720e+00   -2.79410257e-03   -1.13890245e-02    1.00000000e-02
2721     9.07000000e-09    2.08584292e+00    1.25387369e+00    4.00107057e+00    1.40246705e-03   -1.14198877e-02    1.00000000e-02
2722     9.07333333e-09    2.09479897e+00    1.26380864e+00    4.00474924e+00    4.97485105e-03   -1.12596144e-02    1.00000000e-02
2723     9.07666667e-09    2.09488564e+00    1.26516959e+00    4.00647422e+00    6.50843497e-03   -1.09731895e-02    1.00000000e-02
2724     9.08000000e-09    2.08607519e+00    1.25745322e+00    4.00572460e+00    5.55771538e-03   -1.06723747e-02    1.00000000e-02
2725     9.08333333e-09    2.07173722e+00    1.24360256e+00    4.00292599e+00    2.62276457e-03   -1.04697987e-02    1.00000000e-02
2726     9.08666667e-09    2.05734693e+00    1.22889052e+00    3.99909818e+00   -1.22829036e-03   -1.04390684e-02    1.00000000e-02
2727     9.09000000e-09    2.04839702e+00    1.21893243e+00    3.99553189e+00   -4.69583676e-03   -1.05918369e-02    1.00000000e-02
2728     9.09333333e-09    2.04830625e+00    1.21754901e+00    3.99353097e+00   -6.50999831e-03   -1.08734972e-02    1.00000000e-02
2729     9.09666667e-09    2.05711465e+00    1.22528499e+00    3.99399773e+00   -5.83745090e-03   -1.11788747e-02    1.00000000e-02
2730     9.10000000e-09    2.07146207e+00    1.23918059e+00    3.99689747e+00   -2.79385412e-03   -1.13890365e-02    1.00000000e-02
2731     9.10333333e-09    2.08586685e+00    1.25391111e+00    4.00107050e+00    1.40237116e-03   -1.14198961e-02    1.00000000e-02
2732     9.10666667e-09    2.09482287e+00    1.26384601e+00    4.00474887e+00    4.97446233e-03   -1.12596303e-02    1.00000000e-02
2733     9.11000000e-09    2.09490952e+00    1.26520692e+00    4.00647373e+00    6.50794511e-03   -1.09732202e-02    1.00000000e-02
2734     9.11333333e-09    2.08609906e+00    1.25749052e+00    4.00572420e+00    5.55732377e-03   -1.06724210e-02    1.00000000e-02
2735     9.11666667e-09    2.07176108e+00    1.24363983e+00    4.00292579e+00    2.62258637e-03   -1.04698556e-02    1.00000000e-02
2736     9.12000000e-09    2.05737079e+00    1.22892780e+00    3.99909822e+00   -1.22822148e-03   -1.04391280e-02    1.00000000e-02
2737     9.12333333e-09    2.04842087e+00    1.21896971e+00    3.99553218e+00   -4.69553524e-03   -1.05918907e-02    1.00000000e-02
2738     9.12666667e-09    2.04833011e+00    1.21758630e+00    3.99353142e+00   -6.50953739e-03   -1.08735381e-02    1.00000000e-02
2739     9.13000000e-09    2.05713850e+00    1.22532228e+00    3.99399819e+00   -5.83699301e-03   -1.11788995e-02    1.00000000e-02
2740     9.13333333e-09    2.07148591e+00    1.23921786e+00    3.99689773e+00   -2.79360866e-03   -1.13890484e-02    1.00000000e-02
2741     9.13666667e-09    2.08589065e+00    1.25394834e+00    4.00107043e+00    1.40227644e-03   -1.14199044e-02    1.00000000e-02
2742     9.14000000e-09    2.09484665e+00    1.26388320e+00    4.00474851e+00    4.97407831e-03   -1.12596460e-02    1.00000000e-02
2743     9.14333333e-09    2.09493328e+00    1.26524407e+00    4.00647325e+00    6.50746113e-03   -1.09732506e-02    1.00000000e-02
2744     9.14666667e-09    2.08612280e+00    1.25752763e+00    4.00572380e+00    5.55693681e-03   -1.06724667e-02    1.00000000e-02
2745     9.15000000e-09    2.07178481e+00    1.24367693e+00    4.00292559e+00    2.62241026e-03   -1.04699118e-02    1.00000000e-02
2746     9.15333333e-09    2.05739452e+00    1.22896488e+00    3.99909827e+00   -1.22815343e-03   -1.04391869e-02    1.00000000e-02
2747     9.15666667e-09    2.04844461e+00    1.21900680e+00    3.99553246e+00   -4.69523729e-03   -1.05919440e-02    1.00000000e-02
2748     9.16000000e-09    2.04835384e+00    1.21762340e+00    3.99353188e+00   -6.50908198e-03   -1.08735785e-02    1.00000000e-02
2749     9.16333333e-09    2.05716223e+00    1.22535939e+00    3.99399866e+00   -5.83654062e-03   -1.11789240e-02    1.00000000e-02
2750     9.16666667e-09    2.07150962e+00    1.23925494e+00    3.99689800e+00   -2.79336616e-03   -1.13890602e-02    1.00000000e-02
2751     9.17000000e-09    2.08591434e+00    1.25398538e+00    4.00107036e+00    1.40218288e-03   -1.14199126e-02    1.00000000e-02
2752     9.17333333e-09    2.09487031e+00    1.26392019e+00    4.00474814e+00    4.97369893e-03   -1.12596616e-02    1.00000000e-02
2753     9.17666667e-09    2.09495691e+00    1.26528102e+00    4.00647277e+00    6.50698294e-03   -1.09732807e-02    1.00000000e-02
2754     9.18000000e-09    2.08614642e+00    1.25756456e+00    4.00572340e+00    5.55655444e-03   -1.06725119e-02    1.00000000e-02
2755     9.18333333e-09    2.07180843e+00    1.24371383e+00    4.00292540e+00    2.62223622e-03   -1.04699674e-02    1.00000000e-02
2756     9.18666667e-09    2.05741814e+00    1.22900178e+00    3.99909831e+00   -1.22808618e-03   -1.04392452e-02    1.00000000e-02
2757     9.19000000e-09    2.04846823e+00    1.21904371e+00    3.99553274e+00   -4.69494287e-03   -1.05919965e-02    1.00000000e-02
2758     9.19333333e-09    2.04837746e+00    1.21766032e+00    3.99353232e+00   -6.50863200e-03   -1.08736185e-02    1.00000000e-02
2759     9.19666667e-09    2.05718584e+00    1.22539630e+00    3.99399911e+00   -5.83609367e-03   -1.11789482e-02    1.00000000e-02
2760     9.20000000e-09    2.07153321e+00    1.23929184e+00    3.99689826e+00   -2.79312657e-03   -1.13890718e-02    1.00000000e-02
2761     9.20333333e-09    2.08593791e+00    1.25402224e+00    4.00107029e+00    1.40209046e-03   -1.14199208e-02    1.00000000e-02
2762     9.20666667e-09    2.09489385e+00    1.26395700e+00    4.00474778e+00    4.97332413e-03   -1.12596769e-02    1.00000000e-02
2763     9.21000000e-09    2.09498043e+00    1.26531780e+00    4.00647230e+00    6.50651047e-03   -1.09733104e-02    1.00000000e-02
2764     9.21333333e-09    2.08616993e+00    1.25760130e+00    4.00572301e+00    5.55617661e-03   -1.06725566e-02    1.00000000e-02
2765     9.21666667e-09    2.07183193e+00    1.24375056e+00    4.00292520e+00    2.62206422e-03   -1.04700223e-02    1.00000000e-02
2766     9.22000000e-09    2.05744164e+00    1.22903850e+00    3.99909835e+00   -1.22801974e-03   -1.04393027e-02    1.00000000e-02
2767     9.22333333e-09    2.04849173e+00    1.21908043e+00    3.99553301e+00   -4.69465194e-03   -1.05920485e-02    1.00000000e-02
2768     9.22666667e-09    2.04840096e+00    1.21769706e+00    3.99353276e+00   -6.50818738e-03   -1.08736579e-02    1.00000000e-02
2769     9.23000000e-09    2.05720933e+00    1.22543303e+00    3.99399957e+00   -5.83565207e-03   -1.11789721e-02    1.00000000e-02
2770     9.23333333e-09    2.07155669e+00    1.23932855e+00    3.99689852e+00   -2.79288986e-03   -1.13890834e-02    1.00000000e-02
2771     9.23666667e-09    2.08596136e+00    1.25405891e+00    4.00107023e+00    1.40199916e-03   -1.14199289e-02    1.00000000e-02
2772     9.24000000e-09    2.09491727e+00    1.26399363e+00    4.00474743e+00    4.97295384e-03   -1.12596922e-02    1.00000000e-02
2773     9.24333333e-09    2.09500383e+00    1.26535439e+00    4.00647184e+00    6.50604366e-03   -1.09733397e-02    1.00000000e-02
2774     9.24666667e-09    2.08619332e+00    1.25763786e+00    4.00572263e+00    5.55580324e-03   -1.06726008e-02    1.00000000e-02
2775     9.25000000e-09    2.07185531e+00    1.24378710e+00    4.00292501e+00    2.62189423e-03   -1.04700765e-02    1.00000000e-02
2776     9.25333333e-09    2.05746502e+00    1.22907503e+00    3.99909840e+00   -1.22795410e-03   -1.04393596e-02    1.00000000e-02
2777     9.25666667e-09    2.04851511e+00    1.21911697e+00    3.99553328e+00   -4.69436445e-03   -1.05920999e-02    1.00000000e-02
2778     9.26000000e-09    2.04842434e+00    1.21773361e+00    3.99353320e+00   -6.50774806e-03   -1.08736970e-02    1.00000000e-02
2779     9.26333333e-09    2.05723271e+00    1.22546958e+00    3.99400001e+00   -5.83521577e-03   -1.11789958e-02    1.00000000e-02
2780     9.26666667e-09    2.07158004e+00    1.23936507e+00    3.99689877e+00   -2.79265599e-03   -1.13890948e-02    1.00000000e-02
2781     9.27000000e-09    2.08598469e+00    1.25409540e+00    4.00107016e+00    1.40190898e-03   -1.14199368e-02    1.00000000e-02
2782     9.27333333e-09    2.09494058e+00    1.26403008e+00    4.00474708e+00    4.97258801e-03   -1.12597072e-02    1.00000000e-02
2783     9.27666667e-09    2.09502712e+00    1.26539079e+00    4.00647138e+00    6.50558242e-03   -1.09733687e-02    1.00000000e-02
2784     9.28000000e-09    2.08621659e+00    1.25767424e+00    4.00572225e+00    5.55543429e-03   -1.06726444e-02    1.00000000e-02
2785     9.28333333e-09    2.07187858e+00    1.24382346e+00    4.00292482e+00    2.62172623e-03   -1.04701302e-02    1.00000000e-02
2786     9.28666667e-09    2.05748828e+00    1.22911138e+00    3.99909844e+00   -1.22788923e-03   -1.04394158e-02    1.00000000e-02
2787     9.29000000e-09    2.04853837e+00    1.21915333e+00    3.99553355e+00   -4.69408036e-03   -1.05921507e-02    1.00000000e-02
2788     9.29333333e-09    2.04844760e+00    1.21776997e+00    3.99353363e+00   -6.50731396e-03   -1.08737356e-02    1.00000000e-02
2789     9.29666667e-09    2.05725596e+00    1.22550594e+00    3.99400045e+00   -5.83478468e-03   -1.11790192e-02    1.00000000e-02
2790     9.30000000e-09    2.07160328e+00    1.23940141e+00    3.99689903e+00   -2.79242493e-03   -1.13891060e-02    1.00000000e-02
2791     9.30333333e-09    2.08600791e+00    1.25413170e+00    4.00107009e+00    1.40181990e-03   -1.14199447e-02    1.00000000e-02
2792     9.30666667e-09    2.09496377e+00    1.26406634e+00    4.00474674e+00    4.97222658e-03   -1.12597221e-02    1.00000000e-02
2793     9.31000000e-09    2.09505029e+00    1.26542702e+00    4.00647092e+00    6.50512668e-03   -1.09733974e-02    1.00000000e-02
2794     9.31333333e-09    2.08623974e+00    1.25771043e+00    4.00572187e+00    5.55506970e-03   -1.06726875e-02    1.00000000e-02
2795     9.31666667e-09    2.07190173e+00    1.24385963e+00    4.00292464e+00    2.62156018e-03   -1.04701832e-02    1.00000000e-02
2796     9.32000000e-09    2.05751143e+00    1.22914755e+00    3.99909848e+00   -1.22782514e-03   -1.04394714e-02    1.00000000e-02
2797     9.32333333e-09    2.04856152e+00    1.21918950e+00    3.99553381e+00   -4.69379962e-03   -1.05922009e-02    1.00000000e-02
2798     9.32666667e-09    2.04847075e+00    1.21780615e+00    3.99353405e+00   -6.50688502e-03   -1.08737737e-02    1.00000000e-02
2799     9.33000000e-09    2.05727910e+00    1.22554213e+00    3.99400089e+00   -5.83435875e-03   -1.11790423e-02    1.00000000e-02
2800     9.33333333e-09    2.07162641e+00    1.23943757e+00    3.99689928e+00   -2.79219663e-03   -1.13891172e-02    1.00000000e-02
2801     9.33666667e-09    2.08603100e+00    1.25416782e+00    4.00107003e+00    1.40173190e-03   -1.14199526e-02    1.00000000e-02
2802     9.34000000e-09    2.09498684e+00    1.26410242e+00    4.00474639e+00    4.97186949e-03   -1.12597368e-02    1.00000000e-02
2803     9.34333333e-09    2.09507334e+00    1.26546306e+00    4.00647048e+00    6.50467638e-03   -1.09734257e-02    1.00000000e-02
2804     9.34666667e-09    2.08626278e+00    1.25774645e+00    4.00572150e+00    5.55470942e-03   -1.06727301e-02    1.00000000e-02
2805     9.35000000e-09    2.07192476e+00    1.24389563e+00    4.00292445e+00    2.62139608e-03   -1.04702356e-02    1.00000000e-02
2806     9.35333333e-09    2.05753446e+00    1.22918354e+00    3.99909852e+00   -1.22776181e-03   -1.04395263e-02    1.00000000e-02
2807     9.35666667e-09    2.04858455e+00    1.21922550e+00    3.99553408e+00   -4.69352220e-03   -1.05922505e-02    1.00000000e-02
2808     9.36000000e-09    2.04849378e+00    1.21784216e+00    3.99353447e+00   -6.50646118e-03   -1.08738114e-02    1.00000000e-02
2809     9.36333333e-09    2.05730213e+00    1.22557813e+00    3.99400132e+00   -5.83393791e-03   -1.11790652e-02    1.00000000e-02
2810     9.36666667e-09    2.07164941e+00    1.23947355e+00    3.99689952e+00   -2.79197106e-03   -1.13891282e-02    1.00000000e-02
2811     9.37000000e-09    2.08605399e+00    1.25420376e+00    4.00106997e+00    1.40164498e-03   -1.14199603e-02    1.00000000e-02
2812     9.37333333e-09    2.09500980e+00    1.26413832e+00    4.00474606e+00    4.97151669e-03   -1.12597513e-02    1.00000000e-02
2813     9.37666667e-09    2.09509628e+00    1.26549892e+00    4.00647003e+00    6.50423143e-03   -1.09734537e-02    1.00000000e-02
2814     9.38000000e-09    2.08628571e+00    1.25778228e+00    4.00572113e+00    5.55435338e-03   -1.06727723e-02    1.00000000e-02
2815     9.38333333e-09    2.07194768e+00    1.24393145e+00    4.00292427e+00    2.62123389e-03   -1.04702873e-02    1.00000000e-02
2816     9.38666667e-09    2.05755738e+00    1.22921935e+00    3.99909856e+00   -1.22769923e-03   -1.04395806e-02    1.00000000e-02
2817     9.39000000e-09    2.04860747e+00    1.21926131e+00    3.99553433e+00   -4.69324804e-03   -1.05922995e-02    1.00000000e-02
2818     9.39333333e-09    2.04851670e+00    1.21787798e+00    3.99353488e+00   -6.50604236e-03   -1.08738487e-02    1.00000000e-02
2819     9.39666667e-09    2.05732504e+00    1.22561394e+00    3.99400175e+00   -5.83352209e-03   -1.11790878e-02    1.00000000e-02
2820     9.40000000e-09    2.07167231e+00    1.23950935e+00    3.99689976e+00   -2.79174819e-03   -1.13891392e-02    1.00000000e-02
2821     9.40333333e-09    2.08607685e+00    1.25423952e+00    4.00106990e+00    1.40155910e-03   -1.14199679e-02    1.00000000e-02
2822     9.40666667e-09    2.09503264e+00    1.26417404e+00    4.00474572e+00    4.97116812e-03   -1.12597657e-02    1.00000000e-02
2823     9.41000000e-09    2.09511910e+00    1.26553461e+00    4.00646960e+00    6.50379179e-03   -1.09734814e-02    1.00000000e-02
2824     9.41333333e-09    2.08630852e+00    1.25781794e+00    4.00572077e+00    5.55400153e-03   -1.06728139e-02    1.00000000e-02
2825     9.41666667e-09    2.07197048e+00    1.24396708e+00    4.00292409e+00    2.62107359e-03   -1.04703385e-02    1.00000000e-02
2826     9.42000000e-09    2.05758018e+00    1.22925498e+00    3.99909861e+00   -1.22763739e-03   -1.04396342e-02    1.00000000e-02
2827     9.42333333e-09    2.04863027e+00    1.21929695e+00    3.99553459e+00   -4.69297712e-03   -1.05923480e-02    1.00000000e-02
2828     9.42666667e-09    2.04853950e+00    1.21791362e+00    3.99353529e+00   -6.50562850e-03   -1.08738855e-02    1.00000000e-02
2829     9.43000000e-09    2.05734783e+00    1.22564958e+00    3.99400217e+00   -5.83311123e-03   -1.11791102e-02    1.00000000e-02
2830     9.43333333e-09    2.07169508e+00    1.23954496e+00    3.99690001e+00   -2.79152797e-03   -1.13891500e-02    1.00000000e-02
2831     9.43666667e-09    2.08609961e+00    1.25427510e+00    4.00106984e+00    1.40147427e-03   -1.14199755e-02    1.00000000e-02
2832     9.44000000e-09    2.09505537e+00    1.26420958e+00    4.00474539e+00    4.97082373e-03   -1.12597799e-02    1.00000000e-02
2833     9.44333333e-09    2.09514181e+00    1.26557011e+00    4.00646916e+00    6.50335736e-03   -1.09735087e-02    1.00000000e-02
2834     9.44666667e-09    2.08633121e+00    1.25785342e+00    4.00572041e+00    5.55365382e-03   -1.06728550e-02    1.00000000e-02
2835     9.45000000e-09    2.07199317e+00    1.24400255e+00    4.00292391e+00    2.62091515e-03   -1.04703891e-02    1.00000000e-02
2836     9.45333333e-09    2.05760286e+00    1.22929044e+00    3.99909865e+00   -1.22757629e-03   -1.04396872e-02    1.00000000e-02
2837     9.45666667e-09    2.04865296e+00    1.21933241e+00    3.99553484e+00   -4.69270938e-03   -1.05923959e-02    1.00000000e-02
2838     9.46000000e-09    2.04856219e+00    1.21794909e+00    3.99353570e+00   -6.50521954e-03   -1.08739220e-02    1.00000000e-02
2839     9.46333333e-09    2.05737051e+00    1.22568504e+00    3.99400258e+00   -5.83270525e-03   -1.11791323e-02    1.00000000e-02
2840     9.46666667e-09    2.07171775e+00    1.23958040e+00    3.99690024e+00   -2.79131038e-03   -1.13891607e-02    1.00000000e-02
2841     9.47000000e-09    2.08612225e+00    1.25431051e+00    4.00106978e+00    1.40139047e-03   -1.14199830e-02    1.00000000e-02
2842     9.47333333e-09    2.09507798e+00    1.26424494e+00    4.00474507e+00    4.97048345e-03   -1.12597939e-02    1.00000000e-02
2843     9.47666667e-09    2.09516440e+00    1.26560544e+00    4.00646874e+00    6.50292810e-03   -1.09735357e-02    1.00000000e-02
2844     9.48000000e-09    2.08635379e+00    1.25788872e+00    4.00572006e+00    5.55331021e-03   -1.06728957e-02    1.00000000e-02
2845     9.48333333e-09    2.07201574e+00    1.24403783e+00    4.00292374e+00    2.62075855e-03   -1.04704390e-02    1.00000000e-02
2846     9.48666667e-09    2.05762544e+00    1.22932572e+00    3.99909869e+00   -1.22751592e-03   -1.04397396e-02    1.00000000e-02
2847     9.49000000e-09    2.04867553e+00    1.21936769e+00    3.99553509e+00   -4.69244479e-03   -1.05924432e-02    1.00000000e-02
2848     9.49333333e-09    2.04858476e+00    1.21798437e+00    3.99353610e+00   -6.50481542e-03   -1.08739580e-02    1.00000000e-02
2849     9.49666667e-09    2.05739308e+00    1.22572033e+00    3.99400299e+00   -5.83230411e-03   -1.11791542e-02    1.00000000e-02
2850     9.50000000e-09    2.07174030e+00    1.23961566e+00    3.99690048e+00   -2.79109539e-03   -1.13891712e-02    1.00000000e-02
2851     9.50333333e-09    2.08614478e+00    1.25434573e+00    4.00106972e+00    1.40130769e-03   -1.14199904e-02    1.00000000e-02
2852     9.50666667e-09    2.09510049e+00    1.26428013e+00    4.00474475e+00    4.97014725e-03   -1.12598078e-02    1.00000000e-02
2853     9.51000000e-09    2.09518688e+00    1.26564060e+00    4.00646831e+00    6.50250392e-03   -1.09735625e-02    1.00000000e-02
2854     9.51333333e-09    2.08637626e+00    1.25792385e+00    4.00571971e+00    5.55297062e-03   -1.06729359e-02    1.00000000e-02
2855     9.51666667e-09    2.07203821e+00    1.24407294e+00    4.00292357e+00    2.62060377e-03   -1.04704884e-02    1.00000000e-02
2856     9.52000000e-09    2.05764790e+00    1.22936082e+00    3.99909872e+00   -1.22745626e-03   -1.04397914e-02    1.00000000e-02
2857     9.52333333e-09    2.04869799e+00    1.21940279e+00    3.99553534e+00   -4.69218331e-03   -1.05924900e-02    1.00000000e-02
2858     9.52666667e-09    2.04860722e+00    1.21801948e+00    3.99353649e+00   -6.50441607e-03   -1.08739935e-02    1.00000000e-02
2859     9.53000000e-09    2.05741553e+00    1.22575543e+00    3.99400340e+00   -5.83190773e-03   -1.11791758e-02    1.00000000e-02
2860     9.53333333e-09    2.07176274e+00    1.23965075e+00    3.99690071e+00   -2.79088295e-03   -1.13891817e-02    1.00000000e-02
2861     9.53666667e-09    2.08616719e+00    1.25438078e+00    4.00106966e+00    1.40122590e-03   -1.14199978e-02    1.00000000e-02
2862     9.54000000e-09    2.09512288e+00    1.26431514e+00    4.00474443e+00    4.96981506e-03   -1.12598216e-02    1.00000000e-02
2863     9.54333333e-09    2.09520925e+00    1.26567557e+00    4.00646790e+00    6.50208477e-03   -1.09735889e-02    1.00000000e-02
2864     9.54666667e-09    2.08639862e+00    1.25795880e+00    4.00571936e+00    5.55263502e-03   -1.06729756e-02    1.00000000e-02
2865     9.55000000e-09    2.07206056e+00    1.24410787e+00    4.00292339e+00    2.62045078e-03   -1.04705373e-02    1.00000000e-02
2866     9.55333333e-09    2.05767025e+00    1.22939575e+00    3.99909876e+00   -1.22739731e-03   -1.04398426e-02    1.00000000e-02
2867     9.55666667e-09    2.04872034e+00    1.21943772e+00    3.99553558e+00   -4.69192489e-03   -1.05925363e-02    1.00000000e-02
2868     9.56000000e-09    2.04862957e+00    1.21805442e+00    3.99353688e+00   -6.50402143e-03   -1.08740287e-02    1.00000000e-02
2869     9.56333333e-09    2.05743787e+00    1.22579036e+00    3.99400380e+00   -5.83151606e-03   -1.11791971e-02    1.00000000e-02
2870     9.56666667e-09    2.07178506e+00    1.23968566e+00    3.99690094e+00   -2.79067303e-03   -1.13891920e-02    1.00000000e-02
2871     9.57000000e-09    2.08618949e+00    1.25441566e+00    4.00106960e+00    1.40114511e-03   -1.14200050e-02    1.00000000e-02
2872     9.57333333e-09    2.09514515e+00    1.26434998e+00    4.00474412e+00    4.96948684e-03   -1.12598351e-02    1.00000000e-02
2873     9.57666667e-09    2.09523151e+00    1.26571038e+00    4.00646749e+00    6.50167059e-03   -1.09736150e-02    1.00000000e-02
2874     9.58000000e-09    2.08642087e+00    1.25799358e+00    4.00571902e+00    5.55230335e-03   -1.06730148e-02    1.00000000e-02
2875     9.58333333e-09    2.07208280e+00    1.24414264e+00    4.00292322e+00    2.62029956e-03   -1.04705855e-02    1.00000000e-02
2876     9.58666667e-09    2.05769249e+00    1.22943050e+00    3.99909880e+00   -1.22733906e-03   -1.04398932e-02    1.00000000e-02
2877     9.59000000e-09    2.04874258e+00    1.21947248e+00    3.99553582e+00   -4.69166951e-03   -1.05925820e-02    1.00000000e-02
2878     9.59333333e-09    2.04865181e+00    1.21808918e+00    3.99353727e+00   -6.50363145e-03   -1.08740635e-02    1.00000000e-02
2879     9.59666667e-09    2.05746010e+00    1.22582512e+00    3.99400419e+00   -5.83112903e-03   -1.11792183e-02    1.00000000e-02
2880     9.60000000e-09    2.07180728e+00    1.23972039e+00    3.99690116e+00   -2.79046561e-03   -1.13892023e-02    1.00000000e-02
2881     9.60333333e-09    2.08621168e+00    1.25445036e+00    4.00106954e+00    1.40106530e-03   -1.14200122e-02    1.00000000e-02
2882     9.60666667e-09    2.09516732e+00    1.26438464e+00    4.00474381e+00    4.96916253e-03   -1.12598486e-02    1.00000000e-02
2883     9.61000000e-09    2.09525366e+00    1.26574501e+00    4.00646708e+00    6.50126130e-03   -1.09736408e-02    1.00000000e-02
2884     9.61333333e-09    2.08644300e+00    1.25802819e+00    4.00571868e+00    5.55197557e-03   -1.06730536e-02    1.00000000e-02
2885     9.61666667e-09    2.07210493e+00    1.24417722e+00    4.00292306e+00    2.62015010e-03   -1.04706332e-02    1.00000000e-02
2886     9.62000000e-09    2.05771462e+00    1.22946508e+00    3.99909884e+00   -1.22728149e-03   -1.04399432e-02    1.00000000e-02
2887     9.62333333e-09    2.04876471e+00    1.21950706e+00    3.99553606e+00   -4.69141711e-03   -1.05926272e-02    1.00000000e-02
2888     9.62666667e-09    2.04867393e+00    1.21812377e+00    3.99353765e+00   -6.50324606e-03   -1.08740978e-02    1.00000000e-02
2889     9.63000000e-09    2.05748222e+00    1.22585970e+00    3.99400459e+00   -5.83074659e-03   -1.11792391e-02    1.00000000e-02
2890     9.63333333e-09    2.07182938e+00    1.23975495e+00    3.99690139e+00   -2.79026064e-03   -1.13892124e-02    1.00000000e-02
2891     9.63666667e-09    2.08623377e+00    1.25448488e+00    4.00106948e+00    1.40098644e-03   -1.14200193e-02    1.00000000e-02
2892     9.64000000e-09    2.09518938e+00    1.26441913e+00    4.00474350e+00    4.96884209e-03   -1.12598618e-02    1.00000000e-02
2893     9.64333333e-09    2.09527570e+00    1.26577947e+00    4.00646668e+00    6.50085684e-03   -1.09736663e-02    1.00000000e-02
2894     9.64666667e-09    2.08646503e+00    1.25806262e+00    4.00571835e+00    5.55165161e-03   -1.06730920e-02    1.00000000e-02
2895     9.65000000e-09    2.07212695e+00    1.24421164e+00    4.00292289e+00    2.62000236e-03   -1.04706803e-02    1.00000000e-02
2896     9.65333333e-09    2.05773663e+00    1.22949949e+00    3.99909888e+00   -1.22722461e-03   -1.04399926e-02    1.00000000e-02
2897     9.65666667e-09    2.04878673e+00    1.21954147e+00    3.99553629e+00   -4.69116767e-03   -1.05926719e-02    1.00000000e-02
2898     9.66000000e-09    2.04869595e+00    1.21815818e+00    3.99353803e+00   -6.50286521e-03   -1.08741318e-02    1.00000000e-02
2899     9.66333333e-09    2.05750423e+00    1.22589411e+00    3.99400497e+00   -5.83036868e-03   -1.11792598e-02    1.00000000e-02
2900     9.66666667e-09    2.07185137e+00    1.23978934e+00    3.99690161e+00   -2.79005811e-03   -1.13892224e-02    1.00000000e-02
2901     9.67000000e-09    2.08625574e+00    1.25451924e+00    4.00106942e+00    1.40090854e-03   -1.14200263e-02    1.00000000e-02
2902     9.67333333e-09    2.09521133e+00    1.26445345e+00    4.00474320e+00    4.96852546e-03   -1.12598749e-02    1.00000000e-02
2903     9.67666667e-09    2.09529763e+00    1.26581375e+00    4.00646628e+00    6.50045717e-03   -1.09736915e-02    1.00000000e-02
2904     9.68000000e-09    2.08648695e+00    1.25809688e+00    4.00571802e+00    5.55133145e-03   -1.06731299e-02    1.00000000e-02
2905     9.68333333e-09    2.07214886e+00    1.24424589e+00    4.00292273e+00    2.61985632e-03   -1.04707269e-02    1.00000000e-02
2906     9.68666667e-09    2.05775854e+00    1.22953373e+00    3.99909891e+00   -1.22716840e-03   -1.04400415e-02    1.00000000e-02
2907     9.69000000e-09    2.04880863e+00    1.21957571e+00    3.99553653e+00   -4.69092114e-03   -1.05927160e-02    1.00000000e-02
2908     9.69333333e-09    2.04871785e+00    1.21819242e+00    3.99353840e+00   -6.50248883e-03   -1.08741654e-02    1.00000000e-02
2909     9.69666667e-09    2.05752613e+00    1.22592835e+00    3.99400535e+00   -5.82999523e-03   -1.11792802e-02    1.00000000e-02
2910     9.70000000e-09    2.07187326e+00    1.23982356e+00    3.99690183e+00   -2.78985797e-03   -1.13892323e-02    1.00000000e-02
2911     9.70333333e-09    2.08627760e+00    1.25455342e+00    4.00106937e+00    1.40083159e-03   -1.14200333e-02    1.00000000e-02
2912     9.70666667e-09    2.09523317e+00    1.26448760e+00    4.00474290e+00    4.96821259e-03   -1.12598879e-02    1.00000000e-02
2913     9.71000000e-09    2.09531945e+00    1.26584787e+00    4.00646589e+00    6.50006220e-03   -1.09737164e-02    1.00000000e-02
2914     9.71333333e-09    2.08650875e+00    1.25813097e+00    4.00571769e+00    5.55101502e-03   -1.06731673e-02    1.00000000e-02
2915     9.71666667e-09    2.07217066e+00    1.24427996e+00    4.00292257e+00    2.61971197e-03   -1.04707730e-02    1.00000000e-02
2916     9.72000000e-09    2.05778034e+00    1.22956780e+00    3.99909895e+00   -1.22711285e-03   -1.04400897e-02    1.00000000e-02
2917     9.72333333e-09    2.04883043e+00    1.21960978e+00    3.99553676e+00   -4.69067750e-03   -1.05927596e-02    1.00000000e-02
2918     9.72666667e-09    2.04873965e+00    1.21822650e+00    3.99353877e+00   -6.50211687e-03   -1.08741986e-02    1.00000000e-02
2919     9.73000000e-09    2.05754792e+00    1.22596242e+00    3.99400573e+00   -5.82962619e-03   -1.11793004e-02    1.00000000e-02
2920     9.73333333e-09    2.07189503e+00    1.23985760e+00    3.99690204e+00   -2.78966019e-03   -1.13892421e-02    1.00000000e-02
2921     9.73666667e-09    2.08629935e+00    1.25458743e+00    4.00106931e+00    1.40075555e-03   -1.14200402e-02    1.00000000e-02
2922     9.74000000e-09    2.09525490e+00    1.26452157e+00    4.00474260e+00    4.96790344e-03   -1.12599007e-02    1.00000000e-02
2923     9.74333333e-09    2.09534116e+00    1.26588182e+00    4.00646550e+00    6.49967189e-03   -1.09737410e-02    1.00000000e-02
2924     9.74666667e-09    2.08653045e+00    1.25816490e+00    4.00571737e+00    5.55070228e-03   -1.06732044e-02    1.00000000e-02
2925     9.75000000e-09    2.07219235e+00    1.24431387e+00    4.00292241e+00    2.61956928e-03   -1.04708185e-02    1.00000000e-02
2926     9.75333333e-09    2.05780203e+00    1.22960169e+00    3.99909899e+00   -1.22705796e-03   -1.04401375e-02    1.00000000e-02
2927     9.75666667e-09    2.04885212e+00    1.21964368e+00    3.99553698e+00   -4.69043669e-03   -1.05928028e-02    1.00000000e-02
2928     9.76000000e-09    2.04876134e+00    1.21826040e+00    3.99353913e+00   -6.50174928e-03   -1.08742314e-02    1.00000000e-02
2929     9.76333333e-09    2.05756960e+00    1.22599631e+00    3.99400610e+00   -5.82926151e-03   -1.11793204e-02    1.00000000e-02
2930     9.76666667e-09    2.07191670e+00    1.23989148e+00    3.99690226e+00   -2.78946475e-03   -1.13892518e-02    1.00000000e-02
2931     9.77000000e-09    2.08632100e+00    1.25462127e+00    4.00106926e+00    1.40068044e-03   -1.14200470e-02    1.00000000e-02
2932     9.77333333e-09    2.09527652e+00    1.26455538e+00    4.00474231e+00    4.96759796e-03   -1.12599134e-02    1.00000000e-02
2933     9.77666667e-09    2.09536276e+00    1.26591559e+00    4.00646511e+00    6.49928617e-03   -1.09737654e-02    1.00000000e-02
2934     9.78000000e-09    2.08655204e+00    1.25819865e+00    4.00571705e+00    5.55039318e-03   -1.06732409e-02    1.00000000e-02
2935     9.78333333e-09    2.07221394e+00    1.24434761e+00    4.00292225e+00    2.61942823e-03   -1.04708635e-02    1.00000000e-02
2936     9.78666667e-09    2.05782361e+00    1.22963542e+00    3.99909902e+00   -1.22700372e-03   -1.04401846e-02    1.00000000e-02
2937     9.79000000e-09    2.04887371e+00    1.21967741e+00    3.99553721e+00   -4.69019870e-03   -1.05928454e-02    1.00000000e-02
2938     9.79333333e-09    2.04878292e+00    1.21829413e+00    3.99353949e+00   -6.50138600e-03   -1.08742639e-02    1.00000000e-02
2939     9.79666667e-09    2.05759118e+00    1.22603004e+00    3.99400647e+00   -5.82890113e-03   -1.11793401e-02    1.00000000e-02
2940     9.80000000e-09    2.07193826e+00    1.23992518e+00    3.99690247e+00   -2.78927162e-03   -1.13892614e-02    1.00000000e-02
2941     9.80333333e-09    2.08634253e+00    1.25465495e+00    4.00106920e+00    1.40060623e-03   -1.14200537e-02    1.00000000e-02
2942     9.80666667e-09    2.09529803e+00    1.26458902e+00    4.00474202e+00    4.96729611e-03   -1.12599259e-02    1.00000000e-02
2943     9.81000000e-09    2.09538426e+00    1.26594920e+00    4.00646473e+00    6.49890498e-03   -1.09737894e-02    1.00000000e-02
2944     9.81333333e-09    2.08657353e+00    1.25823224e+00    4.00571673e+00    5.55008768e-03   -1.06732771e-02    1.00000000e-02
2945     9.81666667e-09    2.07223541e+00    1.24438118e+00    4.00292209e+00    2.61928880e-03   -1.04709079e-02    1.00000000e-02
2946     9.82000000e-09    2.05784509e+00    1.22966899e+00    3.99909906e+00   -1.22695011e-03   -1.04402313e-02    1.00000000e-02
2947     9.82333333e-09    2.04889518e+00    1.21971097e+00    3.99553743e+00   -4.68996347e-03   -1.05928876e-02    1.00000000e-02
2948     9.82666667e-09    2.04880440e+00    1.21832770e+00    3.99353985e+00   -6.50102697e-03   -1.08742959e-02    1.00000000e-02
2949     9.83000000e-09    2.05761265e+00    1.22606360e+00    3.99400684e+00   -5.82854499e-03   -1.11793596e-02    1.00000000e-02
2950     9.83333333e-09    2.07195971e+00    1.23995872e+00    3.99690268e+00   -2.78908076e-03   -1.13892709e-02    1.00000000e-02
2951     9.83666667e-09    2.08636396e+00    1.25468845e+00    4.00106915e+00    1.40053291e-03   -1.14200603e-02    1.00000000e-02
2952     9.84000000e-09    2.09531944e+00    1.26462249e+00    4.00474174e+00    4.96699782e-03   -1.12599383e-02    1.00000000e-02
2953     9.84333333e-09    2.09540565e+00    1.26598265e+00    4.00646436e+00    6.49852828e-03   -1.09738132e-02    1.00000000e-02
2954     9.84666667e-09    2.08659490e+00    1.25826566e+00    4.00571642e+00    5.54978573e-03   -1.06733128e-02    1.00000000e-02
2955     9.85000000e-09    2.07225678e+00    1.24441458e+00    4.00292194e+00    2.61915098e-03   -1.04709519e-02    1.00000000e-02
2956     9.85333333e-09    2.05786646e+00    1.22970238e+00    3.99909909e+00   -1.22689714e-03   -1.04402774e-02    1.00000000e-02
2957     9.85666667e-09    2.04891655e+00    1.21974437e+00    3.99553765e+00   -4.68973099e-03   -1.05929292e-02    1.00000000e-02
2958     9.86000000e-09    2.04882576e+00    1.21836109e+00    3.99354020e+00   -6.50067214e-03   -1.08743276e-02    1.00000000e-02
2959     9.86333333e-09    2.05763401e+00    1.22609699e+00    3.99400720e+00   -5.82819304e-03   -1.11793789e-02    1.00000000e-02
2960     9.86666667e-09    2.07198105e+00    1.23999209e+00    3.99690288e+00   -2.78889215e-03   -1.13892802e-02    1.00000000e-02
2961     9.87000000e-09    2.08638529e+00    1.25472179e+00    4.00106909e+00    1.40046047e-03   -1.14200669e-02    1.00000000e-02
2962     9.87333333e-09    2.09534074e+00    1.26465579e+00    4.00474146e+00    4.96670307e-03   -1.12599506e-02    1.00000000e-02
2963     9.87666667e-09    2.09542693e+00    1.26601592e+00    4.00646399e+00    6.49815599e-03   -1.09738367e-02    1.00000000e-02
2964     9.88000000e-09    2.08661618e+00    1.25829891e+00    4.00571611e+00    5.54948729e-03   -1.06733482e-02    1.00000000e-02
2965     9.88333333e-09    2.07227805e+00    1.24444782e+00    4.00292178e+00    2.61901473e-03   -1.04709953e-02    1.00000000e-02
2966     9.88666667e-09    2.05788772e+00    1.22973561e+00    3.99909913e+00   -1.22684479e-03   -1.04403229e-02    1.00000000e-02
2967     9.89000000e-09    2.04893781e+00    1.21977760e+00    3.99553786e+00   -4.68950120e-03   -1.05929704e-02    1.00000000e-02
2968     9.89333333e-09    2.04884702e+00    1.21839433e+00    3.99354055e+00   -6.50032146e-03   -1.08743590e-02    1.00000000e-02
2969     9.89666667e-09    2.05765526e+00    1.22613021e+00    3.99400755e+00   -5.82784523e-03   -1.11793980e-02    1.00000000e-02
2970     9.90000000e-09    2.07200229e+00    1.24002529e+00    3.99690308e+00   -2.78870575e-03   -1.13892895e-02    1.00000000e-02
2971     9.90333333e-09    2.08640650e+00    1.25475496e+00    4.00106904e+00    1.40038891e-03   -1.14200734e-02    1.00000000e-02
2972     9.90666667e-09    2.09536194e+00    1.26468893e+00    4.00474118e+00    4.96641180e-03   -1.12599627e-02    1.00000000e-02
2973     9.91000000e-09    2.09544811e+00    1.26604903e+00    4.00646362e+00    6.49778807e-03   -1.09738599e-02    1.00000000e-02
2974     9.91333333e-09    2.08663734e+00    1.25833200e+00    4.00571581e+00    5.54919231e-03   -1.06733831e-02    1.00000000e-02
2975     9.91666667e-09    2.07229921e+00    1.24448090e+00    4.00292163e+00    2.61888004e-03   -1.04710382e-02    1.00000000e-02
2976     9.92000000e-09    2.05790888e+00    1.22976868e+00    3.99909916e+00   -1.22679306e-03   -1.04403679e-02    1.00000000e-02
2977     9.92333333e-09    2.04895897e+00    1.21981066e+00    3.99553808e+00   -4.68927409e-03   -1.05930111e-02    1.00000000e-02
2978     9.92666667e-09    2.04886818e+00    1.21842739e+00    3.99354089e+00   -6.49997487e-03   -1.08743899e-02    1.00000000e-02
2979     9.93000000e-09    2.05767641e+00    1.22616327e+00    3.99400791e+00   -5.82750150e-03   -1.11794168e-02    1.00000000e-02
2980     9.93333333e-09    2.07202343e+00    1.24005833e+00    3.99690329e+00   -2.78852154e-03   -1.13892987e-02    1.00000000e-02
2981     9.93666667e-09    2.08642762e+00    1.25478797e+00    4.00106899e+00    1.40031820e-03   -1.14200799e-02    1.00000000e-02
2982     9.94000000e-09    2.09538303e+00    1.26472191e+00    4.00474090e+00    4.96612398e-03   -1.12599747e-02    1.00000000e-02
2983     9.94333333e-09    2.09546918e+00    1.26608198e+00    4.00646326e+00    6.49742446e-03   -1.09738829e-02    1.00000000e-02
2984     9.94666667e-09    2.08665840e+00    1.25836493e+00    4.00571551e+00    5.54890075e-03   -1.06734176e-02    1.00000000e-02
2985     9.95000000e-09    2.07232026e+00    1.24451380e+00    4.00292148e+00    2.61874690e-03   -1.04710807e-02    1.00000000e-02
2986     9.95333333e-09    2.05792993e+00    1.22980158e+00    3.99909919e+00   -1.22674193e-03   -1.04404125e-02    1.00000000e-02
2987     9.95666667e-09    2.04898002e+00    1.21984356e+00    3.99553829e+00   -4.68904961e-03   -1.05930514e-02    1.00000000e-02
2988     9.96000000e-09    2.04888923e+00    1.21846029e+00    3.99354123e+00   -6.49963233e-03   -1.08744206e-02    1.00000000e-02
2989     9.96333333e-09    2.05769745e+00    1.22619617e+00    3.99400825e+00   -5.82716180e-03   -1.11794355e-02    1.00000000e-02
2990     9.96666667e-09    2.07204445e+00    1.24009120e+00    3.99690348e+00   -2.78833950e-03   -1.13893078e-02    1.00000000e-02
2991     9.97000000e-09    2.08644862e+00    1.25482081e+00    4.00106894e+00    1.40024834e-03   -1.14200863e-02    1.00000000e-02
2992     9.97333333e-09    2.09540401e+00    1.26475472e+00    4.00474063e+00    4.96583955e-03   -1.12599865e-02    1.00000000e-02
2993     9.97666667e-09    2.09549015e+00    1.26611476e+00    4.00646290e+00    6.49706510e-03   -1.09739056e-02    1.00000000e-02
2994     9.98000000e-09    2.08667936e+00    1.25839769e+00    4.00571521e+00    5.54861256e-03   -1.06734517e-02    1.00000000e-02
2995     9.98333333e-09    2.07234121e+00    1.24454655e+00    4.00292134e+00    2.61861528e-03   -1.04711226e-02    1.00000000e-02
2996     9.98666667e-09    2.05795088e+00    1.22983432e+00    3.99909923e+00   -1.22669141e-03   -1.04404565e-02    1.00000000e-02
2997     9.99000000e-09    2.04900097e+00    1.21987630e+00    3.99553850e+00   -4.68882773e-03   -1.05930911e-02    1.00000000e-02
2998     9.99333333e-09    2.04891017e+00    1.21849303e+00    3.99354156e+00   -6.49929378e-03   -1.08744508e-02    1.00000000e-02
2999     9.99666667e-09    2.05771839e+00    1.22622890e+00    3.99400860e+00   -5.82682608e-03   -1.11794539e-02    1.00000000e-02
3000     1.00000000e-08    2.07206538e+00    1.24012391e+00    3.99690368e+00   -2.78815959e-03   -1.13893167e-02    1.00000000e-02
End of Xyce(TM) Simulation
