Index       TIME             V(BASE)           V(COLL)           V(OUT)          I(V_SUPPLY)   
0        0.00000000e+00    2.07484329e+00    4.00000000e+00   -1.46760263e-70   -2.58928765e-02
1        3.33333333e-12    2.08883980e+00    3.99905813e+00   -8.83004827e-04   -2.59214730e-02
2        6.66666667e-12    2.09726354e+00    3.99652057e+00   -3.20678170e-03   -2.60357693e-02
3        1.00000000e-11    2.09692715e+00    3.99419637e+00   -5.24911264e-03   -2.61905543e-02
4        1.33333333e-11    2.08807252e+00    3.99741798e+00   -1.79277039e-03   -2.63320860e-02
5        1.66666667e-11    2.07407143e+00    4.00425711e+00    4.94140461e-03   -2.63069679e-02
6        2.00000000e-11    2.06021662e+00    4.00931142e+00    9.51386611e-03   -2.60835967e-02
7        2.33333333e-11    2.05176321e+00    4.01000871e+00    9.57487135e-03   -2.57632851e-02
8        2.66666667e-11    2.05195417e+00    4.00628647e+00    5.35496686e-03   -2.54916605e-02
9        3.00000000e-11    2.06072905e+00    4.00034640e+00   -7.38970276e-04   -2.53793577e-02
10       3.33333333e-11    2.07474710e+00    3.99442327e+00   -6.42335763e-03   -2.54637262e-02
11       3.66666667e-11    2.08865137e+00    3.99074795e+00   -9.56570981e-03   -2.57080918e-02
12       4.00000000e-11    2.09713171e+00    3.99053461e+00   -9.15502151e-03   -2.60183530e-02
13       4.33333333e-11    2.09694893e+00    3.99391684e+00   -5.29125542e-03   -2.62775321e-02
14       4.66666667e-11    2.08817494e+00    3.99961409e+00    5.63588933e-04   -2.63871048e-02
15       5.00000000e-11    2.07416315e+00    4.00545804e+00    6.18266669e-03   -2.63053716e-02
16       5.33333333e-11    2.06026806e+00    4.00921022e+00    9.41492474e-03   -2.60636795e-02
17       5.66666667e-11    2.05180005e+00    4.00943586e+00    9.02587480e-03   -2.57546050e-02
18       6.00000000e-11    2.05199496e+00    4.00607793e+00    5.19394237e-03   -2.54960029e-02
19       6.33333333e-11    2.06077930e+00    4.00040530e+00   -6.30785637e-04   -2.53861922e-02
20       6.66666667e-11    2.07479889e+00    3.99456697e+00   -6.24009035e-03   -2.54671837e-02
21       7.00000000e-11    2.08870112e+00    3.99078362e+00   -9.49880581e-03   -2.57085600e-02
22       7.33333333e-11    2.09717884e+00    3.99051186e+00   -9.14897884e-03   -2.60186064e-02
23       7.66666667e-11    2.09699525e+00    3.99388945e+00   -5.29008974e-03   -2.62786214e-02
24       8.00000000e-11    2.08822155e+00    3.99960654e+00    5.83877789e-04   -2.63887764e-02
25       8.33333333e-11    2.07420958e+00    4.00547178e+00    6.22224441e-03   -2.63069402e-02
26       8.66666667e-11    2.06031431e+00    4.00921344e+00    9.44177856e-03   -2.60649656e-02
27       9.00000000e-11    2.05184550e+00    4.00944186e+00    9.05367512e-03   -2.57557377e-02
28       9.33333333e-11    2.05204007e+00    4.00607341e+00    5.20977575e-03   -2.54971110e-02
29       9.66666667e-11    2.06082387e+00    4.00040728e+00   -6.09682561e-04   -2.53873428e-02
30       1.00000000e-10    2.07484315e+00    3.99456696e+00   -6.22227610e-03   -2.54683016e-02
31       1.03333333e-10    2.08874499e+00    3.99078498e+00   -9.48082248e-03   -2.57096557e-02
32       1.06666667e-10    2.09722226e+00    3.99051408e+00   -9.13131170e-03   -2.60196426e-02
33       1.10000000e-10    2.09703835e+00    3.99388836e+00   -5.27676798e-03   -2.62796388e-02
34       1.13333333e-10    2.08826414e+00    3.99960961e+00    6.00363103e-04   -2.63897609e-02
35       1.16666667e-10    2.07425190e+00    4.00546987e+00    6.23285315e-03   -2.63079054e-02
36       1.20000000e-10    2.06035611e+00    4.00921696e+00    9.45695058e-03   -2.60659040e-02
37       1.23333333e-10    2.05188704e+00    4.00943999e+00    9.06265879e-03   -2.57566486e-02
38       1.26666667e-10    2.05208110e+00    4.00607639e+00    5.22287169e-03   -2.54980035e-02
39       1.30000000e-10    2.06086462e+00    4.00040591e+00   -6.01646891e-04   -2.53882086e-02
40       1.33333333e-10    2.07488345e+00    3.99456902e+00   -6.21143427e-03   -2.54691560e-02
41       1.36666667e-10    2.08878497e+00    3.99078439e+00   -9.47324547e-03   -2.57104856e-02
42       1.40000000e-10    2.09726184e+00    3.99051529e+00   -9.12248038e-03   -2.60204622e-02
43       1.43333333e-10    2.09707759e+00    3.99388848e+00   -5.26955981e-03   -2.62804362e-02
44       1.46666667e-10    2.08830301e+00    3.99961022e+00    6.07582312e-04   -2.63905461e-02
45       1.50000000e-10    2.07429040e+00    4.00547046e+00    6.23958042e-03   -2.63086706e-02
46       1.53333333e-10    2.06039426e+00    4.00921722e+00    9.46292848e-03   -2.60666552e-02
47       1.56666667e-10    2.05192482e+00    4.00944072e+00    9.06870235e-03   -2.57573833e-02
48       1.60000000e-10    2.05211854e+00    4.00607649e+00    5.22791975e-03   -2.54987244e-02
49       1.63333333e-10    2.06090169e+00    4.00040653e+00   -5.96420095e-04   -2.53889174e-02
50       1.66666667e-10    2.07492018e+00    3.99456915e+00   -6.20702431e-03   -2.54698524e-02
51       1.70000000e-10    2.08882136e+00    3.99078482e+00   -9.46881952e-03   -2.57111726e-02
52       1.73333333e-10    2.09729789e+00    3.99051556e+00   -9.11850607e-03   -2.60211375e-02
53       1.76666667e-10    2.09711331e+00    3.99388877e+00   -5.26581598e-03   -2.62811022e-02
54       1.80000000e-10    2.08833840e+00    3.99961065e+00    6.11214355e-04   -2.63912001e-02
55       1.83333333e-10    2.07432548e+00    4.00547066e+00    6.24275900e-03   -2.63093142e-02
56       1.86666667e-10    2.06042900e+00    4.00921773e+00    9.46619525e-03   -2.60672870e-02
57       1.90000000e-10    2.05195924e+00    4.00944083e+00    9.07137825e-03   -2.57580050e-02
58       1.93333333e-10    2.05215262e+00    4.00607696e+00    5.23076585e-03   -2.54993365e-02
59       1.96666667e-10    2.06093546e+00    4.00040659e+00   -5.94155837e-04   -2.53895209e-02
60       2.00000000e-10    2.07495363e+00    3.99456953e+00   -6.20458473e-03   -2.54704485e-02
61       2.03333333e-10    2.08885451e+00    3.99078489e+00   -9.46684601e-03   -2.57117612e-02
62       2.06666667e-10    2.09733073e+00    3.99051589e+00   -9.11640646e-03   -2.60217196e-02
63       2.10000000e-10    2.09714585e+00    3.99388891e+00   -5.26403624e-03   -2.62816765e-02
64       2.13333333e-10    2.08837064e+00    3.99961096e+00    6.13044482e-04   -2.63917670e-02
65       2.16666667e-10    2.07435742e+00    4.00547087e+00    6.24437598e-03   -2.63098725e-02
66       2.20000000e-10    2.06046064e+00    4.00921800e+00    9.46776761e-03   -2.60678372e-02
67       2.23333333e-10    2.05199058e+00    4.00944105e+00    9.07279305e-03   -2.57585471e-02
68       2.26666667e-10    2.05218367e+00    4.00607716e+00    5.23207793e-03   -2.54998717e-02
69       2.30000000e-10    2.06096622e+00    4.00040677e+00   -5.92953999e-04   -2.53900498e-02
70       2.33333333e-10    2.07498410e+00    3.99456969e+00   -6.20347898e-03   -2.54709719e-02
71       2.36666667e-10    2.08888469e+00    3.99078505e+00   -9.46581563e-03   -2.57122795e-02
72       2.40000000e-10    2.09736063e+00    3.99051605e+00   -9.11543294e-03   -2.60222326e-02
73       2.43333333e-10    2.09717548e+00    3.99388908e+00   -5.26312240e-03   -2.62821841e-02
74       2.46666667e-10    2.08839999e+00    3.99961117e+00    6.13937052e-04   -2.63922684e-02
75       2.50000000e-10    2.07438650e+00    4.00547106e+00    6.24519226e-03   -2.63103673e-02
76       2.53333333e-10    2.06048944e+00    4.00921822e+00    9.46856348e-03   -2.60683254e-02
77       2.56666667e-10    2.05201911e+00    4.00944121e+00    9.07347896e-03   -2.57590290e-02
78       2.60000000e-10    2.05221193e+00    4.00607734e+00    5.23274350e-03   -2.55003479e-02
79       2.63333333e-10    2.06099422e+00    4.00040688e+00   -5.92399722e-04   -2.53905211e-02
80       2.66666667e-10    2.07501183e+00    3.99456984e+00   -6.20292463e-03   -2.54714389e-02
81       2.70000000e-10    2.08891217e+00    3.99078514e+00   -9.46534843e-03   -2.57127423e-02
82       2.73333333e-10    2.09738786e+00    3.99051621e+00   -9.11494421e-03   -2.60226914e-02
83       2.76666667e-10    2.09720246e+00    3.99388920e+00   -5.26269256e-03   -2.62826383e-02
84       2.80000000e-10    2.08842672e+00    3.99961135e+00    6.14394347e-04   -2.63927177e-02
85       2.83333333e-10    2.07441298e+00    4.00547121e+00    6.24559582e-03   -2.63108111e-02
86       2.86666667e-10    2.06051568e+00    4.00921841e+00    9.46896885e-03   -2.60687636e-02
87       2.90000000e-10    2.05204510e+00    4.00944135e+00    9.07381713e-03   -2.57594618e-02
88       2.93333333e-10    2.05223767e+00    4.00607749e+00    5.23306398e-03   -2.55007761e-02
89       2.96666667e-10    2.06101971e+00    4.00040698e+00   -5.92138456e-04   -2.53909451e-02
90       3.00000000e-10    2.07503709e+00    3.99456996e+00   -6.20267200e-03   -2.54718592e-02
91       3.03333333e-10    2.08893720e+00    3.99078524e+00   -9.46513309e-03   -2.57131593e-02
92       3.06666667e-10    2.09741265e+00    3.99051632e+00   -9.11471867e-03   -2.60231049e-02
93       3.10000000e-10    2.09722703e+00    3.99388932e+00   -5.26248502e-03   -2.62830481e-02
94       3.13333333e-10    2.08845106e+00    3.99961149e+00    6.14621745e-04   -2.63931231e-02
95       3.16666667e-10    2.07443709e+00    4.00547135e+00    6.24580090e-03   -2.63112118e-02
96       3.20000000e-10    2.06053956e+00    4.00921856e+00    9.46917619e-03   -2.60691594e-02
97       3.23333333e-10    2.05206876e+00    4.00944147e+00    9.07398113e-03   -2.57598530e-02
98       3.26666667e-10    2.05226111e+00    4.00607761e+00    5.23321744e-03   -2.55011631e-02
99       3.30000000e-10    2.06104293e+00    4.00040708e+00   -5.92027785e-04   -2.53913286e-02
100      3.33333333e-10    2.07506009e+00    3.99457006e+00   -6.20256092e-03   -2.54722396e-02
101      3.36666667e-10    2.08895998e+00    3.99078531e+00   -9.46504860e-03   -2.57135368e-02
102      3.40000000e-10    2.09743523e+00    3.99051642e+00   -9.11461640e-03   -2.60234794e-02
103      3.43333333e-10    2.09724940e+00    3.99388941e+00   -5.26239311e-03   -2.62834193e-02
104      3.46666667e-10    2.08847322e+00    3.99961162e+00    6.14738813e-04   -2.63934905e-02
105      3.50000000e-10    2.07445905e+00    4.00547148e+00    6.24590372e-03   -2.63115750e-02
106      3.53333333e-10    2.06056131e+00    4.00921870e+00    9.46928606e-03   -2.60695182e-02
107      3.56666667e-10    2.05209030e+00    4.00944158e+00    9.07405813e-03   -2.57602077e-02
108      3.60000000e-10    2.05228245e+00    4.00607772e+00    5.23328779e-03   -2.55015142e-02
109      3.63333333e-10    2.06106407e+00    4.00040716e+00   -5.91989318e-04   -2.53916765e-02
110      3.66666667e-10    2.07508103e+00    3.99457014e+00   -6.20252068e-03   -2.54725848e-02
111      3.70000000e-10    2.08898073e+00    3.99078539e+00   -9.46502549e-03   -2.57138794e-02
112      3.73333333e-10    2.09745579e+00    3.99051651e+00   -9.11457653e-03   -2.60238194e-02
113      3.76666667e-10    2.09726976e+00    3.99388950e+00   -5.26235609e-03   -2.62837563e-02
114      3.80000000e-10    2.08849340e+00    3.99961174e+00    6.14799050e-04   -2.63938241e-02
115      3.83333333e-10    2.07447904e+00    4.00547159e+00    6.24595670e-03   -2.63119048e-02
116      3.86666667e-10    2.06058111e+00    4.00921882e+00    9.46934586e-03   -2.60698442e-02
117      3.90000000e-10    2.05210992e+00    4.00944168e+00    9.07409275e-03   -2.57605300e-02
118      3.93333333e-10    2.05230188e+00    4.00607782e+00    5.23331699e-03   -2.55018331e-02
119      3.96666667e-10    2.06108332e+00    4.00040723e+00   -5.91985331e-04   -2.53919926e-02
120      4.00000000e-10    2.07510010e+00    3.99457022e+00   -6.20251425e-03   -2.54728985e-02
121      4.03333333e-10    2.08899962e+00    3.99078545e+00   -9.46503154e-03   -2.57141907e-02
122      4.06666667e-10    2.09747450e+00    3.99051659e+00   -9.11456645e-03   -2.60241284e-02
123      4.10000000e-10    2.09728831e+00    3.99388958e+00   -5.26234598e-03   -2.62840626e-02
124      4.13333333e-10    2.08851177e+00    3.99961184e+00    6.14831075e-04   -2.63941274e-02
125      4.16666667e-10    2.07449724e+00    4.00547169e+00    6.24598445e-03   -2.63122047e-02
126      4.20000000e-10    2.06059914e+00    4.00921893e+00    9.46938042e-03   -2.60701406e-02
127      4.23333333e-10    2.05212778e+00    4.00944178e+00    9.07410650e-03   -2.57608230e-02
128      4.26666667e-10    2.05231957e+00    4.00607791e+00    5.23332620e-03   -2.55021232e-02
129      4.30000000e-10    2.06110084e+00    4.00040730e+00   -5.91997102e-04   -2.53922802e-02
130      4.33333333e-10    2.07511746e+00    3.99457029e+00   -6.20252359e-03   -2.54731838e-02
131      4.36666667e-10    2.08901682e+00    3.99078551e+00   -9.46505038e-03   -2.57144740e-02
132      4.40000000e-10    2.09749154e+00    3.99051667e+00   -9.11457056e-03   -2.60244094e-02
133      4.43333333e-10    2.09730519e+00    3.99388966e+00   -5.26234832e-03   -2.62843413e-02
134      4.46666667e-10    2.08852850e+00    3.99961194e+00    6.14848641e-04   -2.63944033e-02
135      4.50000000e-10    2.07451381e+00    4.00547178e+00    6.24599970e-03   -2.63124775e-02
136      4.53333333e-10    2.06061556e+00    4.00921903e+00    9.46940178e-03   -2.60704102e-02
137      4.56666667e-10    2.05214404e+00    4.00944186e+00    9.07411032e-03   -2.57610896e-02
138      4.60000000e-10    2.05233568e+00    4.00607799e+00    5.23332577e-03   -2.55023872e-02
139      4.63333333e-10    2.06111680e+00    4.00040736e+00   -5.92015377e-04   -2.53925418e-02
140      4.66666667e-10    2.07513327e+00    3.99457035e+00   -6.20253978e-03   -2.54734434e-02
141      4.70000000e-10    2.08903248e+00    3.99078556e+00   -9.46507410e-03   -2.57147317e-02
142      4.73333333e-10    2.09750706e+00    3.99051673e+00   -9.11458100e-03   -2.60246652e-02
143      4.76666667e-10    2.09732057e+00    3.99388973e+00   -5.26235614e-03   -2.62845949e-02
144      4.80000000e-10    2.08854373e+00    3.99961202e+00    6.14858790e-04   -2.63946544e-02
145      4.83333333e-10    2.07452890e+00    4.00547187e+00    6.24600866e-03   -2.63127258e-02
146      4.86666667e-10    2.06063051e+00    4.00921912e+00    9.46941612e-03   -2.60706556e-02
147      4.90000000e-10    2.05215885e+00    4.00944194e+00    9.07410953e-03   -2.57613323e-02
148      4.93333333e-10    2.05235035e+00    4.00607806e+00    5.23332092e-03   -2.55026274e-02
149      4.96666667e-10    2.06113133e+00    4.00040741e+00   -5.92035714e-04   -2.53927799e-02
150      5.00000000e-10    2.07514766e+00    3.99457040e+00   -6.20255843e-03   -2.54736797e-02
151      5.03333333e-10    2.08904674e+00    3.99078561e+00   -9.46509889e-03   -2.57149663e-02
152      5.06666667e-10    2.09752119e+00    3.99051679e+00   -9.11459393e-03   -2.60248981e-02
153      5.10000000e-10    2.09733456e+00    3.99388979e+00   -5.26236600e-03   -2.62848258e-02
154      5.13333333e-10    2.08855760e+00    3.99961210e+00    6.14865034e-04   -2.63948830e-02
155      5.16666667e-10    2.07454264e+00    4.00547195e+00    6.24601445e-03   -2.63129519e-02
156      5.20000000e-10    2.06064412e+00    4.00921921e+00    9.46942656e-03   -2.60708790e-02
157      5.23333333e-10    2.05217233e+00    4.00944200e+00    9.07410677e-03   -2.57615532e-02
158      5.26666667e-10    2.05236370e+00    4.00607813e+00    5.23331420e-03   -2.55028461e-02
159      5.30000000e-10    2.06114456e+00    4.00040746e+00   -5.92055999e-04   -2.53929967e-02
160      5.33333333e-10    2.07516076e+00    3.99457046e+00   -6.20257744e-03   -2.54738948e-02
161      5.36666667e-10    2.08905972e+00    3.99078565e+00   -9.46512299e-03   -2.57151799e-02
162      5.40000000e-10    2.09753405e+00    3.99051684e+00   -9.11460749e-03   -2.60251100e-02
163      5.43333333e-10    2.09734731e+00    3.99388984e+00   -5.26237629e-03   -2.62850359e-02
164      5.46666667e-10    2.08857023e+00    3.99961217e+00    6.14869157e-04   -2.63950911e-02
165      5.50000000e-10    2.07455515e+00    4.00547202e+00    6.24601861e-03   -2.63131577e-02
166      5.53333333e-10    2.06065651e+00    4.00921928e+00    9.46943469e-03   -2.60710824e-02
167      5.56666667e-10    2.05218461e+00    4.00944207e+00    9.07410329e-03   -2.57617543e-02
168      5.60000000e-10    2.05237586e+00    4.00607819e+00    5.23330687e-03   -2.55030452e-02
169      5.63333333e-10    2.06115660e+00    4.00040751e+00   -5.92075290e-04   -2.53931941e-02
170      5.66666667e-10    2.07517270e+00    3.99457050e+00   -6.20259582e-03   -2.54740907e-02
171      5.70000000e-10    2.08907154e+00    3.99078569e+00   -9.46514562e-03   -2.57153743e-02
172      5.73333333e-10    2.09754576e+00    3.99051689e+00   -9.11462078e-03   -2.60253030e-02
173      5.76666667e-10    2.09735891e+00    3.99388989e+00   -5.26238625e-03   -2.62852273e-02
174      5.80000000e-10    2.08858173e+00    3.99961223e+00    6.14872074e-04   -2.63952806e-02
175      5.83333333e-10    2.07456655e+00    4.00547208e+00    6.24602190e-03   -2.63133450e-02
176      5.86666667e-10    2.06066780e+00    4.00921935e+00    9.46944135e-03   -2.60712676e-02
177      5.90000000e-10    2.05219578e+00    4.00944213e+00    9.07409970e-03   -2.57619374e-02
178      5.93333333e-10    2.05238693e+00    4.00607824e+00    5.23329954e-03   -2.55032264e-02
179      5.96666667e-10    2.06116757e+00    4.00040755e+00   -5.92093211e-04   -2.53933738e-02
180      6.00000000e-10    2.07518356e+00    3.99457054e+00   -6.20261314e-03   -2.54742690e-02
181      6.03333333e-10    2.08908231e+00    3.99078573e+00   -9.46516653e-03   -2.57155513e-02
182      6.06666667e-10    2.09755643e+00    3.99051694e+00   -9.11463340e-03   -2.60254787e-02
183      6.10000000e-10    2.09736948e+00    3.99388994e+00   -5.26239555e-03   -2.62854015e-02
184      6.13333333e-10    2.08859219e+00    3.99961229e+00    6.14874262e-04   -2.63954531e-02
185      6.16666667e-10    2.07457692e+00    4.00547214e+00    6.24602469e-03   -2.63135156e-02
186      6.20000000e-10    2.06067807e+00    4.00921941e+00    9.46944701e-03   -2.60714362e-02
187      6.23333333e-10    2.05220596e+00    4.00944218e+00    9.07409628e-03   -2.57621041e-02
188      6.26666667e-10    2.05239701e+00    4.00607829e+00    5.23329249e-03   -2.55033914e-02
189      6.30000000e-10    2.06117755e+00    4.00040759e+00   -5.92109661e-04   -2.53935373e-02
190      6.33333333e-10    2.07519345e+00    3.99457058e+00   -6.20262925e-03   -2.54744313e-02
191      6.36666667e-10    2.08909211e+00    3.99078576e+00   -9.46518567e-03   -2.57157125e-02
192      6.40000000e-10    2.09756614e+00    3.99051698e+00   -9.11464521e-03   -2.60256387e-02
193      6.43333333e-10    2.09737910e+00    3.99388998e+00   -5.26240410e-03   -2.62855601e-02
194      6.46666667e-10    2.08860173e+00    3.99961235e+00    6.14875979e-04   -2.63956101e-02
195      6.50000000e-10    2.07458636e+00    4.00547219e+00    6.24602719e-03   -2.63136709e-02
196      6.53333333e-10    2.06068742e+00    4.00921947e+00    9.46945190e-03   -2.60715896e-02
197      6.56666667e-10    2.05221523e+00    4.00944223e+00    9.07409312e-03   -2.57622559e-02
198      6.60000000e-10    2.05240619e+00    4.00607833e+00    5.23328585e-03   -2.55035417e-02
199      6.63333333e-10    2.06118664e+00    4.00040763e+00   -5.92124665e-04   -2.53936863e-02
200      6.66666667e-10    2.07520246e+00    3.99457062e+00   -6.20264413e-03   -2.54745791e-02
201      6.70000000e-10    2.08910103e+00    3.99078579e+00   -9.46520311e-03   -2.57158592e-02
202      6.73333333e-10    2.09757498e+00    3.99051701e+00   -9.11465615e-03   -2.60257843e-02
203      6.76666667e-10    2.09738786e+00    3.99389002e+00   -5.26241189e-03   -2.62857045e-02
204      6.80000000e-10    2.08861040e+00    3.99961239e+00    6.14877367e-04   -2.63957531e-02
205      6.83333333e-10    2.07459496e+00    4.00547224e+00    6.24602947e-03   -2.63138123e-02
206      6.86666667e-10    2.06069594e+00    4.00921952e+00    9.46945620e-03   -2.60717294e-02
207      6.90000000e-10    2.05222366e+00    4.00944227e+00    9.07409026e-03   -2.57623940e-02
208      6.93333333e-10    2.05241454e+00    4.00607837e+00    5.23327965e-03   -2.55036785e-02
209      6.96666667e-10    2.06119492e+00    4.00040766e+00   -5.92138305e-04   -2.53938219e-02
210      7.00000000e-10    2.07521066e+00    3.99457065e+00   -6.20265783e-03   -2.54747137e-02
211      7.03333333e-10    2.08910915e+00    3.99078582e+00   -9.46521897e-03   -2.57159928e-02
212      7.06666667e-10    2.09758303e+00    3.99051705e+00   -9.11466625e-03   -2.60259169e-02
213      7.10000000e-10    2.09739583e+00    3.99389006e+00   -5.26241895e-03   -2.62858360e-02
214      7.13333333e-10    2.08861831e+00    3.99961244e+00    6.14878512e-04   -2.63958833e-02
215      7.16666667e-10    2.07460278e+00    4.00547229e+00    6.24603158e-03   -2.63139410e-02
216      7.20000000e-10    2.06070369e+00    4.00921956e+00    9.46946001e-03   -2.60718566e-02
217      7.23333333e-10    2.05223134e+00    4.00944231e+00    9.07408770e-03   -2.57625198e-02
218      7.26666667e-10    2.05242215e+00    4.00607841e+00    5.23327390e-03   -2.55038030e-02
219      7.30000000e-10    2.06120246e+00    4.00040769e+00   -5.92150686e-04   -2.53939453e-02
220      7.33333333e-10    2.07521812e+00    3.99457067e+00   -6.20267039e-03   -2.54748362e-02
221      7.36666667e-10    2.08911655e+00    3.99078585e+00   -9.46523336e-03   -2.57161144e-02
222      7.40000000e-10    2.09759035e+00    3.99051708e+00   -9.11467553e-03   -2.60260376e-02
223      7.43333333e-10    2.09740310e+00    3.99389009e+00   -5.26242532e-03   -2.62859557e-02
224      7.46666667e-10    2.08862550e+00    3.99961248e+00    6.14879467e-04   -2.63960018e-02
225      7.50000000e-10    2.07460991e+00    4.00547233e+00    6.24603356e-03   -2.63140582e-02
226      7.53333333e-10    2.06071075e+00    4.00921961e+00    9.46946339e-03   -2.60719724e-02
227      7.56666667e-10    2.05223834e+00    4.00944235e+00    9.07408542e-03   -2.57626344e-02
228      7.60000000e-10    2.05242908e+00    4.00607844e+00    5.23326858e-03   -2.55039164e-02
229      7.63333333e-10    2.06120932e+00    4.00040771e+00   -5.92161913e-04   -2.53940577e-02
230      7.66666667e-10    2.07522492e+00    3.99457070e+00   -6.20268192e-03   -2.54749477e-02
231      7.70000000e-10    2.08912329e+00    3.99078587e+00   -9.46524643e-03   -2.57162252e-02
232      7.73333333e-10    2.09759703e+00    3.99051710e+00   -9.11468406e-03   -2.60261475e-02
233      7.76666667e-10    2.09740971e+00    3.99389012e+00   -5.26243108e-03   -2.62860646e-02
234      7.80000000e-10    2.08863205e+00    3.99961251e+00    6.14880270e-04   -2.63961097e-02
235      7.83333333e-10    2.07461640e+00    4.00547236e+00    6.24603540e-03   -2.63141649e-02
236      7.86666667e-10    2.06071718e+00    4.00921964e+00    9.46946641e-03   -2.60720779e-02
237      7.90000000e-10    2.05224471e+00    4.00944238e+00    9.07408338e-03   -2.57627387e-02
238      7.93333333e-10    2.05243539e+00    4.00607847e+00    5.23326368e-03   -2.55040196e-02
239      7.96666667e-10    2.06121557e+00    4.00040774e+00   -5.92172091e-04   -2.53941601e-02
240      8.00000000e-10    2.07523111e+00    3.99457072e+00   -6.20269247e-03   -2.54750493e-02
241      8.03333333e-10    2.08912942e+00    3.99078589e+00   -9.46525827e-03   -2.57163260e-02
242      8.06666667e-10    2.09760310e+00    3.99051713e+00   -9.11469189e-03   -2.60262476e-02
243      8.10000000e-10    2.09741573e+00    3.99389015e+00   -5.26243628e-03   -2.62861639e-02
244      8.13333333e-10    2.08863801e+00    3.99961254e+00    6.14880947e-04   -2.63962079e-02
245      8.16666667e-10    2.07462231e+00    4.00547240e+00    6.24603713e-03   -2.63142620e-02
246      8.20000000e-10    2.06072304e+00    4.00921968e+00    9.46946911e-03   -2.60721739e-02
247      8.23333333e-10    2.05225050e+00    4.00944241e+00    9.07408158e-03   -2.57628336e-02
248      8.26666667e-10    2.05244113e+00    4.00607850e+00    5.23325916e-03   -2.55041136e-02
249      8.30000000e-10    2.06122126e+00    4.00040776e+00   -5.92181317e-04   -2.53942533e-02
250      8.33333333e-10    2.07523675e+00    3.99457074e+00   -6.20270213e-03   -2.54751417e-02
251      8.36666667e-10    2.08913500e+00    3.99078591e+00   -9.46526902e-03   -2.57164178e-02
252      8.40000000e-10    2.09760863e+00    3.99051715e+00   -9.11469906e-03   -2.60263387e-02
253      8.43333333e-10    2.09742121e+00    3.99389017e+00   -5.26244098e-03   -2.62862542e-02
254      8.46666667e-10    2.08864344e+00    3.99961257e+00    6.14881519e-04   -2.63962973e-02
255      8.50000000e-10    2.07462769e+00    4.00547243e+00    6.24603875e-03   -2.63143505e-02
256      8.53333333e-10    2.06072836e+00    4.00921971e+00    9.46947152e-03   -2.60722613e-02
257      8.56666667e-10    2.05225578e+00    4.00944244e+00    9.07407997e-03   -2.57629200e-02
258      8.60000000e-10    2.05244636e+00    4.00607852e+00    5.23325501e-03   -2.55041992e-02
259      8.63333333e-10    2.06122644e+00    4.00040778e+00   -5.92189681e-04   -2.53943381e-02
260      8.66666667e-10    2.07524188e+00    3.99457076e+00   -6.20271097e-03   -2.54752259e-02
261      8.70000000e-10    2.08914008e+00    3.99078593e+00   -9.46527878e-03   -2.57165014e-02
262      8.73333333e-10    2.09761367e+00    3.99051717e+00   -9.11470563e-03   -2.60264216e-02
263      8.76666667e-10    2.09742620e+00    3.99389019e+00   -5.26244522e-03   -2.62863364e-02
264      8.80000000e-10    2.08864839e+00    3.99961260e+00    6.14882003e-04   -2.63963788e-02
265      8.83333333e-10    2.07463259e+00    4.00547246e+00    6.24604025e-03   -2.63144310e-02
266      8.86666667e-10    2.06073322e+00    4.00921974e+00    9.46947368e-03   -2.60723409e-02
267      8.90000000e-10    2.05226059e+00    4.00944246e+00    9.07407854e-03   -2.57629987e-02
268      8.93333333e-10    2.05245112e+00    4.00607855e+00    5.23325119e-03   -2.55042771e-02
269      8.96666667e-10    2.06123115e+00    4.00040780e+00   -5.92197263e-04   -2.53944153e-02
270      9.00000000e-10    2.07524655e+00    3.99457078e+00   -6.20271905e-03   -2.54753025e-02
271      9.03333333e-10    2.08914471e+00    3.99078595e+00   -9.46528762e-03   -2.57165774e-02
272      9.06666667e-10    2.09761826e+00    3.99051719e+00   -9.11471165e-03   -2.60264971e-02
273      9.10000000e-10    2.09743074e+00    3.99389021e+00   -5.26244904e-03   -2.62864113e-02
274      9.13333333e-10    2.08865289e+00    3.99961263e+00    6.14882411e-04   -2.63964529e-02
275      9.16666667e-10    2.07463705e+00    4.00547248e+00    6.24604166e-03   -2.63145043e-02
276      9.20000000e-10    2.06073763e+00    4.00921977e+00    9.46947562e-03   -2.60724134e-02
277      9.23333333e-10    2.05226496e+00    4.00944249e+00    9.07407728e-03   -2.57630704e-02
278      9.26666667e-10    2.05245545e+00    4.00607857e+00    5.23324769e-03   -2.55043480e-02
279      9.30000000e-10    2.06123545e+00    4.00040782e+00   -5.92204139e-04   -2.53944856e-02
280      9.33333333e-10    2.07525080e+00    3.99457080e+00   -6.20272645e-03   -2.54753723e-02
281      9.36666667e-10    2.08914893e+00    3.99078596e+00   -9.46529565e-03   -2.57166467e-02
282      9.40000000e-10    2.09762243e+00    3.99051721e+00   -9.11471716e-03   -2.60265659e-02
283      9.43333333e-10    2.09743488e+00    3.99389023e+00   -5.26245250e-03   -2.62864795e-02
284      9.46666667e-10    2.08865699e+00    3.99961265e+00    6.14882755e-04   -2.63965204e-02
285      9.50000000e-10    2.07464111e+00    4.00547251e+00    6.24604297e-03   -2.63145710e-02
286      9.53333333e-10    2.06074166e+00    4.00921979e+00    9.46947736e-03   -2.60724793e-02
287      9.56666667e-10    2.05226895e+00    4.00944251e+00    9.07407615e-03   -2.57631356e-02
288      9.60000000e-10    2.05245940e+00    4.00607859e+00    5.23324447e-03   -2.55044126e-02
289      9.63333333e-10    2.06123936e+00    4.00040783e+00   -5.92210374e-04   -2.53945496e-02
290      9.66666667e-10    2.07525467e+00    3.99457081e+00   -6.20273321e-03   -2.54754358e-02
291      9.70000000e-10    2.08915276e+00    3.99078597e+00   -9.46530294e-03   -2.57167097e-02
292      9.73333333e-10    2.09762623e+00    3.99051722e+00   -9.11472221e-03   -2.60266285e-02
293      9.76666667e-10    2.09743864e+00    3.99389025e+00   -5.26245562e-03   -2.62865415e-02
294      9.80000000e-10    2.08866072e+00    3.99961267e+00    6.14883046e-04   -2.63965818e-02
295      9.83333333e-10    2.07464480e+00    4.00547253e+00    6.24604419e-03   -2.63146318e-02
296      9.86666667e-10    2.06074532e+00    4.00921981e+00    9.46947892e-03   -2.60725394e-02
297      9.90000000e-10    2.05227257e+00    4.00944253e+00    9.07407515e-03   -2.57631949e-02
298      9.93333333e-10    2.05246299e+00    4.00607860e+00    5.23324151e-03   -2.55044714e-02
299      9.96666667e-10    2.06124291e+00    4.00040785e+00   -5.92216029e-04   -2.53946079e-02
300      1.00000000e-09    2.07525820e+00    3.99457082e+00   -6.20273939e-03   -2.54754936e-02
301      1.00333333e-09    2.08915626e+00    3.99078599e+00   -9.46530955e-03   -2.57167672e-02
302      1.00666667e-09    2.09762969e+00    3.99051723e+00   -9.11472683e-03   -2.60266854e-02
303      1.01000000e-09    2.09744207e+00    3.99389026e+00   -5.26245844e-03   -2.62865980e-02
304      1.01333333e-09    2.08866412e+00    3.99961269e+00    6.14883290e-04   -2.63966378e-02
305      1.01666667e-09    2.07464817e+00    4.00547255e+00    6.24604532e-03   -2.63146871e-02
306      1.02000000e-09    2.06074865e+00    4.00921983e+00    9.46948033e-03   -2.60725940e-02
307      1.02333333e-09    2.05227588e+00    4.00944254e+00    9.07407427e-03   -2.57632490e-02
308      1.02666667e-09    2.05246626e+00    4.00607862e+00    5.23323880e-03   -2.55045249e-02
309      1.03000000e-09    2.06124615e+00    4.00040786e+00   -5.92221159e-04   -2.53946609e-02
310      1.03333333e-09    2.07526141e+00    3.99457084e+00   -6.20274504e-03   -2.54755463e-02
311      1.03666667e-09    2.08915944e+00    3.99078600e+00   -9.46531556e-03   -2.57168194e-02
312      1.04000000e-09    2.09763284e+00    3.99051725e+00   -9.11473105e-03   -2.60267373e-02
313      1.04333333e-09    2.09744519e+00    3.99389028e+00   -5.26246099e-03   -2.62866494e-02
314      1.04666667e-09    2.08866721e+00    3.99961270e+00    6.14883495e-04   -2.63966887e-02
315      1.05000000e-09    2.07465123e+00    4.00547256e+00    6.24604637e-03   -2.63147374e-02
316      1.05333333e-09    2.06075169e+00    4.00921985e+00    9.46948159e-03   -2.60726438e-02
317      1.05666667e-09    2.05227888e+00    4.00944256e+00    9.07407348e-03   -2.57632982e-02
318      1.06000000e-09    2.05246924e+00    4.00607863e+00    5.23323631e-03   -2.55045736e-02
319      1.06333333e-09    2.06124910e+00    4.00040787e+00   -5.92225814e-04   -2.53947092e-02
320      1.06666667e-09    2.07526433e+00    3.99457085e+00   -6.20275020e-03   -2.54755942e-02
321      1.07000000e-09    2.08916233e+00    3.99078601e+00   -9.46532101e-03   -2.57168670e-02
322      1.07333333e-09    2.09763571e+00    3.99051726e+00   -9.11473492e-03   -2.60267845e-02
323      1.07666667e-09    2.09744804e+00    3.99389029e+00   -5.26246329e-03   -2.62866962e-02
324      1.08000000e-09    2.08867002e+00    3.99961272e+00    6.14883667e-04   -2.63967350e-02
325      1.08333333e-09    2.07465402e+00    4.00547258e+00    6.24604735e-03   -2.63147833e-02
326      1.08666667e-09    2.06075445e+00    4.00921987e+00    9.46948272e-03   -2.60726891e-02
327      1.09000000e-09    2.05228162e+00    4.00944257e+00    9.07407277e-03   -2.57633430e-02
328      1.09333333e-09    2.05247195e+00    4.00607865e+00    5.23323403e-03   -2.55046179e-02
329      1.09666667e-09    2.06125179e+00    4.00040788e+00   -5.92230038e-04   -2.53947532e-02
330      1.10000000e-09    2.07526699e+00    3.99457086e+00   -6.20275492e-03   -2.54756378e-02
331      1.10333333e-09    2.08916497e+00    3.99078602e+00   -9.46532596e-03   -2.57169103e-02
332      1.10666667e-09    2.09763832e+00    3.99051727e+00   -9.11473845e-03   -2.60268275e-02
333      1.11000000e-09    2.09745062e+00    3.99389030e+00   -5.26246537e-03   -2.62867389e-02
334      1.11333333e-09    2.08867259e+00    3.99961273e+00    6.14883810e-04   -2.63967772e-02
335      1.11666667e-09    2.07465656e+00    4.00547259e+00    6.24604825e-03   -2.63148250e-02
336      1.12000000e-09    2.06075696e+00    4.00921988e+00    9.46948374e-03   -2.60727303e-02
337      1.12333333e-09    2.05228411e+00    4.00944259e+00    9.07407215e-03   -2.57633838e-02
338      1.12666667e-09    2.05247442e+00    4.00607866e+00    5.23323193e-03   -2.55046583e-02
339      1.13000000e-09    2.06125423e+00    4.00040789e+00   -5.92233870e-04   -2.53947932e-02
340      1.13333333e-09    2.07526941e+00    3.99457087e+00   -6.20275924e-03   -2.54756775e-02
341      1.13666667e-09    2.08916737e+00    3.99078603e+00   -9.46533046e-03   -2.57169497e-02
342      1.14000000e-09    2.09764070e+00    3.99051728e+00   -9.11474168e-03   -2.60268666e-02
343      1.14333333e-09    2.09745298e+00    3.99389031e+00   -5.26246726e-03   -2.62867777e-02
344      1.14666667e-09    2.08867492e+00    3.99961274e+00    6.14883929e-04   -2.63968156e-02
345      1.15000000e-09    2.07465887e+00    4.00547261e+00    6.24604909e-03   -2.63148630e-02
346      1.15333333e-09    2.06075925e+00    4.00921989e+00    9.46948466e-03   -2.60727679e-02
347      1.15666667e-09    2.05228638e+00    4.00944260e+00    9.07407160e-03   -2.57634209e-02
348      1.16000000e-09    2.05247667e+00    4.00607867e+00    5.23323002e-03   -2.55046950e-02
349      1.16333333e-09    2.06125646e+00    4.00040790e+00   -5.92237349e-04   -2.53948296e-02
350      1.16666667e-09    2.07527162e+00    3.99457087e+00   -6.20276318e-03   -2.54757136e-02
351      1.17000000e-09    2.08916955e+00    3.99078603e+00   -9.46533454e-03   -2.57169856e-02
352      1.17333333e-09    2.09764286e+00    3.99051729e+00   -9.11474464e-03   -2.60269022e-02
353      1.17666667e-09    2.09745512e+00    3.99389032e+00   -5.26246896e-03   -2.62868130e-02
354      1.18000000e-09    2.08867705e+00    3.99961276e+00    6.14884028e-04   -2.63968506e-02
355      1.18333333e-09    2.07466098e+00    4.00547262e+00    6.24604986e-03   -2.63148976e-02
356      1.18666667e-09    2.06076134e+00    4.00921991e+00    9.46948549e-03   -2.60728020e-02
357      1.19000000e-09    2.05228844e+00    4.00944261e+00    9.07407110e-03   -2.57634547e-02
358      1.19333333e-09    2.05247871e+00    4.00607868e+00    5.23322826e-03   -2.55047285e-02
359      1.19666667e-09    2.06125849e+00    4.00040791e+00   -5.92240507e-04   -2.53948627e-02
360      1.20000000e-09    2.07527363e+00    3.99457088e+00   -6.20276678e-03   -2.54757465e-02
361      1.20333333e-09    2.08917154e+00    3.99078604e+00   -9.46533825e-03   -2.57170183e-02
362      1.20666667e-09    2.09764483e+00    3.99051730e+00   -9.11474734e-03   -2.60269347e-02
363      1.21000000e-09    2.09745707e+00    3.99389033e+00   -5.26247051e-03   -2.62868451e-02
364      1.21333333e-09    2.08867898e+00    3.99961277e+00    6.14884109e-04   -2.63968824e-02
365      1.21666667e-09    2.07466289e+00    4.00547263e+00    6.24605058e-03   -2.63149290e-02
366      1.22000000e-09    2.06076324e+00    4.00921992e+00    9.46948623e-03   -2.60728331e-02
367      1.22333333e-09    2.05229032e+00    4.00944262e+00    9.07407067e-03   -2.57634854e-02
368      1.22666667e-09    2.05248057e+00    4.00607869e+00    5.23322665e-03   -2.55047589e-02
369      1.23000000e-09    2.06126033e+00    4.00040792e+00   -5.92243373e-04   -2.53948929e-02
370      1.23333333e-09    2.07527545e+00    3.99457089e+00   -6.20277007e-03   -2.54757765e-02
371      1.23666667e-09    2.08917335e+00    3.99078605e+00   -9.46534162e-03   -2.57170480e-02
372      1.24000000e-09    2.09764663e+00    3.99051730e+00   -9.11474981e-03   -2.60269642e-02
373      1.24333333e-09    2.09745885e+00    3.99389034e+00   -5.26247190e-03   -2.62868744e-02
374      1.24666667e-09    2.08868074e+00    3.99961278e+00    6.14884176e-04   -2.63969114e-02
375      1.25000000e-09    2.07466464e+00    4.00547264e+00    6.24605124e-03   -2.63149577e-02
376      1.25333333e-09    2.06076496e+00    4.00921993e+00    9.46948690e-03   -2.60728615e-02
377      1.25666667e-09    2.05229204e+00    4.00944263e+00    9.07407028e-03   -2.57635134e-02
378      1.26000000e-09    2.05248227e+00    4.00607869e+00    5.23322518e-03   -2.55047866e-02
379      1.26333333e-09    2.06126201e+00    4.00040792e+00   -5.92245976e-04   -2.53949204e-02
380      1.26666667e-09    2.07527712e+00    3.99457089e+00   -6.20277308e-03   -2.54758037e-02
381      1.27000000e-09    2.08917500e+00    3.99078605e+00   -9.46534469e-03   -2.57170750e-02
382      1.27333333e-09    2.09764826e+00    3.99051731e+00   -9.11475207e-03   -2.60269910e-02
383      1.27666667e-09    2.09746047e+00    3.99389035e+00   -5.26247316e-03   -2.62869010e-02
384      1.28000000e-09    2.08868234e+00    3.99961278e+00    6.14884230e-04   -2.63969378e-02
385      1.28333333e-09    2.07466623e+00    4.00547265e+00    6.24605185e-03   -2.63149837e-02
386      1.28666667e-09    2.06076654e+00    4.00921994e+00    9.46948751e-03   -2.60728872e-02
387      1.29000000e-09    2.05229359e+00    4.00944264e+00    9.07406993e-03   -2.57635389e-02
388      1.29333333e-09    2.05248381e+00    4.00607870e+00    5.23322383e-03   -2.55048118e-02
389      1.29666667e-09    2.06126354e+00    4.00040793e+00   -5.92248338e-04   -2.53949454e-02
390      1.30000000e-09    2.07527863e+00    3.99457090e+00   -6.20277583e-03   -2.54758286e-02
391      1.30333333e-09    2.08917650e+00    3.99078606e+00   -9.46534747e-03   -2.57170997e-02
392      1.30666667e-09    2.09764975e+00    3.99051731e+00   -9.11475413e-03   -2.60270155e-02
393      1.31000000e-09    2.09746194e+00    3.99389035e+00   -5.26247431e-03   -2.62869252e-02
394      1.31333333e-09    2.08868380e+00    3.99961279e+00    6.14884274e-04   -2.63969618e-02
395      1.31666667e-09    2.07466767e+00    4.00547266e+00    6.24605242e-03   -2.63150075e-02
396      1.32000000e-09    2.06076797e+00    4.00921995e+00    9.46948805e-03   -2.60729107e-02
397      1.32333333e-09    2.05229501e+00    4.00944265e+00    9.07406963e-03   -2.57635621e-02
398      1.32666667e-09    2.05248522e+00    4.00607871e+00    5.23322259e-03   -2.55048348e-02
399      1.33000000e-09    2.06126493e+00    4.00040793e+00   -5.92250484e-04   -2.53949681e-02
400      1.33333333e-09    2.07528001e+00    3.99457091e+00   -6.20277834e-03   -2.54758511e-02
401      1.33666667e-09    2.08917786e+00    3.99078606e+00   -9.46535000e-03   -2.57171221e-02
402      1.34000000e-09    2.09765110e+00    3.99051732e+00   -9.11475602e-03   -2.60270377e-02
403      1.34333333e-09    2.09746328e+00    3.99389036e+00   -5.26247534e-03   -2.62869473e-02
404      1.34666667e-09    2.08868513e+00    3.99961280e+00    6.14884309e-04   -2.63969836e-02
405      1.35000000e-09    2.07466899e+00    4.00547267e+00    6.24605294e-03   -2.63150291e-02
406      1.35333333e-09    2.06076927e+00    4.00921995e+00    9.46948855e-03   -2.60729320e-02
407      1.35666667e-09    2.05229630e+00    4.00944265e+00    9.07406935e-03   -2.57635832e-02
408      1.36000000e-09    2.05248650e+00    4.00607871e+00    5.23322146e-03   -2.55048557e-02
409      1.36333333e-09    2.06126620e+00    4.00040794e+00   -5.92252431e-04   -2.53949889e-02
410      1.36666667e-09    2.07528126e+00    3.99457091e+00   -6.20278063e-03   -2.54758717e-02
411      1.37000000e-09    2.08917911e+00    3.99078607e+00   -9.46535230e-03   -2.57171425e-02
412      1.37333333e-09    2.09765233e+00    3.99051732e+00   -9.11475775e-03   -2.60270580e-02
413      1.37666667e-09    2.09746450e+00    3.99389037e+00   -5.26247628e-03   -2.62869674e-02
414      1.38000000e-09    2.08868634e+00    3.99961281e+00    6.14884337e-04   -2.63970035e-02
415      1.38333333e-09    2.07467018e+00    4.00547267e+00    6.24605343e-03   -2.63150487e-02
416      1.38666667e-09    2.06077046e+00    4.00921996e+00    9.46948899e-03   -2.60729514e-02
417      1.39000000e-09    2.05229748e+00    4.00944266e+00    9.07406911e-03   -2.57636024e-02
418      1.39333333e-09    2.05248766e+00    4.00607872e+00    5.23322042e-03   -2.55048747e-02
419      1.39666667e-09    2.06126735e+00    4.00040794e+00   -5.92254200e-04   -2.53950077e-02
420      1.40000000e-09    2.07528241e+00    3.99457091e+00   -6.20278273e-03   -2.54758904e-02
421      1.40333333e-09    2.08918024e+00    3.99078607e+00   -9.46535439e-03   -2.57171610e-02
422      1.40666667e-09    2.09765345e+00    3.99051733e+00   -9.11475932e-03   -2.60270764e-02
423      1.41000000e-09    2.09746561e+00    3.99389037e+00   -5.26247712e-03   -2.62869856e-02
424      1.41333333e-09    2.08868744e+00    3.99961281e+00    6.14884358e-04   -2.63970216e-02
425      1.41666667e-09    2.07467127e+00    4.00547268e+00    6.24605387e-03   -2.63150666e-02
426      1.42000000e-09    2.06077154e+00    4.00921997e+00    9.46948939e-03   -2.60729691e-02
427      1.42333333e-09    2.05229855e+00    4.00944266e+00    9.07406890e-03   -2.57636199e-02
428      1.42666667e-09    2.05248872e+00    4.00607872e+00    5.23321947e-03   -2.55048920e-02
429      1.43000000e-09    2.06126840e+00    4.00040795e+00   -5.92255807e-04   -2.53950248e-02
430      1.43333333e-09    2.07528345e+00    3.99457092e+00   -6.20278464e-03   -2.54759074e-02
431      1.43666667e-09    2.08918127e+00    3.99078608e+00   -9.46535628e-03   -2.57171779e-02
432      1.44000000e-09    2.09765447e+00    3.99051733e+00   -9.11476076e-03   -2.60270932e-02
433      1.44333333e-09    2.09746662e+00    3.99389037e+00   -5.26247789e-03   -2.62870023e-02
434      1.44666667e-09    2.08868844e+00    3.99961282e+00    6.14884374e-04   -2.63970380e-02
435      1.45000000e-09    2.07467227e+00    4.00547269e+00    6.24605429e-03   -2.63150829e-02
436      1.45333333e-09    2.06077252e+00    4.00921997e+00    9.46948976e-03   -2.60729852e-02
437      1.45666667e-09    2.05229952e+00    4.00944267e+00    9.07406871e-03   -2.57636358e-02
438      1.46000000e-09    2.05248968e+00    4.00607873e+00    5.23321860e-03   -2.55049077e-02
439      1.46333333e-09    2.06126935e+00    4.00040795e+00   -5.92257265e-04   -2.53950404e-02
440      1.46666667e-09    2.07528439e+00    3.99457092e+00   -6.20278640e-03   -2.54759229e-02
441      1.47000000e-09    2.08918220e+00    3.99078608e+00   -9.46535801e-03   -2.57171933e-02
442      1.47333333e-09    2.09765540e+00    3.99051734e+00   -9.11476208e-03   -2.60271084e-02
443      1.47666667e-09    2.09746754e+00    3.99389038e+00   -5.26247859e-03   -2.62870174e-02
444      1.48000000e-09    2.08868935e+00    3.99961282e+00    6.14884386e-04   -2.63970530e-02
445      1.48333333e-09    2.07467317e+00    4.00547269e+00    6.24605467e-03   -2.63150977e-02
446      1.48666667e-09    2.06077342e+00    4.00921998e+00    9.46949008e-03   -2.60729998e-02
447      1.49000000e-09    2.05230041e+00    4.00944267e+00    9.07406855e-03   -2.57636502e-02
448      1.49333333e-09    2.05249056e+00    4.00607873e+00    5.23321780e-03   -2.55049221e-02
449      1.49666667e-09    2.06127022e+00    4.00040796e+00   -5.92258590e-04   -2.53950546e-02
450      1.50000000e-09    2.07528525e+00    3.99457092e+00   -6.20278800e-03   -2.54759370e-02
451      1.50333333e-09    2.08918306e+00    3.99078608e+00   -9.46535958e-03   -2.57172073e-02
452      1.50666667e-09    2.09765625e+00    3.99051734e+00   -9.11476329e-03   -2.60271223e-02
453      1.51000000e-09    2.09746838e+00    3.99389038e+00   -5.26247921e-03   -2.62870311e-02
454      1.51333333e-09    2.08869018e+00    3.99961283e+00    6.14884394e-04   -2.63970666e-02
455      1.51666667e-09    2.07467399e+00    4.00547270e+00    6.24605502e-03   -2.63151111e-02
456      1.52000000e-09    2.06077423e+00    4.00921998e+00    9.46949038e-03   -2.60730131e-02
457      1.52333333e-09    2.05230121e+00    4.00944268e+00    9.07406840e-03   -2.57636634e-02
458      1.52666667e-09    2.05249136e+00    4.00607874e+00    5.23321707e-03   -2.55049351e-02
459      1.53000000e-09    2.06127102e+00    4.00040796e+00   -5.92259793e-04   -2.53950676e-02
460      1.53333333e-09    2.07528604e+00    3.99457093e+00   -6.20278946e-03   -2.54759498e-02
461      1.53666667e-09    2.08918383e+00    3.99078608e+00   -9.46536100e-03   -2.57172200e-02
462      1.54000000e-09    2.09765702e+00    3.99051734e+00   -9.11476439e-03   -2.60271349e-02
463      1.54333333e-09    2.09746914e+00    3.99389039e+00   -5.26247978e-03   -2.62870437e-02
464      1.54666667e-09    2.08869094e+00    3.99961283e+00    6.14884399e-04   -2.63970790e-02
465      1.55000000e-09    2.07467474e+00    4.00547270e+00    6.24605535e-03   -2.63151234e-02
466      1.55333333e-09    2.06077497e+00    4.00921999e+00    9.46949065e-03   -2.60730253e-02
467      1.55666667e-09    2.05230195e+00    4.00944268e+00    9.07406828e-03   -2.57636754e-02
468      1.56000000e-09    2.05249209e+00    4.00607874e+00    5.23321640e-03   -2.55049469e-02
469      1.56333333e-09    2.06127174e+00    4.00040796e+00   -5.92260885e-04   -2.53950793e-02
470      1.56666667e-09    2.07528675e+00    3.99457093e+00   -6.20279080e-03   -2.54759614e-02
471      1.57000000e-09    2.08918454e+00    3.99078609e+00   -9.46536230e-03   -2.57172316e-02
472      1.57333333e-09    2.09765772e+00    3.99051735e+00   -9.11476540e-03   -2.60271464e-02
473      1.57666667e-09    2.09746984e+00    3.99389039e+00   -5.26248030e-03   -2.62870551e-02
474      1.58000000e-09    2.08869162e+00    3.99961283e+00    6.14884402e-04   -2.63970903e-02
475      1.58333333e-09    2.07467542e+00    4.00547270e+00    6.24605565e-03   -2.63151346e-02
476      1.58666667e-09    2.06077565e+00    4.00921999e+00    9.46949089e-03   -2.60730363e-02
477      1.59000000e-09    2.05230262e+00    4.00944269e+00    9.07406816e-03   -2.57636863e-02
478      1.59333333e-09    2.05249275e+00    4.00607874e+00    5.23321579e-03   -2.55049577e-02
479      1.59666667e-09    2.06127239e+00    4.00040796e+00   -5.92261878e-04   -2.53950900e-02
480      1.60000000e-09    2.07528740e+00    3.99457093e+00   -6.20279202e-03   -2.54759720e-02
481      1.60333333e-09    2.08918518e+00    3.99078609e+00   -9.46536348e-03   -2.57172421e-02
482      1.60666667e-09    2.09765835e+00    3.99051735e+00   -9.11476632e-03   -2.60271569e-02
483      1.61000000e-09    2.09747047e+00    3.99389039e+00   -5.26248076e-03   -2.62870654e-02
484      1.61333333e-09    2.08869225e+00    3.99961284e+00    6.14884403e-04   -2.63971006e-02
485      1.61666667e-09    2.07467604e+00    4.00547271e+00    6.24605593e-03   -2.63151447e-02
486      1.62000000e-09    2.06077626e+00    4.00921999e+00    9.46949111e-03   -2.60730463e-02
487      1.62333333e-09    2.05230322e+00    4.00944269e+00    9.07406807e-03   -2.57636962e-02
488      1.62666667e-09    2.05249335e+00    4.00607875e+00    5.23321523e-03   -2.55049675e-02
489      1.63000000e-09    2.06127299e+00    4.00040797e+00   -5.92262778e-04   -2.53950997e-02
490      1.63333333e-09    2.07528799e+00    3.99457093e+00   -6.20279314e-03   -2.54759817e-02
491      1.63666667e-09    2.08918577e+00    3.99078609e+00   -9.46536455e-03   -2.57172517e-02
492      1.64000000e-09    2.09765893e+00    3.99051735e+00   -9.11476716e-03   -2.60271664e-02
493      1.64333333e-09    2.09747104e+00    3.99389040e+00   -5.26248118e-03   -2.62870748e-02
494      1.64666667e-09    2.08869282e+00    3.99961284e+00    6.14884402e-04   -2.63971099e-02
495      1.65000000e-09    2.07467660e+00    4.00547271e+00    6.24605619e-03   -2.63151539e-02
496      1.65333333e-09    2.06077682e+00    4.00922000e+00    9.46949130e-03   -2.60730554e-02
497      1.65666667e-09    2.05230378e+00    4.00944269e+00    9.07406798e-03   -2.57637052e-02
498      1.66000000e-09    2.05249390e+00    4.00607875e+00    5.23321471e-03   -2.55049765e-02
499      1.66333333e-09    2.06127353e+00    4.00040797e+00   -5.92263596e-04   -2.53951086e-02
500      1.66666667e-09    2.07528853e+00    3.99457094e+00   -6.20279417e-03   -2.54759905e-02
501      1.67000000e-09    2.08918630e+00    3.99078609e+00   -9.46536553e-03   -2.57172604e-02
502      1.67333333e-09    2.09765946e+00    3.99051735e+00   -9.11476793e-03   -2.60271750e-02
503      1.67666667e-09    2.09747157e+00    3.99389040e+00   -5.26248156e-03   -2.62870834e-02
504      1.68000000e-09    2.08869334e+00    3.99961284e+00    6.14884400e-04   -2.63971184e-02
505      1.68333333e-09    2.07467712e+00    4.00547271e+00    6.24605643e-03   -2.63151623e-02
506      1.68666667e-09    2.06077733e+00    4.00922000e+00    9.46949148e-03   -2.60730637e-02
507      1.69000000e-09    2.05230428e+00    4.00944270e+00    9.07406791e-03   -2.57637134e-02
508      1.69333333e-09    2.05249440e+00    4.00607875e+00    5.23321424e-03   -2.55049846e-02
509      1.69666667e-09    2.06127402e+00    4.00040797e+00   -5.92264339e-04   -2.53951166e-02
510      1.70000000e-09    2.07528902e+00    3.99457094e+00   -6.20279510e-03   -2.54759985e-02
511      1.70333333e-09    2.08918679e+00    3.99078609e+00   -9.46536641e-03   -2.57172683e-02
512      1.70666667e-09    2.09765994e+00    3.99051735e+00   -9.11476864e-03   -2.60271829e-02
513      1.71000000e-09    2.09747204e+00    3.99389040e+00   -5.26248191e-03   -2.62870912e-02
514      1.71333333e-09    2.08869381e+00    3.99961285e+00    6.14884396e-04   -2.63971261e-02
515      1.71666667e-09    2.07467758e+00    4.00547272e+00    6.24605665e-03   -2.63151700e-02
516      1.72000000e-09    2.06077779e+00    4.00922000e+00    9.46949165e-03   -2.60730712e-02
517      1.72333333e-09    2.05230474e+00    4.00944270e+00    9.07406785e-03   -2.57637208e-02
518      1.72666667e-09    2.05249485e+00    4.00607875e+00    5.23321381e-03   -2.55049920e-02
519      1.73000000e-09    2.06127447e+00    4.00040797e+00   -5.92265013e-04   -2.53951239e-02
520      1.73333333e-09    2.07528946e+00    3.99457094e+00   -6.20279596e-03   -2.54760057e-02
521      1.73666667e-09    2.08918723e+00    3.99078610e+00   -9.46536722e-03   -2.57172755e-02
522      1.74000000e-09    2.09766038e+00    3.99051736e+00   -9.11476928e-03   -2.60271900e-02
523      1.74333333e-09    2.09747248e+00    3.99389040e+00   -5.26248222e-03   -2.62870983e-02
524      1.74666667e-09    2.08869424e+00    3.99961285e+00    6.14884392e-04   -2.63971331e-02
525      1.75000000e-09    2.07467801e+00    4.00547272e+00    6.24605686e-03   -2.63151769e-02
526      1.75333333e-09    2.06077821e+00    4.00922001e+00    9.46949179e-03   -2.60730781e-02
527      1.75666667e-09    2.05230516e+00    4.00944270e+00    9.07406779e-03   -2.57637276e-02
528      1.76000000e-09    2.05249526e+00    4.00607876e+00    5.23321341e-03   -2.55049987e-02
529      1.76333333e-09    2.06127488e+00    4.00040797e+00   -5.92265626e-04   -2.53951306e-02
530      1.76666667e-09    2.07528987e+00    3.99457094e+00   -6.20279675e-03   -2.54760123e-02
531      1.77000000e-09    2.08918763e+00    3.99078610e+00   -9.46536795e-03   -2.57172821e-02
532      1.77333333e-09    2.09766078e+00    3.99051736e+00   -9.11476987e-03   -2.60271965e-02
533      1.77666667e-09    2.09747287e+00    3.99389040e+00   -5.26248250e-03   -2.62871047e-02
534      1.78000000e-09    2.08869463e+00    3.99961285e+00    6.14884387e-04   -2.63971395e-02
535      1.78333333e-09    2.07467840e+00    4.00547272e+00    6.24605705e-03   -2.63151832e-02
536      1.78666667e-09    2.06077859e+00    4.00922001e+00    9.46949192e-03   -2.60730843e-02
537      1.79000000e-09    2.05230553e+00    4.00944270e+00    9.07406775e-03   -2.57637338e-02
538      1.79333333e-09    2.05249564e+00    4.00607876e+00    5.23321305e-03   -2.55050048e-02
539      1.79666667e-09    2.06127525e+00    4.00040798e+00   -5.92266181e-04   -2.53951366e-02
540      1.80000000e-09    2.07529024e+00    3.99457094e+00   -6.20279747e-03   -2.54760183e-02
541      1.80333333e-09    2.08918799e+00    3.99078610e+00   -9.46536862e-03   -2.57172881e-02
542      1.80666667e-09    2.09766114e+00    3.99051736e+00   -9.11477042e-03   -2.60272024e-02
543      1.81000000e-09    2.09747323e+00    3.99389041e+00   -5.26248275e-03   -2.62871106e-02
544      1.81333333e-09    2.08869498e+00    3.99961285e+00    6.14884382e-04   -2.63971453e-02
545      1.81666667e-09    2.07467875e+00    4.00547272e+00    6.24605723e-03   -2.63151889e-02
546      1.82000000e-09    2.06077894e+00    4.00922001e+00    9.46949204e-03   -2.60730900e-02
547      1.82333333e-09    2.05230588e+00    4.00944270e+00    9.07406771e-03   -2.57637394e-02
548      1.82666667e-09    2.05249598e+00    4.00607876e+00    5.23321271e-03   -2.55050103e-02
549      1.83000000e-09    2.06127559e+00    4.00040798e+00   -5.92266686e-04   -2.53951421e-02
550      1.83333333e-09    2.07529057e+00    3.99457094e+00   -6.20279813e-03   -2.54760238e-02
551      1.83666667e-09    2.08918833e+00    3.99078610e+00   -9.46536922e-03   -2.57172935e-02
552      1.84000000e-09    2.09766147e+00    3.99051736e+00   -9.11477091e-03   -2.60272078e-02
553      1.84333333e-09    2.09747355e+00    3.99389041e+00   -5.26248298e-03   -2.62871159e-02
554      1.84666667e-09    2.08869530e+00    3.99961285e+00    6.14884376e-04   -2.63971506e-02
555      1.85000000e-09    2.07467907e+00    4.00547273e+00    6.24605740e-03   -2.63151941e-02
556      1.85333333e-09    2.06077926e+00    4.00922001e+00    9.46949215e-03   -2.60730951e-02
557      1.85666667e-09    2.05230619e+00    4.00944271e+00    9.07406768e-03   -2.57637445e-02
558      1.86000000e-09    2.05249629e+00    4.00607876e+00    5.23321241e-03   -2.55050153e-02
559      1.86333333e-09    2.06127590e+00    4.00040798e+00   -5.92267144e-04   -2.53951471e-02
560      1.86666667e-09    2.07529088e+00    3.99457094e+00   -6.20279873e-03   -2.54760287e-02
561      1.87000000e-09    2.08918863e+00    3.99078610e+00   -9.46536978e-03   -2.57172984e-02
562      1.87333333e-09    2.09766176e+00    3.99051736e+00   -9.11477137e-03   -2.60272127e-02
563      1.87666667e-09    2.09747385e+00    3.99389041e+00   -5.26248319e-03   -2.62871208e-02
564      1.88000000e-09    2.08869560e+00    3.99961286e+00    6.14884371e-04   -2.63971553e-02
565      1.88333333e-09    2.07467936e+00    4.00547273e+00    6.24605755e-03   -2.63151989e-02
566      1.88666667e-09    2.06077955e+00    4.00922001e+00    9.46949225e-03   -2.60730998e-02
567      1.89000000e-09    2.05230648e+00    4.00944271e+00    9.07406766e-03   -2.57637491e-02
568      1.89333333e-09    2.05249657e+00    4.00607876e+00    5.23321212e-03   -2.55050199e-02
569      1.89666667e-09    2.06127618e+00    4.00040798e+00   -5.92267559e-04   -2.53951516e-02
570      1.90000000e-09    2.07529115e+00    3.99457095e+00   -6.20279929e-03   -2.54760332e-02
571      1.90333333e-09    2.08918890e+00    3.99078610e+00   -9.46537028e-03   -2.57173029e-02
572      1.90666667e-09    2.09766204e+00    3.99051736e+00   -9.11477178e-03   -2.60272171e-02
573      1.91000000e-09    2.09747412e+00    3.99389041e+00   -5.26248337e-03   -2.62871252e-02
574      1.91333333e-09    2.08869586e+00    3.99961286e+00    6.14884365e-04   -2.63971597e-02
575      1.91666667e-09    2.07467962e+00    4.00547273e+00    6.24605770e-03   -2.63152032e-02
576      1.92000000e-09    2.06077981e+00    4.00922002e+00    9.46949234e-03   -2.60731041e-02
577      1.92333333e-09    2.05230674e+00    4.00944271e+00    9.07406764e-03   -2.57637533e-02
578      1.92666667e-09    2.05249683e+00    4.00607876e+00    5.23321186e-03   -2.55050241e-02
579      1.93000000e-09    2.06127643e+00    4.00040798e+00   -5.92267936e-04   -2.53951558e-02
580      1.93333333e-09    2.07529140e+00    3.99457095e+00   -6.20279980e-03   -2.54760373e-02
581      1.93666667e-09    2.08918915e+00    3.99078610e+00   -9.46537073e-03   -2.57173069e-02
582      1.94000000e-09    2.09766228e+00    3.99051736e+00   -9.11477217e-03   -2.60272212e-02
583      1.94333333e-09    2.09747436e+00    3.99389041e+00   -5.26248354e-03   -2.62871292e-02
584      1.94666667e-09    2.08869611e+00    3.99961286e+00    6.14884358e-04   -2.63971637e-02
585      1.95000000e-09    2.07467986e+00    4.00547273e+00    6.24605783e-03   -2.63152071e-02
586      1.95333333e-09    2.06078005e+00    4.00922002e+00    9.46949242e-03   -2.60731079e-02
587      1.95666667e-09    2.05230697e+00    4.00944271e+00    9.07406762e-03   -2.57637571e-02
588      1.96000000e-09    2.05249706e+00    4.00607876e+00    5.23321163e-03   -2.55050278e-02
589      1.96333333e-09    2.06127667e+00    4.00040798e+00   -5.92268278e-04   -2.53951595e-02
590      1.96666667e-09    2.07529163e+00    3.99457095e+00   -6.20280026e-03   -2.54760410e-02
591      1.97000000e-09    2.08918938e+00    3.99078610e+00   -9.46537115e-03   -2.57173106e-02
592      1.97333333e-09    2.09766251e+00    3.99051736e+00   -9.11477252e-03   -2.60272248e-02
593      1.97666667e-09    2.09747459e+00    3.99389041e+00   -5.26248369e-03   -2.62871328e-02
594      1.98000000e-09    2.08869633e+00    3.99961286e+00    6.14884352e-04   -2.63971672e-02
595      1.98333333e-09    2.07468008e+00    4.00547273e+00    6.24605796e-03   -2.63152106e-02
596      1.98666667e-09    2.06078026e+00    4.00922002e+00    9.46949250e-03   -2.60731114e-02
597      1.99000000e-09    2.05230719e+00    4.00944271e+00    9.07406761e-03   -2.57637606e-02
598      1.99333333e-09    2.05249728e+00    4.00607876e+00    5.23321141e-03   -2.55050313e-02
599      1.99666667e-09    2.06127688e+00    4.00040798e+00   -5.92268589e-04   -2.53951629e-02
600      2.00000000e-09    2.07529184e+00    3.99457095e+00   -6.20280069e-03   -2.54760444e-02
601      2.00333333e-09    2.08918959e+00    3.99078611e+00   -9.46537153e-03   -2.57173139e-02
602      2.00666667e-09    2.09766271e+00    3.99051737e+00   -9.11477284e-03   -2.60272281e-02
603      2.01000000e-09    2.09747479e+00    3.99389041e+00   -5.26248383e-03   -2.62871361e-02
604      2.01333333e-09    2.08869653e+00    3.99961286e+00    6.14884346e-04   -2.63971705e-02
605      2.01666667e-09    2.07468028e+00    4.00547273e+00    6.24605807e-03   -2.63152139e-02
606      2.02000000e-09    2.06078046e+00    4.00922002e+00    9.46949256e-03   -2.60731146e-02
607      2.02333333e-09    2.05230738e+00    4.00944271e+00    9.07406761e-03   -2.57637637e-02
608      2.02666667e-09    2.05249747e+00    4.00607877e+00    5.23321121e-03   -2.55050344e-02
609      2.03000000e-09    2.06127707e+00    4.00040798e+00   -5.92268870e-04   -2.53951660e-02
610      2.03333333e-09    2.07529203e+00    3.99457095e+00   -6.20280109e-03   -2.54760474e-02
611      2.03666667e-09    2.08918977e+00    3.99078611e+00   -9.46537187e-03   -2.57173170e-02
612      2.04000000e-09    2.09766290e+00    3.99051737e+00   -9.11477313e-03   -2.60272312e-02
613      2.04333333e-09    2.09747497e+00    3.99389041e+00   -5.26248395e-03   -2.62871391e-02
614      2.04666667e-09    2.08869671e+00    3.99961286e+00    6.14884340e-04   -2.63971735e-02
615      2.05000000e-09    2.07468046e+00    4.00547273e+00    6.24605819e-03   -2.63152168e-02
616      2.05333333e-09    2.06078064e+00    4.00922002e+00    9.46949262e-03   -2.60731175e-02
617      2.05666667e-09    2.05230756e+00    4.00944271e+00    9.07406760e-03   -2.57637666e-02
618      2.06000000e-09    2.05249765e+00    4.00607877e+00    5.23321102e-03   -2.55050372e-02
619      2.06333333e-09    2.06127724e+00    4.00040798e+00   -5.92269125e-04   -2.53951688e-02
620      2.06666667e-09    2.07529220e+00    3.99457095e+00   -6.20280145e-03   -2.54760502e-02
621      2.07000000e-09    2.08918994e+00    3.99078611e+00   -9.46537218e-03   -2.57173197e-02
622      2.07333333e-09    2.09766307e+00    3.99051737e+00   -9.11477340e-03   -2.60272339e-02
623      2.07666667e-09    2.09747514e+00    3.99389041e+00   -5.26248406e-03   -2.62871418e-02
624      2.08000000e-09    2.08869688e+00    3.99961286e+00    6.14884334e-04   -2.63971761e-02
625      2.08333333e-09    2.07468062e+00    4.00547273e+00    6.24605829e-03   -2.63152194e-02
626      2.08666667e-09    2.06078080e+00    4.00922002e+00    9.46949268e-03   -2.60731201e-02
627      2.09000000e-09    2.05230772e+00    4.00944271e+00    9.07406760e-03   -2.57637692e-02
628      2.09333333e-09    2.05249780e+00    4.00607877e+00    5.23321085e-03   -2.55050398e-02
629      2.09666667e-09    2.06127740e+00    4.00040798e+00   -5.92269356e-04   -2.53951713e-02
630      2.10000000e-09    2.07529236e+00    3.99457095e+00   -6.20280178e-03   -2.54760527e-02
631      2.10333333e-09    2.08919010e+00    3.99078611e+00   -9.46537247e-03   -2.57173222e-02
632      2.10666667e-09    2.09766322e+00    3.99051737e+00   -9.11477365e-03   -2.60272364e-02
633      2.11000000e-09    2.09747529e+00    3.99389042e+00   -5.26248416e-03   -2.62871442e-02
634      2.11333333e-09    2.08869703e+00    3.99961286e+00    6.14884329e-04   -2.63971786e-02
635      2.11666667e-09    2.07468077e+00    4.00547274e+00    6.24605839e-03   -2.63152218e-02
636      2.12000000e-09    2.06078095e+00    4.00922002e+00    9.46949273e-03   -2.60731225e-02
637      2.12333333e-09    2.05230787e+00    4.00944272e+00    9.07406760e-03   -2.57637715e-02
638      2.12666667e-09    2.05249795e+00    4.00607877e+00    5.23321069e-03   -2.55050421e-02
639      2.13000000e-09    2.06127754e+00    4.00040799e+00   -5.92269566e-04   -2.53951736e-02
640      2.13333333e-09    2.07529250e+00    3.99457095e+00   -6.20280209e-03   -2.54760550e-02
641      2.13666667e-09    2.08919024e+00    3.99078611e+00   -9.46537272e-03   -2.57173245e-02
642      2.14000000e-09    2.09766336e+00    3.99051737e+00   -9.11477388e-03   -2.60272386e-02
643      2.14333333e-09    2.09747543e+00    3.99389042e+00   -5.26248425e-03   -2.62871465e-02
644      2.14666667e-09    2.08869716e+00    3.99961286e+00    6.14884323e-04   -2.63971808e-02
645      2.15000000e-09    2.07468091e+00    4.00547274e+00    6.24605848e-03   -2.63152240e-02
646      2.15333333e-09    2.06078108e+00    4.00922002e+00    9.46949277e-03   -2.60731247e-02
647      2.15666667e-09    2.05230800e+00    4.00944272e+00    9.07406761e-03   -2.57637736e-02
648      2.16000000e-09    2.05249808e+00    4.00607877e+00    5.23321054e-03   -2.55050442e-02
649      2.16333333e-09    2.06127767e+00    4.00040799e+00   -5.92269756e-04   -2.53951757e-02
650      2.16666667e-09    2.07529263e+00    3.99457095e+00   -6.20280237e-03   -2.54760571e-02
651      2.17000000e-09    2.08919037e+00    3.99078611e+00   -9.46537296e-03   -2.57173266e-02
652      2.17333333e-09    2.09766349e+00    3.99051737e+00   -9.11477410e-03   -2.60272407e-02
653      2.17666667e-09    2.09747556e+00    3.99389042e+00   -5.26248432e-03   -2.62871485e-02
654      2.18000000e-09    2.08869729e+00    3.99961287e+00    6.14884318e-04   -2.63971828e-02
655      2.18333333e-09    2.07468103e+00    4.00547274e+00    6.24605856e-03   -2.63152260e-02
656      2.18666667e-09    2.06078120e+00    4.00922002e+00    9.46949281e-03   -2.60731266e-02
657      2.19000000e-09    2.05230812e+00    4.00944272e+00    9.07406762e-03   -2.57637756e-02
658      2.19333333e-09    2.05249820e+00    4.00607877e+00    5.23321041e-03   -2.55050461e-02
659      2.19666667e-09    2.06127779e+00    4.00040799e+00   -5.92269928e-04   -2.53951776e-02
660      2.20000000e-09    2.07529275e+00    3.99457095e+00   -6.20280264e-03   -2.54760590e-02
661      2.20333333e-09    2.08919048e+00    3.99078611e+00   -9.46537317e-03   -2.57173284e-02
662      2.20666667e-09    2.09766360e+00    3.99051737e+00   -9.11477429e-03   -2.60272425e-02
663      2.21000000e-09    2.09747567e+00    3.99389042e+00   -5.26248439e-03   -2.62871503e-02
664      2.21333333e-09    2.08869740e+00    3.99961287e+00    6.14884313e-04   -2.63971846e-02
665      2.21666667e-09    2.07468114e+00    4.00547274e+00    6.24605864e-03   -2.63152278e-02
666      2.22000000e-09    2.06078131e+00    4.00922002e+00    9.46949285e-03   -2.60731284e-02
667      2.22333333e-09    2.05230823e+00    4.00944272e+00    9.07406763e-03   -2.57637773e-02
668      2.22666667e-09    2.05249831e+00    4.00607877e+00    5.23321029e-03   -2.55050478e-02
669      2.23000000e-09    2.06127790e+00    4.00040799e+00   -5.92270084e-04   -2.53951793e-02
670      2.23333333e-09    2.07529285e+00    3.99457095e+00   -6.20280288e-03   -2.54760607e-02
671      2.23666667e-09    2.08919059e+00    3.99078611e+00   -9.46537337e-03   -2.57173301e-02
672      2.24000000e-09    2.09766371e+00    3.99051737e+00   -9.11477447e-03   -2.60272442e-02
673      2.24333333e-09    2.09747577e+00    3.99389042e+00   -5.26248446e-03   -2.62871520e-02
674      2.24666667e-09    2.08869750e+00    3.99961287e+00    6.14884308e-04   -2.63971862e-02
675      2.25000000e-09    2.07468124e+00    4.00547274e+00    6.24605872e-03   -2.63152294e-02
676      2.25333333e-09    2.06078141e+00    4.00922002e+00    9.46949289e-03   -2.60731300e-02
677      2.25666667e-09    2.05230833e+00    4.00944272e+00    9.07406764e-03   -2.57637789e-02
678      2.26000000e-09    2.05249841e+00    4.00607877e+00    5.23321017e-03   -2.55050494e-02
679      2.26333333e-09    2.06127800e+00    4.00040799e+00   -5.92270225e-04   -2.53951809e-02
680      2.26666667e-09    2.07529295e+00    3.99457095e+00   -6.20280310e-03   -2.54760622e-02
681      2.27000000e-09    2.08919068e+00    3.99078611e+00   -9.46537354e-03   -2.57173316e-02
682      2.27333333e-09    2.09766380e+00    3.99051737e+00   -9.11477464e-03   -2.60272457e-02
683      2.27666667e-09    2.09747587e+00    3.99389042e+00   -5.26248451e-03   -2.62871535e-02
684      2.28000000e-09    2.08869760e+00    3.99961287e+00    6.14884303e-04   -2.63971877e-02
685      2.28333333e-09    2.07468134e+00    4.00547274e+00    6.24605879e-03   -2.63152309e-02
686      2.28666667e-09    2.06078151e+00    4.00922003e+00    9.46949292e-03   -2.60731314e-02
687      2.29000000e-09    2.05230842e+00    4.00944272e+00    9.07406765e-03   -2.57637803e-02
688      2.29333333e-09    2.05249850e+00    4.00607877e+00    5.23321006e-03   -2.55050508e-02
689      2.29666667e-09    2.06127808e+00    4.00040799e+00   -5.92270353e-04   -2.53951823e-02
690      2.30000000e-09    2.07529304e+00    3.99457095e+00   -6.20280331e-03   -2.54760636e-02
691      2.30333333e-09    2.08919077e+00    3.99078611e+00   -9.46537371e-03   -2.57173330e-02
692      2.30666667e-09    2.09766389e+00    3.99051737e+00   -9.11477479e-03   -2.60272471e-02
693      2.31000000e-09    2.09747595e+00    3.99389042e+00   -5.26248456e-03   -2.62871549e-02
694      2.31333333e-09    2.08869768e+00    3.99961287e+00    6.14884298e-04   -2.63971891e-02
695      2.31666667e-09    2.07468142e+00    4.00547274e+00    6.24605886e-03   -2.63152322e-02
696      2.32000000e-09    2.06078159e+00    4.00922003e+00    9.46949294e-03   -2.60731327e-02
697      2.32333333e-09    2.05230850e+00    4.00944272e+00    9.07406766e-03   -2.57637816e-02
698      2.32666667e-09    2.05249858e+00    4.00607877e+00    5.23320996e-03   -2.55050521e-02
699      2.33000000e-09    2.06127816e+00    4.00040799e+00   -5.92270468e-04   -2.53951835e-02
700      2.33333333e-09    2.07529312e+00    3.99457095e+00   -6.20280350e-03   -2.54760649e-02
701      2.33666667e-09    2.08919085e+00    3.99078611e+00   -9.46537385e-03   -2.57173343e-02
702      2.34000000e-09    2.09766396e+00    3.99051737e+00   -9.11477493e-03   -2.60272483e-02
703      2.34333333e-09    2.09747603e+00    3.99389042e+00   -5.26248460e-03   -2.62871561e-02
704      2.34666667e-09    2.08869776e+00    3.99961287e+00    6.14884294e-04   -2.63971903e-02
705      2.35000000e-09    2.07468150e+00    4.00547274e+00    6.24605893e-03   -2.63152334e-02
706      2.35333333e-09    2.06078166e+00    4.00922003e+00    9.46949297e-03   -2.60731339e-02
707      2.35666667e-09    2.05230858e+00    4.00944272e+00    9.07406768e-03   -2.57637828e-02
708      2.36000000e-09    2.05249865e+00    4.00607877e+00    5.23320987e-03   -2.55050533e-02
709      2.36333333e-09    2.06127824e+00    4.00040799e+00   -5.92270572e-04   -2.53951847e-02
710      2.36666667e-09    2.07529319e+00    3.99457095e+00   -6.20280368e-03   -2.54760660e-02
711      2.37000000e-09    2.08919092e+00    3.99078611e+00   -9.46537399e-03   -2.57173354e-02
712      2.37333333e-09    2.09766403e+00    3.99051737e+00   -9.11477506e-03   -2.60272494e-02
713      2.37666667e-09    2.09747610e+00    3.99389042e+00   -5.26248464e-03   -2.62871572e-02
714      2.38000000e-09    2.08869783e+00    3.99961287e+00    6.14884290e-04   -2.63971914e-02
715      2.38333333e-09    2.07468156e+00    4.00547274e+00    6.24605899e-03   -2.63152345e-02
716      2.38666667e-09    2.06078173e+00    4.00922003e+00    9.46949299e-03   -2.60731350e-02
717      2.39000000e-09    2.05230864e+00    4.00944272e+00    9.07406770e-03   -2.57637838e-02
718      2.39333333e-09    2.05249872e+00    4.00607877e+00    5.23320979e-03   -2.55050543e-02
719      2.39666667e-09    2.06127830e+00    4.00040799e+00   -5.92270667e-04   -2.53951857e-02
720      2.40000000e-09    2.07529325e+00    3.99457095e+00   -6.20280384e-03   -2.54760670e-02
721      2.40333333e-09    2.08919098e+00    3.99078611e+00   -9.46537411e-03   -2.57173364e-02
722      2.40666667e-09    2.09766410e+00    3.99051737e+00   -9.11477518e-03   -2.60272504e-02
723      2.41000000e-09    2.09747616e+00    3.99389042e+00   -5.26248468e-03   -2.62871582e-02
724      2.41333333e-09    2.08869789e+00    3.99961287e+00    6.14884286e-04   -2.63971924e-02
725      2.41666667e-09    2.07468163e+00    4.00547274e+00    6.24605905e-03   -2.63152355e-02
726      2.42000000e-09    2.06078179e+00    4.00922003e+00    9.46949302e-03   -2.60731360e-02
727      2.42333333e-09    2.05230870e+00    4.00944272e+00    9.07406771e-03   -2.57637848e-02
728      2.42666667e-09    2.05249878e+00    4.00607877e+00    5.23320971e-03   -2.55050552e-02
729      2.43000000e-09    2.06127836e+00    4.00040799e+00   -5.92270752e-04   -2.53951866e-02
730      2.43333333e-09    2.07529331e+00    3.99457095e+00   -6.20280399e-03   -2.54760679e-02
731      2.43666667e-09    2.08919104e+00    3.99078611e+00   -9.46537422e-03   -2.57173373e-02
732      2.44000000e-09    2.09766416e+00    3.99051737e+00   -9.11477530e-03   -2.60272514e-02
733      2.44333333e-09    2.09747622e+00    3.99389042e+00   -5.26248471e-03   -2.62871591e-02
734      2.44666667e-09    2.08869795e+00    3.99961287e+00    6.14884283e-04   -2.63971933e-02
735      2.45000000e-09    2.07468168e+00    4.00547274e+00    6.24605911e-03   -2.63152364e-02
736      2.45333333e-09    2.06078185e+00    4.00922003e+00    9.46949304e-03   -2.60731368e-02
737      2.45666667e-09    2.05230876e+00    4.00944272e+00    9.07406773e-03   -2.57637857e-02
738      2.46000000e-09    2.05249883e+00    4.00607877e+00    5.23320963e-03   -2.55050561e-02
739      2.46333333e-09    2.06127842e+00    4.00040799e+00   -5.92270829e-04   -2.53951875e-02
740      2.46666667e-09    2.07529337e+00    3.99457095e+00   -6.20280414e-03   -2.54760688e-02
741      2.47000000e-09    2.08919110e+00    3.99078611e+00   -9.46537432e-03   -2.57173382e-02
742      2.47333333e-09    2.09766421e+00    3.99051737e+00   -9.11477540e-03   -2.60272522e-02
743      2.47666667e-09    2.09747627e+00    3.99389042e+00   -5.26248473e-03   -2.62871599e-02
744      2.48000000e-09    2.08869800e+00    3.99961287e+00    6.14884279e-04   -2.63971941e-02
745      2.48333333e-09    2.07468173e+00    4.00547274e+00    6.24605916e-03   -2.63152371e-02
746      2.48666667e-09    2.06078190e+00    4.00922003e+00    9.46949305e-03   -2.60731376e-02
747      2.49000000e-09    2.05230881e+00    4.00944272e+00    9.07406775e-03   -2.57637864e-02
748      2.49333333e-09    2.05249888e+00    4.00607877e+00    5.23320957e-03   -2.55050569e-02
749      2.49666667e-09    2.06127846e+00    4.00040799e+00   -5.92270899e-04   -2.53951882e-02
750      2.50000000e-09    2.07529342e+00    3.99457095e+00   -6.20280427e-03   -2.54760695e-02
751      2.50333333e-09    2.08919114e+00    3.99078611e+00   -9.46537441e-03   -2.57173389e-02
752      2.50666667e-09    2.09766426e+00    3.99051737e+00   -9.11477550e-03   -2.60272529e-02
753      2.51000000e-09    2.09747632e+00    3.99389042e+00   -5.26248475e-03   -2.62871606e-02
754      2.51333333e-09    2.08869804e+00    3.99961287e+00    6.14884276e-04   -2.63971948e-02
755      2.51666667e-09    2.07468178e+00    4.00547274e+00    6.24605921e-03   -2.63152379e-02
756      2.52000000e-09    2.06078194e+00    4.00922003e+00    9.46949307e-03   -2.60731383e-02
757      2.52333333e-09    2.05230885e+00    4.00944272e+00    9.07406777e-03   -2.57637871e-02
758      2.52666667e-09    2.05249893e+00    4.00607877e+00    5.23320950e-03   -2.55050575e-02
759      2.53000000e-09    2.06127851e+00    4.00040799e+00   -5.92270961e-04   -2.53951889e-02
760      2.53333333e-09    2.07529346e+00    3.99457095e+00   -6.20280439e-03   -2.54760702e-02
761      2.53666667e-09    2.08919119e+00    3.99078611e+00   -9.46537450e-03   -2.57173396e-02
762      2.54000000e-09    2.09766430e+00    3.99051737e+00   -9.11477559e-03   -2.60272536e-02
763      2.54333333e-09    2.09747636e+00    3.99389042e+00   -5.26248477e-03   -2.62871613e-02
764      2.54666667e-09    2.08869809e+00    3.99961287e+00    6.14884273e-04   -2.63971954e-02
765      2.55000000e-09    2.07468182e+00    4.00547274e+00    6.24605926e-03   -2.63152385e-02
766      2.55333333e-09    2.06078198e+00    4.00922003e+00    9.46949309e-03   -2.60731390e-02
767      2.55666667e-09    2.05230889e+00    4.00944272e+00    9.07406779e-03   -2.57637877e-02
768      2.56000000e-09    2.05249897e+00    4.00607877e+00    5.23320944e-03   -2.55050582e-02
769      2.56333333e-09    2.06127855e+00    4.00040799e+00   -5.92271018e-04   -2.53951895e-02
770      2.56666667e-09    2.07529350e+00    3.99457095e+00   -6.20280451e-03   -2.54760708e-02
771      2.57000000e-09    2.08919123e+00    3.99078611e+00   -9.46537457e-03   -2.57173402e-02
772      2.57333333e-09    2.09766434e+00    3.99051737e+00   -9.11477567e-03   -2.60272542e-02
773      2.57666667e-09    2.09747640e+00    3.99389042e+00   -5.26248479e-03   -2.62871619e-02
774      2.58000000e-09    2.08869812e+00    3.99961287e+00    6.14884270e-04   -2.63971960e-02
775      2.58333333e-09    2.07468186e+00    4.00547274e+00    6.24605931e-03   -2.63152391e-02
776      2.58666667e-09    2.06078202e+00    4.00922003e+00    9.46949310e-03   -2.60731395e-02
777      2.59000000e-09    2.05230893e+00    4.00944272e+00    9.07406781e-03   -2.57637883e-02
778      2.59333333e-09    2.05249900e+00    4.00607877e+00    5.23320939e-03   -2.55050587e-02
779      2.59666667e-09    2.06127859e+00    4.00040799e+00   -5.92271069e-04   -2.53951901e-02
780      2.60000000e-09    2.07529353e+00    3.99457095e+00   -6.20280462e-03   -2.54760714e-02
781      2.60333333e-09    2.08919126e+00    3.99078611e+00   -9.46537464e-03   -2.57173407e-02
782      2.60666667e-09    2.09766437e+00    3.99051737e+00   -9.11477575e-03   -2.60272547e-02
783      2.61000000e-09    2.09747643e+00    3.99389042e+00   -5.26248480e-03   -2.62871624e-02
784      2.61333333e-09    2.08869816e+00    3.99961287e+00    6.14884268e-04   -2.63971966e-02
785      2.61666667e-09    2.07468189e+00    4.00547274e+00    6.24605936e-03   -2.63152396e-02
786      2.62000000e-09    2.06078206e+00    4.00922003e+00    9.46949311e-03   -2.60731400e-02
787      2.62333333e-09    2.05230896e+00    4.00944272e+00    9.07406783e-03   -2.57637888e-02
788      2.62666667e-09    2.05249904e+00    4.00607877e+00    5.23320933e-03   -2.55050592e-02
789      2.63000000e-09    2.06127862e+00    4.00040799e+00   -5.92271115e-04   -2.53951906e-02
790      2.63333333e-09    2.07529357e+00    3.99457095e+00   -6.20280472e-03   -2.54760718e-02
791      2.63666667e-09    2.08919129e+00    3.99078611e+00   -9.46537471e-03   -2.57173412e-02
792      2.64000000e-09    2.09766440e+00    3.99051737e+00   -9.11477583e-03   -2.60272552e-02
793      2.64333333e-09    2.09747646e+00    3.99389042e+00   -5.26248481e-03   -2.62871629e-02
794      2.64666667e-09    2.08869819e+00    3.99961287e+00    6.14884265e-04   -2.63971970e-02
795      2.65000000e-09    2.07468192e+00    4.00547274e+00    6.24605940e-03   -2.63152400e-02
796      2.65333333e-09    2.06078209e+00    4.00922003e+00    9.46949313e-03   -2.60731405e-02
797      2.65666667e-09    2.05230899e+00    4.00944272e+00    9.07406785e-03   -2.57637892e-02
798      2.66000000e-09    2.05249907e+00    4.00607877e+00    5.23320928e-03   -2.55050596e-02
799      2.66333333e-09    2.06127865e+00    4.00040799e+00   -5.92271156e-04   -2.53951910e-02
800      2.66666667e-09    2.07529360e+00    3.99457095e+00   -6.20280481e-03   -2.54760723e-02
801      2.67000000e-09    2.08919132e+00    3.99078611e+00   -9.46537477e-03   -2.57173416e-02
802      2.67333333e-09    2.09766443e+00    3.99051737e+00   -9.11477590e-03   -2.60272556e-02
803      2.67666667e-09    2.09747649e+00    3.99389042e+00   -5.26248482e-03   -2.62871633e-02
804      2.68000000e-09    2.08869822e+00    3.99961287e+00    6.14884263e-04   -2.63971974e-02
805      2.68333333e-09    2.07468195e+00    4.00547274e+00    6.24605945e-03   -2.63152405e-02
806      2.68666667e-09    2.06078211e+00    4.00922003e+00    9.46949314e-03   -2.60731409e-02
807      2.69000000e-09    2.05230902e+00    4.00944272e+00    9.07406787e-03   -2.57637896e-02
808      2.69333333e-09    2.05249909e+00    4.00607877e+00    5.23320924e-03   -2.55050600e-02
809      2.69666667e-09    2.06127867e+00    4.00040799e+00   -5.92271193e-04   -2.53951914e-02
810      2.70000000e-09    2.07529362e+00    3.99457095e+00   -6.20280490e-03   -2.54760727e-02
811      2.70333333e-09    2.08919135e+00    3.99078611e+00   -9.46537482e-03   -2.57173420e-02
812      2.70666667e-09    2.09766446e+00    3.99051737e+00   -9.11477596e-03   -2.60272560e-02
813      2.71000000e-09    2.09747652e+00    3.99389042e+00   -5.26248483e-03   -2.62871637e-02
814      2.71333333e-09    2.08869824e+00    3.99961287e+00    6.14884261e-04   -2.63971978e-02
815      2.71666667e-09    2.07468198e+00    4.00547274e+00    6.24605949e-03   -2.63152408e-02
816      2.72000000e-09    2.06078214e+00    4.00922003e+00    9.46949315e-03   -2.60731412e-02
817      2.72333333e-09    2.05230905e+00    4.00944272e+00    9.07406789e-03   -2.57637900e-02
818      2.72666667e-09    2.05249912e+00    4.00607877e+00    5.23320919e-03   -2.55050604e-02
819      2.73000000e-09    2.06127870e+00    4.00040799e+00   -5.92271226e-04   -2.53951917e-02
820      2.73333333e-09    2.07529365e+00    3.99457095e+00   -6.20280499e-03   -2.54760730e-02
821      2.73666667e-09    2.08919137e+00    3.99078611e+00   -9.46537487e-03   -2.57173424e-02
822      2.74000000e-09    2.09766448e+00    3.99051737e+00   -9.11477602e-03   -2.60272563e-02
823      2.74333333e-09    2.09747654e+00    3.99389042e+00   -5.26248484e-03   -2.62871640e-02
824      2.74666667e-09    2.08869826e+00    3.99961287e+00    6.14884259e-04   -2.63971981e-02
825      2.75000000e-09    2.07468200e+00    4.00547274e+00    6.24605953e-03   -2.63152411e-02
826      2.75333333e-09    2.06078216e+00    4.00922003e+00    9.46949316e-03   -2.60731416e-02
827      2.75666667e-09    2.05230907e+00    4.00944272e+00    9.07406792e-03   -2.57637903e-02
828      2.76000000e-09    2.05249914e+00    4.00607877e+00    5.23320915e-03   -2.55050607e-02
829      2.76333333e-09    2.06127872e+00    4.00040799e+00   -5.92271256e-04   -2.53951920e-02
830      2.76666667e-09    2.07529367e+00    3.99457095e+00   -6.20280507e-03   -2.54760733e-02
831      2.77000000e-09    2.08919139e+00    3.99078611e+00   -9.46537491e-03   -2.57173427e-02
832      2.77333333e-09    2.09766450e+00    3.99051737e+00   -9.11477608e-03   -2.60272566e-02
833      2.77666667e-09    2.09747656e+00    3.99389042e+00   -5.26248484e-03   -2.62871643e-02
834      2.78000000e-09    2.08869828e+00    3.99961287e+00    6.14884257e-04   -2.63971984e-02
835      2.78333333e-09    2.07468202e+00    4.00547274e+00    6.24605957e-03   -2.63152414e-02
836      2.78666667e-09    2.06078218e+00    4.00922003e+00    9.46949317e-03   -2.60731418e-02
837      2.79000000e-09    2.05230909e+00    4.00944272e+00    9.07406794e-03   -2.57637906e-02
838      2.79333333e-09    2.05249916e+00    4.00607877e+00    5.23320911e-03   -2.55050610e-02
839      2.79666667e-09    2.06127874e+00    4.00040799e+00   -5.92271283e-04   -2.53951923e-02
840      2.80000000e-09    2.07529369e+00    3.99457095e+00   -6.20280514e-03   -2.54760736e-02
841      2.80333333e-09    2.08919141e+00    3.99078611e+00   -9.46537495e-03   -2.57173429e-02
842      2.80666667e-09    2.09766452e+00    3.99051737e+00   -9.11477613e-03   -2.60272569e-02
843      2.81000000e-09    2.09747658e+00    3.99389042e+00   -5.26248484e-03   -2.62871646e-02
844      2.81333333e-09    2.08869830e+00    3.99961287e+00    6.14884256e-04   -2.63971987e-02
845      2.81666667e-09    2.07468204e+00    4.00547274e+00    6.24605960e-03   -2.63152417e-02
846      2.82000000e-09    2.06078220e+00    4.00922003e+00    9.46949318e-03   -2.60731421e-02
847      2.82333333e-09    2.05230910e+00    4.00944272e+00    9.07406796e-03   -2.57637908e-02
848      2.82666667e-09    2.05249917e+00    4.00607877e+00    5.23320908e-03   -2.55050612e-02
849      2.83000000e-09    2.06127875e+00    4.00040799e+00   -5.92271307e-04   -2.53951926e-02
850      2.83333333e-09    2.07529370e+00    3.99457095e+00   -6.20280521e-03   -2.54760738e-02
851      2.83666667e-09    2.08919143e+00    3.99078611e+00   -9.46537499e-03   -2.57173431e-02
852      2.84000000e-09    2.09766454e+00    3.99051737e+00   -9.11477618e-03   -2.60272571e-02
853      2.84333333e-09    2.09747660e+00    3.99389042e+00   -5.26248484e-03   -2.62871648e-02
854      2.84666667e-09    2.08869832e+00    3.99961287e+00    6.14884255e-04   -2.63971989e-02
855      2.85000000e-09    2.07468205e+00    4.00547274e+00    6.24605964e-03   -2.63152419e-02
856      2.85333333e-09    2.06078221e+00    4.00922003e+00    9.46949318e-03   -2.60731423e-02
857      2.85666667e-09    2.05230912e+00    4.00944272e+00    9.07406798e-03   -2.57637910e-02
858      2.86000000e-09    2.05249919e+00    4.00607877e+00    5.23320904e-03   -2.55050614e-02
859      2.86333333e-09    2.06127877e+00    4.00040799e+00   -5.92271328e-04   -2.53951928e-02
860      2.86666667e-09    2.07529372e+00    3.99457095e+00   -6.20280528e-03   -2.54760740e-02
861      2.87000000e-09    2.08919144e+00    3.99078611e+00   -9.46537503e-03   -2.57173434e-02
862      2.87333333e-09    2.09766455e+00    3.99051737e+00   -9.11477623e-03   -2.60272573e-02
863      2.87666667e-09    2.09747661e+00    3.99389042e+00   -5.26248484e-03   -2.62871650e-02
864      2.88000000e-09    2.08869833e+00    3.99961287e+00    6.14884254e-04   -2.63971991e-02
865      2.88333333e-09    2.07468207e+00    4.00547274e+00    6.24605968e-03   -2.63152421e-02
866      2.88666667e-09    2.06078223e+00    4.00922003e+00    9.46949319e-03   -2.60731425e-02
867      2.89000000e-09    2.05230913e+00    4.00944272e+00    9.07406800e-03   -2.57637912e-02
868      2.89333333e-09    2.05249920e+00    4.00607877e+00    5.23320901e-03   -2.55050616e-02
869      2.89666667e-09    2.06127878e+00    4.00040799e+00   -5.92271348e-04   -2.53951929e-02
870      2.90000000e-09    2.07529373e+00    3.99457095e+00   -6.20280534e-03   -2.54760742e-02
871      2.90333333e-09    2.08919146e+00    3.99078611e+00   -9.46537506e-03   -2.57173435e-02
872      2.90666667e-09    2.09766457e+00    3.99051737e+00   -9.11477628e-03   -2.60272575e-02
873      2.91000000e-09    2.09747662e+00    3.99389042e+00   -5.26248484e-03   -2.62871652e-02
874      2.91333333e-09    2.08869835e+00    3.99961287e+00    6.14884253e-04   -2.63971993e-02
875      2.91666667e-09    2.07468208e+00    4.00547274e+00    6.24605971e-03   -2.63152423e-02
876      2.92000000e-09    2.06078224e+00    4.00922003e+00    9.46949320e-03   -2.60731427e-02
877      2.92333333e-09    2.05230915e+00    4.00944272e+00    9.07406803e-03   -2.57637914e-02
878      2.92666667e-09    2.05249922e+00    4.00607877e+00    5.23320898e-03   -2.55050618e-02
879      2.93000000e-09    2.06127880e+00    4.00040799e+00   -5.92271365e-04   -2.53951931e-02
880      2.93333333e-09    2.07529374e+00    3.99457095e+00   -6.20280541e-03   -2.54760743e-02
881      2.93666667e-09    2.08919147e+00    3.99078611e+00   -9.46537509e-03   -2.57173437e-02
882      2.94000000e-09    2.09766458e+00    3.99051737e+00   -9.11477632e-03   -2.60272576e-02
883      2.94333333e-09    2.09747664e+00    3.99389042e+00   -5.26248484e-03   -2.62871653e-02
884      2.94666667e-09    2.08869836e+00    3.99961287e+00    6.14884252e-04   -2.63971994e-02
885      2.95000000e-09    2.07468209e+00    4.00547274e+00    6.24605975e-03   -2.63152424e-02
886      2.95333333e-09    2.06078225e+00    4.00922003e+00    9.46949321e-03   -2.60731428e-02
887      2.95666667e-09    2.05230916e+00    4.00944272e+00    9.07406805e-03   -2.57637915e-02
888      2.96000000e-09    2.05249923e+00    4.00607877e+00    5.23320895e-03   -2.55050619e-02
889      2.96333333e-09    2.06127881e+00    4.00040799e+00   -5.92271380e-04   -2.53951932e-02
890      2.96666667e-09    2.07529375e+00    3.99457095e+00   -6.20280546e-03   -2.54760745e-02
891      2.97000000e-09    2.08919148e+00    3.99078611e+00   -9.46537511e-03   -2.57173438e-02
892      2.97333333e-09    2.09766459e+00    3.99051737e+00   -9.11477636e-03   -2.60272578e-02
893      2.97666667e-09    2.09747665e+00    3.99389042e+00   -5.26248484e-03   -2.62871655e-02
894      2.98000000e-09    2.08869837e+00    3.99961287e+00    6.14884251e-04   -2.63971996e-02
895      2.98333333e-09    2.07468210e+00    4.00547274e+00    6.24605978e-03   -2.63152425e-02
896      2.98666667e-09    2.06078226e+00    4.00922003e+00    9.46949321e-03   -2.60731429e-02
897      2.99000000e-09    2.05230917e+00    4.00944272e+00    9.07406807e-03   -2.57637916e-02
898      2.99333333e-09    2.05249924e+00    4.00607877e+00    5.23320892e-03   -2.55050620e-02
899      2.99666667e-09    2.06127882e+00    4.00040799e+00   -5.92271394e-04   -2.53951933e-02
900      3.00000000e-09    2.07529376e+00    3.99457095e+00   -6.20280552e-03   -2.54760746e-02
901      3.00333333e-09    2.08919149e+00    3.99078611e+00   -9.46537514e-03   -2.57173439e-02
902      3.00666667e-09    2.09766460e+00    3.99051737e+00   -9.11477640e-03   -2.60272579e-02
903      3.01000000e-09    2.09747665e+00    3.99389042e+00   -5.26248484e-03   -2.62871656e-02
904      3.01333333e-09    2.08869838e+00    3.99961287e+00    6.14884251e-04   -2.63971997e-02
905      3.01666667e-09    2.07468211e+00    4.00547274e+00    6.24605981e-03   -2.63152426e-02
906      3.02000000e-09    2.06078227e+00    4.00922003e+00    9.46949322e-03   -2.60731430e-02
907      3.02333333e-09    2.05230918e+00    4.00944272e+00    9.07406809e-03   -2.57637917e-02
908      3.02666667e-09    2.05249924e+00    4.00607877e+00    5.23320889e-03   -2.55050621e-02
909      3.03000000e-09    2.06127882e+00    4.00040799e+00   -5.92271406e-04   -2.53951934e-02
910      3.03333333e-09    2.07529377e+00    3.99457095e+00   -6.20280557e-03   -2.54760747e-02
911      3.03666667e-09    2.08919150e+00    3.99078611e+00   -9.46537516e-03   -2.57173440e-02
912      3.04000000e-09    2.09766460e+00    3.99051737e+00   -9.11477644e-03   -2.60272580e-02
913      3.04333333e-09    2.09747666e+00    3.99389042e+00   -5.26248483e-03   -2.62871657e-02
914      3.04666667e-09    2.08869838e+00    3.99961287e+00    6.14884250e-04   -2.63971997e-02
915      3.05000000e-09    2.07468212e+00    4.00547275e+00    6.24605984e-03   -2.63152427e-02
916      3.05333333e-09    2.06078228e+00    4.00922003e+00    9.46949323e-03   -2.60731431e-02
917      3.05666667e-09    2.05230918e+00    4.00944272e+00    9.07406811e-03   -2.57637918e-02
918      3.06000000e-09    2.05249925e+00    4.00607877e+00    5.23320887e-03   -2.55050622e-02
919      3.06333333e-09    2.06127883e+00    4.00040799e+00   -5.92271417e-04   -2.53951935e-02
920      3.06666667e-09    2.07529378e+00    3.99457095e+00   -6.20280562e-03   -2.54760748e-02
921      3.07000000e-09    2.08919150e+00    3.99078611e+00   -9.46537518e-03   -2.57173441e-02
922      3.07333333e-09    2.09766461e+00    3.99051737e+00   -9.11477647e-03   -2.60272581e-02
923      3.07666667e-09    2.09747667e+00    3.99389042e+00   -5.26248483e-03   -2.62871657e-02
924      3.08000000e-09    2.08869839e+00    3.99961287e+00    6.14884250e-04   -2.63971998e-02
925      3.08333333e-09    2.07468212e+00    4.00547275e+00    6.24605987e-03   -2.63152428e-02
926      3.08666667e-09    2.06078228e+00    4.00922003e+00    9.46949323e-03   -2.60731432e-02
927      3.09000000e-09    2.05230919e+00    4.00944272e+00    9.07406813e-03   -2.57637919e-02
928      3.09333333e-09    2.05249926e+00    4.00607877e+00    5.23320884e-03   -2.55050623e-02
929      3.09666667e-09    2.06127884e+00    4.00040799e+00   -5.92271426e-04   -2.53951936e-02
930      3.10000000e-09    2.07529378e+00    3.99457095e+00   -6.20280567e-03   -2.54760748e-02
931      3.10333333e-09    2.08919151e+00    3.99078611e+00   -9.46537520e-03   -2.57173442e-02
932      3.10666667e-09    2.09766462e+00    3.99051737e+00   -9.11477651e-03   -2.60272581e-02
933      3.11000000e-09    2.09747668e+00    3.99389042e+00   -5.26248482e-03   -2.62871658e-02
934      3.11333333e-09    2.08869840e+00    3.99961287e+00    6.14884250e-04   -2.63971999e-02
935      3.11666667e-09    2.07468213e+00    4.00547275e+00    6.24605990e-03   -2.63152429e-02
936      3.12000000e-09    2.06078229e+00    4.00922003e+00    9.46949324e-03   -2.60731432e-02
937      3.12333333e-09    2.05230920e+00    4.00944272e+00    9.07406816e-03   -2.57637919e-02
938      3.12666667e-09    2.05249926e+00    4.00607877e+00    5.23320882e-03   -2.55050623e-02
939      3.13000000e-09    2.06127884e+00    4.00040799e+00   -5.92271434e-04   -2.53951936e-02
940      3.13333333e-09    2.07529379e+00    3.99457095e+00   -6.20280572e-03   -2.54760749e-02
941      3.13666667e-09    2.08919151e+00    3.99078611e+00   -9.46537522e-03   -2.57173442e-02
942      3.14000000e-09    2.09766462e+00    3.99051737e+00   -9.11477654e-03   -2.60272582e-02
943      3.14333333e-09    2.09747668e+00    3.99389042e+00   -5.26248482e-03   -2.62871658e-02
944      3.14666667e-09    2.08869840e+00    3.99961287e+00    6.14884250e-04   -2.63971999e-02
945      3.15000000e-09    2.07468213e+00    4.00547275e+00    6.24605993e-03   -2.63152429e-02
946      3.15333333e-09    2.06078229e+00    4.00922003e+00    9.46949325e-03   -2.60731433e-02
947      3.15666667e-09    2.05230920e+00    4.00944272e+00    9.07406818e-03   -2.57637920e-02
948      3.16000000e-09    2.05249927e+00    4.00607877e+00    5.23320880e-03   -2.55050623e-02
949      3.16333333e-09    2.06127885e+00    4.00040799e+00   -5.92271442e-04   -2.53951937e-02
950      3.16666667e-09    2.07529379e+00    3.99457095e+00   -6.20280576e-03   -2.54760749e-02
951      3.17000000e-09    2.08919152e+00    3.99078611e+00   -9.46537524e-03   -2.57173442e-02
952      3.17333333e-09    2.09766463e+00    3.99051737e+00   -9.11477657e-03   -2.60272582e-02
953      3.17666667e-09    2.09747669e+00    3.99389042e+00   -5.26248481e-03   -2.62871659e-02
954      3.18000000e-09    2.08869841e+00    3.99961287e+00    6.14884250e-04   -2.63972000e-02
955      3.18333333e-09    2.07468214e+00    4.00547275e+00    6.24605996e-03   -2.63152429e-02
956      3.18666667e-09    2.06078230e+00    4.00922003e+00    9.46949325e-03   -2.60731433e-02
957      3.19000000e-09    2.05230921e+00    4.00944272e+00    9.07406820e-03   -2.57637920e-02
958      3.19333333e-09    2.05249927e+00    4.00607877e+00    5.23320877e-03   -2.55050624e-02
959      3.19666667e-09    2.06127885e+00    4.00040799e+00   -5.92271448e-04   -2.53951937e-02
960      3.20000000e-09    2.07529380e+00    3.99457095e+00   -6.20280581e-03   -2.54760749e-02
961      3.20333333e-09    2.08919152e+00    3.99078611e+00   -9.46537525e-03   -2.57173443e-02
962      3.20666667e-09    2.09766463e+00    3.99051737e+00   -9.11477660e-03   -2.60272582e-02
963      3.21000000e-09    2.09747669e+00    3.99389042e+00   -5.26248481e-03   -2.62871659e-02
964      3.21333333e-09    2.08869841e+00    3.99961287e+00    6.14884251e-04   -2.63972000e-02
965      3.21666667e-09    2.07468214e+00    4.00547275e+00    6.24605999e-03   -2.63152430e-02
966      3.22000000e-09    2.06078230e+00    4.00922003e+00    9.46949326e-03   -2.60731433e-02
967      3.22333333e-09    2.05230921e+00    4.00944272e+00    9.07406822e-03   -2.57637920e-02
968      3.22666667e-09    2.05249928e+00    4.00607877e+00    5.23320875e-03   -2.55050624e-02
969      3.23000000e-09    2.06127886e+00    4.00040799e+00   -5.92271454e-04   -2.53951937e-02
970      3.23333333e-09    2.07529380e+00    3.99457095e+00   -6.20280585e-03   -2.54760749e-02
971      3.23666667e-09    2.08919153e+00    3.99078611e+00   -9.46537527e-03   -2.57173443e-02
972      3.24000000e-09    2.09766463e+00    3.99051737e+00   -9.11477663e-03   -2.60272582e-02
973      3.24333333e-09    2.09747669e+00    3.99389042e+00   -5.26248480e-03   -2.62871659e-02
974      3.24666667e-09    2.08869841e+00    3.99961287e+00    6.14884251e-04   -2.63972000e-02
975      3.25000000e-09    2.07468215e+00    4.00547275e+00    6.24606002e-03   -2.63152430e-02
976      3.25333333e-09    2.06078231e+00    4.00922003e+00    9.46949326e-03   -2.60731433e-02
977      3.25666667e-09    2.05230921e+00    4.00944272e+00    9.07406824e-03   -2.57637920e-02
978      3.26000000e-09    2.05249928e+00    4.00607877e+00    5.23320873e-03   -2.55050624e-02
979      3.26333333e-09    2.06127886e+00    4.00040799e+00   -5.92271459e-04   -2.53951937e-02
980      3.26666667e-09    2.07529380e+00    3.99457095e+00   -6.20280589e-03   -2.54760750e-02
981      3.27000000e-09    2.08919153e+00    3.99078611e+00   -9.46537528e-03   -2.57173443e-02
982      3.27333333e-09    2.09766464e+00    3.99051737e+00   -9.11477666e-03   -2.60272582e-02
983      3.27666667e-09    2.09747669e+00    3.99389042e+00   -5.26248480e-03   -2.62871659e-02
984      3.28000000e-09    2.08869842e+00    3.99961287e+00    6.14884252e-04   -2.63972000e-02
985      3.28333333e-09    2.07468215e+00    4.00547275e+00    6.24606005e-03   -2.63152430e-02
986      3.28666667e-09    2.06078231e+00    4.00922003e+00    9.46949327e-03   -2.60731433e-02
987      3.29000000e-09    2.05230921e+00    4.00944272e+00    9.07406826e-03   -2.57637920e-02
988      3.29333333e-09    2.05249928e+00    4.00607877e+00    5.23320871e-03   -2.55050624e-02
989      3.29666667e-09    2.06127886e+00    4.00040799e+00   -5.92271464e-04   -2.53951937e-02
990      3.30000000e-09    2.07529381e+00    3.99457095e+00   -6.20280593e-03   -2.54760749e-02
991      3.30333333e-09    2.08919153e+00    3.99078611e+00   -9.46537529e-03   -2.57173443e-02
992      3.30666667e-09    2.09766464e+00    3.99051737e+00   -9.11477668e-03   -2.60272582e-02
993      3.31000000e-09    2.09747670e+00    3.99389042e+00   -5.26248479e-03   -2.62871659e-02
994      3.31333333e-09    2.08869842e+00    3.99961287e+00    6.14884252e-04   -2.63972000e-02
995      3.31666667e-09    2.07468215e+00    4.00547275e+00    6.24606007e-03   -2.63152430e-02
996      3.32000000e-09    2.06078231e+00    4.00922003e+00    9.46949328e-03   -2.60731433e-02
997      3.32333333e-09    2.05230922e+00    4.00944272e+00    9.07406828e-03   -2.57637920e-02
998      3.32666667e-09    2.05249928e+00    4.00607877e+00    5.23320870e-03   -2.55050624e-02
999      3.33000000e-09    2.06127886e+00    4.00040799e+00   -5.92271468e-04   -2.53951937e-02
1000     3.33333333e-09    2.07529381e+00    3.99457095e+00   -6.20280597e-03   -2.54760749e-02
1001     3.33666667e-09    2.08919153e+00    3.99078611e+00   -9.46537531e-03   -2.57173443e-02
1002     3.34000000e-09    2.09766464e+00    3.99051737e+00   -9.11477671e-03   -2.60272582e-02
1003     3.34333333e-09    2.09747670e+00    3.99389042e+00   -5.26248478e-03   -2.62871659e-02
1004     3.34666667e-09    2.08869842e+00    3.99961287e+00    6.14884253e-04   -2.63972000e-02
1005     3.35000000e-09    2.07468215e+00    4.00547275e+00    6.24606010e-03   -2.63152429e-02
1006     3.35333333e-09    2.06078231e+00    4.00922003e+00    9.46949328e-03   -2.60731433e-02
1007     3.35666667e-09    2.05230922e+00    4.00944272e+00    9.07406830e-03   -2.57637920e-02
1008     3.36000000e-09    2.05249929e+00    4.00607877e+00    5.23320868e-03   -2.55050624e-02
1009     3.36333333e-09    2.06127886e+00    4.00040799e+00   -5.92271471e-04   -2.53951937e-02
1010     3.36666667e-09    2.07529381e+00    3.99457095e+00   -6.20280601e-03   -2.54760749e-02
1011     3.37000000e-09    2.08919153e+00    3.99078611e+00   -9.46537532e-03   -2.57173443e-02
1012     3.37333333e-09    2.09766464e+00    3.99051737e+00   -9.11477674e-03   -2.60272582e-02
1013     3.37666667e-09    2.09747670e+00    3.99389042e+00   -5.26248477e-03   -2.62871659e-02
1014     3.38000000e-09    2.08869842e+00    3.99961287e+00    6.14884254e-04   -2.63972000e-02
1015     3.38333333e-09    2.07468215e+00    4.00547275e+00    6.24606013e-03   -2.63152429e-02
1016     3.38666667e-09    2.06078231e+00    4.00922003e+00    9.46949329e-03   -2.60731433e-02
1017     3.39000000e-09    2.05230922e+00    4.00944272e+00    9.07406832e-03   -2.57637920e-02
1018     3.39333333e-09    2.05249929e+00    4.00607877e+00    5.23320866e-03   -2.55050623e-02
1019     3.39666667e-09    2.06127886e+00    4.00040799e+00   -5.92271474e-04   -2.53951937e-02
1020     3.40000000e-09    2.07529381e+00    3.99457095e+00   -6.20280604e-03   -2.54760749e-02
1021     3.40333333e-09    2.08919153e+00    3.99078611e+00   -9.46537533e-03   -2.57173442e-02
1022     3.40666667e-09    2.09766464e+00    3.99051737e+00   -9.11477676e-03   -2.60272582e-02
1023     3.41000000e-09    2.09747670e+00    3.99389042e+00   -5.26248477e-03   -2.62871659e-02
1024     3.41333333e-09    2.08869842e+00    3.99961287e+00    6.14884255e-04   -2.63971999e-02
1025     3.41666667e-09    2.07468215e+00    4.00547275e+00    6.24606015e-03   -2.63152429e-02
1026     3.42000000e-09    2.06078231e+00    4.00922003e+00    9.46949329e-03   -2.60731433e-02
1027     3.42333333e-09    2.05230922e+00    4.00944272e+00    9.07406834e-03   -2.57637920e-02
1028     3.42666667e-09    2.05249929e+00    4.00607877e+00    5.23320864e-03   -2.55050623e-02
1029     3.43000000e-09    2.06127887e+00    4.00040799e+00   -5.92271477e-04   -2.53951936e-02
1030     3.43333333e-09    2.07529381e+00    3.99457095e+00   -6.20280608e-03   -2.54760749e-02
1031     3.43666667e-09    2.08919154e+00    3.99078611e+00   -9.46537534e-03   -2.57173442e-02
1032     3.44000000e-09    2.09766464e+00    3.99051737e+00   -9.11477678e-03   -2.60272582e-02
1033     3.44333333e-09    2.09747670e+00    3.99389042e+00   -5.26248476e-03   -2.62871658e-02
1034     3.44666667e-09    2.08869842e+00    3.99961287e+00    6.14884256e-04   -2.63971999e-02
1035     3.45000000e-09    2.07468215e+00    4.00547275e+00    6.24606018e-03   -2.63152429e-02
1036     3.45333333e-09    2.06078231e+00    4.00922003e+00    9.46949330e-03   -2.60731432e-02
1037     3.45666667e-09    2.05230922e+00    4.00944272e+00    9.07406836e-03   -2.57637919e-02
1038     3.46000000e-09    2.05249929e+00    4.00607877e+00    5.23320863e-03   -2.55050623e-02
1039     3.46333333e-09    2.06127887e+00    4.00040799e+00   -5.92271479e-04   -2.53951936e-02
1040     3.46666667e-09    2.07529381e+00    3.99457095e+00   -6.20280611e-03   -2.54760748e-02
1041     3.47000000e-09    2.08919154e+00    3.99078611e+00   -9.46537535e-03   -2.57173442e-02
1042     3.47333333e-09    2.09766464e+00    3.99051737e+00   -9.11477681e-03   -2.60272581e-02
1043     3.47666667e-09    2.09747670e+00    3.99389042e+00   -5.26248475e-03   -2.62871658e-02
1044     3.48000000e-09    2.08869842e+00    3.99961287e+00    6.14884257e-04   -2.63971999e-02
1045     3.48333333e-09    2.07468215e+00    4.00547275e+00    6.24606021e-03   -2.63152428e-02
1046     3.48666667e-09    2.06078231e+00    4.00922003e+00    9.46949330e-03   -2.60731432e-02
1047     3.49000000e-09    2.05230922e+00    4.00944272e+00    9.07406838e-03   -2.57637919e-02
1048     3.49333333e-09    2.05249929e+00    4.00607877e+00    5.23320861e-03   -2.55050622e-02
1049     3.49666667e-09    2.06127887e+00    4.00040799e+00   -5.92271481e-04   -2.53951936e-02
1050     3.50000000e-09    2.07529381e+00    3.99457095e+00   -6.20280614e-03   -2.54760748e-02
1051     3.50333333e-09    2.08919154e+00    3.99078611e+00   -9.46537536e-03   -2.57173441e-02
1052     3.50666667e-09    2.09766464e+00    3.99051737e+00   -9.11477683e-03   -2.60272581e-02
1053     3.51000000e-09    2.09747670e+00    3.99389042e+00   -5.26248475e-03   -2.62871657e-02
1054     3.51333333e-09    2.08869842e+00    3.99961287e+00    6.14884259e-04   -2.63971998e-02
1055     3.51666667e-09    2.07468215e+00    4.00547275e+00    6.24606023e-03   -2.63152428e-02
1056     3.52000000e-09    2.06078231e+00    4.00922003e+00    9.46949331e-03   -2.60731431e-02
1057     3.52333333e-09    2.05230922e+00    4.00944272e+00    9.07406840e-03   -2.57637918e-02
1058     3.52666667e-09    2.05249929e+00    4.00607877e+00    5.23320860e-03   -2.55050622e-02
1059     3.53000000e-09    2.06127887e+00    4.00040799e+00   -5.92271483e-04   -2.53951935e-02
1060     3.53333333e-09    2.07529381e+00    3.99457095e+00   -6.20280618e-03   -2.54760747e-02
1061     3.53666667e-09    2.08919154e+00    3.99078611e+00   -9.46537537e-03   -2.57173441e-02
1062     3.54000000e-09    2.09766464e+00    3.99051737e+00   -9.11477685e-03   -2.60272580e-02
1063     3.54333333e-09    2.09747670e+00    3.99389042e+00   -5.26248474e-03   -2.62871657e-02
1064     3.54666667e-09    2.08869842e+00    3.99961287e+00    6.14884260e-04   -2.63971998e-02
1065     3.55000000e-09    2.07468215e+00    4.00547275e+00    6.24606025e-03   -2.63152427e-02
1066     3.55333333e-09    2.06078231e+00    4.00922003e+00    9.46949331e-03   -2.60731431e-02
1067     3.55666667e-09    2.05230922e+00    4.00944272e+00    9.07406842e-03   -2.57637918e-02
1068     3.56000000e-09    2.05249929e+00    4.00607877e+00    5.23320858e-03   -2.55050621e-02
1069     3.56333333e-09    2.06127886e+00    4.00040799e+00   -5.92271484e-04   -2.53951935e-02
1070     3.56666667e-09    2.07529381e+00    3.99457095e+00   -6.20280621e-03   -2.54760747e-02
1071     3.57000000e-09    2.08919153e+00    3.99078611e+00   -9.46537538e-03   -2.57173440e-02
1072     3.57333333e-09    2.09766464e+00    3.99051737e+00   -9.11477687e-03   -2.60272580e-02
1073     3.57666667e-09    2.09747670e+00    3.99389042e+00   -5.26248473e-03   -2.62871657e-02
1074     3.58000000e-09    2.08869842e+00    3.99961287e+00    6.14884262e-04   -2.63971997e-02
1075     3.58333333e-09    2.07468215e+00    4.00547275e+00    6.24606028e-03   -2.63152427e-02
1076     3.58666667e-09    2.06078231e+00    4.00922003e+00    9.46949332e-03   -2.60731431e-02
1077     3.59000000e-09    2.05230922e+00    4.00944272e+00    9.07406844e-03   -2.57637917e-02
1078     3.59333333e-09    2.05249929e+00    4.00607877e+00    5.23320857e-03   -2.55050621e-02
1079     3.59666667e-09    2.06127886e+00    4.00040799e+00   -5.92271485e-04   -2.53951934e-02
1080     3.60000000e-09    2.07529381e+00    3.99457095e+00   -6.20280624e-03   -2.54760746e-02
1081     3.60333333e-09    2.08919153e+00    3.99078611e+00   -9.46537538e-03   -2.57173440e-02
1082     3.60666667e-09    2.09766464e+00    3.99051737e+00   -9.11477689e-03   -2.60272579e-02
1083     3.61000000e-09    2.09747670e+00    3.99389042e+00   -5.26248472e-03   -2.62871656e-02
1084     3.61333333e-09    2.08869842e+00    3.99961287e+00    6.14884263e-04   -2.63971997e-02
1085     3.61666667e-09    2.07468215e+00    4.00547275e+00    6.24606030e-03   -2.63152426e-02
1086     3.62000000e-09    2.06078231e+00    4.00922003e+00    9.46949333e-03   -2.60731430e-02
1087     3.62333333e-09    2.05230922e+00    4.00944272e+00    9.07406846e-03   -2.57637917e-02
1088     3.62666667e-09    2.05249928e+00    4.00607877e+00    5.23320855e-03   -2.55050620e-02
1089     3.63000000e-09    2.06127886e+00    4.00040799e+00   -5.92271486e-04   -2.53951934e-02
1090     3.63333333e-09    2.07529381e+00    3.99457095e+00   -6.20280627e-03   -2.54760746e-02
1091     3.63666667e-09    2.08919153e+00    3.99078611e+00   -9.46537539e-03   -2.57173439e-02
1092     3.64000000e-09    2.09766464e+00    3.99051737e+00   -9.11477691e-03   -2.60272579e-02
1093     3.64333333e-09    2.09747670e+00    3.99389042e+00   -5.26248472e-03   -2.62871656e-02
1094     3.64666667e-09    2.08869842e+00    3.99961287e+00    6.14884265e-04   -2.63971996e-02
1095     3.65000000e-09    2.07468215e+00    4.00547275e+00    6.24606033e-03   -2.63152426e-02
1096     3.65333333e-09    2.06078231e+00    4.00922003e+00    9.46949333e-03   -2.60731429e-02
1097     3.65666667e-09    2.05230922e+00    4.00944272e+00    9.07406848e-03   -2.57637916e-02
1098     3.66000000e-09    2.05249928e+00    4.00607877e+00    5.23320854e-03   -2.55050620e-02
1099     3.66333333e-09    2.06127886e+00    4.00040799e+00   -5.92271487e-04   -2.53951933e-02
1100     3.66666667e-09    2.07529381e+00    3.99457095e+00   -6.20280630e-03   -2.54760745e-02
1101     3.67000000e-09    2.08919153e+00    3.99078611e+00   -9.46537540e-03   -2.57173439e-02
1102     3.67333333e-09    2.09766464e+00    3.99051737e+00   -9.11477693e-03   -2.60272578e-02
1103     3.67666667e-09    2.09747670e+00    3.99389042e+00   -5.26248471e-03   -2.62871655e-02
1104     3.68000000e-09    2.08869842e+00    3.99961287e+00    6.14884267e-04   -2.63971996e-02
1105     3.68333333e-09    2.07468215e+00    4.00547275e+00    6.24606035e-03   -2.63152425e-02
1106     3.68666667e-09    2.06078231e+00    4.00922003e+00    9.46949334e-03   -2.60731429e-02
1107     3.69000000e-09    2.05230921e+00    4.00944272e+00    9.07406850e-03   -2.57637916e-02
1108     3.69333333e-09    2.05249928e+00    4.00607877e+00    5.23320853e-03   -2.55050619e-02
1109     3.69666667e-09    2.06127886e+00    4.00040799e+00   -5.92271488e-04   -2.53951932e-02
1110     3.70000000e-09    2.07529381e+00    3.99457095e+00   -6.20280633e-03   -2.54760745e-02
1111     3.70333333e-09    2.08919153e+00    3.99078611e+00   -9.46537541e-03   -2.57173438e-02
1112     3.70666667e-09    2.09766464e+00    3.99051737e+00   -9.11477695e-03   -2.60272578e-02
1113     3.71000000e-09    2.09747670e+00    3.99389042e+00   -5.26248470e-03   -2.62871654e-02
1114     3.71333333e-09    2.08869842e+00    3.99961287e+00    6.14884269e-04   -2.63971995e-02
1115     3.71666667e-09    2.07468215e+00    4.00547275e+00    6.24606037e-03   -2.63152425e-02
1116     3.72000000e-09    2.06078231e+00    4.00922003e+00    9.46949334e-03   -2.60731428e-02
1117     3.72333333e-09    2.05230921e+00    4.00944272e+00    9.07406852e-03   -2.57637915e-02
1118     3.72666667e-09    2.05249928e+00    4.00607877e+00    5.23320851e-03   -2.55050619e-02
1119     3.73000000e-09    2.06127886e+00    4.00040799e+00   -5.92271489e-04   -2.53951932e-02
1120     3.73333333e-09    2.07529381e+00    3.99457095e+00   -6.20280636e-03   -2.54760744e-02
1121     3.73666667e-09    2.08919153e+00    3.99078611e+00   -9.46537542e-03   -2.57173438e-02
1122     3.74000000e-09    2.09766464e+00    3.99051737e+00   -9.11477697e-03   -2.60272577e-02
1123     3.74333333e-09    2.09747669e+00    3.99389042e+00   -5.26248469e-03   -2.62871654e-02
1124     3.74666667e-09    2.08869841e+00    3.99961287e+00    6.14884271e-04   -2.63971995e-02
1125     3.75000000e-09    2.07468215e+00    4.00547275e+00    6.24606040e-03   -2.63152424e-02
1126     3.75333333e-09    2.06078231e+00    4.00922003e+00    9.46949335e-03   -2.60731428e-02
1127     3.75666667e-09    2.05230921e+00    4.00944272e+00    9.07406854e-03   -2.57637915e-02
1128     3.76000000e-09    2.05249928e+00    4.00607877e+00    5.23320850e-03   -2.55050618e-02
1129     3.76333333e-09    2.06127886e+00    4.00040799e+00   -5.92271490e-04   -2.53951931e-02
1130     3.76666667e-09    2.07529380e+00    3.99457095e+00   -6.20280639e-03   -2.54760744e-02
1131     3.77000000e-09    2.08919153e+00    3.99078611e+00   -9.46537542e-03   -2.57173437e-02
1132     3.77333333e-09    2.09766464e+00    3.99051737e+00   -9.11477699e-03   -2.60272577e-02
1133     3.77666667e-09    2.09747669e+00    3.99389042e+00   -5.26248469e-03   -2.62871653e-02
1134     3.78000000e-09    2.08869841e+00    3.99961287e+00    6.14884273e-04   -2.63971994e-02
1135     3.78333333e-09    2.07468214e+00    4.00547275e+00    6.24606042e-03   -2.63152423e-02
1136     3.78666667e-09    2.06078230e+00    4.00922003e+00    9.46949335e-03   -2.60731427e-02
1137     3.79000000e-09    2.05230921e+00    4.00944272e+00    9.07406856e-03   -2.57637914e-02
1138     3.79333333e-09    2.05249928e+00    4.00607877e+00    5.23320849e-03   -2.55050617e-02
1139     3.79666667e-09    2.06127886e+00    4.00040799e+00   -5.92271490e-04   -2.53951930e-02
1140     3.80000000e-09    2.07529380e+00    3.99457095e+00   -6.20280641e-03   -2.54760743e-02
1141     3.80333333e-09    2.08919153e+00    3.99078611e+00   -9.46537543e-03   -2.57173436e-02
1142     3.80666667e-09    2.09766463e+00    3.99051737e+00   -9.11477701e-03   -2.60272576e-02
1143     3.81000000e-09    2.09747669e+00    3.99389042e+00   -5.26248468e-03   -2.62871652e-02
1144     3.81333333e-09    2.08869841e+00    3.99961287e+00    6.14884275e-04   -2.63971993e-02
1145     3.81666667e-09    2.07468214e+00    4.00547275e+00    6.24606044e-03   -2.63152423e-02
1146     3.82000000e-09    2.06078230e+00    4.00922003e+00    9.46949336e-03   -2.60731426e-02
1147     3.82333333e-09    2.05230921e+00    4.00944272e+00    9.07406857e-03   -2.57637913e-02
1148     3.82666667e-09    2.05249928e+00    4.00607877e+00    5.23320847e-03   -2.55050617e-02
1149     3.83000000e-09    2.06127885e+00    4.00040799e+00   -5.92271491e-04   -2.53951930e-02
1150     3.83333333e-09    2.07529380e+00    3.99457095e+00   -6.20280644e-03   -2.54760742e-02
1151     3.83666667e-09    2.08919152e+00    3.99078611e+00   -9.46537544e-03   -2.57173436e-02
1152     3.84000000e-09    2.09766463e+00    3.99051737e+00   -9.11477702e-03   -2.60272575e-02
1153     3.84333333e-09    2.09747669e+00    3.99389042e+00   -5.26248467e-03   -2.62871652e-02
1154     3.84666667e-09    2.08869841e+00    3.99961287e+00    6.14884277e-04   -2.63971993e-02
1155     3.85000000e-09    2.07468214e+00    4.00547275e+00    6.24606046e-03   -2.63152422e-02
1156     3.85333333e-09    2.06078230e+00    4.00922003e+00    9.46949337e-03   -2.60731426e-02
1157     3.85666667e-09    2.05230921e+00    4.00944272e+00    9.07406859e-03   -2.57637913e-02
1158     3.86000000e-09    2.05249927e+00    4.00607877e+00    5.23320846e-03   -2.55050616e-02
1159     3.86333333e-09    2.06127885e+00    4.00040799e+00   -5.92271492e-04   -2.53951929e-02
1160     3.86666667e-09    2.07529380e+00    3.99457095e+00   -6.20280647e-03   -2.54760742e-02
1161     3.87000000e-09    2.08919152e+00    3.99078611e+00   -9.46537545e-03   -2.57173435e-02
1162     3.87333333e-09    2.09766463e+00    3.99051737e+00   -9.11477704e-03   -2.60272575e-02
1163     3.87666667e-09    2.09747669e+00    3.99389042e+00   -5.26248466e-03   -2.62871651e-02
1164     3.88000000e-09    2.08869841e+00    3.99961287e+00    6.14884280e-04   -2.63971992e-02
1165     3.88333333e-09    2.07468214e+00    4.00547275e+00    6.24606049e-03   -2.63152421e-02
1166     3.88666667e-09    2.06078230e+00    4.00922003e+00    9.46949337e-03   -2.60731425e-02
1167     3.89000000e-09    2.05230920e+00    4.00944272e+00    9.07406861e-03   -2.57637912e-02
1168     3.89333333e-09    2.05249927e+00    4.00607877e+00    5.23320845e-03   -2.55050615e-02
1169     3.89666667e-09    2.06127885e+00    4.00040799e+00   -5.92271492e-04   -2.53951928e-02
1170     3.90000000e-09    2.07529380e+00    3.99457095e+00   -6.20280650e-03   -2.54760741e-02
1171     3.90333333e-09    2.08919152e+00    3.99078611e+00   -9.46537545e-03   -2.57173434e-02
1172     3.90666667e-09    2.09766463e+00    3.99051737e+00   -9.11477706e-03   -2.60272574e-02
1173     3.91000000e-09    2.09747669e+00    3.99389042e+00   -5.26248466e-03   -2.62871650e-02
1174     3.91333333e-09    2.08869841e+00    3.99961287e+00    6.14884282e-04   -2.63971991e-02
1175     3.91666667e-09    2.07468214e+00    4.00547275e+00    6.24606051e-03   -2.63152421e-02
1176     3.92000000e-09    2.06078230e+00    4.00922003e+00    9.46949338e-03   -2.60731424e-02
1177     3.92333333e-09    2.05230920e+00    4.00944272e+00    9.07406863e-03   -2.57637911e-02
1178     3.92666667e-09    2.05249927e+00    4.00607877e+00    5.23320844e-03   -2.55050615e-02
1179     3.93000000e-09    2.06127885e+00    4.00040799e+00   -5.92271493e-04   -2.53951928e-02
1180     3.93333333e-09    2.07529379e+00    3.99457095e+00   -6.20280652e-03   -2.54760740e-02
1181     3.93666667e-09    2.08919152e+00    3.99078611e+00   -9.46537546e-03   -2.57173434e-02
1182     3.94000000e-09    2.09766463e+00    3.99051737e+00   -9.11477708e-03   -2.60272573e-02
1183     3.94333333e-09    2.09747668e+00    3.99389042e+00   -5.26248465e-03   -2.62871650e-02
1184     3.94666667e-09    2.08869840e+00    3.99961287e+00    6.14884284e-04   -2.63971991e-02
1185     3.95000000e-09    2.07468214e+00    4.00547275e+00    6.24606053e-03   -2.63152420e-02
1186     3.95333333e-09    2.06078229e+00    4.00922003e+00    9.46949338e-03   -2.60731424e-02
1187     3.95666667e-09    2.05230920e+00    4.00944272e+00    9.07406864e-03   -2.57637910e-02
1188     3.96000000e-09    2.05249927e+00    4.00607877e+00    5.23320843e-03   -2.55050614e-02
1189     3.96333333e-09    2.06127885e+00    4.00040799e+00   -5.92271493e-04   -2.53951927e-02
1190     3.96666667e-09    2.07529379e+00    3.99457095e+00   -6.20280655e-03   -2.54760739e-02
1191     3.97000000e-09    2.08919152e+00    3.99078611e+00   -9.46537547e-03   -2.57173433e-02
1192     3.97333333e-09    2.09766462e+00    3.99051737e+00   -9.11477709e-03   -2.60272572e-02
1193     3.97666667e-09    2.09747668e+00    3.99389042e+00   -5.26248464e-03   -2.62871649e-02
1194     3.98000000e-09    2.08869840e+00    3.99961287e+00    6.14884287e-04   -2.63971990e-02
1195     3.98333333e-09    2.07468213e+00    4.00547275e+00    6.24606055e-03   -2.63152419e-02
1196     3.98666667e-09    2.06078229e+00    4.00922003e+00    9.46949339e-03   -2.60731423e-02
1197     3.99000000e-09    2.05230920e+00    4.00944272e+00    9.07406866e-03   -2.57637910e-02
1198     3.99333333e-09    2.05249927e+00    4.00607877e+00    5.23320842e-03   -2.55050613e-02
1199     3.99666667e-09    2.06127884e+00    4.00040799e+00   -5.92271494e-04   -2.53951926e-02
1200     4.00000000e-09    2.07529379e+00    3.99457095e+00   -6.20280657e-03   -2.54760739e-02
1201     4.00333333e-09    2.08919151e+00    3.99078611e+00   -9.46537547e-03   -2.57173432e-02
1202     4.00666667e-09    2.09766462e+00    3.99051737e+00   -9.11477711e-03   -2.60272572e-02
1203     4.01000000e-09    2.09747668e+00    3.99389042e+00   -5.26248463e-03   -2.62871648e-02
1204     4.01333333e-09    2.08869840e+00    3.99961287e+00    6.14884290e-04   -2.63971989e-02
1205     4.01666667e-09    2.07468213e+00    4.00547275e+00    6.24606057e-03   -2.63152419e-02
1206     4.02000000e-09    2.06078229e+00    4.00922003e+00    9.46949340e-03   -2.60731422e-02
1207     4.02333333e-09    2.05230920e+00    4.00944272e+00    9.07406868e-03   -2.57637909e-02
1208     4.02666667e-09    2.05249926e+00    4.00607877e+00    5.23320841e-03   -2.55050612e-02
1209     4.03000000e-09    2.06127884e+00    4.00040799e+00   -5.92271495e-04   -2.53951926e-02
1210     4.03333333e-09    2.07529379e+00    3.99457095e+00   -6.20280660e-03   -2.54760738e-02
1211     4.03666667e-09    2.08919151e+00    3.99078611e+00   -9.46537548e-03   -2.57173431e-02
1212     4.04000000e-09    2.09766462e+00    3.99051737e+00   -9.11477712e-03   -2.60272571e-02
1213     4.04333333e-09    2.09747668e+00    3.99389042e+00   -5.26248463e-03   -2.62871648e-02
1214     4.04666667e-09    2.08869840e+00    3.99961287e+00    6.14884292e-04   -2.63971988e-02
1215     4.05000000e-09    2.07468213e+00    4.00547275e+00    6.24606059e-03   -2.63152418e-02
1216     4.05333333e-09    2.06078229e+00    4.00922003e+00    9.46949340e-03   -2.60731421e-02
1217     4.05666667e-09    2.05230919e+00    4.00944272e+00    9.07406869e-03   -2.57637908e-02
1218     4.06000000e-09    2.05249926e+00    4.00607877e+00    5.23320840e-03   -2.55050612e-02
1219     4.06333333e-09    2.06127884e+00    4.00040799e+00   -5.92271495e-04   -2.53951925e-02
1220     4.06666667e-09    2.07529379e+00    3.99457095e+00   -6.20280662e-03   -2.54760737e-02
1221     4.07000000e-09    2.08919151e+00    3.99078611e+00   -9.46537549e-03   -2.57173431e-02
1222     4.07333333e-09    2.09766462e+00    3.99051737e+00   -9.11477714e-03   -2.60272570e-02
1223     4.07666667e-09    2.09747667e+00    3.99389042e+00   -5.26248462e-03   -2.62871647e-02
1224     4.08000000e-09    2.08869839e+00    3.99961287e+00    6.14884295e-04   -2.63971988e-02
1225     4.08333333e-09    2.07468213e+00    4.00547275e+00    6.24606061e-03   -2.63152417e-02
1226     4.08666667e-09    2.06078229e+00    4.00922003e+00    9.46949341e-03   -2.60731421e-02
1227     4.09000000e-09    2.05230919e+00    4.00944272e+00    9.07406871e-03   -2.57637907e-02
1228     4.09333333e-09    2.05249926e+00    4.00607877e+00    5.23320839e-03   -2.55050611e-02
1229     4.09666667e-09    2.06127884e+00    4.00040799e+00   -5.92271496e-04   -2.53951924e-02
1230     4.10000000e-09    2.07529378e+00    3.99457095e+00   -6.20280665e-03   -2.54760737e-02
1231     4.10333333e-09    2.08919151e+00    3.99078611e+00   -9.46537549e-03   -2.57173430e-02
1232     4.10666667e-09    2.09766461e+00    3.99051737e+00   -9.11477716e-03   -2.60272570e-02
1233     4.11000000e-09    2.09747667e+00    3.99389042e+00   -5.26248461e-03   -2.62871646e-02
1234     4.11333333e-09    2.08869839e+00    3.99961287e+00    6.14884298e-04   -2.63971987e-02
1235     4.11666667e-09    2.07468212e+00    4.00547275e+00    6.24606063e-03   -2.63152416e-02
1236     4.12000000e-09    2.06078228e+00    4.00922003e+00    9.46949341e-03   -2.60731420e-02
1237     4.12333333e-09    2.05230919e+00    4.00944273e+00    9.07406873e-03   -2.57637907e-02
1238     4.12666667e-09    2.05249926e+00    4.00607877e+00    5.23320838e-03   -2.55050610e-02
1239     4.13000000e-09    2.06127883e+00    4.00040799e+00   -5.92271496e-04   -2.53951923e-02
1240     4.13333333e-09    2.07529378e+00    3.99457095e+00   -6.20280667e-03   -2.54760736e-02
1241     4.13666667e-09    2.08919150e+00    3.99078611e+00   -9.46537550e-03   -2.57173429e-02
1242     4.14000000e-09    2.09766461e+00    3.99051737e+00   -9.11477717e-03   -2.60272569e-02
1243     4.14333333e-09    2.09747667e+00    3.99389042e+00   -5.26248461e-03   -2.62871645e-02
1244     4.14666667e-09    2.08869839e+00    3.99961287e+00    6.14884301e-04   -2.63971986e-02
1245     4.15000000e-09    2.07468212e+00    4.00547275e+00    6.24606065e-03   -2.63152416e-02
1246     4.15333333e-09    2.06078228e+00    4.00922003e+00    9.46949342e-03   -2.60731419e-02
1247     4.15666667e-09    2.05230919e+00    4.00944273e+00    9.07406874e-03   -2.57637906e-02
1248     4.16000000e-09    2.05249925e+00    4.00607877e+00    5.23320837e-03   -2.55050609e-02
1249     4.16333333e-09    2.06127883e+00    4.00040799e+00   -5.92271497e-04   -2.53951923e-02
1250     4.16666667e-09    2.07529378e+00    3.99457095e+00   -6.20280669e-03   -2.54760735e-02
1251     4.17000000e-09    2.08919150e+00    3.99078611e+00   -9.46537551e-03   -2.57173428e-02
1252     4.17333333e-09    2.09766461e+00    3.99051737e+00   -9.11477719e-03   -2.60272568e-02
1253     4.17666667e-09    2.09747667e+00    3.99389042e+00   -5.26248460e-03   -2.62871645e-02
1254     4.18000000e-09    2.08869839e+00    3.99961287e+00    6.14884304e-04   -2.63971985e-02
1255     4.18333333e-09    2.07468212e+00    4.00547275e+00    6.24606067e-03   -2.63152415e-02
1256     4.18666667e-09    2.06078228e+00    4.00922003e+00    9.46949343e-03   -2.60731418e-02
1257     4.19000000e-09    2.05230918e+00    4.00944273e+00    9.07406876e-03   -2.57637905e-02
1258     4.19333333e-09    2.05249925e+00    4.00607877e+00    5.23320836e-03   -2.55050609e-02
1259     4.19666667e-09    2.06127883e+00    4.00040799e+00   -5.92271498e-04   -2.53951922e-02
1260     4.20000000e-09    2.07529378e+00    3.99457095e+00   -6.20280672e-03   -2.54760734e-02
1261     4.20333333e-09    2.08919150e+00    3.99078611e+00   -9.46537551e-03   -2.57173428e-02
1262     4.20666667e-09    2.09766461e+00    3.99051737e+00   -9.11477720e-03   -2.60272567e-02
1263     4.21000000e-09    2.09747666e+00    3.99389042e+00   -5.26248459e-03   -2.62871644e-02
1264     4.21333333e-09    2.08869838e+00    3.99961287e+00    6.14884307e-04   -2.63971985e-02
1265     4.21666667e-09    2.07468212e+00    4.00547275e+00    6.24606069e-03   -2.63152414e-02
1266     4.22000000e-09    2.06078228e+00    4.00922003e+00    9.46949343e-03   -2.60731418e-02
1267     4.22333333e-09    2.05230918e+00    4.00944273e+00    9.07406878e-03   -2.57637904e-02
1268     4.22666667e-09    2.05249925e+00    4.00607877e+00    5.23320835e-03   -2.55050608e-02
1269     4.23000000e-09    2.06127883e+00    4.00040799e+00   -5.92271499e-04   -2.53951921e-02
1270     4.23333333e-09    2.07529377e+00    3.99457095e+00   -6.20280674e-03   -2.54760734e-02
1271     4.23666667e-09    2.08919150e+00    3.99078611e+00   -9.46537552e-03   -2.57173427e-02
1272     4.24000000e-09    2.09766460e+00    3.99051737e+00   -9.11477722e-03   -2.60272567e-02
1273     4.24333333e-09    2.09747666e+00    3.99389042e+00   -5.26248459e-03   -2.62871643e-02
1274     4.24666667e-09    2.08869838e+00    3.99961287e+00    6.14884310e-04   -2.63971984e-02
1275     4.25000000e-09    2.07468211e+00    4.00547275e+00    6.24606071e-03   -2.63152413e-02
1276     4.25333333e-09    2.06078227e+00    4.00922003e+00    9.46949344e-03   -2.60731417e-02
1277     4.25666667e-09    2.05230918e+00    4.00944273e+00    9.07406879e-03   -2.57637904e-02
1278     4.26000000e-09    2.05249925e+00    4.00607877e+00    5.23320834e-03   -2.55050607e-02
1279     4.26333333e-09    2.06127883e+00    4.00040799e+00   -5.92271500e-04   -2.53951920e-02
1280     4.26666667e-09    2.07529377e+00    3.99457095e+00   -6.20280676e-03   -2.54760733e-02
1281     4.27000000e-09    2.08919149e+00    3.99078611e+00   -9.46537553e-03   -2.57173426e-02
1282     4.27333333e-09    2.09766460e+00    3.99051737e+00   -9.11477723e-03   -2.60272566e-02
1283     4.27666667e-09    2.09747666e+00    3.99389042e+00   -5.26248458e-03   -2.62871642e-02
1284     4.28000000e-09    2.08869838e+00    3.99961287e+00    6.14884313e-04   -2.63971983e-02
1285     4.28333333e-09    2.07468211e+00    4.00547275e+00    6.24606073e-03   -2.63152413e-02
1286     4.28666667e-09    2.06078227e+00    4.00922003e+00    9.46949345e-03   -2.60731416e-02
1287     4.29000000e-09    2.05230918e+00    4.00944273e+00    9.07406881e-03   -2.57637903e-02
1288     4.29333333e-09    2.05249924e+00    4.00607877e+00    5.23320833e-03   -2.55050606e-02
1289     4.29666667e-09    2.06127882e+00    4.00040799e+00   -5.92271501e-04   -2.53951920e-02
1290     4.30000000e-09    2.07529377e+00    3.99457095e+00   -6.20280679e-03   -2.54760732e-02
1291     4.30333333e-09    2.08919149e+00    3.99078611e+00   -9.46537553e-03   -2.57173425e-02
1292     4.30666667e-09    2.09766460e+00    3.99051737e+00   -9.11477725e-03   -2.60272565e-02
1293     4.31000000e-09    2.09747666e+00    3.99389042e+00   -5.26248457e-03   -2.62871642e-02
1294     4.31333333e-09    2.08869838e+00    3.99961287e+00    6.14884316e-04   -2.63971982e-02
1295     4.31666667e-09    2.07468211e+00    4.00547275e+00    6.24606075e-03   -2.63152412e-02
1296     4.32000000e-09    2.06078227e+00    4.00922003e+00    9.46949345e-03   -2.60731415e-02
1297     4.32333333e-09    2.05230917e+00    4.00944273e+00    9.07406882e-03   -2.57637902e-02
1298     4.32666667e-09    2.05249924e+00    4.00607877e+00    5.23320832e-03   -2.55050606e-02
1299     4.33000000e-09    2.06127882e+00    4.00040799e+00   -5.92271502e-04   -2.53951919e-02
1300     4.33333333e-09    2.07529377e+00    3.99457095e+00   -6.20280681e-03   -2.54760731e-02
1301     4.33666667e-09    2.08919149e+00    3.99078611e+00   -9.46537554e-03   -2.57173425e-02
1302     4.34000000e-09    2.09766460e+00    3.99051737e+00   -9.11477726e-03   -2.60272564e-02
1303     4.34333333e-09    2.09747665e+00    3.99389042e+00   -5.26248457e-03   -2.62871641e-02
1304     4.34666667e-09    2.08869837e+00    3.99961287e+00    6.14884319e-04   -2.63971982e-02
1305     4.35000000e-09    2.07468211e+00    4.00547275e+00    6.24606077e-03   -2.63152411e-02
1306     4.35333333e-09    2.06078227e+00    4.00922003e+00    9.46949346e-03   -2.60731415e-02
1307     4.35666667e-09    2.05230917e+00    4.00944273e+00    9.07406884e-03   -2.57637901e-02
1308     4.36000000e-09    2.05249924e+00    4.00607877e+00    5.23320831e-03   -2.55050605e-02
1309     4.36333333e-09    2.06127882e+00    4.00040799e+00   -5.92271503e-04   -2.53951918e-02
1310     4.36666667e-09    2.07529376e+00    3.99457095e+00   -6.20280683e-03   -2.54760730e-02
1311     4.37000000e-09    2.08919149e+00    3.99078611e+00   -9.46537555e-03   -2.57173424e-02
1312     4.37333333e-09    2.09766459e+00    3.99051737e+00   -9.11477727e-03   -2.60272564e-02
1313     4.37666667e-09    2.09747665e+00    3.99389042e+00   -5.26248456e-03   -2.62871640e-02
1314     4.38000000e-09    2.08869837e+00    3.99961287e+00    6.14884322e-04   -2.63971981e-02
1315     4.38333333e-09    2.07468210e+00    4.00547275e+00    6.24606079e-03   -2.63152410e-02
1316     4.38666667e-09    2.06078226e+00    4.00922003e+00    9.46949347e-03   -2.60731414e-02
1317     4.39000000e-09    2.05230917e+00    4.00944273e+00    9.07406885e-03   -2.57637901e-02
1318     4.39333333e-09    2.05249924e+00    4.00607877e+00    5.23320830e-03   -2.55050604e-02
1319     4.39666667e-09    2.06127881e+00    4.00040799e+00   -5.92271504e-04   -2.53951917e-02
1320     4.40000000e-09    2.07529376e+00    3.99457095e+00   -6.20280685e-03   -2.54760730e-02
1321     4.40333333e-09    2.08919148e+00    3.99078611e+00   -9.46537555e-03   -2.57173423e-02
1322     4.40666667e-09    2.09766459e+00    3.99051737e+00   -9.11477729e-03   -2.60272563e-02
1323     4.41000000e-09    2.09747665e+00    3.99389042e+00   -5.26248456e-03   -2.62871639e-02
1324     4.41333333e-09    2.08869837e+00    3.99961287e+00    6.14884326e-04   -2.63971980e-02
1325     4.41666667e-09    2.07468210e+00    4.00547275e+00    6.24606081e-03   -2.63152410e-02
1326     4.42000000e-09    2.06078226e+00    4.00922003e+00    9.46949347e-03   -2.60731413e-02
1327     4.42333333e-09    2.05230917e+00    4.00944273e+00    9.07406887e-03   -2.57637900e-02
1328     4.42666667e-09    2.05249923e+00    4.00607877e+00    5.23320830e-03   -2.55050603e-02
1329     4.43000000e-09    2.06127881e+00    4.00040799e+00   -5.92271505e-04   -2.53951916e-02
1330     4.43333333e-09    2.07529376e+00    3.99457095e+00   -6.20280687e-03   -2.54760729e-02
1331     4.43666667e-09    2.08919148e+00    3.99078611e+00   -9.46537556e-03   -2.57173422e-02
1332     4.44000000e-09    2.09766459e+00    3.99051737e+00   -9.11477730e-03   -2.60272562e-02
1333     4.44333333e-09    2.09747665e+00    3.99389042e+00   -5.26248455e-03   -2.62871639e-02
1334     4.44666667e-09    2.08869837e+00    3.99961287e+00    6.14884329e-04   -2.63971979e-02
1335     4.45000000e-09    2.07468210e+00    4.00547275e+00    6.24606083e-03   -2.63152409e-02
1336     4.45333333e-09    2.06078226e+00    4.00922003e+00    9.46949348e-03   -2.60731412e-02
1337     4.45666667e-09    2.05230916e+00    4.00944273e+00    9.07406888e-03   -2.57637899e-02
1338     4.46000000e-09    2.05249923e+00    4.00607877e+00    5.23320829e-03   -2.55050603e-02
1339     4.46333333e-09    2.06127881e+00    4.00040799e+00   -5.92271506e-04   -2.53951916e-02
1340     4.46666667e-09    2.07529376e+00    3.99457095e+00   -6.20280690e-03   -2.54760728e-02
1341     4.47000000e-09    2.08919148e+00    3.99078611e+00   -9.46537557e-03   -2.57173422e-02
1342     4.47333333e-09    2.09766459e+00    3.99051737e+00   -9.11477731e-03   -2.60272561e-02
1343     4.47666667e-09    2.09747664e+00    3.99389042e+00   -5.26248454e-03   -2.62871638e-02
1344     4.48000000e-09    2.08869836e+00    3.99961287e+00    6.14884333e-04   -2.63971979e-02
1345     4.48333333e-09    2.07468210e+00    4.00547275e+00    6.24606085e-03   -2.63152408e-02
1346     4.48666667e-09    2.06078226e+00    4.00922003e+00    9.46949349e-03   -2.60731412e-02
1347     4.49000000e-09    2.05230916e+00    4.00944273e+00    9.07406890e-03   -2.57637898e-02
1348     4.49333333e-09    2.05249923e+00    4.00607877e+00    5.23320828e-03   -2.55050602e-02
1349     4.49666667e-09    2.06127881e+00    4.00040799e+00   -5.92271507e-04   -2.53951915e-02
1350     4.50000000e-09    2.07529375e+00    3.99457095e+00   -6.20280692e-03   -2.54760727e-02
1351     4.50333333e-09    2.08919148e+00    3.99078611e+00   -9.46537557e-03   -2.57173421e-02
1352     4.50666667e-09    2.09766458e+00    3.99051737e+00   -9.11477733e-03   -2.60272561e-02
1353     4.51000000e-09    2.09747664e+00    3.99389042e+00   -5.26248454e-03   -2.62871637e-02
1354     4.51333333e-09    2.08869836e+00    3.99961287e+00    6.14884336e-04   -2.63971978e-02
1355     4.51666667e-09    2.07468209e+00    4.00547275e+00    6.24606087e-03   -2.63152407e-02
1356     4.52000000e-09    2.06078225e+00    4.00922003e+00    9.46949349e-03   -2.60731411e-02
1357     4.52333333e-09    2.05230916e+00    4.00944273e+00    9.07406891e-03   -2.57637898e-02
1358     4.52666667e-09    2.05249923e+00    4.00607877e+00    5.23320827e-03   -2.55050601e-02
1359     4.53000000e-09    2.06127880e+00    4.00040799e+00   -5.92271509e-04   -2.53951914e-02
1360     4.53333333e-09    2.07529375e+00    3.99457095e+00   -6.20280694e-03   -2.54760727e-02
1361     4.53666667e-09    2.08919147e+00    3.99078611e+00   -9.46537558e-03   -2.57173420e-02
1362     4.54000000e-09    2.09766458e+00    3.99051737e+00   -9.11477734e-03   -2.60272560e-02
1363     4.54333333e-09    2.09747664e+00    3.99389042e+00   -5.26248453e-03   -2.62871636e-02
1364     4.54666667e-09    2.08869836e+00    3.99961287e+00    6.14884340e-04   -2.63971977e-02
1365     4.55000000e-09    2.07468209e+00    4.00547275e+00    6.24606088e-03   -2.63152407e-02
1366     4.55333333e-09    2.06078225e+00    4.00922003e+00    9.46949350e-03   -2.60731410e-02
1367     4.55666667e-09    2.05230916e+00    4.00944273e+00    9.07406893e-03   -2.57637897e-02
1368     4.56000000e-09    2.05249922e+00    4.00607877e+00    5.23320826e-03   -2.55050600e-02
1369     4.56333333e-09    2.06127880e+00    4.00040799e+00   -5.92271510e-04   -2.53951913e-02
1370     4.56666667e-09    2.07529375e+00    3.99457095e+00   -6.20280696e-03   -2.54760726e-02
1371     4.57000000e-09    2.08919147e+00    3.99078611e+00   -9.46537559e-03   -2.57173419e-02
1372     4.57333333e-09    2.09766458e+00    3.99051737e+00   -9.11477735e-03   -2.60272559e-02
1373     4.57666667e-09    2.09747664e+00    3.99389042e+00   -5.26248453e-03   -2.62871636e-02
1374     4.58000000e-09    2.08869836e+00    3.99961287e+00    6.14884343e-04   -2.63971976e-02
1375     4.58333333e-09    2.07468209e+00    4.00547275e+00    6.24606090e-03   -2.63152406e-02
1376     4.58666667e-09    2.06078225e+00    4.00922003e+00    9.46949351e-03   -2.60731409e-02
1377     4.59000000e-09    2.05230915e+00    4.00944273e+00    9.07406894e-03   -2.57637896e-02
1378     4.59333333e-09    2.05249922e+00    4.00607877e+00    5.23320826e-03   -2.55050599e-02
1379     4.59666667e-09    2.06127880e+00    4.00040799e+00   -5.92271512e-04   -2.53951913e-02
1380     4.60000000e-09    2.07529375e+00    3.99457095e+00   -6.20280698e-03   -2.54760725e-02
1381     4.60333333e-09    2.08919147e+00    3.99078611e+00   -9.46537559e-03   -2.57173419e-02
1382     4.60666667e-09    2.09766458e+00    3.99051737e+00   -9.11477737e-03   -2.60272558e-02
1383     4.61000000e-09    2.09747663e+00    3.99389042e+00   -5.26248452e-03   -2.62871635e-02
1384     4.61333333e-09    2.08869835e+00    3.99961287e+00    6.14884347e-04   -2.63971976e-02
1385     4.61666667e-09    2.07468209e+00    4.00547275e+00    6.24606092e-03   -2.63152405e-02
1386     4.62000000e-09    2.06078225e+00    4.00922003e+00    9.46949351e-03   -2.60731409e-02
1387     4.62333333e-09    2.05230915e+00    4.00944273e+00    9.07406896e-03   -2.57637895e-02
1388     4.62666667e-09    2.05249922e+00    4.00607877e+00    5.23320825e-03   -2.55050599e-02
1389     4.63000000e-09    2.06127880e+00    4.00040799e+00   -5.92271513e-04   -2.53951912e-02
1390     4.63333333e-09    2.07529374e+00    3.99457095e+00   -6.20280700e-03   -2.54760724e-02
1391     4.63666667e-09    2.08919147e+00    3.99078611e+00   -9.46537560e-03   -2.57173418e-02
1392     4.64000000e-09    2.09766457e+00    3.99051737e+00   -9.11477738e-03   -2.60272558e-02
1393     4.64333333e-09    2.09747663e+00    3.99389042e+00   -5.26248451e-03   -2.62871634e-02
1394     4.64666667e-09    2.08869835e+00    3.99961287e+00    6.14884350e-04   -2.63971975e-02
1395     4.65000000e-09    2.07468208e+00    4.00547275e+00    6.24606094e-03   -2.63152404e-02
1396     4.65333333e-09    2.06078224e+00    4.00922003e+00    9.46949352e-03   -2.60731408e-02
1397     4.65666667e-09    2.05230915e+00    4.00944273e+00    9.07406897e-03   -2.57637895e-02
1398     4.66000000e-09    2.05249922e+00    4.00607877e+00    5.23320824e-03   -2.55050598e-02
1399     4.66333333e-09    2.06127879e+00    4.00040799e+00   -5.92271515e-04   -2.53951911e-02
1400     4.66666667e-09    2.07529374e+00    3.99457095e+00   -6.20280702e-03   -2.54760724e-02
1401     4.67000000e-09    2.08919146e+00    3.99078611e+00   -9.46537561e-03   -2.57173417e-02
1402     4.67333333e-09    2.09766457e+00    3.99051737e+00   -9.11477739e-03   -2.60272557e-02
1403     4.67666667e-09    2.09747663e+00    3.99389042e+00   -5.26248451e-03   -2.62871633e-02
1404     4.68000000e-09    2.08869835e+00    3.99961287e+00    6.14884354e-04   -2.63971974e-02
1405     4.68333333e-09    2.07468208e+00    4.00547275e+00    6.24606095e-03   -2.63152404e-02
1406     4.68666667e-09    2.06078224e+00    4.00922003e+00    9.46949353e-03   -2.60731407e-02
1407     4.69000000e-09    2.05230915e+00    4.00944273e+00    9.07406898e-03   -2.57637894e-02
1408     4.69333333e-09    2.05249921e+00    4.00607877e+00    5.23320823e-03   -2.55050597e-02
1409     4.69666667e-09    2.06127879e+00    4.00040799e+00   -5.92271517e-04   -2.53951910e-02
1410     4.70000000e-09    2.07529374e+00    3.99457095e+00   -6.20280704e-03   -2.54760723e-02
1411     4.70333333e-09    2.08919146e+00    3.99078611e+00   -9.46537561e-03   -2.57173416e-02
1412     4.70666667e-09    2.09766457e+00    3.99051737e+00   -9.11477740e-03   -2.60272556e-02
1413     4.71000000e-09    2.09747663e+00    3.99389042e+00   -5.26248450e-03   -2.62871633e-02
1414     4.71333333e-09    2.08869835e+00    3.99961287e+00    6.14884358e-04   -2.63971973e-02
1415     4.71666667e-09    2.07468208e+00    4.00547275e+00    6.24606097e-03   -2.63152403e-02
1416     4.72000000e-09    2.06078224e+00    4.00922003e+00    9.46949353e-03   -2.60731406e-02
1417     4.72333333e-09    2.05230914e+00    4.00944273e+00    9.07406900e-03   -2.57637893e-02
1418     4.72666667e-09    2.05249921e+00    4.00607877e+00    5.23320823e-03   -2.55050596e-02
1419     4.73000000e-09    2.06127879e+00    4.00040799e+00   -5.92271518e-04   -2.53951910e-02
1420     4.73333333e-09    2.07529373e+00    3.99457095e+00   -6.20280706e-03   -2.54760722e-02
1421     4.73666667e-09    2.08919146e+00    3.99078611e+00   -9.46537562e-03   -2.57173416e-02
1422     4.74000000e-09    2.09766457e+00    3.99051737e+00   -9.11477742e-03   -2.60272555e-02
1423     4.74333333e-09    2.09747662e+00    3.99389042e+00   -5.26248450e-03   -2.62871632e-02
1424     4.74666667e-09    2.08869834e+00    3.99961287e+00    6.14884362e-04   -2.63971973e-02
1425     4.75000000e-09    2.07468208e+00    4.00547275e+00    6.24606099e-03   -2.63152402e-02
1426     4.75333333e-09    2.06078223e+00    4.00922003e+00    9.46949354e-03   -2.60731406e-02
1427     4.75666667e-09    2.05230914e+00    4.00944273e+00    9.07406901e-03   -2.57637892e-02
1428     4.76000000e-09    2.05249921e+00    4.00607877e+00    5.23320822e-03   -2.55050596e-02
1429     4.76333333e-09    2.06127879e+00    4.00040799e+00   -5.92271520e-04   -2.53951909e-02
1430     4.76666667e-09    2.07529373e+00    3.99457095e+00   -6.20280708e-03   -2.54760721e-02
1431     4.77000000e-09    2.08919146e+00    3.99078611e+00   -9.46537563e-03   -2.57173415e-02
1432     4.77333333e-09    2.09766456e+00    3.99051737e+00   -9.11477743e-03   -2.60272555e-02
1433     4.77666667e-09    2.09747662e+00    3.99389042e+00   -5.26248449e-03   -2.62871631e-02
1434     4.78000000e-09    2.08869834e+00    3.99961287e+00    6.14884365e-04   -2.63971972e-02
1435     4.78333333e-09    2.07468207e+00    4.00547275e+00    6.24606101e-03   -2.63152401e-02
1436     4.78666667e-09    2.06078223e+00    4.00922003e+00    9.46949355e-03   -2.60731405e-02
1437     4.79000000e-09    2.05230914e+00    4.00944273e+00    9.07406903e-03   -2.57637892e-02
1438     4.79333333e-09    2.05249921e+00    4.00607877e+00    5.23320821e-03   -2.55050595e-02
1439     4.79666667e-09    2.06127878e+00    4.00040799e+00   -5.92271522e-04   -2.53951908e-02
1440     4.80000000e-09    2.07529373e+00    3.99457095e+00   -6.20280710e-03   -2.54760721e-02
1441     4.80333333e-09    2.08919145e+00    3.99078611e+00   -9.46537564e-03   -2.57173414e-02
1442     4.80666667e-09    2.09766456e+00    3.99051737e+00   -9.11477744e-03   -2.60272554e-02
1443     4.81000000e-09    2.09747662e+00    3.99389042e+00   -5.26248449e-03   -2.62871631e-02
1444     4.81333333e-09    2.08869834e+00    3.99961287e+00    6.14884369e-04   -2.63971971e-02
1445     4.81666667e-09    2.07468207e+00    4.00547275e+00    6.24606102e-03   -2.63152401e-02
1446     4.82000000e-09    2.06078223e+00    4.00922003e+00    9.46949355e-03   -2.60731404e-02
1447     4.82333333e-09    2.05230914e+00    4.00944273e+00    9.07406904e-03   -2.57637891e-02
1448     4.82666667e-09    2.05249920e+00    4.00607877e+00    5.23320821e-03   -2.55050594e-02
1449     4.83000000e-09    2.06127878e+00    4.00040799e+00   -5.92271524e-04   -2.53951907e-02
1450     4.83333333e-09    2.07529373e+00    3.99457095e+00   -6.20280712e-03   -2.54760720e-02
1451     4.83666667e-09    2.08919145e+00    3.99078611e+00   -9.46537564e-03   -2.57173413e-02
1452     4.84000000e-09    2.09766456e+00    3.99051737e+00   -9.11477745e-03   -2.60272553e-02
1453     4.84333333e-09    2.09747662e+00    3.99389042e+00   -5.26248448e-03   -2.62871630e-02
1454     4.84666667e-09    2.08869834e+00    3.99961287e+00    6.14884373e-04   -2.63971971e-02
1455     4.85000000e-09    2.07468207e+00    4.00547275e+00    6.24606104e-03   -2.63152400e-02
1456     4.85333333e-09    2.06078223e+00    4.00922003e+00    9.46949356e-03   -2.60731403e-02
1457     4.85666667e-09    2.05230913e+00    4.00944273e+00    9.07406905e-03   -2.57637890e-02
1458     4.86000000e-09    2.05249920e+00    4.00607877e+00    5.23320820e-03   -2.55050593e-02
1459     4.86333333e-09    2.06127878e+00    4.00040799e+00   -5.92271526e-04   -2.53951907e-02
1460     4.86666667e-09    2.07529372e+00    3.99457095e+00   -6.20280714e-03   -2.54760719e-02
1461     4.87000000e-09    2.08919145e+00    3.99078611e+00   -9.46537565e-03   -2.57173413e-02
1462     4.87333333e-09    2.09766456e+00    3.99051737e+00   -9.11477747e-03   -2.60272552e-02
1463     4.87666667e-09    2.09747661e+00    3.99389042e+00   -5.26248448e-03   -2.62871629e-02
1464     4.88000000e-09    2.08869833e+00    3.99961287e+00    6.14884377e-04   -2.63971970e-02
1465     4.88333333e-09    2.07468207e+00    4.00547275e+00    6.24606106e-03   -2.63152399e-02
1466     4.88666667e-09    2.06078222e+00    4.00922003e+00    9.46949357e-03   -2.60731403e-02
1467     4.89000000e-09    2.05230913e+00    4.00944273e+00    9.07406906e-03   -2.57637889e-02
1468     4.89333333e-09    2.05249920e+00    4.00607877e+00    5.23320819e-03   -2.55050593e-02
1469     4.89666667e-09    2.06127878e+00    4.00040799e+00   -5.92271528e-04   -2.53951906e-02
1470     4.90000000e-09    2.07529372e+00    3.99457095e+00   -6.20280716e-03   -2.54760718e-02
1471     4.90333333e-09    2.08919145e+00    3.99078611e+00   -9.46537566e-03   -2.57173412e-02
1472     4.90666667e-09    2.09766455e+00    3.99051737e+00   -9.11477748e-03   -2.60272552e-02
1473     4.91000000e-09    2.09747661e+00    3.99389042e+00   -5.26248447e-03   -2.62871628e-02
1474     4.91333333e-09    2.08869833e+00    3.99961287e+00    6.14884381e-04   -2.63971969e-02
1475     4.91666667e-09    2.07468206e+00    4.00547275e+00    6.24606107e-03   -2.63152398e-02
1476     4.92000000e-09    2.06078222e+00    4.00922003e+00    9.46949358e-03   -2.60731402e-02
1477     4.92333333e-09    2.05230913e+00    4.00944273e+00    9.07406908e-03   -2.57637889e-02
1478     4.92666667e-09    2.05249920e+00    4.00607877e+00    5.23320819e-03   -2.55050592e-02
1479     4.93000000e-09    2.06127877e+00    4.00040799e+00   -5.92271530e-04   -2.53951905e-02
1480     4.93333333e-09    2.07529372e+00    3.99457095e+00   -6.20280717e-03   -2.54760718e-02
1481     4.93666667e-09    2.08919144e+00    3.99078611e+00   -9.46537566e-03   -2.57173411e-02
1482     4.94000000e-09    2.09766455e+00    3.99051737e+00   -9.11477749e-03   -2.60272551e-02
1483     4.94333333e-09    2.09747661e+00    3.99389042e+00   -5.26248447e-03   -2.62871628e-02
1484     4.94666667e-09    2.08869833e+00    3.99961287e+00    6.14884385e-04   -2.63971968e-02
1485     4.95000000e-09    2.07468206e+00    4.00547275e+00    6.24606109e-03   -2.63152398e-02
1486     4.95333333e-09    2.06078222e+00    4.00922003e+00    9.46949358e-03   -2.60731401e-02
1487     4.95666667e-09    2.05230913e+00    4.00944273e+00    9.07406909e-03   -2.57637888e-02
1488     4.96000000e-09    2.05249919e+00    4.00607877e+00    5.23320818e-03   -2.55050591e-02
1489     4.96333333e-09    2.06127877e+00    4.00040799e+00   -5.92271532e-04   -2.53951904e-02
1490     4.96666667e-09    2.07529372e+00    3.99457095e+00   -6.20280719e-03   -2.54760717e-02
1491     4.97000000e-09    2.08919144e+00    3.99078611e+00   -9.46537567e-03   -2.57173410e-02
1492     4.97333333e-09    2.09766455e+00    3.99051737e+00   -9.11477750e-03   -2.60272550e-02
1493     4.97666667e-09    2.09747661e+00    3.99389042e+00   -5.26248446e-03   -2.62871627e-02
1494     4.98000000e-09    2.08869833e+00    3.99961287e+00    6.14884389e-04   -2.63971968e-02
1495     4.98333333e-09    2.07468206e+00    4.00547275e+00    6.24606111e-03   -2.63152397e-02
1496     4.98666667e-09    2.06078222e+00    4.00922003e+00    9.46949359e-03   -2.60731400e-02
1497     4.99000000e-09    2.05230912e+00    4.00944273e+00    9.07406910e-03   -2.57637887e-02
1498     4.99333333e-09    2.05249919e+00    4.00607877e+00    5.23320817e-03   -2.55050590e-02
1499     4.99666667e-09    2.06127877e+00    4.00040799e+00   -5.92271535e-04   -2.53951904e-02
1500     5.00000000e-09    2.07529371e+00    3.99457095e+00   -6.20280721e-03   -2.54760716e-02
1501     5.00333333e-09    2.08919144e+00    3.99078611e+00   -9.46537568e-03   -2.57173410e-02
1502     5.00666667e-09    2.09766455e+00    3.99051737e+00   -9.11477751e-03   -2.60272549e-02
1503     5.01000000e-09    2.09747660e+00    3.99389042e+00   -5.26248446e-03   -2.62871626e-02
1504     5.01333333e-09    2.08869832e+00    3.99961287e+00    6.14884393e-04   -2.63971967e-02
1505     5.01666667e-09    2.07468206e+00    4.00547275e+00    6.24606112e-03   -2.63152396e-02
1506     5.02000000e-09    2.06078221e+00    4.00922003e+00    9.46949360e-03   -2.60731400e-02
1507     5.02333333e-09    2.05230912e+00    4.00944273e+00    9.07406912e-03   -2.57637886e-02
1508     5.02666667e-09    2.05249919e+00    4.00607877e+00    5.23320817e-03   -2.55050590e-02
1509     5.03000000e-09    2.06127877e+00    4.00040799e+00   -5.92271537e-04   -2.53951903e-02
1510     5.03333333e-09    2.07529371e+00    3.99457095e+00   -6.20280723e-03   -2.54760715e-02
1511     5.03666667e-09    2.08919144e+00    3.99078611e+00   -9.46537568e-03   -2.57173409e-02
1512     5.04000000e-09    2.09766454e+00    3.99051737e+00   -9.11477752e-03   -2.60272549e-02
1513     5.04333333e-09    2.09747660e+00    3.99389042e+00   -5.26248445e-03   -2.62871625e-02
1514     5.04666667e-09    2.08869832e+00    3.99961287e+00    6.14884397e-04   -2.63971966e-02
1515     5.05000000e-09    2.07468205e+00    4.00547275e+00    6.24606114e-03   -2.63152396e-02
1516     5.05333333e-09    2.06078221e+00    4.00922003e+00    9.46949360e-03   -2.60731399e-02
1517     5.05666667e-09    2.05230912e+00    4.00944273e+00    9.07406913e-03   -2.57637886e-02
1518     5.06000000e-09    2.05249919e+00    4.00607877e+00    5.23320816e-03   -2.55050589e-02
1519     5.06333333e-09    2.06127876e+00    4.00040799e+00   -5.92271539e-04   -2.53951902e-02
1520     5.06666667e-09    2.07529371e+00    3.99457095e+00   -6.20280725e-03   -2.54760715e-02
1521     5.07000000e-09    2.08919143e+00    3.99078611e+00   -9.46537569e-03   -2.57173408e-02
1522     5.07333333e-09    2.09766454e+00    3.99051737e+00   -9.11477753e-03   -2.60272548e-02
1523     5.07666667e-09    2.09747660e+00    3.99389042e+00   -5.26248445e-03   -2.62871625e-02
1524     5.08000000e-09    2.08869832e+00    3.99961287e+00    6.14884401e-04   -2.63971965e-02
1525     5.08333333e-09    2.07468205e+00    4.00547275e+00    6.24606116e-03   -2.63152395e-02
1526     5.08666667e-09    2.06078221e+00    4.00922003e+00    9.46949361e-03   -2.60731398e-02
1527     5.09000000e-09    2.05230912e+00    4.00944273e+00    9.07406914e-03   -2.57637885e-02
1528     5.09333333e-09    2.05249918e+00    4.00607877e+00    5.23320816e-03   -2.55050588e-02
1529     5.09666667e-09    2.06127876e+00    4.00040799e+00   -5.92271542e-04   -2.53951902e-02
1530     5.10000000e-09    2.07529371e+00    3.99457095e+00   -6.20280727e-03   -2.54760714e-02
1531     5.10333333e-09    2.08919143e+00    3.99078611e+00   -9.46537570e-03   -2.57173408e-02
1532     5.10666667e-09    2.09766454e+00    3.99051737e+00   -9.11477754e-03   -2.60272547e-02
1533     5.11000000e-09    2.09747660e+00    3.99389042e+00   -5.26248444e-03   -2.62871624e-02
1534     5.11333333e-09    2.08869832e+00    3.99961287e+00    6.14884405e-04   -2.63971965e-02
1535     5.11666667e-09    2.07468205e+00    4.00547275e+00    6.24606117e-03   -2.63152394e-02
1536     5.12000000e-09    2.06078221e+00    4.00922003e+00    9.46949362e-03   -2.60731397e-02
1537     5.12333333e-09    2.05230911e+00    4.00944273e+00    9.07406915e-03   -2.57637884e-02
1538     5.12666667e-09    2.05249918e+00    4.00607877e+00    5.23320815e-03   -2.55050588e-02
1539     5.13000000e-09    2.06127876e+00    4.00040799e+00   -5.92271544e-04   -2.53951901e-02
1540     5.13333333e-09    2.07529370e+00    3.99457095e+00   -6.20280728e-03   -2.54760713e-02
1541     5.13666667e-09    2.08919143e+00    3.99078611e+00   -9.46537571e-03   -2.57173407e-02
1542     5.14000000e-09    2.09766454e+00    3.99051737e+00   -9.11477756e-03   -2.60272547e-02
1543     5.14333333e-09    2.09747659e+00    3.99389042e+00   -5.26248444e-03   -2.62871623e-02
1544     5.14666667e-09    2.08869831e+00    3.99961287e+00    6.14884409e-04   -2.63971964e-02
1545     5.15000000e-09    2.07468205e+00    4.00547275e+00    6.24606119e-03   -2.63152393e-02
1546     5.15333333e-09    2.06078220e+00    4.00922003e+00    9.46949363e-03   -2.60731397e-02
1547     5.15666667e-09    2.05230911e+00    4.00944273e+00    9.07406916e-03   -2.57637883e-02
1548     5.16000000e-09    2.05249918e+00    4.00607877e+00    5.23320814e-03   -2.55050587e-02
1549     5.16333333e-09    2.06127876e+00    4.00040799e+00   -5.92271547e-04   -2.53951900e-02
1550     5.16666667e-09    2.07529370e+00    3.99457095e+00   -6.20280730e-03   -2.54760713e-02
1551     5.17000000e-09    2.08919143e+00    3.99078611e+00   -9.46537571e-03   -2.57173406e-02
1552     5.17333333e-09    2.09766453e+00    3.99051737e+00   -9.11477757e-03   -2.60272546e-02
1553     5.17666667e-09    2.09747659e+00    3.99389042e+00   -5.26248443e-03   -2.62871623e-02
1554     5.18000000e-09    2.08869831e+00    3.99961287e+00    6.14884414e-04   -2.63971963e-02
1555     5.18333333e-09    2.07468204e+00    4.00547275e+00    6.24606120e-03   -2.63152393e-02
1556     5.18666667e-09    2.06078220e+00    4.00922003e+00    9.46949363e-03   -2.60731396e-02
1557     5.19000000e-09    2.05230911e+00    4.00944273e+00    9.07406918e-03   -2.57637883e-02
1558     5.19333333e-09    2.05249918e+00    4.00607877e+00    5.23320814e-03   -2.55050586e-02
1559     5.19666667e-09    2.06127875e+00    4.00040799e+00   -5.92271549e-04   -2.53951899e-02
1560     5.20000000e-09    2.07529370e+00    3.99457095e+00   -6.20280732e-03   -2.54760712e-02
1561     5.20333333e-09    2.08919142e+00    3.99078611e+00   -9.46537572e-03   -2.57173405e-02
1562     5.20666667e-09    2.09766453e+00    3.99051737e+00   -9.11477758e-03   -2.60272545e-02
1563     5.21000000e-09    2.09747659e+00    3.99389042e+00   -5.26248443e-03   -2.62871622e-02
1564     5.21333333e-09    2.08869831e+00    3.99961287e+00    6.14884418e-04   -2.63971963e-02
1565     5.21666667e-09    2.07468204e+00    4.00547275e+00    6.24606122e-03   -2.63152392e-02
1566     5.22000000e-09    2.06078220e+00    4.00922003e+00    9.46949364e-03   -2.60731395e-02
1567     5.22333333e-09    2.05230911e+00    4.00944273e+00    9.07406919e-03   -2.57637882e-02
1568     5.22666667e-09    2.05249917e+00    4.00607877e+00    5.23320813e-03   -2.55050585e-02
1569     5.23000000e-09    2.06127875e+00    4.00040799e+00   -5.92271552e-04   -2.53951899e-02
1570     5.23333333e-09    2.07529370e+00    3.99457095e+00   -6.20280734e-03   -2.54760711e-02
1571     5.23666667e-09    2.08919142e+00    3.99078611e+00   -9.46537573e-03   -2.57173405e-02
1572     5.24000000e-09    2.09766453e+00    3.99051737e+00   -9.11477759e-03   -2.60272544e-02
1573     5.24333333e-09    2.09747659e+00    3.99389042e+00   -5.26248443e-03   -2.62871621e-02
1574     5.24666667e-09    2.08869831e+00    3.99961287e+00    6.14884422e-04   -2.63971962e-02
1575     5.25000000e-09    2.07468204e+00    4.00547275e+00    6.24606123e-03   -2.63152391e-02
1576     5.25333333e-09    2.06078220e+00    4.00922003e+00    9.46949365e-03   -2.60731395e-02
1577     5.25666667e-09    2.05230910e+00    4.00944273e+00    9.07406920e-03   -2.57637881e-02
1578     5.26000000e-09    2.05249917e+00    4.00607877e+00    5.23320813e-03   -2.55050585e-02
1579     5.26333333e-09    2.06127875e+00    4.00040799e+00   -5.92271554e-04   -2.53951898e-02
1580     5.26666667e-09    2.07529369e+00    3.99457095e+00   -6.20280735e-03   -2.54760710e-02
1581     5.27000000e-09    2.08919142e+00    3.99078611e+00   -9.46537574e-03   -2.57173404e-02
1582     5.27333333e-09    2.09766453e+00    3.99051737e+00   -9.11477760e-03   -2.60272544e-02
1583     5.27666667e-09    2.09747658e+00    3.99389042e+00   -5.26248442e-03   -2.62871620e-02
1584     5.28000000e-09    2.08869830e+00    3.99961287e+00    6.14884426e-04   -2.63971961e-02
1585     5.28333333e-09    2.07468204e+00    4.00547275e+00    6.24606125e-03   -2.63152391e-02
1586     5.28666667e-09    2.06078219e+00    4.00922003e+00    9.46949366e-03   -2.60731394e-02
1587     5.29000000e-09    2.05230910e+00    4.00944273e+00    9.07406921e-03   -2.57637881e-02
1588     5.29333333e-09    2.05249917e+00    4.00607877e+00    5.23320812e-03   -2.55050584e-02
1589     5.29666667e-09    2.06127875e+00    4.00040799e+00   -5.92271557e-04   -2.53951897e-02
1590     5.30000000e-09    2.07529369e+00    3.99457095e+00   -6.20280737e-03   -2.54760710e-02
1591     5.30333333e-09    2.08919142e+00    3.99078611e+00   -9.46537574e-03   -2.57173403e-02
1592     5.30666667e-09    2.09766452e+00    3.99051737e+00   -9.11477761e-03   -2.60272543e-02
1593     5.31000000e-09    2.09747658e+00    3.99389042e+00   -5.26248442e-03   -2.62871620e-02
1594     5.31333333e-09    2.08869830e+00    3.99961287e+00    6.14884431e-04   -2.63971960e-02
1595     5.31666667e-09    2.07468203e+00    4.00547275e+00    6.24606126e-03   -2.63152390e-02
1596     5.32000000e-09    2.06078219e+00    4.00922003e+00    9.46949366e-03   -2.60731393e-02
1597     5.32333333e-09    2.05230910e+00    4.00944273e+00    9.07406922e-03   -2.57637880e-02
1598     5.32666667e-09    2.05249917e+00    4.00607877e+00    5.23320812e-03   -2.55050583e-02
1599     5.33000000e-09    2.06127874e+00    4.00040799e+00   -5.92271560e-04   -2.53951896e-02
1600     5.33333333e-09    2.07529369e+00    3.99457095e+00   -6.20280739e-03   -2.54760709e-02
1601     5.33666667e-09    2.08919141e+00    3.99078611e+00   -9.46537575e-03   -2.57173403e-02
1602     5.34000000e-09    2.09766452e+00    3.99051737e+00   -9.11477762e-03   -2.60272542e-02
1603     5.34333333e-09    2.09747658e+00    3.99389042e+00   -5.26248441e-03   -2.62871619e-02
1604     5.34666667e-09    2.08869830e+00    3.99961287e+00    6.14884435e-04   -2.63971960e-02
1605     5.35000000e-09    2.07468203e+00    4.00547275e+00    6.24606128e-03   -2.63152389e-02
1606     5.35333333e-09    2.06078219e+00    4.00922003e+00    9.46949367e-03   -2.60731392e-02
1607     5.35666667e-09    2.05230910e+00    4.00944273e+00    9.07406924e-03   -2.57637879e-02
1608     5.36000000e-09    2.05249916e+00    4.00607877e+00    5.23320811e-03   -2.55050583e-02
1609     5.36333333e-09    2.06127874e+00    4.00040799e+00   -5.92271563e-04   -2.53951896e-02
1610     5.36666667e-09    2.07529369e+00    3.99457095e+00   -6.20280740e-03   -2.54760708e-02
1611     5.37000000e-09    2.08919141e+00    3.99078611e+00   -9.46537576e-03   -2.57173402e-02
1612     5.37333333e-09    2.09766452e+00    3.99051737e+00   -9.11477763e-03   -2.60272542e-02
1613     5.37666667e-09    2.09747658e+00    3.99389042e+00   -5.26248441e-03   -2.62871618e-02
1614     5.38000000e-09    2.08869830e+00    3.99961287e+00    6.14884439e-04   -2.63971959e-02
1615     5.38333333e-09    2.07468203e+00    4.00547275e+00    6.24606129e-03   -2.63152388e-02
1616     5.38666667e-09    2.06078219e+00    4.00922003e+00    9.46949368e-03   -2.60731392e-02
1617     5.39000000e-09    2.05230909e+00    4.00944273e+00    9.07406925e-03   -2.57637879e-02
1618     5.39333333e-09    2.05249916e+00    4.00607877e+00    5.23320811e-03   -2.55050582e-02
1619     5.39666667e-09    2.06127874e+00    4.00040799e+00   -5.92271565e-04   -2.53951895e-02
1620     5.40000000e-09    2.07529368e+00    3.99457095e+00   -6.20280742e-03   -2.54760708e-02
1621     5.40333333e-09    2.08919141e+00    3.99078611e+00   -9.46537576e-03   -2.57173401e-02
1622     5.40666667e-09    2.09766452e+00    3.99051737e+00   -9.11477764e-03   -2.60272541e-02
1623     5.41000000e-09    2.09747657e+00    3.99389042e+00   -5.26248440e-03   -2.62871618e-02
1624     5.41333333e-09    2.08869829e+00    3.99961287e+00    6.14884444e-04   -2.63971958e-02
1625     5.41666667e-09    2.07468203e+00    4.00547275e+00    6.24606131e-03   -2.63152388e-02
1626     5.42000000e-09    2.06078218e+00    4.00922003e+00    9.46949369e-03   -2.60731391e-02
1627     5.42333333e-09    2.05230909e+00    4.00944273e+00    9.07406926e-03   -2.57637878e-02
1628     5.42666667e-09    2.05249916e+00    4.00607877e+00    5.23320810e-03   -2.55050581e-02
1629     5.43000000e-09    2.06127874e+00    4.00040799e+00   -5.92271568e-04   -2.53951894e-02
1630     5.43333333e-09    2.07529368e+00    3.99457095e+00   -6.20280744e-03   -2.54760707e-02
1631     5.43666667e-09    2.08919141e+00    3.99078611e+00   -9.46537577e-03   -2.57173401e-02
1632     5.44000000e-09    2.09766451e+00    3.99051737e+00   -9.11477765e-03   -2.60272540e-02
1633     5.44333333e-09    2.09747657e+00    3.99389042e+00   -5.26248440e-03   -2.62871617e-02
1634     5.44666667e-09    2.08869829e+00    3.99961287e+00    6.14884448e-04   -2.63971958e-02
1635     5.45000000e-09    2.07468202e+00    4.00547275e+00    6.24606132e-03   -2.63152387e-02
1636     5.45333333e-09    2.06078218e+00    4.00922003e+00    9.46949369e-03   -2.60731390e-02
1637     5.45666667e-09    2.05230909e+00    4.00944273e+00    9.07406927e-03   -2.57637877e-02
1638     5.46000000e-09    2.05249916e+00    4.00607877e+00    5.23320810e-03   -2.55050580e-02
1639     5.46333333e-09    2.06127873e+00    4.00040799e+00   -5.92271571e-04   -2.53951894e-02
1640     5.46666667e-09    2.07529368e+00    3.99457095e+00   -6.20280745e-03   -2.54760706e-02
1641     5.47000000e-09    2.08919140e+00    3.99078611e+00   -9.46537578e-03   -2.57173400e-02
1642     5.47333333e-09    2.09766451e+00    3.99051737e+00   -9.11477766e-03   -2.60272540e-02
1643     5.47666667e-09    2.09747657e+00    3.99389042e+00   -5.26248440e-03   -2.62871616e-02
1644     5.48000000e-09    2.08869829e+00    3.99961287e+00    6.14884452e-04   -2.63971957e-02
1645     5.48333333e-09    2.07468202e+00    4.00547275e+00    6.24606134e-03   -2.63152386e-02
1646     5.48666667e-09    2.06078218e+00    4.00922003e+00    9.46949370e-03   -2.60731390e-02
1647     5.49000000e-09    2.05230909e+00    4.00944273e+00    9.07406928e-03   -2.57637876e-02
1648     5.49333333e-09    2.05249915e+00    4.00607877e+00    5.23320809e-03   -2.55050580e-02
1649     5.49666667e-09    2.06127873e+00    4.00040799e+00   -5.92271574e-04   -2.53951893e-02
1650     5.50000000e-09    2.07529368e+00    3.99457095e+00   -6.20280747e-03   -2.54760706e-02
1651     5.50333333e-09    2.08919140e+00    3.99078611e+00   -9.46537579e-03   -2.57173399e-02
1652     5.50666667e-09    2.09766451e+00    3.99051737e+00   -9.11477767e-03   -2.60272539e-02
1653     5.51000000e-09    2.09747657e+00    3.99389042e+00   -5.26248439e-03   -2.62871616e-02
1654     5.51333333e-09    2.08869829e+00    3.99961287e+00    6.14884457e-04   -2.63971956e-02
1655     5.51666667e-09    2.07468202e+00    4.00547275e+00    6.24606135e-03   -2.63152386e-02
1656     5.52000000e-09    2.06078218e+00    4.00922003e+00    9.46949371e-03   -2.60731389e-02
1657     5.52333333e-09    2.05230908e+00    4.00944273e+00    9.07406929e-03   -2.57637876e-02
1658     5.52666667e-09    2.05249915e+00    4.00607877e+00    5.23320809e-03   -2.55050579e-02
1659     5.53000000e-09    2.06127873e+00    4.00040799e+00   -5.92271577e-04   -2.53951892e-02
1660     5.53333333e-09    2.07529367e+00    3.99457095e+00   -6.20280749e-03   -2.54760705e-02
1661     5.53666667e-09    2.08919140e+00    3.99078611e+00   -9.46537579e-03   -2.57173399e-02
1662     5.54000000e-09    2.09766451e+00    3.99051737e+00   -9.11477768e-03   -2.60272538e-02
1663     5.54333333e-09    2.09747656e+00    3.99389042e+00   -5.26248439e-03   -2.62871615e-02
1664     5.54666667e-09    2.08869828e+00    3.99961287e+00    6.14884461e-04   -2.63971956e-02
1665     5.55000000e-09    2.07468202e+00    4.00547275e+00    6.24606137e-03   -2.63152385e-02
1666     5.55333333e-09    2.06078218e+00    4.00922003e+00    9.46949372e-03   -2.60731388e-02
1667     5.55666667e-09    2.05230908e+00    4.00944273e+00    9.07406930e-03   -2.57637875e-02
1668     5.56000000e-09    2.05249915e+00    4.00607877e+00    5.23320808e-03   -2.55050578e-02
1669     5.56333333e-09    2.06127873e+00    4.00040799e+00   -5.92271580e-04   -2.53951892e-02
1670     5.56666667e-09    2.07529367e+00    3.99457095e+00   -6.20280750e-03   -2.54760704e-02
1671     5.57000000e-09    2.08919140e+00    3.99078611e+00   -9.46537580e-03   -2.57173398e-02
1672     5.57333333e-09    2.09766450e+00    3.99051737e+00   -9.11477769e-03   -2.60272538e-02
1673     5.57666667e-09    2.09747656e+00    3.99389042e+00   -5.26248439e-03   -2.62871614e-02
1674     5.58000000e-09    2.08869828e+00    3.99961287e+00    6.14884466e-04   -2.63971955e-02
1675     5.58333333e-09    2.07468201e+00    4.00547275e+00    6.24606138e-03   -2.63152384e-02
1676     5.58666667e-09    2.06078217e+00    4.00922003e+00    9.46949372e-03   -2.60731388e-02
1677     5.59000000e-09    2.05230908e+00    4.00944273e+00    9.07406931e-03   -2.57637874e-02
1678     5.59333333e-09    2.05249915e+00    4.00607877e+00    5.23320808e-03   -2.55050578e-02
1679     5.59666667e-09    2.06127872e+00    4.00040799e+00   -5.92271583e-04   -2.53951891e-02
1680     5.60000000e-09    2.07529367e+00    3.99457095e+00   -6.20280752e-03   -2.54760704e-02
1681     5.60333333e-09    2.08919139e+00    3.99078611e+00   -9.46537581e-03   -2.57173397e-02
1682     5.60666667e-09    2.09766450e+00    3.99051737e+00   -9.11477770e-03   -2.60272537e-02
1683     5.61000000e-09    2.09747656e+00    3.99389042e+00   -5.26248438e-03   -2.62871614e-02
1684     5.61333333e-09    2.08869828e+00    3.99961287e+00    6.14884470e-04   -2.63971954e-02
1685     5.61666667e-09    2.07468201e+00    4.00547275e+00    6.24606140e-03   -2.63152384e-02
1686     5.62000000e-09    2.06078217e+00    4.00922003e+00    9.46949373e-03   -2.60731387e-02
1687     5.62333333e-09    2.05230908e+00    4.00944273e+00    9.07406932e-03   -2.57637874e-02
1688     5.62666667e-09    2.05249914e+00    4.00607877e+00    5.23320807e-03   -2.55050577e-02
1689     5.63000000e-09    2.06127872e+00    4.00040799e+00   -5.92271586e-04   -2.53951890e-02
1690     5.63333333e-09    2.07529367e+00    3.99457095e+00   -6.20280753e-03   -2.54760703e-02
1691     5.63666667e-09    2.08919139e+00    3.99078611e+00   -9.46537582e-03   -2.57173396e-02
1692     5.64000000e-09    2.09766450e+00    3.99051737e+00   -9.11477771e-03   -2.60272536e-02
1693     5.64333333e-09    2.09747656e+00    3.99389042e+00   -5.26248438e-03   -2.62871613e-02
1694     5.64666667e-09    2.08869828e+00    3.99961287e+00    6.14884474e-04   -2.63971954e-02
1695     5.65000000e-09    2.07468201e+00    4.00547275e+00    6.24606141e-03   -2.63152383e-02
1696     5.65333333e-09    2.06078217e+00    4.00922003e+00    9.46949374e-03   -2.60731386e-02
1697     5.65666667e-09    2.05230907e+00    4.00944273e+00    9.07406933e-03   -2.57637873e-02
1698     5.66000000e-09    2.05249914e+00    4.00607877e+00    5.23320807e-03   -2.55050576e-02
1699     5.66333333e-09    2.06127872e+00    4.00040799e+00   -5.92271590e-04   -2.53951890e-02
1700     5.66666667e-09    2.07529367e+00    3.99457095e+00   -6.20280755e-03   -2.54760702e-02
1701     5.67000000e-09    2.08919139e+00    3.99078611e+00   -9.46537582e-03   -2.57173396e-02
1702     5.67333333e-09    2.09766450e+00    3.99051737e+00   -9.11477772e-03   -2.60272536e-02
1703     5.67666667e-09    2.09747655e+00    3.99389042e+00   -5.26248437e-03   -2.62871612e-02
1704     5.68000000e-09    2.08869827e+00    3.99961287e+00    6.14884479e-04   -2.63971953e-02
1705     5.68333333e-09    2.07468201e+00    4.00547275e+00    6.24606142e-03   -2.63152382e-02
1706     5.68666667e-09    2.06078217e+00    4.00922003e+00    9.46949375e-03   -2.60731386e-02
1707     5.69000000e-09    2.05230907e+00    4.00944273e+00    9.07406934e-03   -2.57637872e-02
1708     5.69333333e-09    2.05249914e+00    4.00607877e+00    5.23320806e-03   -2.55050576e-02
1709     5.69666667e-09    2.06127872e+00    4.00040799e+00   -5.92271593e-04   -2.53951889e-02
1710     5.70000000e-09    2.07529366e+00    3.99457095e+00   -6.20280756e-03   -2.54760702e-02
1711     5.70333333e-09    2.08919139e+00    3.99078611e+00   -9.46537583e-03   -2.57173395e-02
1712     5.70666667e-09    2.09766449e+00    3.99051737e+00   -9.11477773e-03   -2.60272535e-02
1713     5.71000000e-09    2.09747655e+00    3.99389042e+00   -5.26248437e-03   -2.62871612e-02
1714     5.71333333e-09    2.08869827e+00    3.99961287e+00    6.14884483e-04   -2.63971952e-02
1715     5.71666667e-09    2.07468200e+00    4.00547275e+00    6.24606144e-03   -2.63152382e-02
1716     5.72000000e-09    2.06078216e+00    4.00922003e+00    9.46949375e-03   -2.60731385e-02
1717     5.72333333e-09    2.05230907e+00    4.00944273e+00    9.07406935e-03   -2.57637872e-02
1718     5.72666667e-09    2.05249914e+00    4.00607877e+00    5.23320806e-03   -2.55050575e-02
1719     5.73000000e-09    2.06127872e+00    4.00040799e+00   -5.92271596e-04   -2.53951888e-02
1720     5.73333333e-09    2.07529366e+00    3.99457095e+00   -6.20280758e-03   -2.54760701e-02
1721     5.73666667e-09    2.08919138e+00    3.99078611e+00   -9.46537584e-03   -2.57173394e-02
1722     5.74000000e-09    2.09766449e+00    3.99051737e+00   -9.11477774e-03   -2.60272534e-02
1723     5.74333333e-09    2.09747655e+00    3.99389042e+00   -5.26248437e-03   -2.62871611e-02
1724     5.74666667e-09    2.08869827e+00    3.99961287e+00    6.14884488e-04   -2.63971952e-02
1725     5.75000000e-09    2.07468200e+00    4.00547275e+00    6.24606145e-03   -2.63152381e-02
1726     5.75333333e-09    2.06078216e+00    4.00922003e+00    9.46949376e-03   -2.60731384e-02
1727     5.75666667e-09    2.05230907e+00    4.00944273e+00    9.07406936e-03   -2.57637871e-02
1728     5.76000000e-09    2.05249913e+00    4.00607877e+00    5.23320806e-03   -2.55050574e-02
1729     5.76333333e-09    2.06127871e+00    4.00040799e+00   -5.92271599e-04   -2.53951888e-02
1730     5.76666667e-09    2.07529366e+00    3.99457095e+00   -6.20280760e-03   -2.54760700e-02
1731     5.77000000e-09    2.08919138e+00    3.99078611e+00   -9.46537585e-03   -2.57173394e-02
1732     5.77333333e-09    2.09766449e+00    3.99051737e+00   -9.11477774e-03   -2.60272534e-02
1733     5.77666667e-09    2.09747655e+00    3.99389042e+00   -5.26248436e-03   -2.62871610e-02
1734     5.78000000e-09    2.08869827e+00    3.99961287e+00    6.14884492e-04   -2.63971951e-02
1735     5.78333333e-09    2.07468200e+00    4.00547275e+00    6.24606147e-03   -2.63152380e-02
1736     5.78666667e-09    2.06078216e+00    4.00922003e+00    9.46949377e-03   -2.60731384e-02
1737     5.79000000e-09    2.05230907e+00    4.00944273e+00    9.07406937e-03   -2.57637870e-02
1738     5.79333333e-09    2.05249913e+00    4.00607877e+00    5.23320805e-03   -2.55050574e-02
1739     5.79666667e-09    2.06127871e+00    4.00040799e+00   -5.92271603e-04   -2.53951887e-02
1740     5.80000000e-09    2.07529366e+00    3.99457095e+00   -6.20280761e-03   -2.54760700e-02
1741     5.80333333e-09    2.08919138e+00    3.99078611e+00   -9.46537585e-03   -2.57173393e-02
1742     5.80666667e-09    2.09766449e+00    3.99051737e+00   -9.11477775e-03   -2.60272533e-02
1743     5.81000000e-09    2.09747655e+00    3.99389042e+00   -5.26248436e-03   -2.62871610e-02
1744     5.81333333e-09    2.08869827e+00    3.99961287e+00    6.14884497e-04   -2.63971950e-02
1745     5.81666667e-09    2.07468200e+00    4.00547275e+00    6.24606148e-03   -2.63152380e-02
1746     5.82000000e-09    2.06078216e+00    4.00922003e+00    9.46949378e-03   -2.60731383e-02
1747     5.82333333e-09    2.05230906e+00    4.00944273e+00    9.07406938e-03   -2.57637870e-02
1748     5.82666667e-09    2.05249913e+00    4.00607877e+00    5.23320805e-03   -2.55050573e-02
1749     5.83000000e-09    2.06127871e+00    4.00040799e+00   -5.92271606e-04   -2.53951886e-02
1750     5.83333333e-09    2.07529365e+00    3.99457095e+00   -6.20280763e-03   -2.54760699e-02
1751     5.83666667e-09    2.08919138e+00    3.99078611e+00   -9.46537586e-03   -2.57173393e-02
1752     5.84000000e-09    2.09766449e+00    3.99051737e+00   -9.11477776e-03   -2.60272532e-02
1753     5.84333333e-09    2.09747654e+00    3.99389042e+00   -5.26248436e-03   -2.62871609e-02
1754     5.84666667e-09    2.08869826e+00    3.99961287e+00    6.14884501e-04   -2.63971950e-02
1755     5.85000000e-09    2.07468200e+00    4.00547275e+00    6.24606149e-03   -2.63152379e-02
1756     5.85333333e-09    2.06078215e+00    4.00922003e+00    9.46949378e-03   -2.60731382e-02
1757     5.85666667e-09    2.05230906e+00    4.00944273e+00    9.07406939e-03   -2.57637869e-02
1758     5.86000000e-09    2.05249913e+00    4.00607877e+00    5.23320804e-03   -2.55050572e-02
1759     5.86333333e-09    2.06127871e+00    4.00040799e+00   -5.92271609e-04   -2.53951886e-02
1760     5.86666667e-09    2.07529365e+00    3.99457095e+00   -6.20280764e-03   -2.54760698e-02
1761     5.87000000e-09    2.08919138e+00    3.99078611e+00   -9.46537587e-03   -2.57173392e-02
1762     5.87333333e-09    2.09766448e+00    3.99051737e+00   -9.11477777e-03   -2.60272532e-02
1763     5.87666667e-09    2.09747654e+00    3.99389042e+00   -5.26248435e-03   -2.62871608e-02
1764     5.88000000e-09    2.08869826e+00    3.99961287e+00    6.14884506e-04   -2.63971949e-02
1765     5.88333333e-09    2.07468199e+00    4.00547275e+00    6.24606151e-03   -2.63152378e-02
1766     5.88666667e-09    2.06078215e+00    4.00922003e+00    9.46949379e-03   -2.60731382e-02
1767     5.89000000e-09    2.05230906e+00    4.00944273e+00    9.07406940e-03   -2.57637868e-02
1768     5.89333333e-09    2.05249913e+00    4.00607877e+00    5.23320804e-03   -2.55050572e-02
1769     5.89666667e-09    2.06127870e+00    4.00040799e+00   -5.92271613e-04   -2.53951885e-02
1770     5.90000000e-09    2.07529365e+00    3.99457095e+00   -6.20280766e-03   -2.54760698e-02
1771     5.90333333e-09    2.08919137e+00    3.99078611e+00   -9.46537588e-03   -2.57173391e-02
1772     5.90666667e-09    2.09766448e+00    3.99051737e+00   -9.11477778e-03   -2.60272531e-02
1773     5.91000000e-09    2.09747654e+00    3.99389042e+00   -5.26248435e-03   -2.62871608e-02
1774     5.91333333e-09    2.08869826e+00    3.99961287e+00    6.14884511e-04   -2.63971948e-02
1775     5.91666667e-09    2.07468199e+00    4.00547275e+00    6.24606152e-03   -2.63152378e-02
1776     5.92000000e-09    2.06078215e+00    4.00922003e+00    9.46949380e-03   -2.60731381e-02
1777     5.92333333e-09    2.05230906e+00    4.00944273e+00    9.07406941e-03   -2.57637868e-02
1778     5.92666667e-09    2.05249912e+00    4.00607877e+00    5.23320804e-03   -2.55050571e-02
1779     5.93000000e-09    2.06127870e+00    4.00040799e+00   -5.92271616e-04   -2.53951884e-02
1780     5.93333333e-09    2.07529365e+00    3.99457095e+00   -6.20280767e-03   -2.54760697e-02
1781     5.93666667e-09    2.08919137e+00    3.99078611e+00   -9.46537588e-03   -2.57173391e-02
1782     5.94000000e-09    2.09766448e+00    3.99051737e+00   -9.11477779e-03   -2.60272530e-02
1783     5.94333333e-09    2.09747654e+00    3.99389042e+00   -5.26248435e-03   -2.62871607e-02
1784     5.94666667e-09    2.08869826e+00    3.99961287e+00    6.14884515e-04   -2.63971948e-02
1785     5.95000000e-09    2.07468199e+00    4.00547275e+00    6.24606153e-03   -2.63152377e-02
1786     5.95333333e-09    2.06078215e+00    4.00922003e+00    9.46949381e-03   -2.60731380e-02
1787     5.95666667e-09    2.05230905e+00    4.00944273e+00    9.07406942e-03   -2.57637867e-02
1788     5.96000000e-09    2.05249912e+00    4.00607877e+00    5.23320803e-03   -2.55050570e-02
1789     5.96333333e-09    2.06127870e+00    4.00040799e+00   -5.92271620e-04   -2.53951884e-02
1790     5.96666667e-09    2.07529364e+00    3.99457095e+00   -6.20280768e-03   -2.54760696e-02
1791     5.97000000e-09    2.08919137e+00    3.99078611e+00   -9.46537589e-03   -2.57173390e-02
1792     5.97333333e-09    2.09766448e+00    3.99051737e+00   -9.11477780e-03   -2.60272530e-02
1793     5.97666667e-09    2.09747653e+00    3.99389042e+00   -5.26248434e-03   -2.62871606e-02
1794     5.98000000e-09    2.08869825e+00    3.99961287e+00    6.14884520e-04   -2.63971947e-02
1795     5.98333333e-09    2.07468199e+00    4.00547275e+00    6.24606155e-03   -2.63152376e-02
1796     5.98666667e-09    2.06078215e+00    4.00922003e+00    9.46949381e-03   -2.60731380e-02
1797     5.99000000e-09    2.05230905e+00    4.00944273e+00    9.07406943e-03   -2.57637866e-02
1798     5.99333333e-09    2.05249912e+00    4.00607877e+00    5.23320803e-03   -2.55050570e-02
1799     5.99666667e-09    2.06127870e+00    4.00040799e+00   -5.92271623e-04   -2.53951883e-02
1800     6.00000000e-09    2.07529364e+00    3.99457095e+00   -6.20280770e-03   -2.54760696e-02
1801     6.00333333e-09    2.08919137e+00    3.99078611e+00   -9.46537590e-03   -2.57173389e-02
1802     6.00666667e-09    2.09766447e+00    3.99051737e+00   -9.11477781e-03   -2.60272529e-02
1803     6.01000000e-09    2.09747653e+00    3.99389042e+00   -5.26248434e-03   -2.62871606e-02
1804     6.01333333e-09    2.08869825e+00    3.99961287e+00    6.14884524e-04   -2.63971947e-02
1805     6.01666667e-09    2.07468198e+00    4.00547275e+00    6.24606156e-03   -2.63152376e-02
1806     6.02000000e-09    2.06078214e+00    4.00922003e+00    9.46949382e-03   -2.60731379e-02
1807     6.02333333e-09    2.05230905e+00    4.00944273e+00    9.07406944e-03   -2.57637866e-02
1808     6.02666667e-09    2.05249912e+00    4.00607877e+00    5.23320802e-03   -2.55050569e-02
1809     6.03000000e-09    2.06127869e+00    4.00040799e+00   -5.92271627e-04   -2.53951882e-02
1810     6.03333333e-09    2.07529364e+00    3.99457095e+00   -6.20280771e-03   -2.54760695e-02
1811     6.03666667e-09    2.08919136e+00    3.99078611e+00   -9.46537591e-03   -2.57173389e-02
1812     6.04000000e-09    2.09766447e+00    3.99051737e+00   -9.11477782e-03   -2.60272528e-02
1813     6.04333333e-09    2.09747653e+00    3.99389042e+00   -5.26248434e-03   -2.62871605e-02
1814     6.04666667e-09    2.08869825e+00    3.99961287e+00    6.14884529e-04   -2.63971946e-02
1815     6.05000000e-09    2.07468198e+00    4.00547275e+00    6.24606157e-03   -2.63152375e-02
1816     6.05333333e-09    2.06078214e+00    4.00922003e+00    9.46949383e-03   -2.60731378e-02
1817     6.05666667e-09    2.05230905e+00    4.00944273e+00    9.07406945e-03   -2.57637865e-02
1818     6.06000000e-09    2.05249911e+00    4.00607877e+00    5.23320802e-03   -2.55050568e-02
1819     6.06333333e-09    2.06127869e+00    4.00040799e+00   -5.92271630e-04   -2.53951882e-02
1820     6.06666667e-09    2.07529364e+00    3.99457095e+00   -6.20280773e-03   -2.54760694e-02
1821     6.07000000e-09    2.08919136e+00    3.99078611e+00   -9.46537591e-03   -2.57173388e-02
1822     6.07333333e-09    2.09766447e+00    3.99051737e+00   -9.11477782e-03   -2.60272528e-02
1823     6.07666667e-09    2.09747653e+00    3.99389042e+00   -5.26248433e-03   -2.62871605e-02
1824     6.08000000e-09    2.08869825e+00    3.99961287e+00    6.14884533e-04   -2.63971945e-02
1825     6.08333333e-09    2.07468198e+00    4.00547275e+00    6.24606158e-03   -2.63152375e-02
1826     6.08666667e-09    2.06078214e+00    4.00922003e+00    9.46949384e-03   -2.60731378e-02
1827     6.09000000e-09    2.05230904e+00    4.00944273e+00    9.07406946e-03   -2.57637864e-02
1828     6.09333333e-09    2.05249911e+00    4.00607877e+00    5.23320802e-03   -2.55050568e-02
1829     6.09666667e-09    2.06127869e+00    4.00040799e+00   -5.92271634e-04   -2.53951881e-02
1830     6.10000000e-09    2.07529364e+00    3.99457095e+00   -6.20280774e-03   -2.54760694e-02
1831     6.10333333e-09    2.08919136e+00    3.99078611e+00   -9.46537592e-03   -2.57173387e-02
1832     6.10666667e-09    2.09766447e+00    3.99051737e+00   -9.11477783e-03   -2.60272527e-02
1833     6.11000000e-09    2.09747653e+00    3.99389042e+00   -5.26248433e-03   -2.62871604e-02
1834     6.11333333e-09    2.08869825e+00    3.99961287e+00    6.14884538e-04   -2.63971945e-02
1835     6.11666667e-09    2.07468198e+00    4.00547275e+00    6.24606160e-03   -2.63152374e-02
1836     6.12000000e-09    2.06078214e+00    4.00922003e+00    9.46949384e-03   -2.60731377e-02
1837     6.12333333e-09    2.05230904e+00    4.00944273e+00    9.07406947e-03   -2.57637864e-02
1838     6.12666667e-09    2.05249911e+00    4.00607877e+00    5.23320801e-03   -2.55050567e-02
1839     6.13000000e-09    2.06127869e+00    4.00040799e+00   -5.92271637e-04   -2.53951880e-02
1840     6.13333333e-09    2.07529363e+00    3.99457095e+00   -6.20280776e-03   -2.54760693e-02
1841     6.13666667e-09    2.08919136e+00    3.99078611e+00   -9.46537593e-03   -2.57173387e-02
1842     6.14000000e-09    2.09766447e+00    3.99051737e+00   -9.11477784e-03   -2.60272527e-02
1843     6.14333333e-09    2.09747652e+00    3.99389042e+00   -5.26248433e-03   -2.62871603e-02
1844     6.14666667e-09    2.08869824e+00    3.99961287e+00    6.14884543e-04   -2.63971944e-02
1845     6.15000000e-09    2.07468198e+00    4.00547275e+00    6.24606161e-03   -2.63152373e-02
1846     6.15333333e-09    2.06078213e+00    4.00922003e+00    9.46949385e-03   -2.60731377e-02
1847     6.15666667e-09    2.05230904e+00    4.00944273e+00    9.07406948e-03   -2.57637863e-02
1848     6.16000000e-09    2.05249911e+00    4.00607877e+00    5.23320801e-03   -2.55050567e-02
1849     6.16333333e-09    2.06127869e+00    4.00040799e+00   -5.92271641e-04   -2.53951880e-02
1850     6.16666667e-09    2.07529363e+00    3.99457095e+00   -6.20280777e-03   -2.54760692e-02
1851     6.17000000e-09    2.08919136e+00    3.99078611e+00   -9.46537594e-03   -2.57173386e-02
1852     6.17333333e-09    2.09766446e+00    3.99051737e+00   -9.11477785e-03   -2.60272526e-02
1853     6.17666667e-09    2.09747652e+00    3.99389042e+00   -5.26248433e-03   -2.62871603e-02
1854     6.18000000e-09    2.08869824e+00    3.99961287e+00    6.14884547e-04   -2.63971943e-02
1855     6.18333333e-09    2.07468197e+00    4.00547275e+00    6.24606162e-03   -2.63152373e-02
1856     6.18666667e-09    2.06078213e+00    4.00922003e+00    9.46949386e-03   -2.60731376e-02
1857     6.19000000e-09    2.05230904e+00    4.00944273e+00    9.07406949e-03   -2.57637863e-02
1858     6.19333333e-09    2.05249911e+00    4.00607877e+00    5.23320801e-03   -2.55050566e-02
1859     6.19666667e-09    2.06127868e+00    4.00040799e+00   -5.92271645e-04   -2.53951879e-02
1860     6.20000000e-09    2.07529363e+00    3.99457095e+00   -6.20280778e-03   -2.54760692e-02
1861     6.20333333e-09    2.08919135e+00    3.99078611e+00   -9.46537594e-03   -2.57173386e-02
1862     6.20666667e-09    2.09766446e+00    3.99051737e+00   -9.11477786e-03   -2.60272525e-02
1863     6.21000000e-09    2.09747652e+00    3.99389042e+00   -5.26248432e-03   -2.62871602e-02
1864     6.21333333e-09    2.08869824e+00    3.99961287e+00    6.14884552e-04   -2.63971943e-02
1865     6.21666667e-09    2.07468197e+00    4.00547275e+00    6.24606164e-03   -2.63152372e-02
1866     6.22000000e-09    2.06078213e+00    4.00922003e+00    9.46949387e-03   -2.60731375e-02
1867     6.22333333e-09    2.05230904e+00    4.00944273e+00    9.07406950e-03   -2.57637862e-02
1868     6.22666667e-09    2.05249910e+00    4.00607877e+00    5.23320800e-03   -2.55050565e-02
1869     6.23000000e-09    2.06127868e+00    4.00040799e+00   -5.92271648e-04   -2.53951879e-02
1870     6.23333333e-09    2.07529363e+00    3.99457095e+00   -6.20280780e-03   -2.54760691e-02
1871     6.23666667e-09    2.08919135e+00    3.99078611e+00   -9.46537595e-03   -2.57173385e-02
1872     6.24000000e-09    2.09766446e+00    3.99051737e+00   -9.11477787e-03   -2.60272525e-02
1873     6.24333333e-09    2.09747652e+00    3.99389042e+00   -5.26248432e-03   -2.62871601e-02
1874     6.24666667e-09    2.08869824e+00    3.99961287e+00    6.14884557e-04   -2.63971942e-02
1875     6.25000000e-09    2.07468197e+00    4.00547275e+00    6.24606165e-03   -2.63152371e-02
1876     6.25333333e-09    2.06078213e+00    4.00922003e+00    9.46949387e-03   -2.60731375e-02
1877     6.25666667e-09    2.05230903e+00    4.00944273e+00    9.07406951e-03   -2.57637861e-02
1878     6.26000000e-09    2.05249910e+00    4.00607877e+00    5.23320800e-03   -2.55050565e-02
1879     6.26333333e-09    2.06127868e+00    4.00040799e+00   -5.92271652e-04   -2.53951878e-02
1880     6.26666667e-09    2.07529362e+00    3.99457095e+00   -6.20280781e-03   -2.54760691e-02
1881     6.27000000e-09    2.08919135e+00    3.99078611e+00   -9.46537596e-03   -2.57173384e-02
1882     6.27333333e-09    2.09766446e+00    3.99051737e+00   -9.11477787e-03   -2.60272524e-02
1883     6.27666667e-09    2.09747651e+00    3.99389042e+00   -5.26248432e-03   -2.62871601e-02
1884     6.28000000e-09    2.08869823e+00    3.99961287e+00    6.14884561e-04   -2.63971942e-02
1885     6.28333333e-09    2.07468197e+00    4.00547275e+00    6.24606166e-03   -2.63152371e-02
1886     6.28666667e-09    2.06078213e+00    4.00922003e+00    9.46949388e-03   -2.60731374e-02
1887     6.29000000e-09    2.05230903e+00    4.00944273e+00    9.07406952e-03   -2.57637861e-02
1888     6.29333333e-09    2.05249910e+00    4.00607877e+00    5.23320800e-03   -2.55050564e-02
1889     6.29666667e-09    2.06127868e+00    4.00040799e+00   -5.92271656e-04   -2.53951877e-02
1890     6.30000000e-09    2.07529362e+00    3.99457095e+00   -6.20280782e-03   -2.54760690e-02
1891     6.30333333e-09    2.08919135e+00    3.99078611e+00   -9.46537597e-03   -2.57173384e-02
1892     6.30666667e-09    2.09766445e+00    3.99051737e+00   -9.11477788e-03   -2.60272523e-02
1893     6.31000000e-09    2.09747651e+00    3.99389042e+00   -5.26248431e-03   -2.62871600e-02
1894     6.31333333e-09    2.08869823e+00    3.99961287e+00    6.14884566e-04   -2.63971941e-02
1895     6.31666667e-09    2.07468196e+00    4.00547275e+00    6.24606167e-03   -2.63152370e-02
1896     6.32000000e-09    2.06078212e+00    4.00922003e+00    9.46949389e-03   -2.60731373e-02
1897     6.32333333e-09    2.05230903e+00    4.00944273e+00    9.07406953e-03   -2.57637860e-02
1898     6.32666667e-09    2.05249910e+00    4.00607877e+00    5.23320799e-03   -2.55050563e-02
1899     6.33000000e-09    2.06127868e+00    4.00040799e+00   -5.92271660e-04   -2.53951877e-02
1900     6.33333333e-09    2.07529362e+00    3.99457095e+00   -6.20280784e-03   -2.54760689e-02
1901     6.33666667e-09    2.08919134e+00    3.99078611e+00   -9.46537597e-03   -2.57173383e-02
1902     6.34000000e-09    2.09766445e+00    3.99051737e+00   -9.11477789e-03   -2.60272523e-02
1903     6.34333333e-09    2.09747651e+00    3.99389042e+00   -5.26248431e-03   -2.62871600e-02
1904     6.34666667e-09    2.08869823e+00    3.99961287e+00    6.14884570e-04   -2.63971940e-02
1905     6.35000000e-09    2.07468196e+00    4.00547275e+00    6.24606168e-03   -2.63152370e-02
1906     6.35333333e-09    2.06078212e+00    4.00922003e+00    9.46949390e-03   -2.60731373e-02
1907     6.35666667e-09    2.05230903e+00    4.00944273e+00    9.07406953e-03   -2.57637859e-02
1908     6.36000000e-09    2.05249909e+00    4.00607877e+00    5.23320799e-03   -2.55050563e-02
1909     6.36333333e-09    2.06127867e+00    4.00040799e+00   -5.92271663e-04   -2.53951876e-02
1910     6.36666667e-09    2.07529362e+00    3.99457095e+00   -6.20280785e-03   -2.54760689e-02
1911     6.37000000e-09    2.08919134e+00    3.99078611e+00   -9.46537598e-03   -2.57173382e-02
1912     6.37333333e-09    2.09766445e+00    3.99051737e+00   -9.11477790e-03   -2.60272522e-02
1913     6.37666667e-09    2.09747651e+00    3.99389042e+00   -5.26248431e-03   -2.62871599e-02
1914     6.38000000e-09    2.08869823e+00    3.99961287e+00    6.14884575e-04   -2.63971940e-02
1915     6.38333333e-09    2.07468196e+00    4.00547275e+00    6.24606170e-03   -2.63152369e-02
1916     6.38666667e-09    2.06078212e+00    4.00922003e+00    9.46949390e-03   -2.60731372e-02
1917     6.39000000e-09    2.05230903e+00    4.00944273e+00    9.07406954e-03   -2.57637859e-02
1918     6.39333333e-09    2.05249909e+00    4.00607877e+00    5.23320799e-03   -2.55050562e-02
1919     6.39666667e-09    2.06127867e+00    4.00040799e+00   -5.92271667e-04   -2.53951875e-02
1920     6.40000000e-09    2.07529362e+00    3.99457095e+00   -6.20280786e-03   -2.54760688e-02
1921     6.40333333e-09    2.08919134e+00    3.99078611e+00   -9.46537599e-03   -2.57173382e-02
1922     6.40666667e-09    2.09766445e+00    3.99051737e+00   -9.11477791e-03   -2.60272522e-02
1923     6.41000000e-09    2.09747651e+00    3.99389042e+00   -5.26248431e-03   -2.62871598e-02
1924     6.41333333e-09    2.08869823e+00    3.99961287e+00    6.14884580e-04   -2.63971939e-02
1925     6.41666667e-09    2.07468196e+00    4.00547275e+00    6.24606171e-03   -2.63152368e-02
1926     6.42000000e-09    2.06078212e+00    4.00922003e+00    9.46949391e-03   -2.60731372e-02
1927     6.42333333e-09    2.05230902e+00    4.00944273e+00    9.07406955e-03   -2.57637858e-02
1928     6.42666667e-09    2.05249909e+00    4.00607877e+00    5.23320798e-03   -2.55050562e-02
1929     6.43000000e-09    2.06127867e+00    4.00040799e+00   -5.92271671e-04   -2.53951875e-02
1930     6.43333333e-09    2.07529361e+00    3.99457095e+00   -6.20280788e-03   -2.54760687e-02
1931     6.43666667e-09    2.08919134e+00    3.99078611e+00   -9.46537600e-03   -2.57173381e-02
1932     6.44000000e-09    2.09766445e+00    3.99051737e+00   -9.11477791e-03   -2.60272521e-02
1933     6.44333333e-09    2.09747650e+00    3.99389042e+00   -5.26248430e-03   -2.62871598e-02
1934     6.44666667e-09    2.08869822e+00    3.99961287e+00    6.14884584e-04   -2.63971939e-02
1935     6.45000000e-09    2.07468196e+00    4.00547275e+00    6.24606172e-03   -2.63152368e-02
1936     6.45333333e-09    2.06078211e+00    4.00922003e+00    9.46949392e-03   -2.60731371e-02
1937     6.45666667e-09    2.05230902e+00    4.00944273e+00    9.07406956e-03   -2.57637858e-02
1938     6.46000000e-09    2.05249909e+00    4.00607877e+00    5.23320798e-03   -2.55050561e-02
1939     6.46333333e-09    2.06127867e+00    4.00040799e+00   -5.92271675e-04   -2.53951874e-02
1940     6.46666667e-09    2.07529361e+00    3.99457095e+00   -6.20280789e-03   -2.54760687e-02
1941     6.47000000e-09    2.08919134e+00    3.99078611e+00   -9.46537600e-03   -2.57173381e-02
1942     6.47333333e-09    2.09766444e+00    3.99051737e+00   -9.11477792e-03   -2.60272520e-02
1943     6.47666667e-09    2.09747650e+00    3.99389042e+00   -5.26248430e-03   -2.62871597e-02
1944     6.48000000e-09    2.08869822e+00    3.99961287e+00    6.14884589e-04   -2.63971938e-02
1945     6.48333333e-09    2.07468195e+00    4.00547275e+00    6.24606173e-03   -2.63152367e-02
1946     6.48666667e-09    2.06078211e+00    4.00922003e+00    9.46949393e-03   -2.60731370e-02
1947     6.49000000e-09    2.05230902e+00    4.00944273e+00    9.07406957e-03   -2.57637857e-02
1948     6.49333333e-09    2.05249909e+00    4.00607877e+00    5.23320798e-03   -2.55050560e-02
1949     6.49666667e-09    2.06127866e+00    4.00040799e+00   -5.92271679e-04   -2.53951874e-02
1950     6.50000000e-09    2.07529361e+00    3.99457095e+00   -6.20280790e-03   -2.54760686e-02
1951     6.50333333e-09    2.08919133e+00    3.99078611e+00   -9.46537601e-03   -2.57173380e-02
1952     6.50666667e-09    2.09766444e+00    3.99051737e+00   -9.11477793e-03   -2.60272520e-02
1953     6.51000000e-09    2.09747650e+00    3.99389042e+00   -5.26248430e-03   -2.62871597e-02
1954     6.51333333e-09    2.08869822e+00    3.99961287e+00    6.14884594e-04   -2.63971937e-02
1955     6.51666667e-09    2.07468195e+00    4.00547275e+00    6.24606174e-03   -2.63152367e-02
1956     6.52000000e-09    2.06078211e+00    4.00922003e+00    9.46949393e-03   -2.60731370e-02
1957     6.52333333e-09    2.05230902e+00    4.00944273e+00    9.07406958e-03   -2.57637856e-02
1958     6.52666667e-09    2.05249908e+00    4.00607877e+00    5.23320797e-03   -2.55050560e-02
1959     6.53000000e-09    2.06127866e+00    4.00040799e+00   -5.92271682e-04   -2.53951873e-02
1960     6.53333333e-09    2.07529361e+00    3.99457095e+00   -6.20280792e-03   -2.54760686e-02
1961     6.53666667e-09    2.08919133e+00    3.99078611e+00   -9.46537602e-03   -2.57173379e-02
1962     6.54000000e-09    2.09766444e+00    3.99051737e+00   -9.11477794e-03   -2.60272519e-02
1963     6.54333333e-09    2.09747650e+00    3.99389042e+00   -5.26248430e-03   -2.62871596e-02
1964     6.54666667e-09    2.08869822e+00    3.99961287e+00    6.14884598e-04   -2.63971937e-02
1965     6.55000000e-09    2.07468195e+00    4.00547275e+00    6.24606176e-03   -2.63152366e-02
1966     6.55333333e-09    2.06078211e+00    4.00922003e+00    9.46949394e-03   -2.60731369e-02
1967     6.55666667e-09    2.05230901e+00    4.00944273e+00    9.07406959e-03   -2.57637856e-02
1968     6.56000000e-09    2.05249908e+00    4.00607877e+00    5.23320797e-03   -2.55050559e-02
1969     6.56333333e-09    2.06127866e+00    4.00040799e+00   -5.92271686e-04   -2.53951872e-02
1970     6.56666667e-09    2.07529361e+00    3.99457095e+00   -6.20280793e-03   -2.54760685e-02
1971     6.57000000e-09    2.08919133e+00    3.99078611e+00   -9.46537603e-03   -2.57173379e-02
1972     6.57333333e-09    2.09766444e+00    3.99051737e+00   -9.11477794e-03   -2.60272519e-02
1973     6.57666667e-09    2.09747650e+00    3.99389042e+00   -5.26248429e-03   -2.62871595e-02
1974     6.58000000e-09    2.08869822e+00    3.99961287e+00    6.14884603e-04   -2.63971936e-02
1975     6.58333333e-09    2.07468195e+00    4.00547275e+00    6.24606177e-03   -2.63152365e-02
1976     6.58666667e-09    2.06078211e+00    4.00922003e+00    9.46949395e-03   -2.60731369e-02
1977     6.59000000e-09    2.05230901e+00    4.00944273e+00    9.07406959e-03   -2.57637855e-02
1978     6.59333333e-09    2.05249908e+00    4.00607877e+00    5.23320797e-03   -2.55050559e-02
1979     6.59666667e-09    2.06127866e+00    4.00040799e+00   -5.92271690e-04   -2.53951872e-02
1980     6.60000000e-09    2.07529360e+00    3.99457095e+00   -6.20280794e-03   -2.54760685e-02
1981     6.60333333e-09    2.08919133e+00    3.99078611e+00   -9.46537603e-03   -2.57173378e-02
1982     6.60666667e-09    2.09766444e+00    3.99051737e+00   -9.11477795e-03   -2.60272518e-02
1983     6.61000000e-09    2.09747649e+00    3.99389042e+00   -5.26248429e-03   -2.62871595e-02
1984     6.61333333e-09    2.08869821e+00    3.99961287e+00    6.14884608e-04   -2.63971936e-02
1985     6.61666667e-09    2.07468195e+00    4.00547275e+00    6.24606178e-03   -2.63152365e-02
1986     6.62000000e-09    2.06078210e+00    4.00922003e+00    9.46949396e-03   -2.60731368e-02
1987     6.62333333e-09    2.05230901e+00    4.00944273e+00    9.07406960e-03   -2.57637855e-02
1988     6.62666667e-09    2.05249908e+00    4.00607877e+00    5.23320797e-03   -2.55050558e-02
1989     6.63000000e-09    2.06127866e+00    4.00040799e+00   -5.92271694e-04   -2.53951871e-02
1990     6.63333333e-09    2.07529360e+00    3.99457095e+00   -6.20280795e-03   -2.54760684e-02
1991     6.63666667e-09    2.08919133e+00    3.99078611e+00   -9.46537604e-03   -2.57173378e-02
1992     6.64000000e-09    2.09766443e+00    3.99051737e+00   -9.11477796e-03   -2.60272518e-02
1993     6.64333333e-09    2.09747649e+00    3.99389042e+00   -5.26248429e-03   -2.62871594e-02
1994     6.64666667e-09    2.08869821e+00    3.99961287e+00    6.14884612e-04   -2.63971935e-02
1995     6.65000000e-09    2.07468194e+00    4.00547275e+00    6.24606179e-03   -2.63152364e-02
1996     6.65333333e-09    2.06078210e+00    4.00922003e+00    9.46949396e-03   -2.60731367e-02
1997     6.65666667e-09    2.05230901e+00    4.00944273e+00    9.07406961e-03   -2.57637854e-02
1998     6.66000000e-09    2.05249908e+00    4.00607877e+00    5.23320796e-03   -2.55050557e-02
1999     6.66333333e-09    2.06127865e+00    4.00040799e+00   -5.92271698e-04   -2.53951871e-02
2000     6.66666667e-09    2.07529360e+00    3.99457095e+00   -6.20280797e-03   -2.54760683e-02
2001     6.67000000e-09    2.08919132e+00    3.99078611e+00   -9.46537605e-03   -2.57173377e-02
2002     6.67333333e-09    2.09766443e+00    3.99051737e+00   -9.11477797e-03   -2.60272517e-02
2003     6.67666667e-09    2.09747649e+00    3.99389042e+00   -5.26248429e-03   -2.62871594e-02
2004     6.68000000e-09    2.08869821e+00    3.99961287e+00    6.14884617e-04   -2.63971934e-02
2005     6.68333333e-09    2.07468194e+00    4.00547275e+00    6.24606180e-03   -2.63152364e-02
2006     6.68666667e-09    2.06078210e+00    4.00922003e+00    9.46949397e-03   -2.60731367e-02
2007     6.69000000e-09    2.05230901e+00    4.00944273e+00    9.07406962e-03   -2.57637853e-02
2008     6.69333333e-09    2.05249907e+00    4.00607877e+00    5.23320796e-03   -2.55050557e-02
2009     6.69666667e-09    2.06127865e+00    4.00040799e+00   -5.92271702e-04   -2.53951870e-02
2010     6.70000000e-09    2.07529360e+00    3.99457095e+00   -6.20280798e-03   -2.54760683e-02
2011     6.70333333e-09    2.08919132e+00    3.99078611e+00   -9.46537606e-03   -2.57173376e-02
2012     6.70666667e-09    2.09766443e+00    3.99051737e+00   -9.11477797e-03   -2.60272516e-02
2013     6.71000000e-09    2.09747649e+00    3.99389042e+00   -5.26248428e-03   -2.62871593e-02
2014     6.71333333e-09    2.08869821e+00    3.99961287e+00    6.14884622e-04   -2.63971934e-02
2015     6.71666667e-09    2.07468194e+00    4.00547275e+00    6.24606181e-03   -2.63152363e-02
2016     6.72000000e-09    2.06078210e+00    4.00922003e+00    9.46949398e-03   -2.60731366e-02
2017     6.72333333e-09    2.05230900e+00    4.00944273e+00    9.07406963e-03   -2.57637853e-02
2018     6.72666667e-09    2.05249907e+00    4.00607877e+00    5.23320796e-03   -2.55050556e-02
2019     6.73000000e-09    2.06127865e+00    4.00040799e+00   -5.92271706e-04   -2.53951869e-02
2020     6.73333333e-09    2.07529360e+00    3.99457095e+00   -6.20280799e-03   -2.54760682e-02
2021     6.73666667e-09    2.08919132e+00    3.99078611e+00   -9.46537606e-03   -2.57173376e-02
2022     6.74000000e-09    2.09766443e+00    3.99051737e+00   -9.11477798e-03   -2.60272516e-02
2023     6.74333333e-09    2.09747649e+00    3.99389042e+00   -5.26248428e-03   -2.62871593e-02
2024     6.74666667e-09    2.08869821e+00    3.99961287e+00    6.14884626e-04   -2.63971933e-02
2025     6.75000000e-09    2.07468194e+00    4.00547275e+00    6.24606182e-03   -2.63152363e-02
2026     6.75333333e-09    2.06078210e+00    4.00922003e+00    9.46949399e-03   -2.60731366e-02
2027     6.75666667e-09    2.05230900e+00    4.00944273e+00    9.07406963e-03   -2.57637852e-02
2028     6.76000000e-09    2.05249907e+00    4.00607877e+00    5.23320795e-03   -2.55050556e-02
2029     6.76333333e-09    2.06127865e+00    4.00040799e+00   -5.92271710e-04   -2.53951869e-02
2030     6.76666667e-09    2.07529359e+00    3.99457095e+00   -6.20280800e-03   -2.54760682e-02
2031     6.77000000e-09    2.08919132e+00    3.99078611e+00   -9.46537607e-03   -2.57173375e-02
2032     6.77333333e-09    2.09766443e+00    3.99051737e+00   -9.11477799e-03   -2.60272515e-02
2033     6.77666667e-09    2.09747648e+00    3.99389042e+00   -5.26248428e-03   -2.62871592e-02
2034     6.78000000e-09    2.08869820e+00    3.99961287e+00    6.14884631e-04   -2.63971933e-02
2035     6.78333333e-09    2.07468194e+00    4.00547275e+00    6.24606184e-03   -2.63152362e-02
2036     6.78666667e-09    2.06078209e+00    4.00922003e+00    9.46949399e-03   -2.60731365e-02
2037     6.79000000e-09    2.05230900e+00    4.00944273e+00    9.07406964e-03   -2.57637852e-02
2038     6.79333333e-09    2.05249907e+00    4.00607877e+00    5.23320795e-03   -2.55050555e-02
2039     6.79666667e-09    2.06127865e+00    4.00040799e+00   -5.92271714e-04   -2.53951868e-02
2040     6.80000000e-09    2.07529359e+00    3.99457095e+00   -6.20280802e-03   -2.54760681e-02
2041     6.80333333e-09    2.08919132e+00    3.99078611e+00   -9.46537608e-03   -2.57173375e-02
2042     6.80666667e-09    2.09766442e+00    3.99051737e+00   -9.11477799e-03   -2.60272515e-02
2043     6.81000000e-09    2.09747648e+00    3.99389042e+00   -5.26248428e-03   -2.62871591e-02
2044     6.81333333e-09    2.08869820e+00    3.99961287e+00    6.14884635e-04   -2.63971932e-02
2045     6.81666667e-09    2.07468193e+00    4.00547275e+00    6.24606185e-03   -2.63152361e-02
2046     6.82000000e-09    2.06078209e+00    4.00922003e+00    9.46949400e-03   -2.60731365e-02
2047     6.82333333e-09    2.05230900e+00    4.00944273e+00    9.07406965e-03   -2.57637851e-02
2048     6.82666667e-09    2.05249907e+00    4.00607877e+00    5.23320795e-03   -2.55050554e-02
2049     6.83000000e-09    2.06127864e+00    4.00040799e+00   -5.92271718e-04   -2.53951868e-02
2050     6.83333333e-09    2.07529359e+00    3.99457095e+00   -6.20280803e-03   -2.54760680e-02
2051     6.83666667e-09    2.08919131e+00    3.99078611e+00   -9.46537609e-03   -2.57173374e-02
2052     6.84000000e-09    2.09766442e+00    3.99051737e+00   -9.11477800e-03   -2.60272514e-02
2053     6.84333333e-09    2.09747648e+00    3.99389042e+00   -5.26248427e-03   -2.62871591e-02
2054     6.84666667e-09    2.08869820e+00    3.99961287e+00    6.14884640e-04   -2.63971932e-02
2055     6.85000000e-09    2.07468193e+00    4.00547275e+00    6.24606186e-03   -2.63152361e-02
2056     6.85333333e-09    2.06078209e+00    4.00922003e+00    9.46949401e-03   -2.60731364e-02
2057     6.85666667e-09    2.05230900e+00    4.00944273e+00    9.07406966e-03   -2.57637851e-02
2058     6.86000000e-09    2.05249906e+00    4.00607877e+00    5.23320795e-03   -2.55050554e-02
2059     6.86333333e-09    2.06127864e+00    4.00040799e+00   -5.92271722e-04   -2.53951867e-02
2060     6.86666667e-09    2.07529359e+00    3.99457095e+00   -6.20280804e-03   -2.54760680e-02
2061     6.87000000e-09    2.08919131e+00    3.99078611e+00   -9.46537609e-03   -2.57173374e-02
2062     6.87333333e-09    2.09766442e+00    3.99051737e+00   -9.11477801e-03   -2.60272514e-02
2063     6.87666667e-09    2.09747648e+00    3.99389042e+00   -5.26248427e-03   -2.62871590e-02
2064     6.88000000e-09    2.08869820e+00    3.99961287e+00    6.14884645e-04   -2.63971931e-02
2065     6.88333333e-09    2.07468193e+00    4.00547275e+00    6.24606187e-03   -2.63152360e-02
2066     6.88666667e-09    2.06078209e+00    4.00922003e+00    9.46949402e-03   -2.60731363e-02
2067     6.89000000e-09    2.05230899e+00    4.00944273e+00    9.07406966e-03   -2.57637850e-02
2068     6.89333333e-09    2.05249906e+00    4.00607877e+00    5.23320794e-03   -2.55050553e-02
2069     6.89666667e-09    2.06127864e+00    4.00040799e+00   -5.92271726e-04   -2.53951867e-02
2070     6.90000000e-09    2.07529359e+00    3.99457095e+00   -6.20280805e-03   -2.54760679e-02
2071     6.90333333e-09    2.08919131e+00    3.99078611e+00   -9.46537610e-03   -2.57173373e-02
2072     6.90666667e-09    2.09766442e+00    3.99051737e+00   -9.11477802e-03   -2.60272513e-02
2073     6.91000000e-09    2.09747648e+00    3.99389042e+00   -5.26248427e-03   -2.62871590e-02
2074     6.91333333e-09    2.08869820e+00    3.99961287e+00    6.14884649e-04   -2.63971930e-02
2075     6.91666667e-09    2.07468193e+00    4.00547275e+00    6.24606188e-03   -2.63152360e-02
2076     6.92000000e-09    2.06078209e+00    4.00922003e+00    9.46949402e-03   -2.60731363e-02
2077     6.92333333e-09    2.05230899e+00    4.00944273e+00    9.07406967e-03   -2.57637849e-02
2078     6.92666667e-09    2.05249906e+00    4.00607877e+00    5.23320794e-03   -2.55050553e-02
2079     6.93000000e-09    2.06127864e+00    4.00040799e+00   -5.92271730e-04   -2.53951866e-02
2080     6.93333333e-09    2.07529358e+00    3.99457095e+00   -6.20280806e-03   -2.54760679e-02
2081     6.93666667e-09    2.08919131e+00    3.99078611e+00   -9.46537611e-03   -2.57173372e-02
2082     6.94000000e-09    2.09766442e+00    3.99051737e+00   -9.11477802e-03   -2.60272512e-02
2083     6.94333333e-09    2.09747647e+00    3.99389042e+00   -5.26248427e-03   -2.62871589e-02
2084     6.94666667e-09    2.08869819e+00    3.99961287e+00    6.14884654e-04   -2.63971930e-02
2085     6.95000000e-09    2.07468193e+00    4.00547275e+00    6.24606189e-03   -2.63152359e-02
2086     6.95333333e-09    2.06078208e+00    4.00922003e+00    9.46949403e-03   -2.60731362e-02
2087     6.95666667e-09    2.05230899e+00    4.00944273e+00    9.07406968e-03   -2.57637849e-02
2088     6.96000000e-09    2.05249906e+00    4.00607877e+00    5.23320794e-03   -2.55050552e-02
2089     6.96333333e-09    2.06127864e+00    4.00040799e+00   -5.92271734e-04   -2.53951865e-02
2090     6.96666667e-09    2.07529358e+00    3.99457095e+00   -6.20280808e-03   -2.54760678e-02
2091     6.97000000e-09    2.08919131e+00    3.99078611e+00   -9.46537612e-03   -2.57173372e-02
2092     6.97333333e-09    2.09766441e+00    3.99051737e+00   -9.11477803e-03   -2.60272512e-02
2093     6.97666667e-09    2.09747647e+00    3.99389042e+00   -5.26248427e-03   -2.62871589e-02
2094     6.98000000e-09    2.08869819e+00    3.99961287e+00    6.14884659e-04   -2.63971929e-02
2095     6.98333333e-09    2.07468192e+00    4.00547275e+00    6.24606190e-03   -2.63152359e-02
2096     6.98666667e-09    2.06078208e+00    4.00922003e+00    9.46949404e-03   -2.60731362e-02
2097     6.99000000e-09    2.05230899e+00    4.00944273e+00    9.07406969e-03   -2.57637848e-02
2098     6.99333333e-09    2.05249906e+00    4.00607877e+00    5.23320794e-03   -2.55050552e-02
2099     6.99666667e-09    2.06127863e+00    4.00040799e+00   -5.92271738e-04   -2.53951865e-02
2100     7.00000000e-09    2.07529358e+00    3.99457095e+00   -6.20280809e-03   -2.54760678e-02
2101     7.00333333e-09    2.08919130e+00    3.99078611e+00   -9.46537612e-03   -2.57173371e-02
2102     7.00666667e-09    2.09766441e+00    3.99051737e+00   -9.11477804e-03   -2.60272511e-02
2103     7.01000000e-09    2.09747647e+00    3.99389042e+00   -5.26248426e-03   -2.62871588e-02
2104     7.01333333e-09    2.08869819e+00    3.99961287e+00    6.14884663e-04   -2.63971929e-02
2105     7.01666667e-09    2.07468192e+00    4.00547275e+00    6.24606191e-03   -2.63152358e-02
2106     7.02000000e-09    2.06078208e+00    4.00922003e+00    9.46949405e-03   -2.60731361e-02
2107     7.02333333e-09    2.05230899e+00    4.00944273e+00    9.07406969e-03   -2.57637848e-02
2108     7.02666667e-09    2.05249905e+00    4.00607877e+00    5.23320793e-03   -2.55050551e-02
2109     7.03000000e-09    2.06127863e+00    4.00040799e+00   -5.92271742e-04   -2.53951864e-02
2110     7.03333333e-09    2.07529358e+00    3.99457095e+00   -6.20280810e-03   -2.54760677e-02
2111     7.03666667e-09    2.08919130e+00    3.99078611e+00   -9.46537613e-03   -2.57173371e-02
2112     7.04000000e-09    2.09766441e+00    3.99051737e+00   -9.11477804e-03   -2.60272511e-02
2113     7.04333333e-09    2.09747647e+00    3.99389042e+00   -5.26248426e-03   -2.62871588e-02
2114     7.04666667e-09    2.08869819e+00    3.99961287e+00    6.14884668e-04   -2.63971928e-02
2115     7.05000000e-09    2.07468192e+00    4.00547275e+00    6.24606192e-03   -2.63152357e-02
2116     7.05333333e-09    2.06078208e+00    4.00922003e+00    9.46949405e-03   -2.60731361e-02
2117     7.05666667e-09    2.05230898e+00    4.00944273e+00    9.07406970e-03   -2.57637847e-02
2118     7.06000000e-09    2.05249905e+00    4.00607877e+00    5.23320793e-03   -2.55050550e-02
2119     7.06333333e-09    2.06127863e+00    4.00040799e+00   -5.92271746e-04   -2.53951864e-02
2120     7.06666667e-09    2.07529358e+00    3.99457095e+00   -6.20280811e-03   -2.54760676e-02
2121     7.07000000e-09    2.08919130e+00    3.99078611e+00   -9.46537614e-03   -2.57173370e-02
2122     7.07333333e-09    2.09766441e+00    3.99051737e+00   -9.11477805e-03   -2.60272510e-02
2123     7.07666667e-09    2.09747647e+00    3.99389042e+00   -5.26248426e-03   -2.62871587e-02
2124     7.08000000e-09    2.08869819e+00    3.99961287e+00    6.14884673e-04   -2.63971928e-02
2125     7.08333333e-09    2.07468192e+00    4.00547275e+00    6.24606193e-03   -2.63152357e-02
2126     7.08666667e-09    2.06078208e+00    4.00922003e+00    9.46949406e-03   -2.60731360e-02
2127     7.09000000e-09    2.05230898e+00    4.00944273e+00    9.07406971e-03   -2.57637847e-02
2128     7.09333333e-09    2.05249905e+00    4.00607877e+00    5.23320793e-03   -2.55050550e-02
2129     7.09666667e-09    2.06127863e+00    4.00040799e+00   -5.92271750e-04   -2.53951863e-02
2130     7.10000000e-09    2.07529357e+00    3.99457095e+00   -6.20280812e-03   -2.54760676e-02
2131     7.10333333e-09    2.08919130e+00    3.99078611e+00   -9.46537614e-03   -2.57173370e-02
2132     7.10666667e-09    2.09766441e+00    3.99051737e+00   -9.11477806e-03   -2.60272510e-02
2133     7.11000000e-09    2.09747646e+00    3.99389042e+00   -5.26248426e-03   -2.62871586e-02
2134     7.11333333e-09    2.08869818e+00    3.99961287e+00    6.14884677e-04   -2.63971927e-02
2135     7.11666667e-09    2.07468192e+00    4.00547275e+00    6.24606194e-03   -2.63152356e-02
2136     7.12000000e-09    2.06078207e+00    4.00922003e+00    9.46949407e-03   -2.60731359e-02
2137     7.12333333e-09    2.05230898e+00    4.00944273e+00    9.07406972e-03   -2.57637846e-02
2138     7.12666667e-09    2.05249905e+00    4.00607877e+00    5.23320793e-03   -2.55050549e-02
2139     7.13000000e-09    2.06127863e+00    4.00040799e+00   -5.92271754e-04   -2.53951863e-02
2140     7.13333333e-09    2.07529357e+00    3.99457095e+00   -6.20280813e-03   -2.54760675e-02
2141     7.13666667e-09    2.08919130e+00    3.99078611e+00   -9.46537615e-03   -2.57173369e-02
2142     7.14000000e-09    2.09766440e+00    3.99051737e+00   -9.11477806e-03   -2.60272509e-02
2143     7.14333333e-09    2.09747646e+00    3.99389042e+00   -5.26248426e-03   -2.62871586e-02
2144     7.14666667e-09    2.08869818e+00    3.99961287e+00    6.14884682e-04   -2.63971927e-02
2145     7.15000000e-09    2.07468191e+00    4.00547275e+00    6.24606195e-03   -2.63152356e-02
2146     7.15333333e-09    2.06078207e+00    4.00922003e+00    9.46949407e-03   -2.60731359e-02
2147     7.15666667e-09    2.05230898e+00    4.00944273e+00    9.07406972e-03   -2.57637846e-02
2148     7.16000000e-09    2.05249905e+00    4.00607877e+00    5.23320793e-03   -2.55050549e-02
2149     7.16333333e-09    2.06127862e+00    4.00040799e+00   -5.92271758e-04   -2.53951862e-02
2150     7.16666667e-09    2.07529357e+00    3.99457095e+00   -6.20280814e-03   -2.54760675e-02
2151     7.17000000e-09    2.08919129e+00    3.99078611e+00   -9.46537616e-03   -2.57173369e-02
2152     7.17333333e-09    2.09766440e+00    3.99051737e+00   -9.11477807e-03   -2.60272509e-02
2153     7.17666667e-09    2.09747646e+00    3.99389042e+00   -5.26248425e-03   -2.62871585e-02
2154     7.18000000e-09    2.08869818e+00    3.99961287e+00    6.14884686e-04   -2.63971926e-02
2155     7.18333333e-09    2.07468191e+00    4.00547275e+00    6.24606196e-03   -2.63152355e-02
2156     7.18666667e-09    2.06078207e+00    4.00922003e+00    9.46949408e-03   -2.60731358e-02
2157     7.19000000e-09    2.05230898e+00    4.00944273e+00    9.07406973e-03   -2.57637845e-02
2158     7.19333333e-09    2.05249904e+00    4.00607877e+00    5.23320792e-03   -2.55050548e-02
2159     7.19666667e-09    2.06127862e+00    4.00040799e+00   -5.92271762e-04   -2.53951862e-02
2160     7.20000000e-09    2.07529357e+00    3.99457095e+00   -6.20280816e-03   -2.54760674e-02
2161     7.20333333e-09    2.08919129e+00    3.99078611e+00   -9.46537617e-03   -2.57173368e-02
2162     7.20666667e-09    2.09766440e+00    3.99051737e+00   -9.11477808e-03   -2.60272508e-02
2163     7.21000000e-09    2.09747646e+00    3.99389042e+00   -5.26248425e-03   -2.62871585e-02
2164     7.21333333e-09    2.08869818e+00    3.99961287e+00    6.14884691e-04   -2.63971925e-02
2165     7.21666667e-09    2.07468191e+00    4.00547275e+00    6.24606197e-03   -2.63152355e-02
2166     7.22000000e-09    2.06078207e+00    4.00922003e+00    9.46949409e-03   -2.60731358e-02
2167     7.22333333e-09    2.05230898e+00    4.00944273e+00    9.07406974e-03   -2.57637844e-02
2168     7.22666667e-09    2.05249904e+00    4.00607877e+00    5.23320792e-03   -2.55050548e-02
2169     7.23000000e-09    2.06127862e+00    4.00040799e+00   -5.92271766e-04   -2.53951861e-02
2170     7.23333333e-09    2.07529357e+00    3.99457095e+00   -6.20280817e-03   -2.54760674e-02
2171     7.23666667e-09    2.08919129e+00    3.99078611e+00   -9.46537617e-03   -2.57173368e-02
2172     7.24000000e-09    2.09766440e+00    3.99051737e+00   -9.11477808e-03   -2.60272507e-02
2173     7.24333333e-09    2.09747646e+00    3.99389042e+00   -5.26248425e-03   -2.62871584e-02
2174     7.24666667e-09    2.08869818e+00    3.99961287e+00    6.14884696e-04   -2.63971925e-02
2175     7.25000000e-09    2.07468191e+00    4.00547275e+00    6.24606199e-03   -2.63152354e-02
2176     7.25333333e-09    2.06078207e+00    4.00922003e+00    9.46949410e-03   -2.60731357e-02
2177     7.25666667e-09    2.05230897e+00    4.00944273e+00    9.07406975e-03   -2.57637844e-02
2178     7.26000000e-09    2.05249904e+00    4.00607877e+00    5.23320792e-03   -2.55050547e-02
2179     7.26333333e-09    2.06127862e+00    4.00040799e+00   -5.92271770e-04   -2.53951860e-02
2180     7.26666667e-09    2.07529356e+00    3.99457095e+00   -6.20280818e-03   -2.54760673e-02
2181     7.27000000e-09    2.08919129e+00    3.99078611e+00   -9.46537618e-03   -2.57173367e-02
2182     7.27333333e-09    2.09766440e+00    3.99051737e+00   -9.11477809e-03   -2.60272507e-02
2183     7.27666667e-09    2.09747645e+00    3.99389042e+00   -5.26248425e-03   -2.62871584e-02
2184     7.28000000e-09    2.08869817e+00    3.99961287e+00    6.14884700e-04   -2.63971924e-02
2185     7.28333333e-09    2.07468191e+00    4.00547275e+00    6.24606200e-03   -2.63152354e-02
2186     7.28666667e-09    2.06078207e+00    4.00922003e+00    9.46949410e-03   -2.60731357e-02
2187     7.29000000e-09    2.05230897e+00    4.00944273e+00    9.07406975e-03   -2.57637843e-02
2188     7.29333333e-09    2.05249904e+00    4.00607877e+00    5.23320792e-03   -2.55050547e-02
2189     7.29666667e-09    2.06127862e+00    4.00040799e+00   -5.92271774e-04   -2.53951860e-02
2190     7.30000000e-09    2.07529356e+00    3.99457095e+00   -6.20280819e-03   -2.54760673e-02
2191     7.30333333e-09    2.08919129e+00    3.99078611e+00   -9.46537619e-03   -2.57173366e-02
2192     7.30666667e-09    2.09766439e+00    3.99051737e+00   -9.11477810e-03   -2.60272506e-02
2193     7.31000000e-09    2.09747645e+00    3.99389042e+00   -5.26248425e-03   -2.62871583e-02
2194     7.31333333e-09    2.08869817e+00    3.99961287e+00    6.14884705e-04   -2.63971924e-02
2195     7.31666667e-09    2.07468190e+00    4.00547275e+00    6.24606201e-03   -2.63152353e-02
2196     7.32000000e-09    2.06078206e+00    4.00922003e+00    9.46949411e-03   -2.60731356e-02
2197     7.32333333e-09    2.05230897e+00    4.00944273e+00    9.07406976e-03   -2.57637843e-02
2198     7.32666667e-09    2.05249904e+00    4.00607877e+00    5.23320792e-03   -2.55050546e-02
2199     7.33000000e-09    2.06127862e+00    4.00040799e+00   -5.92271778e-04   -2.53951859e-02
2200     7.33333333e-09    2.07529356e+00    3.99457095e+00   -6.20280820e-03   -2.54760672e-02
2201     7.33666667e-09    2.08919128e+00    3.99078611e+00   -9.46537620e-03   -2.57173366e-02
2202     7.34000000e-09    2.09766439e+00    3.99051737e+00   -9.11477810e-03   -2.60272506e-02
2203     7.34333333e-09    2.09747645e+00    3.99389042e+00   -5.26248424e-03   -2.62871583e-02
2204     7.34666667e-09    2.08869817e+00    3.99961287e+00    6.14884709e-04   -2.63971923e-02
2205     7.35000000e-09    2.07468190e+00    4.00547275e+00    6.24606202e-03   -2.63152353e-02
2206     7.35333333e-09    2.06078206e+00    4.00922003e+00    9.46949412e-03   -2.60731356e-02
2207     7.35666667e-09    2.05230897e+00    4.00944273e+00    9.07406977e-03   -2.57637842e-02
2208     7.36000000e-09    2.05249903e+00    4.00607877e+00    5.23320791e-03   -2.55050546e-02
2209     7.36333333e-09    2.06127861e+00    4.00040799e+00   -5.92271782e-04   -2.53951859e-02
2210     7.36666667e-09    2.07529356e+00    3.99457095e+00   -6.20280821e-03   -2.54760672e-02
2211     7.37000000e-09    2.08919128e+00    3.99078611e+00   -9.46537620e-03   -2.57173365e-02
2212     7.37333333e-09    2.09766439e+00    3.99051737e+00   -9.11477811e-03   -2.60272505e-02
2213     7.37666667e-09    2.09747645e+00    3.99389042e+00   -5.26248424e-03   -2.62871582e-02
2214     7.38000000e-09    2.08869817e+00    3.99961287e+00    6.14884714e-04   -2.63971923e-02
2215     7.38333333e-09    2.07468190e+00    4.00547275e+00    6.24606203e-03   -2.63152352e-02
2216     7.38666667e-09    2.06078206e+00    4.00922003e+00    9.46949413e-03   -2.60731355e-02
2217     7.39000000e-09    2.05230897e+00    4.00944273e+00    9.07406977e-03   -2.57637842e-02
2218     7.39333333e-09    2.05249903e+00    4.00607877e+00    5.23320791e-03   -2.55050545e-02
2219     7.39666667e-09    2.06127861e+00    4.00040799e+00   -5.92271786e-04   -2.53951858e-02
2220     7.40000000e-09    2.07529356e+00    3.99457095e+00   -6.20280822e-03   -2.54760671e-02
2221     7.40333333e-09    2.08919128e+00    3.99078611e+00   -9.46537621e-03   -2.57173365e-02
2222     7.40666667e-09    2.09766439e+00    3.99051737e+00   -9.11477811e-03   -2.60272505e-02
2223     7.41000000e-09    2.09747645e+00    3.99389042e+00   -5.26248424e-03   -2.62871582e-02
2224     7.41333333e-09    2.08869817e+00    3.99961287e+00    6.14884718e-04   -2.63971922e-02
2225     7.41666667e-09    2.07468190e+00    4.00547275e+00    6.24606204e-03   -2.63152351e-02
2226     7.42000000e-09    2.06078206e+00    4.00922003e+00    9.46949413e-03   -2.60731355e-02
2227     7.42333333e-09    2.05230896e+00    4.00944273e+00    9.07406978e-03   -2.57637841e-02
2228     7.42666667e-09    2.05249903e+00    4.00607877e+00    5.23320791e-03   -2.55050544e-02
2229     7.43000000e-09    2.06127861e+00    4.00040799e+00   -5.92271790e-04   -2.53951858e-02
2230     7.43333333e-09    2.07529355e+00    3.99457095e+00   -6.20280823e-03   -2.54760671e-02
2231     7.43666667e-09    2.08919128e+00    3.99078611e+00   -9.46537622e-03   -2.57173364e-02
2232     7.44000000e-09    2.09766439e+00    3.99051737e+00   -9.11477812e-03   -2.60272504e-02
2233     7.44333333e-09    2.09747644e+00    3.99389042e+00   -5.26248424e-03   -2.62871581e-02
2234     7.44666667e-09    2.08869816e+00    3.99961287e+00    6.14884723e-04   -2.63971922e-02
2235     7.45000000e-09    2.07468190e+00    4.00547275e+00    6.24606205e-03   -2.63152351e-02
2236     7.45333333e-09    2.06078206e+00    4.00922003e+00    9.46949414e-03   -2.60731354e-02
2237     7.45666667e-09    2.05230896e+00    4.00944273e+00    9.07406979e-03   -2.57637841e-02
2238     7.46000000e-09    2.05249903e+00    4.00607877e+00    5.23320791e-03   -2.55050544e-02
2239     7.46333333e-09    2.06127861e+00    4.00040799e+00   -5.92271794e-04   -2.53951857e-02
2240     7.46666667e-09    2.07529355e+00    3.99457095e+00   -6.20280824e-03   -2.54760670e-02
2241     7.47000000e-09    2.08919128e+00    3.99078611e+00   -9.46537622e-03   -2.57173364e-02
2242     7.47333333e-09    2.09766438e+00    3.99051737e+00   -9.11477813e-03   -2.60272504e-02
2243     7.47666667e-09    2.09747644e+00    3.99389042e+00   -5.26248424e-03   -2.62871581e-02
2244     7.48000000e-09    2.08869816e+00    3.99961287e+00    6.14884728e-04   -2.63971921e-02
2245     7.48333333e-09    2.07468189e+00    4.00547275e+00    6.24606206e-03   -2.63152350e-02
2246     7.48666667e-09    2.06078205e+00    4.00922003e+00    9.46949415e-03   -2.60731354e-02
2247     7.49000000e-09    2.05230896e+00    4.00944273e+00    9.07406979e-03   -2.57637840e-02
2248     7.49333333e-09    2.05249903e+00    4.00607877e+00    5.23320791e-03   -2.55050543e-02
2249     7.49666667e-09    2.06127861e+00    4.00040799e+00   -5.92271798e-04   -2.53951857e-02
2250     7.50000000e-09    2.07529355e+00    3.99457095e+00   -6.20280825e-03   -2.54760669e-02
2251     7.50333333e-09    2.08919128e+00    3.99078611e+00   -9.46537623e-03   -2.57173363e-02
2252     7.50666667e-09    2.09766438e+00    3.99051737e+00   -9.11477813e-03   -2.60272503e-02
2253     7.51000000e-09    2.09747644e+00    3.99389042e+00   -5.26248424e-03   -2.62871580e-02
2254     7.51333333e-09    2.08869816e+00    3.99961287e+00    6.14884732e-04   -2.63971921e-02
2255     7.51666667e-09    2.07468189e+00    4.00547275e+00    6.24606206e-03   -2.63152350e-02
2256     7.52000000e-09    2.06078205e+00    4.00922003e+00    9.46949415e-03   -2.60731353e-02
2257     7.52333333e-09    2.05230896e+00    4.00944273e+00    9.07406980e-03   -2.57637840e-02
2258     7.52666667e-09    2.05249903e+00    4.00607877e+00    5.23320790e-03   -2.55050543e-02
2259     7.53000000e-09    2.06127860e+00    4.00040799e+00   -5.92271802e-04   -2.53951856e-02
2260     7.53333333e-09    2.07529355e+00    3.99457095e+00   -6.20280826e-03   -2.54760669e-02
2261     7.53666667e-09    2.08919127e+00    3.99078611e+00   -9.46537624e-03   -2.57173363e-02
2262     7.54000000e-09    2.09766438e+00    3.99051737e+00   -9.11477814e-03   -2.60272503e-02
2263     7.54333333e-09    2.09747644e+00    3.99389042e+00   -5.26248423e-03   -2.62871580e-02
2264     7.54666667e-09    2.08869816e+00    3.99961287e+00    6.14884737e-04   -2.63971920e-02
2265     7.55000000e-09    2.07468189e+00    4.00547275e+00    6.24606207e-03   -2.63152349e-02
2266     7.55333333e-09    2.06078205e+00    4.00922003e+00    9.46949416e-03   -2.60731353e-02
2267     7.55666667e-09    2.05230896e+00    4.00944273e+00    9.07406981e-03   -2.57637839e-02
2268     7.56000000e-09    2.05249902e+00    4.00607877e+00    5.23320790e-03   -2.55050542e-02
2269     7.56333333e-09    2.06127860e+00    4.00040799e+00   -5.92271807e-04   -2.53951856e-02
2270     7.56666667e-09    2.07529355e+00    3.99457095e+00   -6.20280827e-03   -2.54760668e-02
2271     7.57000000e-09    2.08919127e+00    3.99078611e+00   -9.46537625e-03   -2.57173362e-02
2272     7.57333333e-09    2.09766438e+00    3.99051737e+00   -9.11477814e-03   -2.60272502e-02
2273     7.57666667e-09    2.09747644e+00    3.99389042e+00   -5.26248423e-03   -2.62871579e-02
2274     7.58000000e-09    2.08869816e+00    3.99961287e+00    6.14884741e-04   -2.63971920e-02
2275     7.58333333e-09    2.07468189e+00    4.00547275e+00    6.24606208e-03   -2.63152349e-02
2276     7.58666667e-09    2.06078205e+00    4.00922003e+00    9.46949417e-03   -2.60731352e-02
2277     7.59000000e-09    2.05230895e+00    4.00944273e+00    9.07406981e-03   -2.57637839e-02
2278     7.59333333e-09    2.05249902e+00    4.00607877e+00    5.23320790e-03   -2.55050542e-02
2279     7.59666667e-09    2.06127860e+00    4.00040799e+00   -5.92271811e-04   -2.53951855e-02
2280     7.60000000e-09    2.07529355e+00    3.99457095e+00   -6.20280829e-03   -2.54760668e-02
2281     7.60333333e-09    2.08919127e+00    3.99078611e+00   -9.46537625e-03   -2.57173362e-02
2282     7.60666667e-09    2.09766438e+00    3.99051737e+00   -9.11477815e-03   -2.60272502e-02
2283     7.61000000e-09    2.09747644e+00    3.99389042e+00   -5.26248423e-03   -2.62871578e-02
2284     7.61333333e-09    2.08869816e+00    3.99961287e+00    6.14884746e-04   -2.63971919e-02
2285     7.61666667e-09    2.07468189e+00    4.00547275e+00    6.24606209e-03   -2.63152348e-02
2286     7.62000000e-09    2.06078205e+00    4.00922003e+00    9.46949417e-03   -2.60731351e-02
2287     7.62333333e-09    2.05230895e+00    4.00944273e+00    9.07406982e-03   -2.57637838e-02
2288     7.62666667e-09    2.05249902e+00    4.00607877e+00    5.23320790e-03   -2.55050541e-02
2289     7.63000000e-09    2.06127860e+00    4.00040799e+00   -5.92271815e-04   -2.53951855e-02
2290     7.63333333e-09    2.07529354e+00    3.99457095e+00   -6.20280830e-03   -2.54760667e-02
2291     7.63666667e-09    2.08919127e+00    3.99078611e+00   -9.46537626e-03   -2.57173361e-02
2292     7.64000000e-09    2.09766438e+00    3.99051737e+00   -9.11477816e-03   -2.60272501e-02
2293     7.64333333e-09    2.09747643e+00    3.99389042e+00   -5.26248423e-03   -2.62871578e-02
2294     7.64666667e-09    2.08869815e+00    3.99961287e+00    6.14884750e-04   -2.63971919e-02
2295     7.65000000e-09    2.07468189e+00    4.00547275e+00    6.24606210e-03   -2.63152348e-02
2296     7.65333333e-09    2.06078205e+00    4.00922003e+00    9.46949418e-03   -2.60731351e-02
2297     7.65666667e-09    2.05230895e+00    4.00944273e+00    9.07406983e-03   -2.57637838e-02
2298     7.66000000e-09    2.05249902e+00    4.00607877e+00    5.23320790e-03   -2.55050541e-02
2299     7.66333333e-09    2.06127860e+00    4.00040799e+00   -5.92271819e-04   -2.53951854e-02
2300     7.66666667e-09    2.07529354e+00    3.99457095e+00   -6.20280831e-03   -2.54760667e-02
2301     7.67000000e-09    2.08919127e+00    3.99078611e+00   -9.46537627e-03   -2.57173361e-02
2302     7.67333333e-09    2.09766437e+00    3.99051737e+00   -9.11477816e-03   -2.60272501e-02
2303     7.67666667e-09    2.09747643e+00    3.99389042e+00   -5.26248423e-03   -2.62871577e-02
2304     7.68000000e-09    2.08869815e+00    3.99961287e+00    6.14884755e-04   -2.63971918e-02
2305     7.68333333e-09    2.07468188e+00    4.00547275e+00    6.24606211e-03   -2.63152347e-02
2306     7.68666667e-09    2.06078204e+00    4.00922003e+00    9.46949419e-03   -2.60731350e-02
2307     7.69000000e-09    2.05230895e+00    4.00944273e+00    9.07406983e-03   -2.57637837e-02
2308     7.69333333e-09    2.05249902e+00    4.00607877e+00    5.23320789e-03   -2.55050540e-02
2309     7.69666667e-09    2.06127859e+00    4.00040799e+00   -5.92271823e-04   -2.53951854e-02
2310     7.70000000e-09    2.07529354e+00    3.99457095e+00   -6.20280832e-03   -2.54760666e-02
2311     7.70333333e-09    2.08919126e+00    3.99078611e+00   -9.46537627e-03   -2.57173360e-02
2312     7.70666667e-09    2.09766437e+00    3.99051737e+00   -9.11477817e-03   -2.60272500e-02
2313     7.71000000e-09    2.09747643e+00    3.99389042e+00   -5.26248423e-03   -2.62871577e-02
2314     7.71333333e-09    2.08869815e+00    3.99961287e+00    6.14884759e-04   -2.63971918e-02
2315     7.71666667e-09    2.07468188e+00    4.00547275e+00    6.24606212e-03   -2.63152347e-02
2316     7.72000000e-09    2.06078204e+00    4.00922003e+00    9.46949420e-03   -2.60731350e-02
2317     7.72333333e-09    2.05230895e+00    4.00944273e+00    9.07406984e-03   -2.57637836e-02
2318     7.72666667e-09    2.05249901e+00    4.00607877e+00    5.23320789e-03   -2.55050540e-02
2319     7.73000000e-09    2.06127859e+00    4.00040799e+00   -5.92271827e-04   -2.53951853e-02
2320     7.73333333e-09    2.07529354e+00    3.99457095e+00   -6.20280833e-03   -2.54760666e-02
2321     7.73666667e-09    2.08919126e+00    3.99078611e+00   -9.46537628e-03   -2.57173360e-02
2322     7.74000000e-09    2.09766437e+00    3.99051737e+00   -9.11477817e-03   -2.60272500e-02
2323     7.74333333e-09    2.09747643e+00    3.99389042e+00   -5.26248422e-03   -2.62871576e-02
2324     7.74666667e-09    2.08869815e+00    3.99961287e+00    6.14884764e-04   -2.63971917e-02
2325     7.75000000e-09    2.07468188e+00    4.00547275e+00    6.24606213e-03   -2.63152346e-02
2326     7.75333333e-09    2.06078204e+00    4.00922003e+00    9.46949420e-03   -2.60731349e-02
2327     7.75666667e-09    2.05230895e+00    4.00944273e+00    9.07406985e-03   -2.57637836e-02
2328     7.76000000e-09    2.05249901e+00    4.00607877e+00    5.23320789e-03   -2.55050539e-02
2329     7.76333333e-09    2.06127859e+00    4.00040799e+00   -5.92271831e-04   -2.53951853e-02
2330     7.76666667e-09    2.07529354e+00    3.99457095e+00   -6.20280834e-03   -2.54760665e-02
2331     7.77000000e-09    2.08919126e+00    3.99078611e+00   -9.46537629e-03   -2.57173359e-02
2332     7.77333333e-09    2.09766437e+00    3.99051737e+00   -9.11477818e-03   -2.60272499e-02
2333     7.77666667e-09    2.09747643e+00    3.99389042e+00   -5.26248422e-03   -2.62871576e-02
2334     7.78000000e-09    2.08869815e+00    3.99961287e+00    6.14884768e-04   -2.63971917e-02
2335     7.78333333e-09    2.07468188e+00    4.00547275e+00    6.24606214e-03   -2.63152346e-02
2336     7.78666667e-09    2.06078204e+00    4.00922003e+00    9.46949421e-03   -2.60731349e-02
2337     7.79000000e-09    2.05230894e+00    4.00944273e+00    9.07406985e-03   -2.57637835e-02
2338     7.79333333e-09    2.05249901e+00    4.00607877e+00    5.23320789e-03   -2.55050539e-02
2339     7.79666667e-09    2.06127859e+00    4.00040799e+00   -5.92271835e-04   -2.53951852e-02
2340     7.80000000e-09    2.07529354e+00    3.99457095e+00   -6.20280835e-03   -2.54760665e-02
2341     7.80333333e-09    2.08919126e+00    3.99078611e+00   -9.46537630e-03   -2.57173359e-02
2342     7.80666667e-09    2.09766437e+00    3.99051737e+00   -9.11477819e-03   -2.60272499e-02
2343     7.81000000e-09    2.09747642e+00    3.99389042e+00   -5.26248422e-03   -2.62871575e-02
2344     7.81333333e-09    2.08869815e+00    3.99961287e+00    6.14884773e-04   -2.63971916e-02
2345     7.81666667e-09    2.07468188e+00    4.00547275e+00    6.24606215e-03   -2.63152345e-02
2346     7.82000000e-09    2.06078204e+00    4.00922003e+00    9.46949422e-03   -2.60731348e-02
2347     7.82333333e-09    2.05230894e+00    4.00944273e+00    9.07406986e-03   -2.57637835e-02
2348     7.82666667e-09    2.05249901e+00    4.00607877e+00    5.23320789e-03   -2.55050538e-02
2349     7.83000000e-09    2.06127859e+00    4.00040799e+00   -5.92271839e-04   -2.53951852e-02
2350     7.83333333e-09    2.07529353e+00    3.99457095e+00   -6.20280836e-03   -2.54760664e-02
2351     7.83666667e-09    2.08919126e+00    3.99078611e+00   -9.46537630e-03   -2.57173358e-02
2352     7.84000000e-09    2.09766437e+00    3.99051737e+00   -9.11477819e-03   -2.60272498e-02
2353     7.84333333e-09    2.09747642e+00    3.99389042e+00   -5.26248422e-03   -2.62871575e-02
2354     7.84666667e-09    2.08869814e+00    3.99961287e+00    6.14884777e-04   -2.63971916e-02
2355     7.85000000e-09    2.07468188e+00    4.00547275e+00    6.24606216e-03   -2.63152345e-02
2356     7.85333333e-09    2.06078203e+00    4.00922003e+00    9.46949422e-03   -2.60731348e-02
2357     7.85666667e-09    2.05230894e+00    4.00944273e+00    9.07406986e-03   -2.57637834e-02
2358     7.86000000e-09    2.05249901e+00    4.00607877e+00    5.23320789e-03   -2.55050538e-02
2359     7.86333333e-09    2.06127859e+00    4.00040799e+00   -5.92271843e-04   -2.53951851e-02
2360     7.86666667e-09    2.07529353e+00    3.99457095e+00   -6.20280837e-03   -2.54760664e-02
2361     7.87000000e-09    2.08919126e+00    3.99078611e+00   -9.46537631e-03   -2.57173358e-02
2362     7.87333333e-09    2.09766436e+00    3.99051737e+00   -9.11477820e-03   -2.60272498e-02
2363     7.87666667e-09    2.09747642e+00    3.99389042e+00   -5.26248422e-03   -2.62871574e-02
2364     7.88000000e-09    2.08869814e+00    3.99961287e+00    6.14884781e-04   -2.63971915e-02
2365     7.88333333e-09    2.07468187e+00    4.00547275e+00    6.24606217e-03   -2.63152344e-02
2366     7.88666667e-09    2.06078203e+00    4.00922003e+00    9.46949423e-03   -2.60731347e-02
2367     7.89000000e-09    2.05230894e+00    4.00944273e+00    9.07406987e-03   -2.57637834e-02
2368     7.89333333e-09    2.05249901e+00    4.00607877e+00    5.23320789e-03   -2.55050537e-02
2369     7.89666667e-09    2.06127858e+00    4.00040799e+00   -5.92271847e-04   -2.53951851e-02
2370     7.90000000e-09    2.07529353e+00    3.99457095e+00   -6.20280838e-03   -2.54760663e-02
2371     7.90333333e-09    2.08919125e+00    3.99078611e+00   -9.46537632e-03   -2.57173357e-02
2372     7.90666667e-09    2.09766436e+00    3.99051737e+00   -9.11477820e-03   -2.60272497e-02
2373     7.91000000e-09    2.09747642e+00    3.99389042e+00   -5.26248422e-03   -2.62871574e-02
2374     7.91333333e-09    2.08869814e+00    3.99961287e+00    6.14884786e-04   -2.63971915e-02
2375     7.91666667e-09    2.07468187e+00    4.00547275e+00    6.24606218e-03   -2.63152344e-02
2376     7.92000000e-09    2.06078203e+00    4.00922003e+00    9.46949424e-03   -2.60731347e-02
2377     7.92333333e-09    2.05230894e+00    4.00944273e+00    9.07406988e-03   -2.57637833e-02
2378     7.92666667e-09    2.05249900e+00    4.00607877e+00    5.23320788e-03   -2.55050537e-02
2379     7.93000000e-09    2.06127858e+00    4.00040799e+00   -5.92271851e-04   -2.53951850e-02
2380     7.93333333e-09    2.07529353e+00    3.99457095e+00   -6.20280839e-03   -2.54760663e-02
2381     7.93666667e-09    2.08919125e+00    3.99078611e+00   -9.46537632e-03   -2.57173357e-02
2382     7.94000000e-09    2.09766436e+00    3.99051737e+00   -9.11477821e-03   -2.60272497e-02
2383     7.94333333e-09    2.09747642e+00    3.99389042e+00   -5.26248421e-03   -2.62871574e-02
2384     7.94666667e-09    2.08869814e+00    3.99961287e+00    6.14884790e-04   -2.63971914e-02
2385     7.95000000e-09    2.07468187e+00    4.00547275e+00    6.24606219e-03   -2.63152343e-02
2386     7.95333333e-09    2.06078203e+00    4.00922003e+00    9.46949424e-03   -2.60731346e-02
2387     7.95666667e-09    2.05230894e+00    4.00944273e+00    9.07406988e-03   -2.57637833e-02
2388     7.96000000e-09    2.05249900e+00    4.00607877e+00    5.23320788e-03   -2.55050536e-02
2389     7.96333333e-09    2.06127858e+00    4.00040799e+00   -5.92271855e-04   -2.53951850e-02
2390     7.96666667e-09    2.07529353e+00    3.99457095e+00   -6.20280840e-03   -2.54760662e-02
2391     7.97000000e-09    2.08919125e+00    3.99078611e+00   -9.46537633e-03   -2.57173356e-02
2392     7.97333333e-09    2.09766436e+00    3.99051737e+00   -9.11477821e-03   -2.60272496e-02
2393     7.97666667e-09    2.09747642e+00    3.99389042e+00   -5.26248421e-03   -2.62871573e-02
2394     7.98000000e-09    2.08869814e+00    3.99961287e+00    6.14884795e-04   -2.63971914e-02
2395     7.98333333e-09    2.07468187e+00    4.00547275e+00    6.24606220e-03   -2.63152343e-02
2396     7.98666667e-09    2.06078203e+00    4.00922003e+00    9.46949425e-03   -2.60731346e-02
2397     7.99000000e-09    2.05230893e+00    4.00944273e+00    9.07406989e-03   -2.57637832e-02
2398     7.99333333e-09    2.05249900e+00    4.00607877e+00    5.23320788e-03   -2.55050536e-02
2399     7.99666667e-09    2.06127858e+00    4.00040799e+00   -5.92271859e-04   -2.53951849e-02
2400     8.00000000e-09    2.07529352e+00    3.99457095e+00   -6.20280840e-03   -2.54760662e-02
2401     8.00333333e-09    2.08919125e+00    3.99078611e+00   -9.46537634e-03   -2.57173356e-02
2402     8.00666667e-09    2.09766436e+00    3.99051737e+00   -9.11477822e-03   -2.60272496e-02
2403     8.01000000e-09    2.09747641e+00    3.99389042e+00   -5.26248421e-03   -2.62871573e-02
2404     8.01333333e-09    2.08869813e+00    3.99961287e+00    6.14884799e-04   -2.63971913e-02
2405     8.01666667e-09    2.07468187e+00    4.00547275e+00    6.24606220e-03   -2.63152342e-02
2406     8.02000000e-09    2.06078203e+00    4.00922003e+00    9.46949426e-03   -2.60731345e-02
2407     8.02333333e-09    2.05230893e+00    4.00944273e+00    9.07406989e-03   -2.57637832e-02
2408     8.02666667e-09    2.05249900e+00    4.00607877e+00    5.23320788e-03   -2.55050535e-02
2409     8.03000000e-09    2.06127858e+00    4.00040799e+00   -5.92271864e-04   -2.53951849e-02
2410     8.03333333e-09    2.07529352e+00    3.99457095e+00   -6.20280841e-03   -2.54760661e-02
2411     8.03666667e-09    2.08919125e+00    3.99078611e+00   -9.46537634e-03   -2.57173355e-02
2412     8.04000000e-09    2.09766435e+00    3.99051737e+00   -9.11477822e-03   -2.60272495e-02
2413     8.04333333e-09    2.09747641e+00    3.99389042e+00   -5.26248421e-03   -2.62871572e-02
2414     8.04666667e-09    2.08869813e+00    3.99961287e+00    6.14884803e-04   -2.63971913e-02
2415     8.05000000e-09    2.07468187e+00    4.00547275e+00    6.24606221e-03   -2.63152342e-02
2416     8.05333333e-09    2.06078202e+00    4.00922003e+00    9.46949427e-03   -2.60731345e-02
2417     8.05666667e-09    2.05230893e+00    4.00944273e+00    9.07406990e-03   -2.57637832e-02
2418     8.06000000e-09    2.05249900e+00    4.00607877e+00    5.23320788e-03   -2.55050535e-02
2419     8.06333333e-09    2.06127858e+00    4.00040799e+00   -5.92271868e-04   -2.53951848e-02
2420     8.06666667e-09    2.07529352e+00    3.99457095e+00   -6.20280842e-03   -2.54760661e-02
2421     8.07000000e-09    2.08919125e+00    3.99078611e+00   -9.46537635e-03   -2.57173355e-02
2422     8.07333333e-09    2.09766435e+00    3.99051737e+00   -9.11477823e-03   -2.60272495e-02
2423     8.07666667e-09    2.09747641e+00    3.99389042e+00   -5.26248421e-03   -2.62871572e-02
2424     8.08000000e-09    2.08869813e+00    3.99961287e+00    6.14884808e-04   -2.63971912e-02
2425     8.08333333e-09    2.07468186e+00    4.00547275e+00    6.24606222e-03   -2.63152341e-02
2426     8.08666667e-09    2.06078202e+00    4.00922003e+00    9.46949427e-03   -2.60731345e-02
2427     8.09000000e-09    2.05230893e+00    4.00944273e+00    9.07406991e-03   -2.57637831e-02
2428     8.09333333e-09    2.05249900e+00    4.00607877e+00    5.23320788e-03   -2.55050534e-02
2429     8.09666667e-09    2.06127857e+00    4.00040799e+00   -5.92271872e-04   -2.53951848e-02
2430     8.10000000e-09    2.07529352e+00    3.99457095e+00   -6.20280843e-03   -2.54760660e-02
2431     8.10333333e-09    2.08919124e+00    3.99078611e+00   -9.46537636e-03   -2.57173354e-02
2432     8.10666667e-09    2.09766435e+00    3.99051737e+00   -9.11477824e-03   -2.60272494e-02
2433     8.11000000e-09    2.09747641e+00    3.99389042e+00   -5.26248421e-03   -2.62871571e-02
2434     8.11333333e-09    2.08869813e+00    3.99961287e+00    6.14884812e-04   -2.63971912e-02
2435     8.11666667e-09    2.07468186e+00    4.00547275e+00    6.24606223e-03   -2.63152341e-02
2436     8.12000000e-09    2.06078202e+00    4.00922003e+00    9.46949428e-03   -2.60731344e-02
2437     8.12333333e-09    2.05230893e+00    4.00944273e+00    9.07406991e-03   -2.57637831e-02
2438     8.12666667e-09    2.05249899e+00    4.00607877e+00    5.23320787e-03   -2.55050534e-02
2439     8.13000000e-09    2.06127857e+00    4.00040799e+00   -5.92271876e-04   -2.53951847e-02
2440     8.13333333e-09    2.07529352e+00    3.99457095e+00   -6.20280844e-03   -2.54760660e-02
2441     8.13666667e-09    2.08919124e+00    3.99078611e+00   -9.46537636e-03   -2.57173354e-02
2442     8.14000000e-09    2.09766435e+00    3.99051737e+00   -9.11477824e-03   -2.60272494e-02
2443     8.14333333e-09    2.09747641e+00    3.99389042e+00   -5.26248421e-03   -2.62871571e-02
2444     8.14666667e-09    2.08869813e+00    3.99961287e+00    6.14884817e-04   -2.63971911e-02
2445     8.15000000e-09    2.07468186e+00    4.00547275e+00    6.24606224e-03   -2.63152340e-02
2446     8.15333333e-09    2.06078202e+00    4.00922003e+00    9.46949429e-03   -2.60731344e-02
2447     8.15666667e-09    2.05230893e+00    4.00944273e+00    9.07406992e-03   -2.57637830e-02
2448     8.16000000e-09    2.05249899e+00    4.00607877e+00    5.23320787e-03   -2.55050533e-02
2449     8.16333333e-09    2.06127857e+00    4.00040799e+00   -5.92271880e-04   -2.53951847e-02
2450     8.16666667e-09    2.07529352e+00    3.99457095e+00   -6.20280845e-03   -2.54760659e-02
2451     8.17000000e-09    2.08919124e+00    3.99078611e+00   -9.46537637e-03   -2.57173353e-02
2452     8.17333333e-09    2.09766435e+00    3.99051737e+00   -9.11477825e-03   -2.60272493e-02
2453     8.17666667e-09    2.09747641e+00    3.99389042e+00   -5.26248421e-03   -2.62871570e-02
2454     8.18000000e-09    2.08869813e+00    3.99961287e+00    6.14884821e-04   -2.63971911e-02
2455     8.18333333e-09    2.07468186e+00    4.00547275e+00    6.24606225e-03   -2.63152340e-02
2456     8.18666667e-09    2.06078202e+00    4.00922003e+00    9.46949429e-03   -2.60731343e-02
2457     8.19000000e-09    2.05230892e+00    4.00944273e+00    9.07406992e-03   -2.57637830e-02
2458     8.19333333e-09    2.05249899e+00    4.00607877e+00    5.23320787e-03   -2.55050533e-02
2459     8.19666667e-09    2.06127857e+00    4.00040799e+00   -5.92271884e-04   -2.53951846e-02
2460     8.20000000e-09    2.07529351e+00    3.99457095e+00   -6.20280846e-03   -2.54760659e-02
2461     8.20333333e-09    2.08919124e+00    3.99078611e+00   -9.46537638e-03   -2.57173353e-02
2462     8.20666667e-09    2.09766435e+00    3.99051737e+00   -9.11477825e-03   -2.60272493e-02
2463     8.21000000e-09    2.09747640e+00    3.99389042e+00   -5.26248420e-03   -2.62871570e-02
2464     8.21333333e-09    2.08869812e+00    3.99961287e+00    6.14884825e-04   -2.63971910e-02
2465     8.21666667e-09    2.07468186e+00    4.00547275e+00    6.24606226e-03   -2.63152340e-02
2466     8.22000000e-09    2.06078202e+00    4.00922003e+00    9.46949430e-03   -2.60731343e-02
2467     8.22333333e-09    2.05230892e+00    4.00944273e+00    9.07406993e-03   -2.57637829e-02
2468     8.22666667e-09    2.05249899e+00    4.00607877e+00    5.23320787e-03   -2.55050532e-02
2469     8.23000000e-09    2.06127857e+00    4.00040799e+00   -5.92271888e-04   -2.53951846e-02
2470     8.23333333e-09    2.07529351e+00    3.99457095e+00   -6.20280847e-03   -2.54760658e-02
2471     8.23666667e-09    2.08919124e+00    3.99078611e+00   -9.46537639e-03   -2.57173352e-02
2472     8.24000000e-09    2.09766434e+00    3.99051737e+00   -9.11477826e-03   -2.60272492e-02
2473     8.24333333e-09    2.09747640e+00    3.99389042e+00   -5.26248420e-03   -2.62871569e-02
2474     8.24666667e-09    2.08869812e+00    3.99961287e+00    6.14884830e-04   -2.63971910e-02
2475     8.25000000e-09    2.07468186e+00    4.00547275e+00    6.24606227e-03   -2.63152339e-02
2476     8.25333333e-09    2.06078201e+00    4.00922003e+00    9.46949431e-03   -2.60731342e-02
2477     8.25666667e-09    2.05230892e+00    4.00944273e+00    9.07406994e-03   -2.57637829e-02
2478     8.26000000e-09    2.05249899e+00    4.00607877e+00    5.23320787e-03   -2.55050532e-02
2479     8.26333333e-09    2.06127857e+00    4.00040799e+00   -5.92271892e-04   -2.53951845e-02
2480     8.26666667e-09    2.07529351e+00    3.99457095e+00   -6.20280848e-03   -2.54760658e-02
2481     8.27000000e-09    2.08919124e+00    3.99078611e+00   -9.46537639e-03   -2.57173352e-02
2482     8.27333333e-09    2.09766434e+00    3.99051737e+00   -9.11477826e-03   -2.60272492e-02
2483     8.27666667e-09    2.09747640e+00    3.99389042e+00   -5.26248420e-03   -2.62871569e-02
2484     8.28000000e-09    2.08869812e+00    3.99961287e+00    6.14884834e-04   -2.63971909e-02
2485     8.28333333e-09    2.07468185e+00    4.00547275e+00    6.24606227e-03   -2.63152339e-02
2486     8.28666667e-09    2.06078201e+00    4.00922003e+00    9.46949431e-03   -2.60731342e-02
2487     8.29000000e-09    2.05230892e+00    4.00944273e+00    9.07406994e-03   -2.57637828e-02
2488     8.29333333e-09    2.05249899e+00    4.00607877e+00    5.23320787e-03   -2.55050531e-02
2489     8.29666667e-09    2.06127856e+00    4.00040799e+00   -5.92271896e-04   -2.53951845e-02
2490     8.30000000e-09    2.07529351e+00    3.99457095e+00   -6.20280849e-03   -2.54760658e-02
2491     8.30333333e-09    2.08919123e+00    3.99078611e+00   -9.46537640e-03   -2.57173351e-02
2492     8.30666667e-09    2.09766434e+00    3.99051737e+00   -9.11477827e-03   -2.60272491e-02
2493     8.31000000e-09    2.09747640e+00    3.99389042e+00   -5.26248420e-03   -2.62871568e-02
2494     8.31333333e-09    2.08869812e+00    3.99961287e+00    6.14884838e-04   -2.63971909e-02
2495     8.31666667e-09    2.07468185e+00    4.00547275e+00    6.24606228e-03   -2.63152338e-02
2496     8.32000000e-09    2.06078201e+00    4.00922003e+00    9.46949432e-03   -2.60731341e-02
2497     8.32333333e-09    2.05230892e+00    4.00944273e+00    9.07406995e-03   -2.57637828e-02
2498     8.32666667e-09    2.05249898e+00    4.00607877e+00    5.23320787e-03   -2.55050531e-02
2499     8.33000000e-09    2.06127856e+00    4.00040799e+00   -5.92271900e-04   -2.53951844e-02
2500     8.33333333e-09    2.07529351e+00    3.99457095e+00   -6.20280850e-03   -2.54760657e-02
2501     8.33666667e-09    2.08919123e+00    3.99078611e+00   -9.46537641e-03   -2.57173351e-02
2502     8.34000000e-09    2.09766434e+00    3.99051737e+00   -9.11477827e-03   -2.60272491e-02
2503     8.34333333e-09    2.09747640e+00    3.99389042e+00   -5.26248420e-03   -2.62871568e-02
2504     8.34666667e-09    2.08869812e+00    3.99961287e+00    6.14884843e-04   -2.63971908e-02
2505     8.35000000e-09    2.07468185e+00    4.00547275e+00    6.24606229e-03   -2.63152338e-02
2506     8.35333333e-09    2.06078201e+00    4.00922003e+00    9.46949433e-03   -2.60731341e-02
2507     8.35666667e-09    2.05230892e+00    4.00944273e+00    9.07406995e-03   -2.57637827e-02
2508     8.36000000e-09    2.05249898e+00    4.00607877e+00    5.23320787e-03   -2.55050530e-02
2509     8.36333333e-09    2.06127856e+00    4.00040799e+00   -5.92271904e-04   -2.53951844e-02
2510     8.36666667e-09    2.07529351e+00    3.99457095e+00   -6.20280851e-03   -2.54760657e-02
2511     8.37000000e-09    2.08919123e+00    3.99078611e+00   -9.46537641e-03   -2.57173351e-02
2512     8.37333333e-09    2.09766434e+00    3.99051737e+00   -9.11477828e-03   -2.60272491e-02
2513     8.37666667e-09    2.09747640e+00    3.99389042e+00   -5.26248420e-03   -2.62871567e-02
2514     8.38000000e-09    2.08869812e+00    3.99961287e+00    6.14884847e-04   -2.63971908e-02
2515     8.38333333e-09    2.07468185e+00    4.00547275e+00    6.24606230e-03   -2.63152337e-02
2516     8.38666667e-09    2.06078201e+00    4.00922003e+00    9.46949433e-03   -2.60731340e-02
2517     8.39000000e-09    2.05230891e+00    4.00944273e+00    9.07406996e-03   -2.57637827e-02
2518     8.39333333e-09    2.05249898e+00    4.00607877e+00    5.23320786e-03   -2.55050530e-02
2519     8.39666667e-09    2.06127856e+00    4.00040799e+00   -5.92271908e-04   -2.53951843e-02
2520     8.40000000e-09    2.07529350e+00    3.99457095e+00   -6.20280852e-03   -2.54760656e-02
2521     8.40333333e-09    2.08919123e+00    3.99078611e+00   -9.46537642e-03   -2.57173350e-02
2522     8.40666667e-09    2.09766434e+00    3.99051737e+00   -9.11477828e-03   -2.60272490e-02
2523     8.41000000e-09    2.09747639e+00    3.99389042e+00   -5.26248420e-03   -2.62871567e-02
2524     8.41333333e-09    2.08869811e+00    3.99961287e+00    6.14884851e-04   -2.63971908e-02
2525     8.41666667e-09    2.07468185e+00    4.00547275e+00    6.24606231e-03   -2.63152337e-02
2526     8.42000000e-09    2.06078201e+00    4.00922003e+00    9.46949434e-03   -2.60731340e-02
2527     8.42333333e-09    2.05230891e+00    4.00944273e+00    9.07406996e-03   -2.57637826e-02
2528     8.42666667e-09    2.05249898e+00    4.00607877e+00    5.23320786e-03   -2.55050530e-02
2529     8.43000000e-09    2.06127856e+00    4.00040799e+00   -5.92271912e-04   -2.53951843e-02
2530     8.43333333e-09    2.07529350e+00    3.99457095e+00   -6.20280852e-03   -2.54760656e-02
2531     8.43666667e-09    2.08919123e+00    3.99078611e+00   -9.46537643e-03   -2.57173350e-02
2532     8.44000000e-09    2.09766434e+00    3.99051737e+00   -9.11477829e-03   -2.60272490e-02
2533     8.44333333e-09    2.09747639e+00    3.99389042e+00   -5.26248420e-03   -2.62871566e-02
2534     8.44666667e-09    2.08869811e+00    3.99961287e+00    6.14884855e-04   -2.63971907e-02
2535     8.45000000e-09    2.07468185e+00    4.00547275e+00    6.24606232e-03   -2.63152336e-02
2536     8.45333333e-09    2.06078200e+00    4.00922003e+00    9.46949435e-03   -2.60731339e-02
2537     8.45666667e-09    2.05230891e+00    4.00944273e+00    9.07406997e-03   -2.57637826e-02
2538     8.46000000e-09    2.05249898e+00    4.00607877e+00    5.23320786e-03   -2.55050529e-02
2539     8.46333333e-09    2.06127856e+00    4.00040799e+00   -5.92271916e-04   -2.53951842e-02
2540     8.46666667e-09    2.07529350e+00    3.99457095e+00   -6.20280853e-03   -2.54760655e-02
2541     8.47000000e-09    2.08919123e+00    3.99078611e+00   -9.46537643e-03   -2.57173349e-02
2542     8.47333333e-09    2.09766433e+00    3.99051737e+00   -9.11477829e-03   -2.60272489e-02
2543     8.47666667e-09    2.09747639e+00    3.99389042e+00   -5.26248419e-03   -2.62871566e-02
2544     8.48000000e-09    2.08869811e+00    3.99961287e+00    6.14884860e-04   -2.63971907e-02
2545     8.48333333e-09    2.07468184e+00    4.00547275e+00    6.24606232e-03   -2.63152336e-02
2546     8.48666667e-09    2.06078200e+00    4.00922003e+00    9.46949435e-03   -2.60731339e-02
2547     8.49000000e-09    2.05230891e+00    4.00944273e+00    9.07406997e-03   -2.57637825e-02
2548     8.49333333e-09    2.05249898e+00    4.00607877e+00    5.23320786e-03   -2.55050529e-02
2549     8.49666667e-09    2.06127855e+00    4.00040799e+00   -5.92271920e-04   -2.53951842e-02
2550     8.50000000e-09    2.07529350e+00    3.99457095e+00   -6.20280854e-03   -2.54760655e-02
2551     8.50333333e-09    2.08919122e+00    3.99078611e+00   -9.46537644e-03   -2.57173349e-02
2552     8.50666667e-09    2.09766433e+00    3.99051737e+00   -9.11477830e-03   -2.60272489e-02
2553     8.51000000e-09    2.09747639e+00    3.99389042e+00   -5.26248419e-03   -2.62871566e-02
2554     8.51333333e-09    2.08869811e+00    3.99961287e+00    6.14884864e-04   -2.63971906e-02
2555     8.51666667e-09    2.07468184e+00    4.00547275e+00    6.24606233e-03   -2.63152335e-02
2556     8.52000000e-09    2.06078200e+00    4.00922003e+00    9.46949436e-03   -2.60731338e-02
2557     8.52333333e-09    2.05230891e+00    4.00944273e+00    9.07406998e-03   -2.57637825e-02
2558     8.52666667e-09    2.05249897e+00    4.00607877e+00    5.23320786e-03   -2.55050528e-02
2559     8.53000000e-09    2.06127855e+00    4.00040799e+00   -5.92271924e-04   -2.53951842e-02
2560     8.53333333e-09    2.07529350e+00    3.99457095e+00   -6.20280855e-03   -2.54760654e-02
2561     8.53666667e-09    2.08919122e+00    3.99078611e+00   -9.46537645e-03   -2.57173348e-02
2562     8.54000000e-09    2.09766433e+00    3.99051737e+00   -9.11477830e-03   -2.60272488e-02
2563     8.54333333e-09    2.09747639e+00    3.99389042e+00   -5.26248419e-03   -2.62871565e-02
2564     8.54666667e-09    2.08869811e+00    3.99961287e+00    6.14884868e-04   -2.63971906e-02
2565     8.55000000e-09    2.07468184e+00    4.00547275e+00    6.24606234e-03   -2.63152335e-02
2566     8.55333333e-09    2.06078200e+00    4.00922003e+00    9.46949437e-03   -2.60731338e-02
2567     8.55666667e-09    2.05230891e+00    4.00944273e+00    9.07406998e-03   -2.57637824e-02
2568     8.56000000e-09    2.05249897e+00    4.00607877e+00    5.23320786e-03   -2.55050528e-02
2569     8.56333333e-09    2.06127855e+00    4.00040799e+00   -5.92271928e-04   -2.53951841e-02
2570     8.56666667e-09    2.07529350e+00    3.99457095e+00   -6.20280856e-03   -2.54760654e-02
2571     8.57000000e-09    2.08919122e+00    3.99078611e+00   -9.46537645e-03   -2.57173348e-02
2572     8.57333333e-09    2.09766433e+00    3.99051737e+00   -9.11477831e-03   -2.60272488e-02
2573     8.57666667e-09    2.09747639e+00    3.99389042e+00   -5.26248419e-03   -2.62871565e-02
2574     8.58000000e-09    2.08869811e+00    3.99961287e+00    6.14884872e-04   -2.63971905e-02
2575     8.58333333e-09    2.07468184e+00    4.00547275e+00    6.24606235e-03   -2.63152334e-02
2576     8.58666667e-09    2.06078200e+00    4.00922003e+00    9.46949437e-03   -2.60731338e-02
2577     8.59000000e-09    2.05230890e+00    4.00944273e+00    9.07406999e-03   -2.57637824e-02
2578     8.59333333e-09    2.05249897e+00    4.00607877e+00    5.23320786e-03   -2.55050527e-02
2579     8.59666667e-09    2.06127855e+00    4.00040799e+00   -5.92271932e-04   -2.53951841e-02
2580     8.60000000e-09    2.07529350e+00    3.99457095e+00   -6.20280857e-03   -2.54760653e-02
2581     8.60333333e-09    2.08919122e+00    3.99078611e+00   -9.46537646e-03   -2.57173347e-02
2582     8.60666667e-09    2.09766433e+00    3.99051737e+00   -9.11477831e-03   -2.60272487e-02
2583     8.61000000e-09    2.09747639e+00    3.99389042e+00   -5.26248419e-03   -2.62871564e-02
2584     8.61333333e-09    2.08869811e+00    3.99961287e+00    6.14884877e-04   -2.63971905e-02
2585     8.61666667e-09    2.07468184e+00    4.00547275e+00    6.24606236e-03   -2.63152334e-02
2586     8.62000000e-09    2.06078200e+00    4.00922003e+00    9.46949438e-03   -2.60731337e-02
2587     8.62333333e-09    2.05230890e+00    4.00944273e+00    9.07407000e-03   -2.57637824e-02
2588     8.62666667e-09    2.05249897e+00    4.00607877e+00    5.23320786e-03   -2.55050527e-02
2589     8.63000000e-09    2.06127855e+00    4.00040799e+00   -5.92271936e-04   -2.53951840e-02
2590     8.63333333e-09    2.07529349e+00    3.99457095e+00   -6.20280858e-03   -2.54760653e-02
2591     8.63666667e-09    2.08919122e+00    3.99078611e+00   -9.46537647e-03   -2.57173347e-02
2592     8.64000000e-09    2.09766433e+00    3.99051737e+00   -9.11477832e-03   -2.60272487e-02
2593     8.64333333e-09    2.09747638e+00    3.99389042e+00   -5.26248419e-03   -2.62871564e-02
2594     8.64666667e-09    2.08869810e+00    3.99961287e+00    6.14884881e-04   -2.63971904e-02
2595     8.65000000e-09    2.07468184e+00    4.00547275e+00    6.24606236e-03   -2.63152334e-02
2596     8.65333333e-09    2.06078199e+00    4.00922003e+00    9.46949439e-03   -2.60731337e-02
2597     8.65666667e-09    2.05230890e+00    4.00944273e+00    9.07407000e-03   -2.57637823e-02
2598     8.66000000e-09    2.05249897e+00    4.00607877e+00    5.23320785e-03   -2.55050526e-02
2599     8.66333333e-09    2.06127855e+00    4.00040799e+00   -5.92271940e-04   -2.53951840e-02
2600     8.66666667e-09    2.07529349e+00    3.99457095e+00   -6.20280859e-03   -2.54760653e-02
2601     8.67000000e-09    2.08919122e+00    3.99078611e+00   -9.46537647e-03   -2.57173346e-02
2602     8.67333333e-09    2.09766432e+00    3.99051737e+00   -9.11477832e-03   -2.60272486e-02
2603     8.67666667e-09    2.09747638e+00    3.99389042e+00   -5.26248419e-03   -2.62871563e-02
2604     8.68000000e-09    2.08869810e+00    3.99961287e+00    6.14884885e-04   -2.63971904e-02
2605     8.68333333e-09    2.07468183e+00    4.00547275e+00    6.24606237e-03   -2.63152333e-02
2606     8.68666667e-09    2.06078199e+00    4.00922003e+00    9.46949439e-03   -2.60731336e-02
2607     8.69000000e-09    2.05230890e+00    4.00944273e+00    9.07407001e-03   -2.57637823e-02
2608     8.69333333e-09    2.05249897e+00    4.00607877e+00    5.23320785e-03   -2.55050526e-02
2609     8.69666667e-09    2.06127855e+00    4.00040799e+00   -5.92271944e-04   -2.53951839e-02
2610     8.70000000e-09    2.07529349e+00    3.99457095e+00   -6.20280859e-03   -2.54760652e-02
2611     8.70333333e-09    2.08919121e+00    3.99078611e+00   -9.46537648e-03   -2.57173346e-02
2612     8.70666667e-09    2.09766432e+00    3.99051737e+00   -9.11477833e-03   -2.60272486e-02
2613     8.71000000e-09    2.09747638e+00    3.99389042e+00   -5.26248419e-03   -2.62871563e-02
2614     8.71333333e-09    2.08869810e+00    3.99961287e+00    6.14884889e-04   -2.63971904e-02
2615     8.71666667e-09    2.07468183e+00    4.00547275e+00    6.24606238e-03   -2.63152333e-02
2616     8.72000000e-09    2.06078199e+00    4.00922003e+00    9.46949440e-03   -2.60731336e-02
2617     8.72333333e-09    2.05230890e+00    4.00944273e+00    9.07407001e-03   -2.57637822e-02
2618     8.72666667e-09    2.05249897e+00    4.00607877e+00    5.23320785e-03   -2.55050525e-02
2619     8.73000000e-09    2.06127854e+00    4.00040799e+00   -5.92271948e-04   -2.53951839e-02
2620     8.73333333e-09    2.07529349e+00    3.99457095e+00   -6.20280860e-03   -2.54760652e-02
2621     8.73666667e-09    2.08919121e+00    3.99078611e+00   -9.46537648e-03   -2.57173346e-02
2622     8.74000000e-09    2.09766432e+00    3.99051737e+00   -9.11477833e-03   -2.60272486e-02
2623     8.74333333e-09    2.09747638e+00    3.99389042e+00   -5.26248418e-03   -2.62871562e-02
2624     8.74666667e-09    2.08869810e+00    3.99961287e+00    6.14884893e-04   -2.63971903e-02
2625     8.75000000e-09    2.07468183e+00    4.00547275e+00    6.24606239e-03   -2.63152332e-02
2626     8.75333333e-09    2.06078199e+00    4.00922003e+00    9.46949440e-03   -2.60731335e-02
2627     8.75666667e-09    2.05230890e+00    4.00944273e+00    9.07407002e-03   -2.57637822e-02
2628     8.76000000e-09    2.05249896e+00    4.00607877e+00    5.23320785e-03   -2.55050525e-02
2629     8.76333333e-09    2.06127854e+00    4.00040799e+00   -5.92271952e-04   -2.53951838e-02
2630     8.76666667e-09    2.07529349e+00    3.99457095e+00   -6.20280861e-03   -2.54760651e-02
2631     8.77000000e-09    2.08919121e+00    3.99078611e+00   -9.46537649e-03   -2.57173345e-02
2632     8.77333333e-09    2.09766432e+00    3.99051737e+00   -9.11477834e-03   -2.60272485e-02
2633     8.77666667e-09    2.09747638e+00    3.99389042e+00   -5.26248418e-03   -2.62871562e-02
2634     8.78000000e-09    2.08869810e+00    3.99961287e+00    6.14884897e-04   -2.63971903e-02
2635     8.78333333e-09    2.07468183e+00    4.00547275e+00    6.24606240e-03   -2.63152332e-02
2636     8.78666667e-09    2.06078199e+00    4.00922003e+00    9.46949441e-03   -2.60731335e-02
2637     8.79000000e-09    2.05230890e+00    4.00944273e+00    9.07407002e-03   -2.57637821e-02
2638     8.79333333e-09    2.05249896e+00    4.00607877e+00    5.23320785e-03   -2.55050525e-02
2639     8.79666667e-09    2.06127854e+00    4.00040799e+00   -5.92271956e-04   -2.53951838e-02
2640     8.80000000e-09    2.07529349e+00    3.99457095e+00   -6.20280862e-03   -2.54760651e-02
2641     8.80333333e-09    2.08919121e+00    3.99078611e+00   -9.46537650e-03   -2.57173345e-02
2642     8.80666667e-09    2.09766432e+00    3.99051737e+00   -9.11477834e-03   -2.60272485e-02
2643     8.81000000e-09    2.09747638e+00    3.99389042e+00   -5.26248418e-03   -2.62871562e-02
2644     8.81333333e-09    2.08869810e+00    3.99961287e+00    6.14884902e-04   -2.63971902e-02
2645     8.81666667e-09    2.07468183e+00    4.00547275e+00    6.24606240e-03   -2.63152331e-02
2646     8.82000000e-09    2.06078199e+00    4.00922003e+00    9.46949442e-03   -2.60731334e-02
2647     8.82333333e-09    2.05230889e+00    4.00944273e+00    9.07407003e-03   -2.57637821e-02
2648     8.82666667e-09    2.05249896e+00    4.00607877e+00    5.23320785e-03   -2.55050524e-02
2649     8.83000000e-09    2.06127854e+00    4.00040799e+00   -5.92271960e-04   -2.53951837e-02
2650     8.83333333e-09    2.07529348e+00    3.99457095e+00   -6.20280863e-03   -2.54760650e-02
2651     8.83666667e-09    2.08919121e+00    3.99078611e+00   -9.46537650e-03   -2.57173344e-02
2652     8.84000000e-09    2.09766432e+00    3.99051737e+00   -9.11477835e-03   -2.60272484e-02
2653     8.84333333e-09    2.09747637e+00    3.99389042e+00   -5.26248418e-03   -2.62871561e-02
2654     8.84666667e-09    2.08869809e+00    3.99961287e+00    6.14884906e-04   -2.63971902e-02
2655     8.85000000e-09    2.07468183e+00    4.00547275e+00    6.24606241e-03   -2.63152331e-02
2656     8.85333333e-09    2.06078199e+00    4.00922003e+00    9.46949442e-03   -2.60731334e-02
2657     8.85666667e-09    2.05230889e+00    4.00944273e+00    9.07407003e-03   -2.57637820e-02
2658     8.86000000e-09    2.05249896e+00    4.00607877e+00    5.23320785e-03   -2.55050524e-02
2659     8.86333333e-09    2.06127854e+00    4.00040799e+00   -5.92271964e-04   -2.53951837e-02
2660     8.86666667e-09    2.07529348e+00    3.99457095e+00   -6.20280864e-03   -2.54760650e-02
2661     8.87000000e-09    2.08919121e+00    3.99078611e+00   -9.46537651e-03   -2.57173344e-02
2662     8.87333333e-09    2.09766431e+00    3.99051737e+00   -9.11477835e-03   -2.60272484e-02
2663     8.87666667e-09    2.09747637e+00    3.99389042e+00   -5.26248418e-03   -2.62871561e-02
2664     8.88000000e-09    2.08869809e+00    3.99961287e+00    6.14884910e-04   -2.63971901e-02
2665     8.88333333e-09    2.07468183e+00    4.00547275e+00    6.24606242e-03   -2.63152331e-02
2666     8.88666667e-09    2.06078198e+00    4.00922003e+00    9.46949443e-03   -2.60731334e-02
2667     8.89000000e-09    2.05230889e+00    4.00944273e+00    9.07407004e-03   -2.57637820e-02
2668     8.89333333e-09    2.05249896e+00    4.00607877e+00    5.23320785e-03   -2.55050523e-02
2669     8.89666667e-09    2.06127854e+00    4.00040799e+00   -5.92271967e-04   -2.53951837e-02
2670     8.90000000e-09    2.07529348e+00    3.99457095e+00   -6.20280864e-03   -2.54760649e-02
2671     8.90333333e-09    2.08919121e+00    3.99078611e+00   -9.46537652e-03   -2.57173343e-02
2672     8.90666667e-09    2.09766431e+00    3.99051737e+00   -9.11477836e-03   -2.60272483e-02
2673     8.91000000e-09    2.09747637e+00    3.99389042e+00   -5.26248418e-03   -2.62871560e-02
2674     8.91333333e-09    2.08869809e+00    3.99961287e+00    6.14884914e-04   -2.63971901e-02
2675     8.91666667e-09    2.07468182e+00    4.00547275e+00    6.24606243e-03   -2.63152330e-02
2676     8.92000000e-09    2.06078198e+00    4.00922003e+00    9.46949444e-03   -2.60731333e-02
2677     8.92333333e-09    2.05230889e+00    4.00944273e+00    9.07407004e-03   -2.57637820e-02
2678     8.92666667e-09    2.05249896e+00    4.00607877e+00    5.23320785e-03   -2.55050523e-02
2679     8.93000000e-09    2.06127853e+00    4.00040799e+00   -5.92271971e-04   -2.53951836e-02
2680     8.93333333e-09    2.07529348e+00    3.99457095e+00   -6.20280865e-03   -2.54760649e-02
2681     8.93666667e-09    2.08919120e+00    3.99078611e+00   -9.46537652e-03   -2.57173343e-02
2682     8.94000000e-09    2.09766431e+00    3.99051737e+00   -9.11477836e-03   -2.60272483e-02
2683     8.94333333e-09    2.09747637e+00    3.99389042e+00   -5.26248418e-03   -2.62871560e-02
2684     8.94666667e-09    2.08869809e+00    3.99961287e+00    6.14884918e-04   -2.63971901e-02
2685     8.95000000e-09    2.07468182e+00    4.00547275e+00    6.24606243e-03   -2.63152330e-02
2686     8.95333333e-09    2.06078198e+00    4.00922003e+00    9.46949444e-03   -2.60731333e-02
2687     8.95666667e-09    2.05230889e+00    4.00944273e+00    9.07407005e-03   -2.57637819e-02
2688     8.96000000e-09    2.05249895e+00    4.00607877e+00    5.23320785e-03   -2.55050522e-02
2689     8.96333333e-09    2.06127853e+00    4.00040799e+00   -5.92271975e-04   -2.53951836e-02
2690     8.96666667e-09    2.07529348e+00    3.99457095e+00   -6.20280866e-03   -2.54760649e-02
2691     8.97000000e-09    2.08919120e+00    3.99078611e+00   -9.46537653e-03   -2.57173343e-02
2692     8.97333333e-09    2.09766431e+00    3.99051737e+00   -9.11477836e-03   -2.60272483e-02
2693     8.97666667e-09    2.09747637e+00    3.99389042e+00   -5.26248418e-03   -2.62871559e-02
2694     8.98000000e-09    2.08869809e+00    3.99961287e+00    6.14884922e-04   -2.63971900e-02
2695     8.98333333e-09    2.07468182e+00    4.00547275e+00    6.24606244e-03   -2.63152329e-02
2696     8.98666667e-09    2.06078198e+00    4.00922003e+00    9.46949445e-03   -2.60731332e-02
2697     8.99000000e-09    2.05230889e+00    4.00944273e+00    9.07407005e-03   -2.57637819e-02
2698     8.99333333e-09    2.05249895e+00    4.00607877e+00    5.23320784e-03   -2.55050522e-02
2699     8.99666667e-09    2.06127853e+00    4.00040799e+00   -5.92271979e-04   -2.53951835e-02
2700     9.00000000e-09    2.07529348e+00    3.99457095e+00   -6.20280867e-03   -2.54760648e-02
2701     9.00333333e-09    2.08919120e+00    3.99078611e+00   -9.46537654e-03   -2.57173342e-02
2702     9.00666667e-09    2.09766431e+00    3.99051737e+00   -9.11477837e-03   -2.60272482e-02
2703     9.01000000e-09    2.09747637e+00    3.99389042e+00   -5.26248418e-03   -2.62871559e-02
2704     9.01333333e-09    2.08869809e+00    3.99961287e+00    6.14884926e-04   -2.63971900e-02
2705     9.01666667e-09    2.07468182e+00    4.00547275e+00    6.24606245e-03   -2.63152329e-02
2706     9.02000000e-09    2.06078198e+00    4.00922003e+00    9.46949446e-03   -2.60731332e-02
2707     9.02333333e-09    2.05230888e+00    4.00944273e+00    9.07407006e-03   -2.57637818e-02
2708     9.02666667e-09    2.05249895e+00    4.00607877e+00    5.23320784e-03   -2.55050522e-02
2709     9.03000000e-09    2.06127853e+00    4.00040799e+00   -5.92271983e-04   -2.53951835e-02
2710     9.03333333e-09    2.07529348e+00    3.99457095e+00   -6.20280868e-03   -2.54760648e-02
2711     9.03666667e-09    2.08919120e+00    3.99078611e+00   -9.46537654e-03   -2.57173342e-02
2712     9.04000000e-09    2.09766431e+00    3.99051737e+00   -9.11477837e-03   -2.60272482e-02
2713     9.04333333e-09    2.09747637e+00    3.99389042e+00   -5.26248418e-03   -2.62871559e-02
2714     9.04666667e-09    2.08869809e+00    3.99961287e+00    6.14884930e-04   -2.63971899e-02
2715     9.05000000e-09    2.07468182e+00    4.00547275e+00    6.24606246e-03   -2.63152328e-02
2716     9.05333333e-09    2.06078198e+00    4.00922003e+00    9.46949446e-03   -2.60731331e-02
2717     9.05666667e-09    2.05230888e+00    4.00944273e+00    9.07407006e-03   -2.57637818e-02
2718     9.06000000e-09    2.05249895e+00    4.00607877e+00    5.23320784e-03   -2.55050521e-02
2719     9.06333333e-09    2.06127853e+00    4.00040799e+00   -5.92271987e-04   -2.53951834e-02
2720     9.06666667e-09    2.07529347e+00    3.99457095e+00   -6.20280868e-03   -2.54760647e-02
2721     9.07000000e-09    2.08919120e+00    3.99078611e+00   -9.46537655e-03   -2.57173341e-02
2722     9.07333333e-09    2.09766431e+00    3.99051737e+00   -9.11477838e-03   -2.60272481e-02
2723     9.07666667e-09    2.09747636e+00    3.99389042e+00   -5.26248417e-03   -2.62871558e-02
2724     9.08000000e-09    2.08869808e+00    3.99961287e+00    6.14884934e-04   -2.63971899e-02
2725     9.08333333e-09    2.07468182e+00    4.00547275e+00    6.24606246e-03   -2.63152328e-02
2726     9.08666667e-09    2.06078198e+00    4.00922003e+00    9.46949447e-03   -2.60731331e-02
2727     9.09000000e-09    2.05230888e+00    4.00944273e+00    9.07407007e-03   -2.57637817e-02
2728     9.09333333e-09    2.05249895e+00    4.00607877e+00    5.23320784e-03   -2.55050521e-02
2729     9.09666667e-09    2.06127853e+00    4.00040799e+00   -5.92271991e-04   -2.53951834e-02
2730     9.10000000e-09    2.07529347e+00    3.99457095e+00   -6.20280869e-03   -2.54760647e-02
2731     9.10333333e-09    2.08919120e+00    3.99078611e+00   -9.46537656e-03   -2.57173341e-02
2732     9.10666667e-09    2.09766430e+00    3.99051737e+00   -9.11477838e-03   -2.60272481e-02
2733     9.11000000e-09    2.09747636e+00    3.99389042e+00   -5.26248417e-03   -2.62871558e-02
2734     9.11333333e-09    2.08869808e+00    3.99961287e+00    6.14884938e-04   -2.63971898e-02
2735     9.11666667e-09    2.07468181e+00    4.00547275e+00    6.24606247e-03   -2.63152328e-02
2736     9.12000000e-09    2.06078197e+00    4.00922003e+00    9.46949447e-03   -2.60731331e-02
2737     9.12333333e-09    2.05230888e+00    4.00944273e+00    9.07407007e-03   -2.57637817e-02
2738     9.12666667e-09    2.05249895e+00    4.00607877e+00    5.23320784e-03   -2.55050520e-02
2739     9.13000000e-09    2.06127853e+00    4.00040799e+00   -5.92271995e-04   -2.53951834e-02
2740     9.13333333e-09    2.07529347e+00    3.99457095e+00   -6.20280870e-03   -2.54760646e-02
2741     9.13666667e-09    2.08919120e+00    3.99078611e+00   -9.46537656e-03   -2.57173340e-02
2742     9.14000000e-09    2.09766430e+00    3.99051737e+00   -9.11477839e-03   -2.60272481e-02
2743     9.14333333e-09    2.09747636e+00    3.99389042e+00   -5.26248417e-03   -2.62871557e-02
2744     9.14666667e-09    2.08869808e+00    3.99961287e+00    6.14884942e-04   -2.63971898e-02
2745     9.15000000e-09    2.07468181e+00    4.00547275e+00    6.24606248e-03   -2.63152327e-02
2746     9.15333333e-09    2.06078197e+00    4.00922003e+00    9.46949448e-03   -2.60731330e-02
2747     9.15666667e-09    2.05230888e+00    4.00944273e+00    9.07407008e-03   -2.57637817e-02
2748     9.16000000e-09    2.05249895e+00    4.00607877e+00    5.23320784e-03   -2.55050520e-02
2749     9.16333333e-09    2.06127852e+00    4.00040799e+00   -5.92271998e-04   -2.53951833e-02
2750     9.16666667e-09    2.07529347e+00    3.99457095e+00   -6.20280871e-03   -2.54760646e-02
2751     9.17000000e-09    2.08919119e+00    3.99078611e+00   -9.46537657e-03   -2.57173340e-02
2752     9.17333333e-09    2.09766430e+00    3.99051737e+00   -9.11477839e-03   -2.60272480e-02
2753     9.17666667e-09    2.09747636e+00    3.99389042e+00   -5.26248417e-03   -2.62871557e-02
2754     9.18000000e-09    2.08869808e+00    3.99961287e+00    6.14884946e-04   -2.63971898e-02
2755     9.18333333e-09    2.07468181e+00    4.00547275e+00    6.24606249e-03   -2.63152327e-02
2756     9.18666667e-09    2.06078197e+00    4.00922003e+00    9.46949449e-03   -2.60731330e-02
2757     9.19000000e-09    2.05230888e+00    4.00944273e+00    9.07407008e-03   -2.57637816e-02
2758     9.19333333e-09    2.05249894e+00    4.00607877e+00    5.23320784e-03   -2.55050519e-02
2759     9.19666667e-09    2.06127852e+00    4.00040799e+00   -5.92272002e-04   -2.53951833e-02
2760     9.20000000e-09    2.07529347e+00    3.99457095e+00   -6.20280872e-03   -2.54760646e-02
2761     9.20333333e-09    2.08919119e+00    3.99078611e+00   -9.46537657e-03   -2.57173340e-02
2762     9.20666667e-09    2.09766430e+00    3.99051737e+00   -9.11477840e-03   -2.60272480e-02
2763     9.21000000e-09    2.09747636e+00    3.99389042e+00   -5.26248417e-03   -2.62871557e-02
2764     9.21333333e-09    2.08869808e+00    3.99961287e+00    6.14884950e-04   -2.63971897e-02
2765     9.21666667e-09    2.07468181e+00    4.00547275e+00    6.24606249e-03   -2.63152326e-02
2766     9.22000000e-09    2.06078197e+00    4.00922003e+00    9.46949449e-03   -2.60731329e-02
2767     9.22333333e-09    2.05230888e+00    4.00944273e+00    9.07407009e-03   -2.57637816e-02
2768     9.22666667e-09    2.05249894e+00    4.00607877e+00    5.23320784e-03   -2.55050519e-02
2769     9.23000000e-09    2.06127852e+00    4.00040799e+00   -5.92272006e-04   -2.53951832e-02
2770     9.23333333e-09    2.07529347e+00    3.99457095e+00   -6.20280872e-03   -2.54760645e-02
2771     9.23666667e-09    2.08919119e+00    3.99078611e+00   -9.46537658e-03   -2.57173339e-02
2772     9.24000000e-09    2.09766430e+00    3.99051737e+00   -9.11477840e-03   -2.60272479e-02
2773     9.24333333e-09    2.09747636e+00    3.99389042e+00   -5.26248417e-03   -2.62871556e-02
2774     9.24666667e-09    2.08869808e+00    3.99961287e+00    6.14884954e-04   -2.63971897e-02
2775     9.25000000e-09    2.07468181e+00    4.00547275e+00    6.24606250e-03   -2.63152326e-02
2776     9.25333333e-09    2.06078197e+00    4.00922003e+00    9.46949450e-03   -2.60731329e-02
2777     9.25666667e-09    2.05230887e+00    4.00944273e+00    9.07407009e-03   -2.57637815e-02
2778     9.26000000e-09    2.05249894e+00    4.00607877e+00    5.23320784e-03   -2.55050519e-02
2779     9.26333333e-09    2.06127852e+00    4.00040799e+00   -5.92272010e-04   -2.53951832e-02
2780     9.26666667e-09    2.07529347e+00    3.99457095e+00   -6.20280873e-03   -2.54760645e-02
2781     9.27000000e-09    2.08919119e+00    3.99078611e+00   -9.46537659e-03   -2.57173339e-02
2782     9.27333333e-09    2.09766430e+00    3.99051737e+00   -9.11477840e-03   -2.60272479e-02
2783     9.27666667e-09    2.09747636e+00    3.99389042e+00   -5.26248417e-03   -2.62871556e-02
2784     9.28000000e-09    2.08869808e+00    3.99961287e+00    6.14884958e-04   -2.63971896e-02
2785     9.28333333e-09    2.07468181e+00    4.00547275e+00    6.24606251e-03   -2.63152325e-02
2786     9.28666667e-09    2.06078197e+00    4.00922003e+00    9.46949450e-03   -2.60731328e-02
2787     9.29000000e-09    2.05230887e+00    4.00944273e+00    9.07407009e-03   -2.57637815e-02
2788     9.29333333e-09    2.05249894e+00    4.00607877e+00    5.23320784e-03   -2.55050518e-02
2789     9.29666667e-09    2.06127852e+00    4.00040799e+00   -5.92272014e-04   -2.53951832e-02
2790     9.30000000e-09    2.07529346e+00    3.99457095e+00   -6.20280874e-03   -2.54760644e-02
2791     9.30333333e-09    2.08919119e+00    3.99078611e+00   -9.46537659e-03   -2.57173338e-02
2792     9.30666667e-09    2.09766430e+00    3.99051737e+00   -9.11477841e-03   -2.60272478e-02
2793     9.31000000e-09    2.09747635e+00    3.99389042e+00   -5.26248417e-03   -2.62871555e-02
2794     9.31333333e-09    2.08869807e+00    3.99961287e+00    6.14884962e-04   -2.63971896e-02
2795     9.31666667e-09    2.07468181e+00    4.00547275e+00    6.24606252e-03   -2.63152325e-02
2796     9.32000000e-09    2.06078197e+00    4.00922003e+00    9.46949451e-03   -2.60731328e-02
2797     9.32333333e-09    2.05230887e+00    4.00944273e+00    9.07407010e-03   -2.57637815e-02
2798     9.32666667e-09    2.05249894e+00    4.00607877e+00    5.23320784e-03   -2.55050518e-02
2799     9.33000000e-09    2.06127852e+00    4.00040799e+00   -5.92272018e-04   -2.53951831e-02
2800     9.33333333e-09    2.07529346e+00    3.99457095e+00   -6.20280875e-03   -2.54760644e-02
2801     9.33666667e-09    2.08919119e+00    3.99078611e+00   -9.46537660e-03   -2.57173338e-02
2802     9.34000000e-09    2.09766429e+00    3.99051737e+00   -9.11477841e-03   -2.60272478e-02
2803     9.34333333e-09    2.09747635e+00    3.99389042e+00   -5.26248417e-03   -2.62871555e-02
2804     9.34666667e-09    2.08869807e+00    3.99961287e+00    6.14884966e-04   -2.63971896e-02
2805     9.35000000e-09    2.07468180e+00    4.00547275e+00    6.24606252e-03   -2.63152325e-02
2806     9.35333333e-09    2.06078196e+00    4.00922003e+00    9.46949452e-03   -2.60731328e-02
2807     9.35666667e-09    2.05230887e+00    4.00944273e+00    9.07407010e-03   -2.57637814e-02
2808     9.36000000e-09    2.05249894e+00    4.00607877e+00    5.23320784e-03   -2.55050517e-02
2809     9.36333333e-09    2.06127852e+00    4.00040799e+00   -5.92272021e-04   -2.53951831e-02
2810     9.36666667e-09    2.07529346e+00    3.99457095e+00   -6.20280875e-03   -2.54760644e-02
2811     9.37000000e-09    2.08919119e+00    3.99078611e+00   -9.46537660e-03   -2.57173338e-02
2812     9.37333333e-09    2.09766429e+00    3.99051737e+00   -9.11477842e-03   -2.60272478e-02
2813     9.37666667e-09    2.09747635e+00    3.99389042e+00   -5.26248417e-03   -2.62871555e-02
2814     9.38000000e-09    2.08869807e+00    3.99961287e+00    6.14884970e-04   -2.63971895e-02
2815     9.38333333e-09    2.07468180e+00    4.00547275e+00    6.24606253e-03   -2.63152324e-02
2816     9.38666667e-09    2.06078196e+00    4.00922003e+00    9.46949452e-03   -2.60731327e-02
2817     9.39000000e-09    2.05230887e+00    4.00944273e+00    9.07407011e-03   -2.57637814e-02
2818     9.39333333e-09    2.05249894e+00    4.00607877e+00    5.23320783e-03   -2.55050517e-02
2819     9.39666667e-09    2.06127851e+00    4.00040799e+00   -5.92272025e-04   -2.53951830e-02
2820     9.40000000e-09    2.07529346e+00    3.99457095e+00   -6.20280876e-03   -2.54760643e-02
2821     9.40333333e-09    2.08919118e+00    3.99078611e+00   -9.46537661e-03   -2.57173337e-02
2822     9.40666667e-09    2.09766429e+00    3.99051737e+00   -9.11477842e-03   -2.60272477e-02
2823     9.41000000e-09    2.09747635e+00    3.99389042e+00   -5.26248417e-03   -2.62871554e-02
2824     9.41333333e-09    2.08869807e+00    3.99961287e+00    6.14884974e-04   -2.63971895e-02
2825     9.41666667e-09    2.07468180e+00    4.00547275e+00    6.24606254e-03   -2.63152324e-02
2826     9.42000000e-09    2.06078196e+00    4.00922003e+00    9.46949453e-03   -2.60731327e-02
2827     9.42333333e-09    2.05230887e+00    4.00944273e+00    9.07407011e-03   -2.57637813e-02
2828     9.42666667e-09    2.05249893e+00    4.00607877e+00    5.23320783e-03   -2.55050517e-02
2829     9.43000000e-09    2.06127851e+00    4.00040799e+00   -5.92272029e-04   -2.53951830e-02
2830     9.43333333e-09    2.07529346e+00    3.99457095e+00   -6.20280877e-03   -2.54760643e-02
2831     9.43666667e-09    2.08919118e+00    3.99078611e+00   -9.46537662e-03   -2.57173337e-02
2832     9.44000000e-09    2.09766429e+00    3.99051737e+00   -9.11477843e-03   -2.60272477e-02
2833     9.44333333e-09    2.09747635e+00    3.99389042e+00   -5.26248416e-03   -2.62871554e-02
2834     9.44666667e-09    2.08869807e+00    3.99961287e+00    6.14884978e-04   -2.63971894e-02
2835     9.45000000e-09    2.07468180e+00    4.00547275e+00    6.24606254e-03   -2.63152323e-02
2836     9.45333333e-09    2.06078196e+00    4.00922003e+00    9.46949453e-03   -2.60731326e-02
2837     9.45666667e-09    2.05230887e+00    4.00944273e+00    9.07407012e-03   -2.57637813e-02
2838     9.46000000e-09    2.05249893e+00    4.00607877e+00    5.23320783e-03   -2.55050516e-02
2839     9.46333333e-09    2.06127851e+00    4.00040799e+00   -5.92272033e-04   -2.53951830e-02
2840     9.46666667e-09    2.07529346e+00    3.99457095e+00   -6.20280878e-03   -2.54760642e-02
2841     9.47000000e-09    2.08919118e+00    3.99078611e+00   -9.46537662e-03   -2.57173336e-02
2842     9.47333333e-09    2.09766429e+00    3.99051737e+00   -9.11477843e-03   -2.60272476e-02
2843     9.47666667e-09    2.09747635e+00    3.99389042e+00   -5.26248416e-03   -2.62871553e-02
2844     9.48000000e-09    2.08869807e+00    3.99961287e+00    6.14884982e-04   -2.63971894e-02
2845     9.48333333e-09    2.07468180e+00    4.00547275e+00    6.24606255e-03   -2.63152323e-02
2846     9.48666667e-09    2.06078196e+00    4.00922003e+00    9.46949454e-03   -2.60731326e-02
2847     9.49000000e-09    2.05230886e+00    4.00944273e+00    9.07407012e-03   -2.57637813e-02
2848     9.49333333e-09    2.05249893e+00    4.00607877e+00    5.23320783e-03   -2.55050516e-02
2849     9.49666667e-09    2.06127851e+00    4.00040799e+00   -5.92272036e-04   -2.53951829e-02
2850     9.50000000e-09    2.07529346e+00    3.99457095e+00   -6.20280878e-03   -2.54760642e-02
2851     9.50333333e-09    2.08919118e+00    3.99078611e+00   -9.46537663e-03   -2.57173336e-02
2852     9.50666667e-09    2.09766429e+00    3.99051737e+00   -9.11477843e-03   -2.60272476e-02
2853     9.51000000e-09    2.09747635e+00    3.99389042e+00   -5.26248416e-03   -2.62871553e-02
2854     9.51333333e-09    2.08869807e+00    3.99961287e+00    6.14884986e-04   -2.63971894e-02
2855     9.51666667e-09    2.07468180e+00    4.00547275e+00    6.24606256e-03   -2.63152323e-02
2856     9.52000000e-09    2.06078196e+00    4.00922003e+00    9.46949455e-03   -2.60731326e-02
2857     9.52333333e-09    2.05230886e+00    4.00944273e+00    9.07407013e-03   -2.57637812e-02
2858     9.52666667e-09    2.05249893e+00    4.00607877e+00    5.23320783e-03   -2.55050515e-02
2859     9.53000000e-09    2.06127851e+00    4.00040799e+00   -5.92272040e-04   -2.53951829e-02
2860     9.53333333e-09    2.07529345e+00    3.99457095e+00   -6.20280879e-03   -2.54760642e-02
2861     9.53666667e-09    2.08919118e+00    3.99078611e+00   -9.46537663e-03   -2.57173336e-02
2862     9.54000000e-09    2.09766429e+00    3.99051737e+00   -9.11477844e-03   -2.60272476e-02
2863     9.54333333e-09    2.09747634e+00    3.99389042e+00   -5.26248416e-03   -2.62871553e-02
2864     9.54666667e-09    2.08869806e+00    3.99961287e+00    6.14884990e-04   -2.63971893e-02
2865     9.55000000e-09    2.07468180e+00    4.00547275e+00    6.24606256e-03   -2.63152322e-02
2866     9.55333333e-09    2.06078196e+00    4.00922003e+00    9.46949455e-03   -2.60731325e-02
2867     9.55666667e-09    2.05230886e+00    4.00944273e+00    9.07407013e-03   -2.57637812e-02
2868     9.56000000e-09    2.05249893e+00    4.00607877e+00    5.23320783e-03   -2.55050515e-02
2869     9.56333333e-09    2.06127851e+00    4.00040799e+00   -5.92272044e-04   -2.53951828e-02
2870     9.56666667e-09    2.07529345e+00    3.99457095e+00   -6.20280880e-03   -2.54760641e-02
2871     9.57000000e-09    2.08919118e+00    3.99078611e+00   -9.46537664e-03   -2.57173335e-02
2872     9.57333333e-09    2.09766428e+00    3.99051737e+00   -9.11477844e-03   -2.60272475e-02
2873     9.57666667e-09    2.09747634e+00    3.99389042e+00   -5.26248416e-03   -2.62871552e-02
2874     9.58000000e-09    2.08869806e+00    3.99961287e+00    6.14884993e-04   -2.63971893e-02
2875     9.58333333e-09    2.07468179e+00    4.00547275e+00    6.24606257e-03   -2.63152322e-02
2876     9.58666667e-09    2.06078195e+00    4.00922003e+00    9.46949456e-03   -2.60731325e-02
2877     9.59000000e-09    2.05230886e+00    4.00944273e+00    9.07407014e-03   -2.57637811e-02
2878     9.59333333e-09    2.05249893e+00    4.00607877e+00    5.23320783e-03   -2.55050515e-02
2879     9.59666667e-09    2.06127851e+00    4.00040799e+00   -5.92272048e-04   -2.53951828e-02
2880     9.60000000e-09    2.07529345e+00    3.99457095e+00   -6.20280881e-03   -2.54760641e-02
2881     9.60333333e-09    2.08919118e+00    3.99078611e+00   -9.46537665e-03   -2.57173335e-02
2882     9.60666667e-09    2.09766428e+00    3.99051737e+00   -9.11477845e-03   -2.60272475e-02
2883     9.61000000e-09    2.09747634e+00    3.99389042e+00   -5.26248416e-03   -2.62871552e-02
2884     9.61333333e-09    2.08869806e+00    3.99961287e+00    6.14884997e-04   -2.63971892e-02
2885     9.61666667e-09    2.07468179e+00    4.00547275e+00    6.24606258e-03   -2.63152322e-02
2886     9.62000000e-09    2.06078195e+00    4.00922003e+00    9.46949456e-03   -2.60731324e-02
2887     9.62333333e-09    2.05230886e+00    4.00944273e+00    9.07407014e-03   -2.57637811e-02
2888     9.62666667e-09    2.05249893e+00    4.00607877e+00    5.23320783e-03   -2.55050514e-02
2889     9.63000000e-09    2.06127850e+00    4.00040799e+00   -5.92272051e-04   -2.53951828e-02
2890     9.63333333e-09    2.07529345e+00    3.99457095e+00   -6.20280881e-03   -2.54760640e-02
2891     9.63666667e-09    2.08919117e+00    3.99078611e+00   -9.46537665e-03   -2.57173334e-02
2892     9.64000000e-09    2.09766428e+00    3.99051737e+00   -9.11477845e-03   -2.60272475e-02
2893     9.64333333e-09    2.09747634e+00    3.99389042e+00   -5.26248416e-03   -2.62871551e-02
2894     9.64666667e-09    2.08869806e+00    3.99961287e+00    6.14885001e-04   -2.63971892e-02
2895     9.65000000e-09    2.07468179e+00    4.00547275e+00    6.24606258e-03   -2.63152321e-02
2896     9.65333333e-09    2.06078195e+00    4.00922003e+00    9.46949457e-03   -2.60731324e-02
2897     9.65666667e-09    2.05230886e+00    4.00944273e+00    9.07407014e-03   -2.57637811e-02
2898     9.66000000e-09    2.05249892e+00    4.00607877e+00    5.23320783e-03   -2.55050514e-02
2899     9.66333333e-09    2.06127850e+00    4.00040799e+00   -5.92272055e-04   -2.53951827e-02
2900     9.66666667e-09    2.07529345e+00    3.99457095e+00   -6.20280882e-03   -2.54760640e-02
2901     9.67000000e-09    2.08919117e+00    3.99078611e+00   -9.46537666e-03   -2.57173334e-02
2902     9.67333333e-09    2.09766428e+00    3.99051737e+00   -9.11477845e-03   -2.60272474e-02
2903     9.67666667e-09    2.09747634e+00    3.99389042e+00   -5.26248416e-03   -2.62871551e-02
2904     9.68000000e-09    2.08869806e+00    3.99961287e+00    6.14885005e-04   -2.63971892e-02
2905     9.68333333e-09    2.07468179e+00    4.00547275e+00    6.24606259e-03   -2.63152321e-02
2906     9.68666667e-09    2.06078195e+00    4.00922003e+00    9.46949458e-03   -2.60731324e-02
2907     9.69000000e-09    2.05230886e+00    4.00944273e+00    9.07407015e-03   -2.57637810e-02
2908     9.69333333e-09    2.05249892e+00    4.00607877e+00    5.23320783e-03   -2.55050513e-02
2909     9.69666667e-09    2.06127850e+00    4.00040799e+00   -5.92272059e-04   -2.53951827e-02
2910     9.70000000e-09    2.07529345e+00    3.99457095e+00   -6.20280883e-03   -2.54760640e-02
2911     9.70333333e-09    2.08919117e+00    3.99078611e+00   -9.46537666e-03   -2.57173334e-02
2912     9.70666667e-09    2.09766428e+00    3.99051737e+00   -9.11477846e-03   -2.60272474e-02
2913     9.71000000e-09    2.09747634e+00    3.99389042e+00   -5.26248416e-03   -2.62871551e-02
2914     9.71333333e-09    2.08869806e+00    3.99961287e+00    6.14885009e-04   -2.63971891e-02
2915     9.71666667e-09    2.07468179e+00    4.00547275e+00    6.24606260e-03   -2.63152320e-02
2916     9.72000000e-09    2.06078195e+00    4.00922003e+00    9.46949458e-03   -2.60731323e-02
2917     9.72333333e-09    2.05230885e+00    4.00944273e+00    9.07407015e-03   -2.57637810e-02
2918     9.72666667e-09    2.05249892e+00    4.00607877e+00    5.23320783e-03   -2.55050513e-02
2919     9.73000000e-09    2.06127850e+00    4.00040799e+00   -5.92272063e-04   -2.53951826e-02
2920     9.73333333e-09    2.07529345e+00    3.99457095e+00   -6.20280883e-03   -2.54760639e-02
2921     9.73666667e-09    2.08919117e+00    3.99078611e+00   -9.46537667e-03   -2.57173333e-02
2922     9.74000000e-09    2.09766428e+00    3.99051737e+00   -9.11477846e-03   -2.60272473e-02
2923     9.74333333e-09    2.09747634e+00    3.99389042e+00   -5.26248416e-03   -2.62871550e-02
2924     9.74666667e-09    2.08869806e+00    3.99961287e+00    6.14885013e-04   -2.63971891e-02
2925     9.75000000e-09    2.07468179e+00    4.00547275e+00    6.24606260e-03   -2.63152320e-02
2926     9.75333333e-09    2.06078195e+00    4.00922003e+00    9.46949459e-03   -2.60731323e-02
2927     9.75666667e-09    2.05230885e+00    4.00944273e+00    9.07407016e-03   -2.57637809e-02
2928     9.76000000e-09    2.05249892e+00    4.00607877e+00    5.23320783e-03   -2.55050513e-02
2929     9.76333333e-09    2.06127850e+00    4.00040799e+00   -5.92272066e-04   -2.53951826e-02
2930     9.76666667e-09    2.07529344e+00    3.99457095e+00   -6.20280884e-03   -2.54760639e-02
2931     9.77000000e-09    2.08919117e+00    3.99078611e+00   -9.46537668e-03   -2.57173333e-02
2932     9.77333333e-09    2.09766428e+00    3.99051737e+00   -9.11477847e-03   -2.60272473e-02
2933     9.77666667e-09    2.09747633e+00    3.99389042e+00   -5.26248416e-03   -2.62871550e-02
2934     9.78000000e-09    2.08869805e+00    3.99961287e+00    6.14885016e-04   -2.63971890e-02
2935     9.78333333e-09    2.07468179e+00    4.00547275e+00    6.24606261e-03   -2.63152320e-02
2936     9.78666667e-09    2.06078195e+00    4.00922003e+00    9.46949459e-03   -2.60731323e-02
2937     9.79000000e-09    2.05230885e+00    4.00944273e+00    9.07407016e-03   -2.57637809e-02
2938     9.79333333e-09    2.05249892e+00    4.00607877e+00    5.23320783e-03   -2.55050512e-02
2939     9.79666667e-09    2.06127850e+00    4.00040799e+00   -5.92272070e-04   -2.53951826e-02
2940     9.80000000e-09    2.07529344e+00    3.99457095e+00   -6.20280885e-03   -2.54760638e-02
2941     9.80333333e-09    2.08919117e+00    3.99078611e+00   -9.46537668e-03   -2.57173332e-02
2942     9.80666667e-09    2.09766428e+00    3.99051737e+00   -9.11477847e-03   -2.60272473e-02
2943     9.81000000e-09    2.09747633e+00    3.99389042e+00   -5.26248416e-03   -2.62871549e-02
2944     9.81333333e-09    2.08869805e+00    3.99961287e+00    6.14885020e-04   -2.63971890e-02
2945     9.81666667e-09    2.07468179e+00    4.00547275e+00    6.24606262e-03   -2.63152319e-02
2946     9.82000000e-09    2.06078194e+00    4.00922003e+00    9.46949460e-03   -2.60731322e-02
2947     9.82333333e-09    2.05230885e+00    4.00944273e+00    9.07407017e-03   -2.57637809e-02
2948     9.82666667e-09    2.05249892e+00    4.00607877e+00    5.23320782e-03   -2.55050512e-02
2949     9.83000000e-09    2.06127850e+00    4.00040799e+00   -5.92272074e-04   -2.53951825e-02
2950     9.83333333e-09    2.07529344e+00    3.99457095e+00   -6.20280886e-03   -2.54760638e-02
2951     9.83666667e-09    2.08919117e+00    3.99078611e+00   -9.46537669e-03   -2.57173332e-02
2952     9.84000000e-09    2.09766427e+00    3.99051737e+00   -9.11477847e-03   -2.60272472e-02
2953     9.84333333e-09    2.09747633e+00    3.99389042e+00   -5.26248415e-03   -2.62871549e-02
2954     9.84666667e-09    2.08869805e+00    3.99961287e+00    6.14885024e-04   -2.63971890e-02
2955     9.85000000e-09    2.07468178e+00    4.00547275e+00    6.24606262e-03   -2.63152319e-02
2956     9.85333333e-09    2.06078194e+00    4.00922003e+00    9.46949461e-03   -2.60731322e-02
2957     9.85666667e-09    2.05230885e+00    4.00944273e+00    9.07407017e-03   -2.57637808e-02
2958     9.86000000e-09    2.05249892e+00    4.00607877e+00    5.23320782e-03   -2.55050511e-02
2959     9.86333333e-09    2.06127849e+00    4.00040799e+00   -5.92272077e-04   -2.53951825e-02
2960     9.86666667e-09    2.07529344e+00    3.99457095e+00   -6.20280886e-03   -2.54760638e-02
2961     9.87000000e-09    2.08919116e+00    3.99078611e+00   -9.46537669e-03   -2.57173332e-02
2962     9.87333333e-09    2.09766427e+00    3.99051737e+00   -9.11477848e-03   -2.60272472e-02
2963     9.87666667e-09    2.09747633e+00    3.99389042e+00   -5.26248415e-03   -2.62871549e-02
2964     9.88000000e-09    2.08869805e+00    3.99961287e+00    6.14885028e-04   -2.63971889e-02
2965     9.88333333e-09    2.07468178e+00    4.00547275e+00    6.24606263e-03   -2.63152318e-02
2966     9.88666667e-09    2.06078194e+00    4.00922003e+00    9.46949461e-03   -2.60731321e-02
2967     9.89000000e-09    2.05230885e+00    4.00944273e+00    9.07407017e-03   -2.57637808e-02
2968     9.89333333e-09    2.05249892e+00    4.00607877e+00    5.23320782e-03   -2.55050511e-02
2969     9.89666667e-09    2.06127849e+00    4.00040799e+00   -5.92272081e-04   -2.53951824e-02
2970     9.90000000e-09    2.07529344e+00    3.99457095e+00   -6.20280887e-03   -2.54760637e-02
2971     9.90333333e-09    2.08919116e+00    3.99078611e+00   -9.46537670e-03   -2.57173331e-02
2972     9.90666667e-09    2.09766427e+00    3.99051737e+00   -9.11477848e-03   -2.60272471e-02
2973     9.91000000e-09    2.09747633e+00    3.99389042e+00   -5.26248415e-03   -2.62871548e-02
2974     9.91333333e-09    2.08869805e+00    3.99961287e+00    6.14885031e-04   -2.63971889e-02
2975     9.91666667e-09    2.07468178e+00    4.00547275e+00    6.24606264e-03   -2.63152318e-02
2976     9.92000000e-09    2.06078194e+00    4.00922003e+00    9.46949462e-03   -2.60731321e-02
2977     9.92333333e-09    2.05230885e+00    4.00944273e+00    9.07407018e-03   -2.57637807e-02
2978     9.92666667e-09    2.05249891e+00    4.00607877e+00    5.23320782e-03   -2.55050511e-02
2979     9.93000000e-09    2.06127849e+00    4.00040799e+00   -5.92272084e-04   -2.53951824e-02
2980     9.93333333e-09    2.07529344e+00    3.99457095e+00   -6.20280888e-03   -2.54760637e-02
2981     9.93666667e-09    2.08919116e+00    3.99078611e+00   -9.46537671e-03   -2.57173331e-02
2982     9.94000000e-09    2.09766427e+00    3.99051737e+00   -9.11477849e-03   -2.60272471e-02
2983     9.94333333e-09    2.09747633e+00    3.99389042e+00   -5.26248415e-03   -2.62871548e-02
2984     9.94666667e-09    2.08869805e+00    3.99961287e+00    6.14885035e-04   -2.63971889e-02
2985     9.95000000e-09    2.07468178e+00    4.00547275e+00    6.24606264e-03   -2.63152318e-02
2986     9.95333333e-09    2.06078194e+00    4.00922003e+00    9.46949462e-03   -2.60731321e-02
2987     9.95666667e-09    2.05230885e+00    4.00944273e+00    9.07407018e-03   -2.57637807e-02
2988     9.96000000e-09    2.05249891e+00    4.00607877e+00    5.23320782e-03   -2.55050510e-02
2989     9.96333333e-09    2.06127849e+00    4.00040799e+00   -5.92272088e-04   -2.53951824e-02
2990     9.96666667e-09    2.07529344e+00    3.99457095e+00   -6.20280888e-03   -2.54760637e-02
2991     9.97000000e-09    2.08919116e+00    3.99078611e+00   -9.46537671e-03   -2.57173331e-02
2992     9.97333333e-09    2.09766427e+00    3.99051737e+00   -9.11477849e-03   -2.60272471e-02
2993     9.97666667e-09    2.09747633e+00    3.99389042e+00   -5.26248415e-03   -2.62871548e-02
2994     9.98000000e-09    2.08869805e+00    3.99961287e+00    6.14885039e-04   -2.63971888e-02
2995     9.98333333e-09    2.07468178e+00    4.00547275e+00    6.24606265e-03   -2.63152317e-02
2996     9.98666667e-09    2.06078194e+00    4.00922003e+00    9.46949463e-03   -2.60731320e-02
2997     9.99000000e-09    2.05230884e+00    4.00944273e+00    9.07407019e-03   -2.57637807e-02
2998     9.99333333e-09    2.05249891e+00    4.00607877e+00    5.23320782e-03   -2.55050510e-02
2999     9.99666667e-09    2.06127849e+00    4.00040799e+00   -5.92272092e-04   -2.53951823e-02
3000     1.00000000e-08    2.07529344e+00    3.99457095e+00   -6.20280889e-03   -2.54760636e-02
End of Xyce(TM) Simulation
