Index       TIME             V(BASE)           V(COLL)           V(OUT)            I(VDD)      
0        0.00000000e+00    0.00000000e+00    0.00000000e+00    0.00000000e+00    0.00000000e+00
1        3.33333333e-12    7.99066880e-02    5.07742781e+00    4.76008857e+00   -1.66069758e-01
2        3.54166667e-12    8.47520755e-02    5.42659822e+00    5.08805873e+00   -1.75596710e-01
3        3.71751665e-12    8.88468074e-02    5.73152386e+00    5.37408373e+00   -1.83102005e-01
4        3.89336663e-12    9.29273124e-02    6.04044110e+00    5.66359122e+00   -1.90335688e-01
5        4.24506659e-12    1.01067178e-01    6.67118367e+00    6.25242516e+00   -2.03150667e-01
6        4.94846652e-12    1.16749857e-01    7.91486799e+00    7.40007779e+00   -2.22188384e-01
7        5.65186644e-12    1.30888377e-01    9.05026354e+00    8.42416562e+00   -2.32859188e-01
8        6.23821696e-12    1.40981662e-01    9.85460832e+00    9.12560722e+00   -2.36067814e-01
9        6.73638211e-12    1.48143900e-01    1.04142120e+01    9.59196649e+00   -2.35396797e-01
10       7.18473075e-12    1.53422486e-01    1.08150704e+01    9.90540865e+00   -2.32640006e-01
11       7.63307939e-12    1.57595012e-01    1.11200893e+01    1.01206411e+01   -2.28301040e-01
12       8.08142803e-12    1.60695760e-01    1.13346577e+01    1.02439053e+01   -2.22797507e-01
13       8.52977667e-12    1.62783997e-01    1.14671567e+01    1.02843660e+01   -2.16516141e-01
14       8.97812532e-12    1.63936042e-01    1.15277836e+01    1.02529144e+01   -2.09802024e-01
15       9.42647396e-12    1.64240587e-01    1.15278999e+01    1.01615029e+01   -2.02951905e-01
16       9.87482260e-12    1.63791700e-01    1.14791688e+01    1.00222780e+01   -1.96210919e-01
17       1.03231712e-11    1.62686227e-01    1.13930847e+01    9.84710983e+00   -1.89772285e-01
18       1.07715199e-11    1.61018389e-01    1.12804228e+01    9.64704612e+00   -1.83779301e-01
19       1.16682172e-11    1.56378777e-01    1.10165850e+01    9.21408116e+00   -1.73481626e-01
20       1.25649144e-11    1.50463811e-01    1.07446876e+01    8.78082393e+00   -1.65586167e-01
21       1.34616117e-11    1.43787198e-01    1.05066421e+01    8.38881866e+00   -1.59977182e-01
22       1.43583090e-11    1.36737132e-01    1.03247484e+01    8.05943390e+00   -1.56251065e-01
23       1.52550063e-11    1.29594592e-01    1.02053619e+01    7.79785555e+00   -1.53875751e-01
24       1.61517036e-11    1.22559368e-01    1.01434941e+01    7.59793412e+00   -1.52313067e-01
25       1.70484008e-11    1.15781373e-01    1.01275221e+01    7.44705409e+00   -1.51099326e-01
26       1.79450981e-11    1.09385269e-01    1.01431318e+01    7.33015693e+00   -1.49887132e-01
27       1.88417954e-11    1.03490904e-01    1.01763579e+01    7.23279743e+00   -1.48455884e-01
28       2.06351900e-11    9.36931207e-02    1.02499670e+01    7.05025505e+00   -1.44635000e-01
29       2.24285845e-11    8.75114278e-02    1.02996518e+01    6.85064198e+00   -1.39707820e-01
30       2.42219791e-11    8.59102362e-02    1.03108891e+01    6.62029228e+00   -1.34233436e-01
31       2.60153737e-11    8.95192509e-02    1.02947001e+01    6.37111606e+00   -1.28802411e-01
32       2.78087682e-11    9.84175524e-02    1.02688350e+01    6.12121421e+00   -1.23747427e-01
33       3.11421016e-11    1.26641716e-01    1.02319264e+01    5.69057913e+00   -1.15395758e-01
34       3.44754349e-11    1.62286146e-01    1.02155570e+01    5.30760363e+00   -1.07930572e-01
35       3.78087682e-11    1.93838147e-01    1.02063466e+01    4.95626426e+00   -1.00892536e-01
36       4.11421016e-11    2.11369031e-01    1.01934670e+01    4.62404121e+00   -9.42254699e-02
37       4.44754349e-11    2.10390355e-01    1.01785048e+01    4.31123642e+00   -8.80261349e-02
38       4.78087682e-11    1.93490790e-01    1.01656751e+01    4.02067624e+00   -8.22931833e-02
39       5.11421016e-11    1.69308331e-01    1.01555407e+01    3.75147029e+00   -7.69444242e-02
40       5.44754349e-11    1.49243550e-01    1.01465260e+01    3.50071610e+00   -7.19139922e-02
41       5.78087682e-11    1.43125831e-01    1.01375749e+01    3.26620103e+00   -6.71802010e-02
42       6.11421016e-11    1.55456378e-01    1.01285575e+01    3.04675192e+00   -6.27421954e-02
43       6.44754349e-11    1.83682055e-01    1.01195991e+01    2.84151783e+00   -5.86006069e-02
44       6.78087682e-11    2.19166999e-01    1.01108038e+01    2.64968249e+00   -5.47534627e-02
45       7.11421016e-11    2.50497010e-01    1.01023737e+01    2.47057710e+00   -5.11942393e-02
46       7.44754349e-11    2.67841169e-01    1.00946409e+01    2.30370170e+00   -4.79071938e-02
47       7.78087682e-11    2.66706606e-01    1.00879044e+01    2.14855657e+00   -4.48649989e-02
48       8.11421016e-11    2.49649020e-01    1.00822521e+01    2.00447008e+00   -4.20324686e-02
49       8.44754349e-11    2.25297045e-01    1.00775104e+01    1.87056063e+00   -3.93746309e-02
50       8.78087682e-11    2.05058175e-01    1.00733106e+01    1.74581497e+00   -3.68649967e-02
51       9.11421016e-11    1.98765022e-01    1.00692302e+01    1.62923299e+00   -3.44905766e-02
52       9.44754349e-11    2.10916336e-01    1.00649381e+01    1.51996757e+00   -3.22520083e-02
53       9.78087682e-11    2.38956840e-01    1.00603127e+01    1.41742890e+00   -3.01588876e-02
54       1.01142102e-10    2.74251918e-01    1.00554737e+01    1.32129899e+00   -2.82220565e-02
55       1.04475435e-10    3.05390268e-01    1.00507353e+01    1.23146840e+00   -2.64456788e-02
56       1.07808768e-10    3.22543915e-01    1.00464745e+01    1.14789542e+00   -2.48220847e-02
57       1.11142102e-10    3.21221740e-01    1.00429858e+01    1.07046152e+00   -2.33313445e-02
58       1.14475435e-10    3.03979659e-01    1.00403557e+01    9.98854210e-01   -2.19457681e-02
59       1.17808768e-10    2.79444697e-01    1.00384289e+01    9.32547354e-01   -2.06375989e-02
60       1.21142102e-10    2.59021967e-01    1.00368555e+01    8.70860425e-01   -1.93869430e-02
61       1.24475435e-10    2.52541853e-01    1.00352273e+01    8.13100137e-01   -1.81868586e-02
62       1.27808768e-10    2.64501985e-01    1.00332218e+01    7.58701299e-01   -1.70436483e-02
63       1.31142102e-10    2.92347087e-01    1.00307284e+01    7.07339857e-01   -1.59722420e-02
64       1.34475435e-10    3.27443821e-01    1.00278772e+01    6.58945826e-01   -1.49884617e-02
65       1.37808768e-10    3.58383062e-01    1.00249934e+01    6.13642417e-01   -1.41010958e-02
66       1.41142102e-10    3.75339552e-01    1.00224626e+01    5.71603384e-01   -1.33067704e-02
67       1.44475435e-10    3.73824179e-01    1.00205882e+01    5.32911789e-01   -1.25895605e-02
68       1.47808768e-10    3.56393182e-01    1.00194639e+01    4.97442338e-01   -1.19255126e-02
69       1.51142102e-10    3.31671832e-01    1.00189421e+01    4.64844312e-01   -1.12903581e-02
70       1.54475435e-10    3.11062599e-01    1.00186793e+01    4.34600087e-01   -1.06674570e-02
71       1.57808768e-10    3.04393485e-01    1.00182736e+01    4.06168747e-01   -1.00529089e-02
72       1.61142102e-10    3.16160896e-01    1.00174081e+01    3.79126691e-01   -9.45586094e-03
73       1.64475435e-10    3.43809503e-01    1.00159776e+01    3.53282571e-01   -8.89390378e-03
74       1.67808768e-10    3.78707206e-01    1.00141175e+01    3.28690078e-01   -8.38533928e-03
75       1.71142102e-10    4.09447095e-01    1.00121582e+01    3.05588178e-01   -7.94126239e-03
76       1.74475435e-10    4.26206737e-01    1.00104899e+01    2.84258275e-01   -7.56044230e-03
77       1.77808768e-10    4.24499175e-01    1.00094202e+01    2.64883917e-01   -7.22894855e-03
78       1.81142102e-10    4.06880973e-01    1.00090469e+01    2.47433291e-01   -6.92468700e-03
79       1.84475435e-10    3.81975518e-01    1.00092257e+01    2.31642910e-01   -6.62512556e-03
80       1.87808768e-10    3.61182422e-01    1.00096166e+01    2.17076490e-01   -6.31524633e-03
81       1.91142102e-10    3.54327162e-01    1.00098205e+01    2.03268943e-01   -5.99266520e-03
82       1.94475435e-10    3.65904827e-01    1.00095235e+01    1.89867340e-01   -5.66794902e-03
83       1.97808768e-10    3.93360004e-01    1.00086229e+01    1.76746291e-01   -5.36001826e-03
84       2.01142102e-10    4.28061817e-01    1.00072568e+01    1.64021310e-01   -5.08841576e-03
85       2.04475435e-10    4.58605660e-01    1.00057582e+01    1.51988982e-01   -4.86539004e-03
86       2.07808768e-10    4.75172099e-01    1.00045196e+01    1.40984610e-01   -4.69078044e-03
87       2.11142102e-10    4.73276513e-01    1.00038513e+01    1.31242066e-01   -4.55164503e-03
88       2.14475435e-10    4.55475803e-01    1.00038529e+01    1.22776412e-01   -4.42680219e-03
89       2.17808768e-10    4.30391296e-01    1.00043815e+01    1.15366860e-01   -4.29457968e-03
90       2.21142102e-10    4.09419522e-01    1.00050982e+01    1.08617460e-01   -4.14077962e-03
91       2.24475435e-10    4.02383293e-01    1.00056059e+01    1.02101245e-01   -3.96378435e-03
92       2.27808768e-10    4.13776303e-01    1.00055924e+01    9.55009113e-02   -3.77486745e-03
93       2.31142102e-10    4.41043037e-01    1.00049559e+01    8.87236232e-02   -3.59361022e-03
94       2.34475435e-10    4.75553863e-01    1.00038358e+01    8.19155703e-02   -3.44018002e-03
95       2.37808768e-10    5.05906636e-01    1.00025658e+01    7.54016224e-02   -3.32741678e-03
96       2.41142102e-10    5.22285217e-01    1.00015400e+01    6.95443219e-02   -3.25571188e-03
97       2.44475435e-10    5.20207545e-01    1.00010722e+01    6.46048498e-02   -3.21259161e-03
98       2.47808768e-10    5.02230716e-01    1.00012643e+01    6.06226970e-02   -3.17724673e-03
99       2.51142102e-10    4.76973670e-01    1.00019695e+01    5.73940674e-02   -3.12840188e-03
100      2.54475435e-10    4.55829631e-01    1.00028475e+01    5.45408737e-02   -3.05234720e-03
101      2.57808768e-10    4.48618666e-01    1.00035046e+01    5.16580412e-02   -2.94792087e-03
102      2.61142102e-10    4.59833051e-01    1.00036318e+01    4.84483593e-02   -2.82673731e-03
103      2.64475435e-10    4.86917169e-01    1.00031271e+01    4.48341786e-02   -2.70867255e-03
104      2.67808768e-10    5.21242745e-01    1.00021283e+01    4.09751121e-02   -2.61421815e-03
105      2.71142102e-10    5.51410531e-01    1.00009670e+01    3.72077495e-02   -2.55659571e-03
106      2.74475435e-10    5.67608452e-01    1.00000394e+01    3.39095043e-02   -2.53658287e-03
107      2.77808768e-10    5.65357211e-01    9.99967400e+00    3.13682143e-02   -2.54181047e-03
108      2.81142102e-10    5.47213076e-01    9.99998035e+00    2.96409280e-02   -2.55120021e-03
109      2.84475435e-10    5.21791561e-01    1.00007866e+01    2.85088528e-02   -2.54350205e-03
110      2.87808768e-10    5.00482480e-01    1.00017373e+01    2.75896289e-02   -2.50569847e-03
111      2.91142102e-10    4.93103500e-01    1.00024568e+01    2.65059235e-02   -2.43727211e-03
112      2.94475435e-10    5.04145703e-01    1.00026507e+01    2.49834859e-02   -2.34993893e-03
113      2.97808768e-10    5.31053510e-01    1.00022121e+01    2.29472588e-02   -2.26351028e-03
114      3.01142102e-10    5.65200489e-01    1.00012675e+01    2.05526516e-02   -2.19868622e-03
115      3.04475435e-10    5.95192079e-01    1.00001341e+01    1.81297710e-02   -2.16932786e-03
116      3.07808768e-10    6.11223246e-01    9.99921408e+00    1.60697967e-02   -2.17698583e-03
117      3.11142102e-10    6.08817315e-01    9.99891322e+00    1.47418836e-02   -2.20867865e-03
118      3.14475435e-10    5.90524178e-01    9.99937623e+00    1.42388693e-02   -2.24084636e-03
119      3.17808768e-10    5.64951435e-01    1.00002992e+01    1.42133942e-02   -2.25137091e-03
120      3.21142102e-10    5.43486240e-01    1.00012459e+01    1.42126301e-02   -2.22991222e-03
121      3.24475435e-10    5.35946409e-01    1.00019333e+01    1.39608703e-02   -2.17843301e-03
122      3.27808768e-10    5.46823335e-01    1.00021420e+01    1.32621311e-02   -2.10833626e-03
123      3.31142102e-10    5.73562227e-01    1.00017402e+01    1.20176608e-02   -2.03828573e-03
124      3.34475435e-10    6.07540796e-01    1.00007923e+01    1.03250721e-02   -1.98928128e-03
125      3.37808768e-10    6.37377311e-01    9.99954429e+00    8.45114106e-03   -1.97770339e-03
126      3.41142102e-10    6.53287066e-01    9.99842692e+00    6.82457954e-03   -2.00833464e-03
127      3.44475435e-10    6.50794113e-01    9.99822257e+00    6.18652438e-03   -2.06467515e-03
128      3.47808768e-10    6.32414734e-01    9.99925040e+00    6.78207137e-03   -2.11046825e-03
129      3.51142102e-10    6.06727730e-01    1.00005578e+01    7.60975460e-03   -2.11880213e-03
130      3.54475435e-10    5.85122576e-01    1.00013061e+01    7.84293429e-03   -2.09205831e-03
131      3.57808768e-10    5.77430521e-01    1.00016669e+01    7.68608063e-03   -2.04404771e-03
132      3.61142102e-10    5.88150881e-01    1.00017923e+01    7.31160932e-03   -1.98425077e-03
133      3.64475435e-10    6.14733283e-01    1.00014293e+01    6.48862790e-03   -1.92524011e-03
134      3.67808768e-10    6.48570127e-01    1.00003411e+01    5.01690266e-03   -1.88896491e-03
135      3.71142102e-10    6.78329961e-01    9.99843230e+00    2.84597110e-03   -1.90345584e-03
136      3.74475435e-10    6.94311313e-01    9.99623881e+00    5.39635496e-04   -1.98907443e-03
137      3.77808768e-10    6.92033088e-01    9.99631916e+00    5.82578695e-04   -2.11356380e-03
138      3.81142102e-10    6.73848058e-01    9.99995707e+00    4.06554730e-03   -2.17926358e-03
139      3.84475435e-10    6.48201688e-01    1.00031257e+01    6.86962386e-03   -2.13301416e-03
140      3.87808768e-10    6.26508758e-01    1.00028718e+01    6.18077016e-03   -2.03739503e-03
141      3.91142102e-10    6.18680115e-01    1.00015300e+01    4.48347617e-03   -1.96559736e-03
142      3.94475435e-10    6.29261380e-01    1.00011419e+01    3.81869358e-03   -1.91894876e-03
143      3.97808768e-10    6.55724434e-01    1.00009025e+01    3.34060410e-03   -1.87958196e-03
144      4.01142102e-10    6.89526762e-01    9.99909245e+00    1.37341597e-03   -1.87290565e-03
145      4.04475435e-10    7.19576277e-01    9.99381639e+00   -3.82105326e-03   -1.98508176e-03
146      4.07808768e-10    7.36639130e-01    9.98517543e+00   -1.19367519e-02   -2.33180546e-03
147      4.11142102e-10    7.36363251e-01    9.98417016e+00   -1.21394799e-02   -2.84276738e-03
148      4.14475435e-10    7.20235768e-01    1.00016623e+01    5.57154240e-03   -3.08211925e-03
149      4.17808768e-10    6.95743997e-01    1.00190596e+01    2.20482331e-02   -2.74165329e-03
150      4.21142102e-10    6.74337014e-01    1.00152860e+01    1.69738518e-02   -2.17350863e-03
151      4.24475435e-10    6.66450553e-01    1.00026136e+01    3.61516094e-03   -1.87676046e-03
152      4.27808768e-10    6.76974647e-01    9.99755162e+00   -1.51673293e-03   -1.87190246e-03
153      4.31142102e-10    7.03550617e-01    9.99767167e+00   -1.30270830e-03   -1.94619913e-03
154      4.34475435e-10    7.38103479e-01    9.99069712e+00   -7.96821884e-03   -2.13314206e-03
155      4.37808768e-10    7.72030355e-01    9.94999948e+00   -4.68389547e-02   -3.11474657e-03
156      4.39143157e-10    7.86683133e-01    9.89165304e+00   -1.02451197e-01   -4.55758595e-03
157      4.39656504e-10    7.92392779e-01    9.85865688e+00   -1.34070870e-01   -5.28202406e-03
158      4.40169850e-10    7.98169508e-01    9.81813186e+00   -1.73019445e-01   -6.11046562e-03
159      4.41196543e-10    8.12572055e-01    9.67576417e+00   -3.10423660e-01   -8.70565232e-03
160      4.42120567e-10    8.30442151e-01    9.47013975e+00   -5.08481209e-01   -1.26481037e-02
161      4.43044591e-10    8.53941388e-01    9.23150904e+00   -7.35616162e-01   -1.86419408e-02
162      4.43968615e-10    8.82190886e-01    9.04202491e+00   -9.09895372e-01   -2.66127693e-02
163      4.44800236e-10    9.10671465e-01    8.95564742e+00   -9.80551501e-01   -3.49329658e-02
164      4.45548695e-10    9.38531505e-01    8.93961117e+00   -9.81899603e-01   -4.28039597e-02
165      4.46297155e-10    9.68660703e-01    8.95874518e+00   -9.48318696e-01   -5.06629071e-02
166      4.47794073e-10    1.03628688e+00    9.03262146e+00   -8.47559587e-01   -6.56831842e-02
167      4.49290992e-10    1.11396648e+00    9.11428445e+00   -7.42100675e-01   -7.95373025e-02
168      4.50787910e-10    1.20145216e+00    9.18721108e+00   -6.48359977e-01   -9.22324193e-02
169      4.52284829e-10    1.29832070e+00    9.25233637e+00   -5.65070621e-01   -1.03892397e-01
170      4.55278666e-10    1.51791488e+00    9.36605088e+00   -4.21810500e-01   -1.24530095e-01
171      4.58272503e-10    1.76914199e+00    9.46448013e+00   -3.01719934e-01   -1.41985848e-01
172      4.61266340e-10    2.04461997e+00    9.55400691e+00   -1.97254659e-01   -1.56623201e-01
173      4.64260177e-10    2.33342091e+00    9.63804553e+00   -1.04191240e-01   -1.68659757e-01
174      4.67254014e-10    2.62218991e+00    9.71619154e+00   -2.22595013e-02   -1.78268548e-01
175      4.70247851e-10    2.89747839e+00    9.78593903e+00    4.67546438e-02   -1.85666190e-01
176      4.73241688e-10    3.14845495e+00    9.84497873e+00    1.01360032e-01   -1.91140855e-01
177      4.76235525e-10    3.36911458e+00    9.89209647e+00    1.41215448e-01   -1.95032493e-01
178      4.79229362e-10    3.55924330e+00    9.92774118e+00    1.67614305e-01   -1.97691351e-01
179      4.82223199e-10    3.72385606e+00    9.95345740e+00    1.82838533e-01   -1.99436789e-01
180      4.85217036e-10    3.87126188e+00    9.97126350e+00    1.89497501e-01   -2.00534175e-01
181      4.88550369e-10    4.02591896e+00    9.98406985e+00    1.89665099e-01   -2.01247687e-01
182      4.91883703e-10    4.17916049e+00    9.99135925e+00    1.84482899e-01   -2.01626554e-01
183      4.95217036e-10    4.33362046e+00    9.99444948e+00    1.75571326e-01   -2.01832183e-01
184      4.98550369e-10    4.48508050e+00    9.99441835e+00    1.64214010e-01   -2.01987427e-01
185      5.01883703e-10    4.62464655e+00    9.99243749e+00    1.51702600e-01   -2.02178584e-01
186      5.05217036e-10    4.74271077e+00    9.99004175e+00    1.39596873e-01   -2.02446984e-01
187      5.08550369e-10    4.83314383e+00    9.98891610e+00    1.29501285e-01   -2.02779600e-01
188      5.11883703e-10    4.89612055e+00    9.99005550e+00    1.22249011e-01   -2.03117478e-01
189      5.15217036e-10    4.93851648e+00    9.99309974e+00    1.17308018e-01   -2.03389745e-01
190      5.18550369e-10    4.97172757e+00    9.99649445e+00    1.13024962e-01   -2.03556533e-01
191      5.21883703e-10    5.00772744e+00    9.99845865e+00    1.07633867e-01   -2.03633448e-01
192      5.25217036e-10    5.05486185e+00    9.99783430e+00    1.00085537e-01   -2.03685805e-01
193      5.28550369e-10    5.11498821e+00    9.99447015e+00    9.03727780e-02   -2.03802039e-01
194      5.31883703e-10    5.18305318e+00    9.98927695e+00    7.95165964e-02   -2.04059308e-01
195      5.35217036e-10    5.24925283e+00    9.98419679e+00    6.94702129e-02   -2.04488172e-01
196      5.38550369e-10    5.30293931e+00    9.98173968e+00    6.26104164e-02   -2.05045160e-01
197      5.41883703e-10    5.33680237e+00    9.98378686e+00    6.05521760e-02   -2.05612945e-01
198      5.45217036e-10    5.34977998e+00    9.99013390e+00    6.27878797e-02   -2.06045004e-01
199      5.48550369e-10    5.34761073e+00    9.99820452e+00    6.65473225e-02   -2.06239797e-01
200      5.51883703e-10    5.34079031e+00    1.00045219e+01    6.83675614e-02   -2.06195721e-01
201      5.55217036e-10    5.34067879e+00    1.00066674e+01    6.60330511e-02   -2.06009254e-01
202      5.58550369e-10    5.35525486e+00    1.00040687e+01    5.92579489e-02   -2.05827403e-01
203      5.61883703e-10    5.38616320e+00    9.99771662e+00    4.92876881e-02   -2.05791466e-01
204      5.65217036e-10    5.42818428e+00    9.98973392e+00    3.83826478e-02   -2.05992220e-01
205      5.68550369e-10    5.47129784e+00    9.98312448e+00    2.95101115e-02   -2.06435957e-01
206      5.71883703e-10    5.50452885e+00    9.98107976e+00    2.56274685e-02   -2.07025907e-01
207      5.75217036e-10    5.52013189e+00    9.98539870e+00    2.81537064e-02   -2.07581478e-01
208      5.78550369e-10    5.51657454e+00    9.99486743e+00    3.55006255e-02   -2.07911088e-01
209      5.81883703e-10    5.49919440e+00    1.00054530e+01    4.34543360e-02   -2.07909224e-01
210      5.85217036e-10    5.47822915e+00    1.00126742e+01    4.76391358e-02   -2.07611297e-01
211      5.88550369e-10    5.46493375e+00    1.00140296e+01    4.58772753e-02   -2.07168893e-01
212      5.91883703e-10    5.46729350e+00    1.00095327e+01    3.85656370e-02   -2.06775716e-01
213      5.95217036e-10    5.48700895e+00    1.00009363e+01    2.77583976e-02   -2.06597290e-01
214      5.98550369e-10    5.51890362e+00    9.99105234e+00    1.64024496e-02   -2.06724435e-01
215      6.01883703e-10    5.55293879e+00    9.98343163e+00    7.96934218e-03   -2.07142895e-01
216      6.05217036e-10    5.57803498e+00    9.98156929e+00    5.65292747e-03   -2.07721194e-01
217      6.08550369e-10    5.58626877e+00    9.98712477e+00    1.06644905e-02   -2.08241313e-01
218      6.11883703e-10    5.57590516e+00    9.99824713e+00    2.07400336e-02   -2.08487187e-01
219      6.15217036e-10    5.55211623e+00    1.00100755e+01    3.08488053e-02   -2.08353234e-01
220      6.18550369e-10    5.52505040e+00    1.00176136e+01    3.61534824e-02   -2.07897162e-01
221      6.21883703e-10    5.50595194e+00    1.00183723e+01    3.45552237e-02   -2.07301216e-01
222      6.25217036e-10    5.50284862e+00    1.00127246e+01    2.68603406e-02   -2.06783554e-01
223      6.28550369e-10    5.51750166e+00    1.00028463e+01    1.55677238e-02   -2.06521109e-01
224      6.31883703e-10    5.54478011e+00    9.99191398e+00    3.98372022e-03   -2.06602983e-01
225      6.35217036e-10    5.57465104e+00    9.98375638e+00   -4.16774312e-03   -2.07002503e-01
226      6.38550369e-10    5.59599050e+00    9.98200860e+00   -5.59025495e-03   -2.07568818e-01
227      6.41883703e-10    5.60079003e+00    9.98823006e+00    7.91175823e-04   -2.08063881e-01
228      6.45217036e-10    5.58721710e+00    1.00002147e+01    1.23381222e-02   -2.08259183e-01
229      6.48550369e-10    5.56036682e+00    1.00126639e+01    2.35898131e-02   -2.08049910e-01
230      6.51883703e-10    5.53035132e+00    1.00203241e+01    2.94809787e-02   -2.07506112e-01
231      6.55217036e-10    5.50841927e+00    1.00207295e+01    2.79713133e-02   -2.06826271e-01
232      6.58550369e-10    5.50262919e+00    1.00144532e+01    2.00928481e-02   -2.06241049e-01
233      6.61883703e-10    5.51478026e+00    1.00038964e+01    8.58023188e-03   -2.05932793e-01
234      6.65217036e-10    5.53976896e+00    9.99242384e+00   -3.07578210e-03   -2.05989125e-01
235      6.68550369e-10    5.56756696e+00    9.98400106e+00   -1.10284215e-02   -2.06376484e-01
236      6.71883703e-10    5.58702786e+00    9.98232286e+00   -1.19409770e-02   -2.06933859e-01
237      6.75217036e-10    5.59010019e+00    9.98888502e+00   -4.82010911e-03   -2.07413114e-01
238      6.78550369e-10    5.57490311e+00    1.00012952e+01    7.50067774e-03   -2.07579817e-01
239      6.81883703e-10    5.54649497e+00    1.00140373e+01    1.93478654e-02   -2.07329957e-01
240      6.85217036e-10    5.51497236e+00    1.00217367e+01    2.55506257e-02   -2.06740029e-01
241      6.88550369e-10    5.49158912e+00    1.00219477e+01    2.41064020e-02   -2.06016633e-01
242      6.91883703e-10    5.48442167e+00    1.00153490e+01    1.61653627e-02   -2.05396454e-01
243      6.95217036e-10    5.49528958e+00    1.00044569e+01    4.58165532e-03   -2.05064182e-01
244      6.98550369e-10    5.51910298e+00    9.99272779e+00   -7.06468729e-03   -2.05106341e-01
245      7.01883703e-10    5.54583454e+00    9.98418771e+00   -1.48734986e-02   -2.05485736e-01
246      7.05217036e-10    5.56432525e+00    9.98254927e+00   -1.54995007e-02   -2.06036422e-01
247      7.08550369e-10    5.56650179e+00    9.98926822e+00   -7.99732388e-03   -2.06505695e-01
248      7.11883703e-10    5.55046010e+00    1.00018620e+01    4.70612304e-03   -2.06656734e-01
249      7.15217036e-10    5.52124185e+00    1.00147190e+01    1.68447805e-02   -2.06386229e-01
250      7.18550369e-10    5.48893758e+00    1.00224173e+01    2.32079652e-02   -2.05773752e-01
251      7.21883703e-10    5.46480488e+00    1.00225272e+01    2.18170578e-02   -2.05029505e-01
252      7.25217036e-10    5.45692953e+00    1.00157794e+01    1.38793706e-02   -2.04392637e-01
253      7.28550369e-10    5.46714071e+00    1.00047434e+01    2.30396881e-03   -2.04048548e-01
254      7.31883703e-10    5.49035372e+00    9.99291451e+00   -9.29201027e-03   -2.04082940e-01
255      7.35217036e-10    5.51653962e+00    9.98433760e+00   -1.69927601e-02   -2.04456835e-01
256      7.38550369e-10    5.53453171e+00    9.98272080e+00   -1.74610986e-02   -2.05002263e-01
257      7.41883703e-10    5.53624590e+00    9.98949379e+00   -9.78006609e-03   -2.05465010e-01
258      7.45217036e-10    5.51976819e+00    1.00021375e+01    3.08677972e-03   -2.05607784e-01
259      7.48550369e-10    5.49013407e+00    1.00150123e+01    1.53470807e-02   -2.05327881e-01
260      7.51883703e-10    5.45743267e+00    1.00226889e+01    2.17859621e-02   -2.04706067e-01
261      7.55217036e-10    5.43292415e+00    1.00227509e+01    2.04403803e-02   -2.03953638e-01
262      7.58550369e-10    5.42469862e+00    1.00159505e+01    1.25406068e-02   -2.03310260e-01
263      7.61883703e-10    5.43458869e+00    1.00048766e+01    1.01484293e-03   -2.02961164e-01
264      7.65217036e-10    5.45751003e+00    9.99303396e+00   -1.05112289e-02   -2.02991404e-01
265      7.68550369e-10    5.48343059e+00    9.98446399e+00   -1.81266087e-02   -2.03361254e-01
266      7.71883703e-10    5.50117850e+00    9.98285842e+00   -1.85109246e-02   -2.03902331e-01
267      7.75217036e-10    5.50266483e+00    9.98962894e+00   -1.07645532e-02   -2.04360578e-01
268      7.78550369e-10    5.48597272e+00    1.00022497e+01    2.14359110e-03   -2.04499272e-01
269      7.81883703e-10    5.45613702e+00    1.00150897e+01    1.44310443e-02   -2.04216249e-01
270      7.85217036e-10    5.42324783e+00    1.00227343e+01    2.08980147e-02   -2.03592428e-01
271      7.88550369e-10    5.39856713e+00    1.00227780e+01    1.95920959e-02   -2.02838826e-01
272      7.91883703e-10    5.39018657e+00    1.00159781e+01    1.17475618e-02   -2.02194566e-01
273      7.95217036e-10    5.39993884e+00    1.00049240e+01    2.92098290e-04   -2.01844247e-01
274      7.98550369e-10    5.42273741e+00    9.99311430e+00   -1.11554855e-02   -2.01872382e-01
275      8.01883703e-10    5.44854631e+00    9.98457475e+00   -1.86998602e-02   -2.02239070e-01
276      8.05217036e-10    5.46618986e+00    9.98297469e+00   -1.90418581e-02   -2.02776384e-01
277      8.08550369e-10    5.46757744e+00    9.98971237e+00   -1.12930199e-02   -2.03231322e-01
278      8.11883703e-10    5.45079304e+00    1.00022713e+01    1.58932392e-03   -2.03368285e-01
279      8.15217036e-10    5.42087375e+00    1.00150486e+01    1.38519880e-02   -2.03085604e-01
280      8.18550369e-10    5.38791191e+00    1.00226562e+01    2.03204531e-02   -2.02463783e-01
281      8.21883703e-10    5.36317083e+00    1.00226981e+01    1.90500443e-02   -2.01712826e-01
282      8.25217036e-10    5.35474229e+00    1.00159274e+01    1.12686918e-02   -2.01070753e-01
283      8.28550369e-10    5.36445732e+00    1.00049237e+01   -1.07021287e-04   -2.00721291e-01
284      8.31883703e-10    5.38722592e+00    9.99317149e+00   -1.14732540e-02   -2.00748484e-01
285      8.35217036e-10    5.41300780e+00    9.98467456e+00   -1.89558809e-02   -2.01112560e-01
286      8.38550369e-10    5.43062423e+00    9.98307699e+00   -1.92789563e-02   -2.01646511e-01
287      8.41883703e-10    5.43198451e+00    9.98976613e+00   -1.15617912e-02   -2.02098853e-01
288      8.45217036e-10    5.41517535e+00    1.00022432e+01    1.25875015e-03   -2.02235393e-01
289      8.48550369e-10    5.38523757e+00    1.00149441e+01    1.34687378e-02   -2.01954924e-01
290      8.51883703e-10    5.35226627e+00    1.00225125e+01    1.99240497e-02   -2.01337240e-01
291      8.55217036e-10    5.32752596e+00    1.00225615e+01    1.86860165e-02   -2.00590954e-01
292      8.58550369e-10    5.31910779e+00    1.00158348e+01    1.09707336e-02   -1.99952699e-01
293      8.61883703e-10    5.32884035e+00    1.00048972e+01   -3.21823349e-04   -1.99605219e-01
294      8.65217036e-10    5.35162961e+00    9.99321460e+00   -1.16067995e-02   -1.99632131e-01
295      8.68550369e-10    5.37743084e+00    9.98476619e+00   -1.90338497e-02   -1.99993958e-01
296      8.71883703e-10    5.39506264e+00    9.98316959e+00   -1.93509644e-02   -2.00524835e-01
297      8.75217036e-10    5.39643503e+00    9.98980269e+00   -1.16833850e-02   -2.00975023e-01
298      8.78550369e-10    5.37963832e+00    1.00021887e+01    1.05687079e-03   -2.01111859e-01
299      8.81883703e-10    5.34971766e+00    1.00148069e+01    1.31998593e-02   -2.00834582e-01
300      8.85217036e-10    5.31677124e+00    1.00223357e+01    1.96341597e-02   -2.00222127e-01
301      8.88550369e-10    5.29206463e+00    1.00223963e+01    1.84260651e-02   -1.99481535e-01
302      8.91883703e-10    5.28368808e+00    1.00157207e+01    1.07770667e-02   -1.98847927e-01
303      8.95217036e-10    5.29346747e+00    1.00048564e+01   -4.32132802e-04   -1.98503019e-01
304      8.98550369e-10    5.31630452e+00    9.99324874e+00   -1.16374304e-02   -1.98530034e-01
305      9.01883703e-10    5.34215012e+00    9.98485127e+00   -1.90132122e-02   -1.98889864e-01
306      9.05217036e-10    5.35982042e+00    9.98325492e+00   -1.93314129e-02   -1.99417894e-01
307      9.08550369e-10    5.36122645e+00    9.98982898e+00   -1.17222265e-02   -1.99866214e-01
308      9.11883703e-10    5.34446246e+00    1.00021205e+01    9.29062081e-04   -2.00003743e-01
309      9.15217036e-10    5.31457815e+00    1.00146540e+01    1.29983261e-02   -1.99730144e-01
310      9.18550369e-10    5.28167487e+00    1.00221435e+01    1.94075964e-02   -1.99123434e-01
311      9.21883703e-10    5.25701922e+00    1.00222179e+01    1.82274811e-02   -1.98389009e-01
312      9.25217036e-10    5.24870053e+00    1.00155964e+01    1.06436162e-02   -1.97760436e-01
313      9.28550369e-10    5.25854188e+00    1.00048078e+01   -4.83664473e-04   -1.97418399e-01
314      9.31883703e-10    5.28144087e+00    9.99327669e+00   -1.16115497e-02   -1.97445745e-01
315      9.35217036e-10    5.30734403e+00    9.98493065e+00   -1.89392319e-02   -1.97803775e-01
316      9.38550369e-10    5.32506520e+00    9.98333427e+00   -1.92622325e-02   -1.98329149e-01
317      9.41883703e-10    5.32651650e+00    9.98984872e+00   -1.17151963e-02   -1.98775809e-01
318      9.45217036e-10    5.30979615e+00    1.00020454e+01    8.43848250e-04   -1.98914251e-01
319      9.48550369e-10    5.27995838e+00    1.00144944e+01    1.28368506e-02   -1.98644555e-01
320      9.51883703e-10    5.24710767e+00    1.00219453e+01    1.92192109e-02   -1.98043796e-01
321      9.55217036e-10    5.22251170e+00    1.00220344e+01    1.80654429e-02   -1.97315721e-01
322      9.58550369e-10    5.21425889e+00    1.00154675e+01    1.05449123e-02   -1.96692340e-01
323      9.61883703e-10    5.22416969e+00    1.00047547e+01   -5.02658141e-04   -1.96353321e-01
324      9.65217036e-10    5.24713767e+00    9.99329975e+00   -1.15556448e-02   -1.96381154e-01
325      9.68550369e-10    5.27310519e+00    9.98500461e+00   -1.88376742e-02   -1.96737554e-01
326      9.71883703e-10    5.29088380e+00    9.98340813e+00   -1.91673287e-02   -1.97260453e-01
327      9.75217036e-10    5.29238666e+00    9.98986363e+00   -1.16834669e-02   -1.97705623e-01
328      9.78550369e-10    5.27571584e+00    1.00019667e+01    7.82939646e-04   -1.97845119e-01
329      9.81883703e-10    5.24592999e+00    1.00143325e+01    1.26993641e-02   -1.97579422e-01
330      9.85217036e-10    5.21313667e+00    1.00217457e+01    1.90540810e-02   -1.96984678e-01
331      9.88550369e-10    5.18860460e+00    1.00218495e+01    1.79252554e-02   -1.96262998e-01
332      9.91883703e-10    5.18042147e+00    1.00153366e+01    1.04660206e-02   -1.95644865e-01
333      9.95217036e-10    5.19040526e+00    1.00046984e+01   -5.04313997e-04   -1.95308951e-01
334      9.98550369e-10    5.21344570e+00    9.99331814e+00   -1.14848961e-02   -1.95337402e-01
335      1.00188370e-09    5.23948111e+00    9.98507288e+00   -1.87232198e-02   -1.95692344e-01
336      1.00521704e-09    5.25732080e+00    9.98347629e+00   -1.90603581e-02   -1.96212956e-01
337      1.00855037e-09    5.25887887e+00    9.98987403e+00   -1.16392991e-02   -1.96656806e-01
338      1.01188370e-09    5.24226103e+00    1.00018854e+01    7.35487368e-04   -1.96797473e-01
339      1.01521704e-09    5.21253018e+00    1.00141697e+01    1.25760804e-02   -1.96535836e-01
340      1.01855037e-09    5.17979687e+00    1.00215459e+01    1.89029793e-02   -1.95947124e-01
341      1.02188370e-09    5.15533093e+00    1.00216641e+01    1.77978646e-02   -1.95231850e-01
342      1.02521704e-09    5.14721943e+00    1.00152040e+01    1.03979061e-02   -1.94619004e-01
343      1.02855037e-09    5.15727806e+00    1.00046385e+01   -4.97597588e-04   -1.94286283e-01
344      1.03188370e-09    5.18039294e+00    9.99333122e+00   -1.14080484e-02   -1.94315498e-01
345      1.03521704e-09    5.20649849e+00    9.98513465e+00   -1.86042054e-02   -1.94669179e-01
346      1.03855037e-09    5.22440176e+00    9.98353798e+00   -1.89491012e-02   -1.95187721e-01
347      1.04188370e-09    5.22601770e+00    9.98987924e+00   -1.15898695e-02   -1.95630444e-01
348      1.04521704e-09    5.20945544e+00    1.00018008e+01    6.94831654e-04   -1.95772423e-01
349      1.04855037e-09    5.17978197e+00    1.00140051e+01    1.24606854e-02   -1.95514926e-01
350      1.05188370e-09    5.14711072e+00    1.00213449e+01    1.87597881e-02   -1.94932292e-01
351      1.05521704e-09    5.12271271e+00    1.00214770e+01    1.76773087e-02   -1.94223472e-01
352      1.05855037e-09    5.11467447e+00    1.00150683e+01    1.03348278e-02   -1.93615991e-01
353      1.06188370e-09    5.12480964e+00    1.00045738e+01   -4.87920772e-04   -1.93286597e-01
354      1.06521704e-09    5.14800086e+00    9.99333764e+00   -1.13301045e-02   -1.93316769e-01
355      1.06855037e-09    5.17417881e+00    9.98518868e+00   -1.84852282e-02   -1.93669428e-01
356      1.07188370e-09    5.19214827e+00    9.98359194e+00   -1.88378661e-02   -1.94186157e-01
357      1.07521704e-09    5.19382490e+00    9.98987784e+00   -1.15393881e-02   -1.94627992e-01
358      1.07855037e-09    5.17732113e+00    1.00017111e+01    6.56678579e-04   -1.94771476e-01
359      1.08188370e-09    5.14770782e+00    1.00138367e+01    1.23487362e-02   -1.94518268e-01
360      1.08521704e-09    5.11510128e+00    1.00211403e+01    1.86200111e-02   -1.93941839e-01
361      1.08855037e-09    5.09077370e+00    1.00212855e+01    1.75592538e-02   -1.93239608e-01
362      1.09188370e-09    5.08281123e+00    1.00149268e+01    1.02728506e-02   -1.92637661e-01
363      1.09521704e-09    5.09302556e+00    1.00045018e+01   -4.78648534e-04   -1.92311808e-01
364      1.09855037e-09    5.11629605e+00    9.99333555e+00   -1.12538264e-02   -1.92343198e-01
365      1.10188370e-09    5.14254966e+00    9.98523337e+00   -1.83685952e-02   -1.92695132e-01
366      1.10521704e-09    5.16058895e+00    9.98363655e+00   -1.87288302e-02   -1.93210358e-01
367      1.10855037e-09    5.16233019e+00    9.98986779e+00   -1.14902938e-02   -1.93651604e-01
368      1.11188370e-09    5.14588894e+00    1.00016137e+01    6.18054533e-04   -1.93796868e-01
369      1.11521704e-09    5.11633991e+00    1.00136609e+01    1.22367331e-02   -1.93548200e-01
370      1.11855037e-09    5.08380218e+00    1.00209280e+01    1.84799137e-02   -1.92978227e-01
371      1.12188370e-09    5.05954919e+00    1.00210855e+01    1.74401604e-02   -1.92282852e-01
372      1.12521704e-09    5.05166675e+00    1.00147760e+01    1.02090197e-02   -1.91686735e-01
373      1.12855037e-09    5.06196473e+00    1.00044197e+01   -4.71920390e-04   -1.91364747e-01
374      1.13188370e-09    5.08531923e+00    9.99332264e+00   -1.11805412e-02   -1.91397704e-01
375      1.13521704e-09    5.11165358e+00    9.98526690e+00   -1.82550905e-02   -1.91749278e-01
376      1.13855037e-09    5.12976809e+00    9.98367000e+00   -1.86227378e-02   -1.92263374e-01
377      1.14188370e-09    5.13157961e+00    9.98984666e+00   -1.14438517e-02   -1.92704400e-01
378      1.14521704e-09    5.11520678e+00    1.00015051e+01    5.76828022e-04   -1.92851812e-01
379      1.14855037e-09    5.08572809e+00    1.00134733e+01    1.21217518e-02   -1.92608067e-01
380      1.15188370e-09    5.05326543e+00    1.00207031e+01    1.83362357e-02   -1.92044954e-01
381      1.15521704e-09    5.02909348e+00    1.00208723e+01    1.73170423e-02   -1.91356865e-01
382      1.15855037e-09    5.02129776e+00    1.00146117e+01    1.01411338e-02   -1.90767024e-01
383      1.16188370e-09    5.03168628e+00    1.00043241e+01   -4.68883374e-04   -1.90449350e-01
384      1.16521704e-09    5.05513194e+00    9.99329659e+00   -1.11103847e-02   -1.90484317e-01
385      1.16855037e-09    5.08155439e+00    9.98528761e+00   -1.81442133e-02   -1.90835962e-01
386      1.17188370e-09    5.09975172e+00    9.98369063e+00   -1.85190889e-02   -1.91349352e-01
387      1.17521704e-09    5.10164131e+00    9.98981217e+00   -1.14002310e-02   -1.91790594e-01
388      1.17855037e-09    5.08534494e+00    1.00013819e+01    5.31786909e-04   -1.91940619e-01
389      1.18188370e-09    5.05594490e+00    1.00132696e+01    1.20016786e-02   -1.91702307e-01
390      1.18521704e-09    5.02356595e+00    1.00204607e+01    1.81865388e-02   -1.91146611e-01
391      1.18855037e-09    4.99948399e+00    1.00206412e+01    1.71878491e-02   -1.90466396e-01
392      1.19188370e-09    4.99178423e+00    1.00144299e+01    1.00680889e-02   -1.89883417e-01
393      1.19521704e-09    5.00227273e+00    1.00042124e+01   -4.69439079e-04   -1.89570614e-01
394      1.19855037e-09    5.02581908e+00    9.99325594e+00   -1.10421558e-02   -1.89608100e-01
395      1.20188370e-09    5.05233923e+00    9.98529478e+00   -1.80341032e-02   -1.89960284e-01
396      1.20521704e-09    5.07062898e+00    9.98369784e+00   -1.84160444e-02   -1.90473415e-01
397      1.20855037e-09    5.07260637e+00    9.98976313e+00   -1.13582725e-02   -1.90915337e-01
398      1.21188370e-09    5.05639634e+00    1.00012420e+01    4.83096745e-04   -1.91068494e-01
399      1.21521704e-09    5.02708515e+00    1.00130468e+01    1.18758900e-02   -1.90836210e-01
400      1.21855037e-09    4.99480047e+00    1.00201977e+01    1.80300054e-02   -1.90288593e-01
401      1.22188370e-09    4.97081941e+00    1.00203894e+01    1.70522391e-02   -1.89616937e-01
402      1.22521704e-09    4.96322673e+00    1.00142291e+01    9.99049299e-03   -1.89041482e-01
403      1.22855037e-09    4.97382642e+00    1.00040840e+01   -4.71868449e-04   -1.88734145e-01
404      1.23188370e-09    4.99748456e+00    9.99320115e+00   -1.09731890e-02   -1.88774661e-01
405      1.23521704e-09    5.02411332e+00    9.98528960e+00   -1.79215836e-02   -1.89127823e-01
406      1.23855037e-09    5.04250622e+00    9.98369296e+00   -1.83104851e-02   -1.89641101e-01
407      1.24188370e-09    5.04458201e+00    9.98970054e+00   -1.13153832e-02   -1.90084128e-01
408      1.24521704e-09    5.02846899e+00    1.00010858e+01    4.32676896e-04   -1.90240911e-01
409      1.24855037e-09    4.99925749e+00    1.00128050e+01    1.17458665e-02   -1.90015239e-01
410      1.25188370e-09    4.96707818e+00    1.00199144e+01    1.78681298e-02   -1.89476352e-01
411      1.25521704e-09    4.94320937e+00    1.00201177e+01    1.69121443e-02   -1.88813924e-01
412      1.25855037e-09    4.93573521e+00    1.00140106e+01    9.91094468e-03   -1.88246613e-01
413      1.26188370e-09    4.94645737e+00    1.00039414e+01   -4.72913337e-04   -1.87945268e-01
414      1.26521704e-09    4.97023828e+00    9.99313543e+00   -1.08997709e-02   -1.87989232e-01
415      1.26855037e-09    4.99698617e+00    9.98527566e+00   -1.78027923e-02   -1.88343697e-01
416      1.27188370e-09    5.01549228e+00    9.98367973e+00   -1.81986707e-02   -1.88857406e-01
417      1.27521704e-09    5.01767619e+00    9.98962813e+00   -1.12680473e-02   -1.89301838e-01
418      1.27855037e-09    5.00166974e+00    1.00009173e+01    3.83916308e-04   -1.89462616e-01
419      1.28188370e-09    4.97256750e+00    1.00125484e+01    1.16150649e-02   -1.89244008e-01
420      1.28521704e-09    4.94050321e+00    1.00196152e+01    1.77045762e-02   -1.88714360e-01
421      1.28855037e-09    4.91675630e+00    1.00198313e+01    1.67714399e-02   -1.88061667e-01
422      1.29188370e-09    4.90941015e+00    1.00137801e+01    9.83340907e-03   -1.87502946e-01
423      1.29521704e-09    4.92026394e+00    1.00037901e+01   -4.68705892e-04   -1.87207938e-01
424      1.29855037e-09    4.94417623e+00    9.99306431e+00   -1.08183067e-02   -1.87255581e-01
425      1.30188370e-09    4.97105123e+00    9.98525839e+00   -1.76744652e-02   -1.87611495e-01
426      1.30521704e-09    4.98967793e+00    9.98366361e+00   -1.80775164e-02   -1.88125736e-01
427      1.30855037e-09    4.99197684e+00    9.98955175e+00   -1.12130209e-02   -1.88571687e-01
428      1.31188370e-09    4.97608348e+00    1.00007429e+01    3.40549177e-04   -1.88736621e-01
429      1.31521704e-09    4.94709679e+00    1.00122844e+01    1.14877887e-02   -1.88525297e-01
430      1.31855037e-09    4.91515363e+00    1.00193083e+01    1.75439616e-02   -1.88005139e-01
431      1.32188370e-09    4.89153451e+00    1.00195383e+01    1.66346052e-02   -1.87362420e-01
432      1.32521704e-09    4.88432191e+00    1.00135453e+01    9.76178526e-03   -1.86812470e-01
433      1.32855037e-09    4.89531236e+00    1.00036375e+01   -4.56226407e-04   -1.86523892e-01
434      1.33188370e-09    4.91936043e+00    9.99299422e+00   -1.07267274e-02   -1.86575221e-01
435      1.33521704e-09    4.94636629e+00    9.98524363e+00   -1.75352501e-02   -1.86932522e-01
436      1.33855037e-09    4.96511672e+00    9.98365034e+00   -1.79458387e-02   -1.87447206e-01
437      1.34188370e-09    4.96753322e+00    9.98947776e+00   -1.11486007e-02   -1.87894588e-01
438      1.34521704e-09    4.95175510e+00    1.00005702e+01    3.05261593e-04   -1.88063611e-01
439      1.34855037e-09    4.92288572e+00    1.00120216e+01    1.13676360e-02   -1.87859521e-01
440      1.35188370e-09    4.89106505e+00    1.00190028e+01    1.73902148e-02   -1.87348811e-01
441      1.35521704e-09    4.86757468e+00    1.00192476e+01    1.65051348e-02   -1.86716002e-01
442      1.35855037e-09    4.86049613e+00    1.00133144e+01    9.69851470e-03   -1.86174718e-01
443      1.36188370e-09    4.87162320e+00    1.00034903e+01   -4.34392932e-04   -1.85892413e-01
444      1.36521704e-09    4.89580647e+00    9.99293081e+00   -1.06252492e-02   -1.85947224e-01
445      1.36855037e-09    4.92294208e+00    9.98523613e+00   -1.73862099e-02   -1.86305682e-01
446      1.37188370e-09    4.94181464e+00    9.98364454e+00   -1.78047737e-02   -1.86820563e-01
447      1.37521704e-09    4.94434672e+00    9.98941148e+00   -1.10751693e-02   -1.87269123e-01
448      1.37855037e-09    4.92868137e+00    1.00004057e+01    2.78885837e-04   -1.87441970e-01
449      1.38188370e-09    4.89992637e+00    1.00117677e+01    1.12564645e-02   -1.87244831e-01
450      1.38521704e-09    4.86822481e+00    1.00187068e+01    1.72454950e-02   -1.86743262e-01
451      1.38855037e-09    4.84485930e+00    1.00189670e+01    1.63846389e-02   -1.86120038e-01
452      1.39188370e-09    4.83791043e+00    1.00130940e+01    9.64404098e-03   -1.85587078e-01
453      1.39521704e-09    4.84916931e+00    1.00033538e+01   -4.04168032e-04   -1.85310696e-01
454      1.39855037e-09    4.87348260e+00    9.99287788e+00   -1.05160840e-02   -1.85368638e-01
455      1.40188370e-09    4.90074249e+00    9.98523880e+00   -1.72302803e-02   -1.85727908e-01
456      1.40521704e-09    4.91973148e+00    9.98364896e+00   -1.76572032e-02   -1.86242648e-01
457      1.40855037e-09    4.92237317e+00    9.98935630e+00   -1.09948002e-02   -1.86692032e-01
458      1.41188370e-09    4.90681428e+00    1.00002538e+01    2.60516542e-04   -1.86868309e-01
459      1.41521704e-09    4.87816692e+00    1.00115281e+01    1.11543016e-02   -1.86677673e-01
460      1.41855037e-09    4.84657724e+00    1.00184260e+01    1.71100856e-02   -1.86184756e-01
461      1.42188370e-09    4.82332891e+00    1.00187016e+01    1.62729199e-02   -1.85570612e-01
462      1.42521704e-09    4.81650162e+00    1.00128882e+01    9.59718940e-03   -1.85045480e-01
463      1.42855037e-09    4.82788391e+00    1.00032308e+01   -3.67853335e-04   -1.84774553e-01
464      1.43188370e-09    4.85231867e+00    9.99283719e+00   -1.04024746e-02   -1.84835199e-01
465      1.43521704e-09    4.87969425e+00    9.98525270e+00   -1.70711791e-02   -1.85194892e-01
466      1.43855037e-09    4.89879109e+00    9.98366459e+00   -1.75066970e-02   -1.85709118e-01
467      1.44188370e-09    4.90153374e+00    9.98931369e+00   -1.09103610e-02   -1.86158932e-01
468      1.44521704e-09    4.88607246e+00    1.00001169e+01    2.48214794e-04   -1.86338182e-01
469      1.44855037e-09    4.85752354e+00    1.00113055e+01    1.10599223e-02   -1.86153519e-01
470      1.45188370e-09    4.82603610e+00    1.00181633e+01    1.69829659e-02   -1.85668670e-01
471      1.45521704e-09    4.80289490e+00    1.00184540e+01    1.61686374e-02   -1.85063009e-01
472      1.45855037e-09    4.79617885e+00    1.00126989e+01    9.55596916e-03   -1.84545137e-01
473      1.46188370e-09    4.80767406e+00    1.00031223e+01   -3.28163607e-04   -1.84279152e-01
474      1.46521704e-09    4.83221982e+00    9.99280892e+00   -1.02876986e-02   -1.84342056e-01
475      1.46855037e-09    4.85970079e+00    9.98527753e+00   -1.69124107e-02   -1.84701785e-01
476      1.47188370e-09    4.87889539e+00    9.98369107e+00   -1.73565788e-02   -1.85215136e-01
477      1.47521704e-09    4.88172902e+00    9.98928360e+00   -1.08246670e-02   -1.85664992e-01
478      1.47855037e-09    4.86635529e+00    9.99999522e+00    2.39778431e-04   -1.85846753e-01
479      1.48188370e-09    4.83789448e+00    1.00111007e+01    1.09715824e-02   -1.85667513e-01
480      1.48521704e-09    4.80649859e+00    1.00179195e+01    1.68625390e-02   -1.85190121e-01
481      1.48855037e-09    4.78345349e+00    1.00182248e+01    1.60700415e-02   -1.84592326e-01
482      1.49188370e-09    4.77683744e+00    1.00125260e+01    9.51830001e-03   -1.84081138e-01
483      1.49521704e-09    4.78843432e+00    1.00030278e+01   -2.87532373e-04   -1.83819589e-01
484      1.49855037e-09    4.81307999e+00    9.99279218e+00   -1.01744305e-02   -1.83884326e-01
485      1.50188370e-09    4.84065558e+00    9.98531222e+00   -1.67566934e-02   -1.84243738e-01
486      1.50521704e-09    4.85993750e+00    9.98372730e+00   -1.72094043e-02   -1.84755890e-01
487      1.50855037e-09    4.86285190e+00    9.98926509e+00   -1.07399746e-02   -1.85205434e-01
488      1.51188370e-09    4.84755552e+00    9.99988811e+00    2.33268553e-04   -1.85389273e-01
489      1.51521704e-09    4.81917241e+00    1.00109131e+01    1.08875716e-02   -1.85214930e-01
490      1.51855037e-09    4.78785738e+00    1.00176939e+01    1.67471866e-02   -1.84744410e-01
491      1.52188370e-09    4.76489743e+00    1.00180129e+01    1.59754865e-02   -1.84153888e-01
492      1.52521704e-09    4.75837030e+00    1.00123685e+01    9.48244631e-03   -1.83648836e-01
493      1.52855037e-09    4.77005781e+00    1.00029461e+01   -2.47778648e-04   -1.83391256e-01
494      1.53188370e-09    4.79479260e+00    9.99278561e+00   -1.00645095e-02   -1.83457447e-01
495      1.53521704e-09    4.82245241e+00    9.98535531e+00   -1.66058031e-02   -1.83816233e-01
496      1.53855037e-09    4.84181166e+00    9.98377186e+00   -1.70668297e-02   -1.84326909e-01
497      1.54188370e-09    4.84479713e+00    9.98925672e+00   -1.06578168e-02   -1.84775835e-01
498      1.54521704e-09    4.82956845e+00    9.99979409e+00    2.27241299e-04   -1.84961367e-01
499      1.54855037e-09    4.80125327e+00    1.00107411e+01    1.08065016e-02   -1.84791443e-01
500      1.55188370e-09    4.77000910e+00    1.00174849e+01    1.66355642e-02   -1.84327257e-01
501      1.55521704e-09    4.74712408e+00    1.00178170e+01    1.58836761e-02   -1.83743468e-01
502      1.55855037e-09    4.74067555e+00    1.00122249e+01    9.44717197e-03   -1.83244059e-01
503      1.56188370e-09    4.75244347e+00    1.00028756e+01   -2.10057646e-04   -1.82990031e-01
504      1.56521704e-09    4.77725745e+00    9.99278767e+00   -9.95898468e-03   -1.83057348e-01
505      1.56855037e-09    4.80499196e+00    9.98540532e+00   -1.64606769e-02   -1.83415252e-01
506      1.57188370e-09    4.82441946e+00    9.98382326e+00   -1.69297190e-02   -1.83924223e-01
507      1.57521704e-09    4.82746721e+00    9.98925696e+00   -1.05790601e-02   -1.84372277e-01
508      1.57855037e-09    4.81229756e+00    9.99971151e+00    2.20767613e-04   -1.84559169e-01
509      1.58188370e-09    4.78404154e+00    1.00105831e+01    1.07273856e-02   -1.84393244e-01
510      1.58521704e-09    4.75285924e+00    1.00172908e+01    1.65266919e-02   -1.83934915e-01
511      1.58855037e-09    4.73004000e+00    1.00176352e+01    1.57937143e-02   -1.83357378e-01
512      1.59188370e-09    4.72366085e+00    1.00120934e+01    9.41171809e-03   -1.82863177e-01
513      1.59521704e-09    4.73550007e+00    1.00028146e+01   -1.74965053e-04   -1.82612342e-01
514      1.59855037e-09    4.76038442e+00    9.99279684e+00   -9.85828827e-03   -1.82680508e-01
515      1.60188370e-09    4.78818523e+00    9.98546084e+00   -1.63216228e-02   -1.83037320e-01
516      1.60521704e-09    4.80767300e+00    9.98388012e+00   -1.67983463e-02   -1.83544406e-01
517      1.60855037e-09    4.81077536e+00    9.98926433e+00   -1.05040585e-02   -1.83991378e-01
518      1.61188370e-09    4.79565716e+00    9.99963871e+00    2.13345111e-04   -1.84179351e-01
519      1.61521704e-09    4.76745265e+00    1.00104371e+01    1.06495998e-02   -1.84017062e-01
520      1.61855037e-09    4.73632440e+00    1.00171097e+01    1.64199279e-02   -1.83564175e-01
521      1.62188370e-09    4.71356295e+00    1.00174657e+01    1.57050527e-02   -1.82992471e-01
522      1.62521704e-09    4.70724516e+00    1.00119723e+01    9.37570187e-03   -1.82503101e-01
523      1.62855037e-09    4.71914777e+00    1.00027617e+01   -1.42691642e-04   -1.82255153e-01
524      1.63188370e-09    4.74409485e+00    9.99281180e+00   -9.76243268e-03   -1.82323939e-01
525      1.63521704e-09    4.77195469e+00    9.98552067e+00   -1.61885359e-02   -1.82679492e-01
526      1.63855037e-09    4.79149586e+00    9.98394123e+00   -1.66726007e-02   -1.83184552e-01
527      1.64188370e-09    4.79464626e+00    9.98927750e+00   -1.04328203e-02   -1.83630277e-01
528      1.64521704e-09    4.77957306e+00    9.99957416e+00    2.04778035e-04   -1.83819097e-01
529      1.64855037e-09    4.75141352e+00    1.00103014e+01    1.05727992e-02   -1.83660136e-01
530      1.65188370e-09    4.72033264e+00    1.00169398e+01    1.63148944e-02   -1.83212332e-01
531      1.65521704e-09    4.69762215e+00    1.00173067e+01    1.56174028e-02   -1.82646099e-01
532      1.65855037e-09    4.69135884e+00    1.00118602e+01    9.33900041e-03   -1.82161237e-01
533      1.66188370e-09    4.70331805e+00    1.00027155e+01   -1.13169821e-04   -1.81915916e-01
534      1.66521704e-09    4.72832133e+00    9.99283138e+00   -9.67117976e-03   -1.81985134e-01
535      1.66855037e-09    4.75623404e+00    9.98558375e+00   -1.60610753e-02   -1.82339299e-01
536      1.67188370e-09    4.77582280e+00    9.98400556e+00   -1.65521528e-02   -1.82842226e-01
537      1.67521704e-09    4.77901570e+00    9.98929532e+00   -1.03651499e-02   -1.83286573e-01
538      1.67855037e-09    4.76398204e+00    9.99951653e+00    1.95066394e-04   -1.83476049e-01
539      1.68188370e-09    4.73586196e+00    1.00101747e+01    1.04968289e-02   -1.83320152e-01
540      1.68521704e-09    4.70482280e+00    1.00167795e+01    1.62113971e-02   -1.82877123e-01
541      1.68855037e-09    4.68215748e+00    1.00171569e+01    1.55306492e-02   -1.82316049e-01
542      1.69188370e-09    4.67594282e+00    1.00117556e+01    9.30165047e-03   -1.81835418e-01
543      1.69521704e-09    4.68795289e+00    1.00026749e+01   -8.61885091e-05   -1.81592507e-01
544      1.69855037e-09    4.71300682e+00    9.99285462e+00   -9.58416566e-03   -1.81662003e-01
545      1.70188370e-09    4.74096719e+00    9.98564923e+00   -1.59387909e-02   -1.82014680e-01
546      1.70521704e-09    4.76059867e+00    9.98407227e+00   -1.64365730e-02   -1.82515396e-01
547      1.70855037e-09    4.76382943e+00    9.98931685e+00   -1.03007503e-02   -1.82958264e-01
548      1.71188370e-09    4.74883077e+00    9.99946470e+00    1.84320043e-04   -1.83148238e-01
549      1.71521704e-09    4.72074555e+00    1.00100556e+01    1.04216515e-02   -1.82995184e-01
550      1.71855037e-09    4.68974335e+00    1.00166276e+01    1.61093576e-02   -1.82556664e-01
551      1.72188370e-09    4.66711833e+00    1.00170149e+01    1.54447804e-02   -1.82000481e-01
552      1.72521704e-09    4.66094737e+00    1.00116575e+01    9.26377394e-03   -1.81523842e-01
553      1.72855037e-09    4.67300343e+00    1.00026390e+01   -6.14728903e-05   -1.81283157e-01
554      1.73188370e-09    4.69810337e+00    9.99288072e+00   -9.50098333e-03   -1.81352809e-01
555      1.73521704e-09    4.72610701e+00    9.98571642e+00   -1.58212043e-02   -1.81703922e-01
556      1.73855037e-09    4.74577713e+00    9.98414067e+00   -1.63254076e-02   -1.82202370e-01
557      1.74188370e-09    4.74904189e+00    9.98934129e+00   -1.02392909e-02   -1.82643684e-01
558      1.74521704e-09    4.73407444e+00    9.99941773e+00    1.72699305e-04   -1.82834027e-01
559      1.74855037e-09    4.70602024e+00    1.00099430e+01    1.03472933e-02   -1.82683626e-01
560      1.75188370e-09    4.67505102e+00    1.00164830e+01    1.60087628e-02   -1.82249387e-01
561      1.75521704e-09    4.65246219e+00    1.00168797e+01    1.53598393e-02   -1.81697860e-01
562      1.75855037e-09    4.64633079e+00    1.00115649e+01    9.22552801e-03   -1.81225010e-01
563      1.76188370e-09    4.65842873e+00    1.00026069e+01   -3.87344670e-05   -1.80986394e-01
564      1.76521704e-09    4.68357073e+00    9.99290903e+00   -9.42123162e-03   -1.81056101e-01
565      1.76855037e-09    4.71161397e+00    9.98578477e+00   -1.57078555e-02   -1.81405596e-01
566      1.77188370e-09    4.73131932e+00    9.98421020e+00   -1.62182219e-02   -1.81901738e-01
567      1.77521704e-09    4.73461487e+00    9.98936802e+00   -1.01804478e-02   -1.82341442e-01
568      1.77855037e-09    4.71967549e+00    9.99937484e+00    1.60377697e-04   -1.82532049e-01
569      1.78188370e-09    4.69164908e+00    1.00098361e+01    1.02738096e-02   -1.82384139e-01
570      1.78521704e-09    4.66070952e+00    1.00163447e+01    1.59096315e-02   -1.81953981e-01
571      1.78855037e-09    4.63815341e+00    1.00167505e+01    1.52758909e-02   -1.81406907e-01
572      1.79188370e-09    4.63205804e+00    1.00114771e+01    9.18707489e-03   -1.80937667e-01
573      1.79521704e-09    4.64419438e+00    1.00025779e+01   -1.76992853e-05   -1.80700989e-01
574      1.79855037e-09    4.66937512e+00    9.99293903e+00   -9.34454112e-03   -1.80770670e-01
575      1.80188370e-09    4.69745486e+00    9.98585382e+00   -1.55983265e-02   -1.81118506e-01
576      1.80521704e-09    4.71719259e+00    9.98428042e+00   -1.61146218e-02   -1.81612322e-01
577      1.80855037e-09    4.72051625e+00    9.98939650e+00   -1.01239240e-02   -1.82050375e-01
578      1.81188370e-09    4.70560231e+00    9.99933540e+00    1.47520792e-04   -1.82241159e-01
579      1.81521704e-09    4.67760103e+00    1.00097341e+01    1.02012627e-02   -1.82095601e-01
580      1.81855037e-09    4.64668830e+00    1.00162119e+01    1.58119935e-02   -1.81669349e-01
581      1.82188370e-09    4.62416200e+00    1.00166265e+01    1.51930037e-02   -1.81126548e-01
582      1.82521704e-09    4.61809965e+00    1.00113934e+01    9.14856525e-03   -1.80660763e-01
583      1.82855037e-09    4.63027144e+00    1.00025517e+01    1.87842328e-06   -1.80425910e-01
584      1.83188370e-09    4.65548808e+00    9.99297031e+00   -9.27058498e-03   -1.80495500e-01
585      1.83521704e-09    4.68360170e+00    9.98592321e+00   -1.54922496e-02   -1.80841651e-01
586      1.83855037e-09    4.70336941e+00    9.98435099e+00   -1.60142614e-02   -1.81333128e-01
587      1.84188370e-09    4.70671895e+00    9.98942633e+00   -1.00694587e-02   -1.81769503e-01
588      1.84521704e-09    4.69182827e+00    9.99929889e+00    1.34275852e-04   -1.81960394e-01
589      1.84855037e-09    4.66384986e+00    1.00096365e+01    1.01297105e-02   -1.81817067e-01
590      1.85188370e-09    4.63296161e+00    1.00160841e+01    1.57158779e-02   -1.81394568e-01
591      1.85521704e-09    4.61046261e+00    1.00165071e+01    1.51112391e-02   -1.80855881e-01
592      1.85855037e-09    4.60443074e+00    1.00113133e+01    9.11013069e-03   -1.80393413e-01
593      1.86188370e-09    4.61663543e+00    1.00025278e+01    2.02115690e-05   -1.80160287e-01
594      1.86521704e-09    4.64188556e+00    9.99300252e+00   -9.19908088e-03   -1.80229732e-01
595      1.86855037e-09    4.67003082e+00    9.98599268e+00   -1.53893081e-02   -1.80574183e-01
596      1.87188370e-09    4.68982649e+00    9.98442161e+00   -1.59168435e-02   -1.81063319e-01
597      1.87521704e-09    4.69320003e+00    9.98945717e+00   -1.00168283e-02   -1.81497998e-01
598      1.87855037e-09    4.67833077e+00    9.99926489e+00    1.20768068e-04   -1.81688938e-01
599      1.88188370e-09    4.65037334e+00    1.00095427e+01    1.00592006e-02   -1.81547736e-01
600      1.88521704e-09    4.61950755e+00    1.00159608e+01    1.56213075e-02   -1.81128852e-01
601      1.88855037e-09    4.59703372e+00    1.00163919e+01    1.50306473e-02   -1.80594136e-01
602      1.89188370e-09    4.59103013e+00    1.00112365e+01    9.07188148e-03   -1.80134865e-01
603      1.89521704e-09    4.60326553e+00    1.00025057e+01    3.74805850e-05   -1.79903380e-01
604      1.89855037e-09    4.62854706e+00    9.99303540e+00   -9.12978845e-03   -1.79972638e-01
605      1.90188370e-09    4.65672207e+00    9.98606199e+00   -1.52892319e-02   -1.80315379e-01
606      1.90521704e-09    4.67654398e+00    9.98449207e+00   -1.58221151e-02   -1.80802181e-01
607      1.90855037e-09    4.67993992e+00    9.98948874e+00   -9.96584398e-03   -1.81235155e-01
608      1.91188370e-09    4.66509054e+00    9.99923306e+00    1.07100567e-04   -1.81426095e-01
609      1.91521704e-09    4.63715248e+00    1.00094523e+01    9.98976897e-03   -1.81286927e-01
610      1.91855037e-09    4.60630742e+00    1.00158414e+01    1.55282959e-02   -1.80871534e-01
611      1.92188370e-09    4.58385694e+00    1.00162804e+01    1.49512657e-02   -1.80340661e-01
612      1.92521704e-09    4.57787971e+00    1.00111625e+01    9.03390735e-03   -1.79884475e-01
613      1.92855037e-09    4.59014393e+00    1.00024854e+01    5.38363319e-05   -1.79654557e-01
614      1.93188370e-09    4.61545506e+00    9.99306874e+00   -9.06250442e-03   -1.79723593e-01
615      1.93521704e-09    4.64365816e+00    9.98613098e+00   -1.51917917e-02   -1.80064623e-01
616      1.93855037e-09    4.66350483e+00    9.98456219e+00   -1.57298622e-02   -1.80549101e-01
617      1.94188370e-09    4.66692184e+00    9.98952083e+00   -9.91634795e-03   -1.80980368e-01
618      1.94521704e-09    4.65209101e+00    9.99920310e+00    9.33562987e-05   -1.81171268e-01
619      1.94855037e-09    4.62417096e+00    1.00093650e+01    9.92143955e-03   -1.81034051e-01
620      1.95188370e-09    4.59334516e+00    1.00157257e+01    1.54368478e-02   -1.80622037e-01
621      1.95521704e-09    4.57091641e+00    1.00161723e+01    1.48731196e-02   -1.80094890e-01
622      1.95855037e-09    4.56496389e+00    1.00110911e+01    8.99627956e-03   -1.79641690e-01
623      1.96188370e-09    4.57725526e+00    1.00024664e+01    6.94039998e-05   -1.79413273e-01
624      1.96521704e-09    4.60259441e+00    9.99310237e+00   -8.99705726e-03   -1.79482059e-01
625      1.96855037e-09    4.63082417e+00    9.98619950e+00   -1.50967929e-02   -1.79821382e-01
626      1.97188370e-09    4.65069433e+00    9.98463184e+00   -1.56399033e-02   -1.80303552e-01
627      1.97521704e-09    4.65413126e+00    9.98955326e+00   -9.86820865e-03   -1.80733113e-01
628      1.97855037e-09    4.63931787e+00    9.99917478e+00    7.96007020e-05   -1.80923942e-01
629      1.98188370e-09    4.61141465e+00    1.00092805e+01    9.85422578e-03   -1.80788600e-01
630      1.98521704e-09    4.58060681e+00    1.00156133e+01    1.53469596e-02   -1.80379864e-01
631      1.98855037e-09    4.55819842e+00    1.00160673e+01    1.47962237e-02   -1.79856335e-01
632      1.99188370e-09    4.55226913e+00    1.00110220e+01    8.95905361e-03   -1.79406032e-01
633      1.99521704e-09    4.56458619e+00    1.00024487e+01    8.42871526e-05   -1.79179056e-01
634      1.99855037e-09    4.58995196e+00    9.99313614e+00   -8.93330195e-03   -1.79247569e-01
635      2.00188370e-09    4.61820713e+00    9.98626746e+00   -1.50040699e-02   -1.79585191e-01
636      2.00521704e-09    4.63809968e+00    9.98470091e+00   -1.55520848e-02   -1.80065073e-01
637      2.00855037e-09    4.64155553e+00    9.98958590e+00   -9.82131646e-03   -1.80492935e-01
638      2.01188370e-09    4.62675862e+00    9.99914792e+00    6.58845092e-05   -1.80683665e-01
639      2.01521704e-09    4.59887120e+00    1.00091986e+01    9.78813212e-03   -1.80550133e-01
640      2.01855037e-09    4.56808022e+00    1.00155040e+01    1.52586205e-02   -1.80144581e-01
641      2.02188370e-09    4.54569094e+00    1.00159653e+01    1.47205839e-02   -1.79624570e-01
642      2.02521704e-09    4.53978359e+00    1.00109551e+01    8.92227187e-03   -1.79177079e-01
643      2.02855037e-09    4.55212503e+00    1.00024321e+01    9.85714838e-05   -1.78951492e-01
644      2.03188370e-09    4.57751619e+00    9.99316995e+00   -8.87111537e-03   -1.79019714e-01
645      2.03521704e-09    4.60579566e+00    9.98633477e+00   -1.49134808e-02   -1.79355646e-01
646      2.03855037e-09    4.62570965e+00    9.98476932e+00   -1.54662751e-02   -1.79833262e-01
647      2.04188370e-09    4.62918356e+00    9.98961862e+00   -9.77557983e-03   -1.80259435e-01
648      2.04521704e-09    4.61440229e+00    9.99912233e+00    5.22463672e-05   -1.80450042e-01
649      2.04855037e-09    4.58652979e+00    1.00091191e+01    9.72315563e-03   -1.80318259e-01
650      2.05188370e-09    4.55575467e+00    1.00153976e+01    1.51718141e-02   -1.79915803e-01
651      2.05521704e-09    4.53338342e+00    1.00158659e+01    1.46461984e-02   -1.79399220e-01
652      2.05855037e-09    4.52749685e+00    1.00108901e+01    8.88596603e-03   -1.78954464e-01
653      2.06188370e-09    4.53986151e+00    1.00024164e+01    1.12328101e-04   -1.78730217e-01
654      2.06521704e-09    4.56527696e+00    9.99320372e+00   -8.81039224e-03   -1.78798133e-01
655      2.06855037e-09    4.59357974e+00    9.98640136e+00   -1.48249031e-02   -1.79132387e-01
656      2.07188370e-09    4.61351430e+00    9.98483700e+00   -1.53823615e-02   -1.79607761e-01
657      2.07521704e-09    4.61700553e+00    9.98965133e+00   -9.73092190e-03   -1.80032257e-01
658      2.07855037e-09    4.60223918e+00    9.99909789e+00    3.87151377e-05   -1.80222724e-01
659      2.08188370e-09    4.57438082e+00    1.00090417e+01    9.65928751e-03   -1.80092635e-01
660      2.08521704e-09    4.54362069e+00    1.00152938e+01    1.50865194e-02   -1.79693195e-01
661      2.08855037e-09    4.52126649e+00    1.00157690e+01    1.45730601e-02   -1.79179951e-01
662      2.09188370e-09    4.51539966e+00    1.00108269e+01    8.85015922e-03   -1.78737860e-01
663      2.09521704e-09    4.52778648e+00    1.00024015e+01    1.25616293e-04   -1.78514909e-01
664      2.09855037e-09    4.55322523e+00    9.99323737e+00   -8.75104187e-03   -1.78582506e-01
665      2.10188370e-09    4.58155044e+00    9.98646720e+00   -1.47382304e-02   -1.78915098e-01
666      2.10521704e-09    4.60150483e+00    9.98490390e+00   -1.53002460e-02   -1.79388255e-01
667      2.10855037e-09    4.60501271e+00    9.98968395e+00   -9.68727782e-03   -1.79811090e-01
668      2.11188370e-09    4.59026063e+00    9.99907448e+00    2.53118393e-05   -1.80001399e-01
669      2.11521704e-09    4.56241574e+00    1.00089664e+01    9.59651442e-03   -1.79872954e-01
670      2.11855037e-09    4.53166982e+00    1.00151926e+01    1.50027118e-02   -1.79476453e-01
671      2.12188370e-09    4.50933180e+00    1.00156745e+01    1.45011571e-02   -1.78966469e-01
672      2.12521704e-09    4.50348377e+00    1.00107654e+01    8.81486776e-03   -1.78526974e-01
673      2.12855037e-09    4.51589180e+00    1.00023875e+01    1.38485818e-04   -1.78305278e-01
674      2.13188370e-09    4.54135293e+00    9.99327084e+00   -8.69298545e-03   -1.78372548e-01
675      2.13521704e-09    4.56969978e+00    9.98653225e+00   -1.46533691e-02   -1.78703494e-01
676      2.13855037e-09    4.58967332e+00    9.98497000e+00   -1.52198432e-02   -1.79174462e-01
677      2.14188370e-09    4.59319726e+00    9.98971643e+00   -9.64459244e-03   -1.79595650e-01
678      2.14521704e-09    4.57845891e+00    9.99905199e+00    1.20512469e-05   -1.79785790e-01
679      2.14855037e-09    4.55062687e+00    1.00088930e+01    9.53481951e-03   -1.79658940e-01
680      2.15188370e-09    4.51989446e+00    1.00150937e+01    1.49203645e-02   -1.79265308e-01
681      2.15521704e-09    4.49757184e+00    1.00155822e+01    1.44304742e-02   -1.78758508e-01
682      2.15855037e-09    4.49174174e+00    1.00107055e+01    8.78010263e-03   -1.78321546e-01
683      2.16188370e-09    4.50417011e+00    1.00023741e+01    1.50978752e-04   -1.78101068e-01
684      2.16521704e-09    4.52965281e+00    9.99330410e+00   -8.63615384e-03   -1.78168002e-01
685      2.16855037e-09    4.55802058e+00    9.98659647e+00   -1.45702366e-02   -1.78497319e-01
686      2.17188370e-09    4.57801266e+00    9.98503525e+00   -1.51410775e-02   -1.78966125e-01
687      2.17521704e-09    4.58155214e+00    9.98974872e+00   -9.60281854e-03   -1.79385684e-01
688      2.17855037e-09    4.56682701e+00    9.99903035e+00   -1.05681176e-06   -1.79575645e-01
689      2.18188370e-09    4.53900728e+00    1.00088214e+01    9.47418341e-03   -1.79450347e-01
690      2.18521704e-09    4.50828776e+00    1.00149971e+01    1.48394487e-02   -1.79059517e-01
691      2.18855037e-09    4.48597981e+00    1.00154920e+01    1.43609940e-02   -1.78555828e-01
692      2.19188370e-09    4.48016686e+00    1.00106471e+01    8.74587066e-03   -1.78121339e-01
693      2.19521704e-09    4.49261477e+00    1.00023613e+01    1.63130980e-04   -1.77902044e-01
694      2.19855037e-09    4.51811828e+00    9.99333711e+00   -8.58048586e-03   -1.77968636e-01
695      2.20188370e-09    4.54650630e+00    9.98665986e+00   -1.44887589e-02   -1.78296342e-01
696      2.20521704e-09    4.56651638e+00    9.98509965e+00   -1.50638820e-02   -1.78763015e-01
697      2.20855037e-09    4.57007095e+00    9.98978076e+00   -9.56191538e-03   -1.79180964e-01
698      2.21188370e-09    4.55535859e+00    9.99900947e+00   -1.40064179e-05   -1.79370736e-01
699      2.21521704e-09    4.52755068e+00    1.00087514e+01    9.41458487e-03   -1.79246950e-01
700      2.21855037e-09    4.49684348e+00    1.00149026e+01    1.47599347e-02   -1.78858858e-01
701      2.22188370e-09    4.47454954e+00    1.00154038e+01    1.42926970e-02   -1.78358211e-01
702      2.22521704e-09    4.46875303e+00    1.00105901e+01    8.71217545e-03   -1.77926140e-01
703      2.22855037e-09    4.48121974e+00    1.00023491e+01    1.74973391e-04   -1.77707993e-01
704      2.23188370e-09    4.50674337e+00    9.99336984e+00   -8.52592691e-03   -1.77774239e-01
705      2.23521704e-09    4.53515103e+00    9.98672241e+00   -1.44088694e-02   -1.78100354e-01
706      2.23855037e-09    4.55517860e+00    9.98516318e+00   -1.49881967e-02   -1.78564922e-01
707      2.24188370e-09    4.55874783e+00    9.98981252e+00   -9.52184756e-03   -1.78981280e-01
708      2.24521704e-09    4.54404784e+00    9.99898929e+00   -2.67947351e-05   -1.79170856e-01
709      2.24855037e-09    4.51625132e+00    1.00086831e+01    9.35600142e-03   -1.79048543e-01
710      2.25188370e-09    4.48555592e+00    1.00148101e+01    1.46817922e-02   -1.78663129e-01
711      2.25521704e-09    4.46327539e+00    1.00153175e+01    1.42255629e-02   -1.78165459e-01
712      2.25855037e-09    4.45749465e+00    1.00105344e+01    8.67901816e-03   -1.77735751e-01
713      2.26188370e-09    4.46997948e+00    1.00023374e+01    1.86532829e-04   -1.77518724e-01
714      2.26521704e-09    4.49552258e+00    9.99340228e+00   -8.47242782e-03   -1.77584620e-01
715      2.26855037e-09    4.52394933e+00    9.98678410e+00   -1.43305078e-02   -1.77909162e-01
716      2.27188370e-09    4.54399393e+00    9.98522582e+00   -1.49139673e-02   -1.78371654e-01
717      2.27521704e-09    4.54757744e+00    9.98984399e+00   -9.48258410e-03   -1.78786441e-01
718      2.27855037e-09    4.53288947e+00    9.99896975e+00   -3.94213546e-05   -1.78975816e-01
719      2.28188370e-09    4.50510393e+00    1.00086162e+01    9.29840976e-03   -1.78854940e-01
720      2.28521704e-09    4.47441986e+00    1.00147196e+01    1.46049904e-02   -1.78472147e-01
721      2.28855037e-09    4.45215219e+00    1.00152330e+01    1.41595705e-02   -1.77977392e-01
722      2.29188370e-09    4.44638659e+00    1.00104800e+01    8.64639807e-03   -1.77549995e-01
723      2.29521704e-09    4.45888890e+00    1.00023262e+01    1.97832849e-04   -1.77334058e-01
724      2.29855037e-09    4.48445088e+00    9.99343439e+00   -8.41994401e-03   -1.77399601e-01
725      2.30188370e-09    4.51289620e+00    9.98684493e+00   -1.42536191e-02   -1.77722590e-01
726      2.30521704e-09    4.53295742e+00    9.98528758e+00   -1.48411446e-02   -1.78183036e-01
727      2.30855037e-09    4.53655485e+00    9.98987512e+00   -9.44409772e-03   -1.78596271e-01
728      2.31188370e-09    4.52187858e+00    9.99895080e+00   -5.18877785e-05   -1.78785441e-01
729      2.31521704e-09    4.49410366e+00    1.00085508e+01    9.24178618e-03   -1.78665969e-01
730      2.31855037e-09    4.46343049e+00    1.00146309e+01    1.45294990e-02   -1.78285742e-01
731      2.32188370e-09    4.44117515e+00    1.00151502e+01    1.40946984e-02   -1.77793841e-01
732      2.32521704e-09    4.43542413e+00    1.00104268e+01    8.61431314e-03   -1.77368708e-01
733      2.32855037e-09    4.44794333e+00    1.00023155e+01    2.08894325e-04   -1.77153832e-01
734      2.33188370e-09    4.47352362e+00    9.99346619e+00   -8.36843474e-03   -1.77219021e-01
735      2.33521704e-09    4.50198703e+00    9.98690492e+00   -1.41781526e-02   -1.77540477e-01
736      2.33855037e-09    4.52206446e+00    9.98534846e+00   -1.47696838e-02   -1.77998905e-01
737      2.34188370e-09    4.52567551e+00    9.98990591e+00   -9.40636430e-03   -1.78410610e-01
738      2.34521704e-09    4.51101063e+00    9.99893239e+00   -6.41970120e-05   -1.78599571e-01
739      2.34855037e-09    4.48324601e+00    1.00084868e+01    9.18610677e-03   -1.78481472e-01
740      2.35188370e-09    4.45258333e+00    1.00145440e+01    1.44552880e-02   -1.78103758e-01
741      2.35521704e-09    4.43033985e+00    1.00150692e+01    1.40309252e-02   -1.77614655e-01
742      2.35855037e-09    4.42460288e+00    1.00103748e+01    8.58276030e-03   -1.77191736e-01
743      2.36188370e-09    4.43713850e+00    1.00023051e+01    2.19618708e-04   -1.76977898e-01
744      2.36521704e-09    4.46274826e+00    9.99348244e+00   -8.33257006e-03   -1.77042985e-01
745      2.36855037e-09    4.49127396e+00    9.98694136e+00   -1.41250565e-02   -1.77363549e-01
746      2.37188370e-09    4.51145868e+00    9.98539083e+00   -1.47142822e-02   -1.77820643e-01
747      2.37521704e-09    4.51522609e+00    9.98990747e+00   -9.39403357e-03   -1.78231584e-01
748      2.37855037e-09    4.50076893e+00    9.99884904e+00   -1.34827799e-04   -1.78421867e-01
749      2.38188370e-09    4.47326573e+00    1.00083030e+01    9.02289888e-03   -1.78308167e-01
750      2.38521704e-09    4.44291957e+00    1.00142845e+01    1.42292453e-02   -1.77937778e-01
751      2.38855037e-09    4.42104676e+00    1.00147815e+01    1.37922543e-02   -1.77457719e-01
752      2.39188370e-09    4.41573048e+00    1.00101083e+01    8.37997755e-03   -1.77043952e-01
753      2.39521704e-09    4.42872984e+00    1.00020926e+01    8.22012803e-05   -1.76838003e-01
754      2.39855037e-09    4.45482653e+00    9.99334754e+00   -8.38607473e-03   -1.76908782e-01
755      2.40188370e-09    4.48383365e+00    9.98685418e+00   -1.41289354e-02   -1.77232952e-01
756      2.40521704e-09    4.50447668e+00    9.98528793e+00   -1.47331098e-02   -1.77693121e-01
757      2.40855037e-09    4.50867551e+00    9.98974137e+00   -9.47280903e-03   -1.78108460e-01
758      2.41188370e-09    4.49462585e+00    9.99860162e+00   -2.87230092e-04   -1.78305553e-01
759      2.41521704e-09    4.46751048e+00    1.00079969e+01    8.82353407e-03   -1.78201001e-01
760      2.41855037e-09    4.43753502e+00    1.00139672e+01    1.40319454e-02   -1.77840927e-01
761      2.42188370e-09    4.41601579e+00    1.00144996e+01    1.36418938e-02   -1.77370785e-01
762      2.42521704e-09    4.41103420e+00    1.00098884e+01    8.29936807e-03   -1.76965314e-01
763      2.42855037e-09    4.42434697e+00    1.00019405e+01    7.23357409e-05   -1.76765503e-01
764      2.43188370e-09    4.45073398e+00    9.99325138e+00   -8.34112550e-03   -1.76840361e-01
765      2.43521704e-09    4.48000794e+00    9.98679009e+00   -1.40558522e-02   -1.77167149e-01
766      2.43855037e-09    4.50089590e+00    9.98522491e+00   -1.46637117e-02   -1.77629388e-01
767      2.44188370e-09    4.50532099e+00    9.98965216e+00   -9.43322537e-03   -1.78047218e-01
768      2.44521704e-09    4.49148287e+00    9.99847466e+00   -2.86726043e-04   -1.78247872e-01
769      2.44855037e-09    4.46456770e+00    1.00078422e+01    8.79708391e-03   -1.78147975e-01
770      2.45188370e-09    4.43478294e+00    1.00138078e+01    1.40027584e-02   -1.77793099e-01
771      2.45521704e-09    4.41344525e+00    1.00143586e+01    1.36323702e-02   -1.77327926e-01
772      2.45855037e-09    4.40863527e+00    1.00097791e+01    8.32109039e-03   -1.76926593e-01
773      2.46188370e-09    4.42210862e+00    1.00018655e+01    1.25917371e-04   -1.76729821e-01
774      2.46521704e-09    4.44864431e+00    9.99320479e+00   -8.26354205e-03   -1.76806676e-01
775      2.46855037e-09    4.47805488e+00    9.98675968e+00   -1.39676154e-02   -1.77134719e-01
776      2.47188370e-09    4.49906821e+00    9.98519493e+00   -1.45807534e-02   -1.77597940e-01
777      2.47521704e-09    4.50360907e+00    9.98960873e+00   -9.36863476e-03   -1.78016971e-01
778      2.47855037e-09    4.48987917e+00    9.99841191e+00   -2.45005764e-04   -1.78219373e-01
779      2.48188370e-09    4.46306637e+00    1.00077651e+01    8.82227539e-03   -1.78121785e-01
780      2.48521704e-09    4.43337910e+00    1.00137283e+01    1.40239354e-02   -1.77769500e-01
781      2.48855037e-09    4.41213416e+00    1.00142883e+01    1.36611032e-02   -1.77306805e-01
782      2.49188370e-09    4.40741187e+00    1.00097248e+01    8.36345819e-03   -1.76907532e-01
783      2.49521704e-09    4.42096724e+00    1.00018286e+01    1.82387342e-04   -1.76712264e-01
784      2.49855037e-09    4.44757886e+00    9.99318225e+00   -8.19681372e-03   -1.76790094e-01
785      2.50188370e-09    4.47705920e+00    9.98674530e+00   -1.38972946e-02   -1.77118739e-01
786      2.50521704e-09    4.49813654e+00    9.98518070e+00   -1.45148206e-02   -1.77582423e-01
787      2.50855037e-09    4.50273651e+00    9.98958759e+00   -9.31364675e-03   -1.78002032e-01
788      2.51188370e-09    4.48906185e+00    9.99838086e+00   -2.03148114e-04   -1.78205293e-01
789      2.51521704e-09    4.46230128e+00    1.00077267e+01    8.85432080e-03   -1.78108852e-01
790      2.51855037e-09    4.43266376e+00    1.00136886e+01    1.40526358e-02   -1.77757858e-01
791      2.52188370e-09    4.41146615e+00    1.00142532e+01    1.36924353e-02   -1.77296401e-01
792      2.52521704e-09    4.40678857e+00    1.00096978e+01    8.40060665e-03   -1.76898152e-01
793      2.52855037e-09    4.42038578e+00    1.00018104e+01    2.25666275e-04   -1.76703628e-01
794      2.53188370e-09    4.44703613e+00    9.99317136e+00   -8.14928550e-03   -1.76781935e-01
795      2.53521704e-09    4.47655204e+00    9.98673852e+00   -1.38488471e-02   -1.77110867e-01
796      2.53855037e-09    4.49766201e+00    9.98517397e+00   -1.44694530e-02   -1.77574770e-01
797      2.54188370e-09    4.50229212e+00    9.98957731e+00   -9.27464444e-03   -1.77994656e-01
798      2.54521704e-09    4.48864562e+00    9.99836551e+00   -1.71571723e-04   -1.78198338e-01
799      2.54855037e-09    4.46191169e+00    1.00077076e+01    8.88020508e-03   -1.78102467e-01
800      2.55188370e-09    4.43229951e+00    1.00136688e+01    1.40761683e-02   -1.77752117e-01
801      2.55521704e-09    4.41112602e+00    1.00142357e+01    1.37167028e-02   -1.77291278e-01
802      2.55855037e-09    4.40647124e+00    1.00096844e+01    8.42727546e-03   -1.76893540e-01
803      2.56188370e-09    4.42008976e+00    1.00018015e+01    2.54934646e-04   -1.76699384e-01
804      2.56521704e-09    4.44675984e+00    9.99316610e+00   -8.11833751e-03   -1.76777924e-01
805      2.56855037e-09    4.47629388e+00    9.98673535e+00   -1.38178827e-02   -1.77106993e-01
806      2.57188370e-09    4.49742048e+00    9.98517081e+00   -1.44404765e-02   -1.77570998e-01
807      2.57521704e-09    4.50206594e+00    9.98957232e+00   -9.24930249e-03   -1.77991017e-01
808      2.57855037e-09    4.48843378e+00    9.99835792e+00   -1.50379646e-04   -1.78194906e-01
809      2.58188370e-09    4.46171341e+00    1.00076980e+01    8.89815091e-03   -1.78099317e-01
810      2.58521704e-09    4.43211415e+00    1.00136588e+01    1.40925917e-02   -1.77749288e-01
811      2.58855037e-09    4.41095294e+00    1.00142270e+01    1.37331979e-02   -1.77288757e-01
812      2.59188370e-09    4.40630976e+00    1.00096778e+01    8.44471376e-03   -1.76891273e-01
813      2.59521704e-09    4.41993914e+00    1.00017971e+01    2.73436940e-04   -1.76697300e-01
814      2.59855037e-09    4.44661926e+00    9.99316357e+00   -8.09922018e-03   -1.76775953e-01
815      2.60188370e-09    4.47616253e+00    9.98673387e+00   -1.37989806e-02   -1.77105087e-01
816      2.60521704e-09    4.49729759e+00    9.98516933e+00   -1.44227938e-02   -1.77569140e-01
817      2.60855037e-09    4.50195087e+00    9.98956991e+00   -9.23366517e-03   -1.77989222e-01
818      2.61188370e-09    4.48832602e+00    9.99835418e+00   -1.37039172e-04   -1.78193212e-01
819      2.61521704e-09    4.46161255e+00    1.00076933e+01    8.90966354e-03   -1.78097763e-01
820      2.61855037e-09    4.43201986e+00    1.00136539e+01    1.41031652e-02   -1.77747895e-01
821      2.62188370e-09    4.41086490e+00    1.00142226e+01    1.37436555e-02   -1.77287518e-01
822      2.62521704e-09    4.40622763e+00    1.00096744e+01    8.45551204e-03   -1.76890161e-01
823      2.62855037e-09    4.41986253e+00    1.00017949e+01    2.84648043e-04   -1.76696278e-01
824      2.63188370e-09    4.44654776e+00    9.99316235e+00   -8.08781451e-03   -1.76774986e-01
825      2.63521704e-09    4.47609573e+00    9.98673319e+00   -1.37877944e-02   -1.77104151e-01
826      2.63855037e-09    4.49723510e+00    9.98516865e+00   -1.44123299e-02   -1.77568226e-01
827      2.64188370e-09    4.50189236e+00    9.98956875e+00   -9.22433850e-03   -1.77988338e-01
828      2.64521704e-09    4.48827122e+00    9.99835234e+00   -1.28973808e-04   -1.78192377e-01
829      2.64855037e-09    4.46156127e+00    1.00076909e+01    8.91670931e-03   -1.78096998e-01
830      2.65188370e-09    4.43197192e+00    1.00136514e+01    1.41096488e-02   -1.77747209e-01
831      2.65521704e-09    4.41082014e+00    1.00142204e+01    1.37500029e-02   -1.77286909e-01
832      2.65855037e-09    4.40618587e+00    1.00096728e+01    8.46196287e-03   -1.76889615e-01
833      2.66188370e-09    4.41982358e+00    1.00017939e+01    2.91245358e-04   -1.76695777e-01
834      2.66521704e-09    4.44651142e+00    9.99316177e+00   -8.08117604e-03   -1.76774512e-01
835      2.66855037e-09    4.47606177e+00    9.98673287e+00   -1.37813207e-02   -1.77103691e-01
836      2.67188370e-09    4.49720333e+00    9.98516833e+00   -1.44062728e-02   -1.77567776e-01
837      2.67521704e-09    4.50186261e+00    9.98956819e+00   -9.21890700e-03   -1.77987902e-01
838      2.67855037e-09    4.48824336e+00    9.99835143e+00   -1.24230613e-04   -1.78191966e-01
839      2.68188370e-09    4.46153520e+00    1.00076898e+01    8.92088721e-03   -1.78096621e-01
840      2.68521704e-09    4.43194755e+00    1.00136502e+01    1.41134964e-02   -1.77746872e-01
841      2.68855037e-09    4.41079739e+00    1.00142193e+01    1.37537411e-02   -1.77286610e-01
842      2.69188370e-09    4.40616465e+00    1.00096720e+01    8.46571866e-03   -1.76889348e-01
843      2.69521704e-09    4.41980379e+00    1.00017933e+01    2.95044591e-04   -1.76695532e-01
844      2.69855037e-09    4.44649294e+00    9.99316148e+00   -8.07738346e-03   -1.76774280e-01
845      2.70188370e-09    4.47604451e+00    9.98673273e+00   -1.37776368e-02   -1.77103466e-01
846      2.70521704e-09    4.49718719e+00    9.98516820e+00   -1.44028235e-02   -1.77567556e-01
847      2.70855037e-09    4.50184750e+00    9.98956793e+00   -9.21579837e-03   -1.77987688e-01
848      2.71188370e-09    4.48822921e+00    9.99835099e+00   -1.21495813e-04   -1.78191763e-01
849      2.71521704e-09    4.46152195e+00    1.00076892e+01    8.92330929e-03   -1.78096435e-01
850      2.71855037e-09    4.43193517e+00    1.00136496e+01    1.41157261e-02   -1.77746706e-01
851      2.72188370e-09    4.41078583e+00    1.00142188e+01    1.37558937e-02   -1.77286463e-01
852      2.72521704e-09    4.40615387e+00    1.00096716e+01    8.46786247e-03   -1.76889217e-01
853      2.72855037e-09    4.41979373e+00    1.00017931e+01    2.97195648e-04   -1.76695412e-01
854      2.73188370e-09    4.44648356e+00    9.99316135e+00   -8.07524829e-03   -1.76774167e-01
855      2.73521704e-09    4.47603574e+00    9.98673267e+00   -1.37755677e-02   -1.77103357e-01
856      2.73855037e-09    4.49717899e+00    9.98516814e+00   -1.44008832e-02   -1.77567448e-01
857      2.74188370e-09    4.50183982e+00    9.98956781e+00   -9.21404149e-03   -1.77987583e-01
858      2.74521704e-09    4.48822202e+00    9.99835078e+00   -1.19941366e-04   -1.78191663e-01
859      2.74855037e-09    4.46151523e+00    1.00076889e+01    8.92469018e-03   -1.78096343e-01
860      2.75188370e-09    4.43192888e+00    1.00136493e+01    1.41169947e-02   -1.77746624e-01
861      2.75521704e-09    4.41077996e+00    1.00142185e+01    1.37571110e-02   -1.77286391e-01
862      2.75855037e-09    4.40614839e+00    1.00096713e+01    8.46906617e-03   -1.76889153e-01
863      2.76188370e-09    4.41978862e+00    1.00017929e+01    2.98396289e-04   -1.76695354e-01
864      2.76521704e-09    4.44647879e+00    9.99316128e+00   -8.07406069e-03   -1.76774112e-01
865      2.76855037e-09    4.47603129e+00    9.98673264e+00   -1.37744173e-02   -1.77103303e-01
866      2.77188370e-09    4.49717482e+00    9.98516812e+00   -1.43998014e-02   -1.77567395e-01
867      2.77521704e-09    4.50183592e+00    9.98956776e+00   -9.21305698e-03   -1.77987532e-01
868      2.77855037e-09    4.48821837e+00    9.99835068e+00   -1.19066414e-04   -1.78191614e-01
869      2.78188370e-09    4.46151181e+00    1.00076888e+01    8.92546767e-03   -1.78096298e-01
870      2.78521704e-09    4.43192569e+00    1.00136491e+01    1.41177055e-02   -1.77746584e-01
871      2.78855037e-09    4.41077698e+00    1.00142184e+01    1.37577882e-02   -1.77286356e-01
872      2.79188370e-09    4.40614561e+00    1.00096712e+01    8.46973180e-03   -1.76889122e-01
873      2.79521704e-09    4.41978603e+00    1.00017929e+01    2.99057683e-04   -1.76695326e-01
874      2.79855037e-09    4.44647637e+00    9.99316124e+00   -8.07340711e-03   -1.76774086e-01
875      2.80188370e-09    4.47602903e+00    9.98673263e+00   -1.37737828e-02   -1.77103277e-01
876      2.80521704e-09    4.49717271e+00    9.98516811e+00   -1.43992015e-02   -1.77567370e-01
877      2.80855037e-09    4.50183394e+00    9.98956775e+00   -9.21250755e-03   -1.77987506e-01
878      2.81188370e-09    4.48821652e+00    9.99835064e+00   -1.18576486e-04   -1.78191590e-01
879      2.81521704e-09    4.46151008e+00    1.00076887e+01    8.92590149e-03   -1.78096276e-01
880      2.81855037e-09    4.43192407e+00    1.00136490e+01    1.41180984e-02   -1.77746564e-01
881      2.82188370e-09    4.41077547e+00    1.00142183e+01    1.37581589e-02   -1.77286338e-01
882      2.82521704e-09    4.40614420e+00    1.00096712e+01    8.47009393e-03   -1.76889107e-01
883      2.82855037e-09    4.41978471e+00    1.00017928e+01    2.99417001e-04   -1.76695312e-01
884      2.83188370e-09    4.44647514e+00    9.99316123e+00   -8.07305108e-03   -1.76774073e-01
885      2.83521704e-09    4.47602788e+00    9.98673263e+00   -1.37734349e-02   -1.77103265e-01
886      2.83855037e-09    4.49717163e+00    9.98516811e+00   -1.43988693e-02   -1.77567357e-01
887      2.84188370e-09    4.50183293e+00    9.98956775e+00   -9.21220044e-03   -1.77987494e-01
888      2.84521704e-09    4.48821558e+00    9.99835063e+00   -1.18302013e-04   -1.78191578e-01
889      2.84855037e-09    4.46150920e+00    1.00076887e+01    8.92614220e-03   -1.78096264e-01
890      2.85188370e-09    4.43192325e+00    1.00136490e+01    1.41183125e-02   -1.77746554e-01
891      2.85521704e-09    4.41077470e+00    1.00142183e+01    1.37583576e-02   -1.77286330e-01
892      2.85855037e-09    4.40614348e+00    1.00096711e+01    8.47028685e-03   -1.76889099e-01
893      2.86188370e-09    4.41978405e+00    1.00017928e+01    2.99608841e-04   -1.76695306e-01
894      2.86521704e-09    4.44647452e+00    9.99316121e+00   -8.07285929e-03   -1.76774067e-01
895      2.86855037e-09    4.47602730e+00    9.98673263e+00   -1.37732447e-02   -1.77103260e-01
896      2.87188370e-09    4.49717109e+00    9.98516812e+00   -1.43986844e-02   -1.77567352e-01
897      2.87521704e-09    4.50183242e+00    9.98956775e+00   -9.21202704e-03   -1.77987488e-01
898      2.87855037e-09    4.48821510e+00    9.99835063e+00   -1.18146891e-04   -1.78191572e-01
899      2.88188370e-09    4.46150875e+00    1.00076887e+01    8.92627557e-03   -1.78096258e-01
900      2.88521704e-09    4.43192283e+00    1.00136490e+01    1.41184271e-02   -1.77746549e-01
901      2.88855037e-09    4.41077431e+00    1.00142182e+01    1.37584610e-02   -1.77286325e-01
902      2.89188370e-09    4.40614312e+00    1.00096711e+01    8.47038631e-03   -1.76889096e-01
903      2.89521704e-09    4.41978371e+00    1.00017928e+01    2.99708616e-04   -1.76695303e-01
904      2.89855037e-09    4.44647420e+00    9.99316121e+00   -8.07275745e-03   -1.76774065e-01
905      2.90188370e-09    4.47602700e+00    9.98673263e+00   -1.37731408e-02   -1.77103257e-01
906      2.90521704e-09    4.49717081e+00    9.98516813e+00   -1.43985801e-02   -1.77567349e-01
907      2.90855037e-09    4.50183217e+00    9.98956777e+00   -9.21192685e-03   -1.77987485e-01
908      2.91188370e-09    4.48821486e+00    9.99835064e+00   -1.18057329e-04   -1.78191569e-01
909      2.91521704e-09    4.46150853e+00    1.00076887e+01    8.92634982e-03   -1.78096255e-01
910      2.91855037e-09    4.43192262e+00    1.00136490e+01    1.41184869e-02   -1.77746546e-01
911      2.92188370e-09    4.41077411e+00    1.00142182e+01    1.37585120e-02   -1.77286323e-01
912      2.92521704e-09    4.40614293e+00    1.00096711e+01    8.47043456e-03   -1.76889094e-01
913      2.92855037e-09    4.41978353e+00    1.00017928e+01    2.99758141e-04   -1.76695302e-01
914      2.93188370e-09    4.44647404e+00    9.99316120e+00   -8.07270454e-03   -1.76774064e-01
915      2.93521704e-09    4.47602685e+00    9.98673263e+00   -1.37730837e-02   -1.77103256e-01
916      2.93855037e-09    4.49717067e+00    9.98516814e+00   -1.43985194e-02   -1.77567348e-01
917      2.94188370e-09    4.50183203e+00    9.98956778e+00   -9.21186647e-03   -1.77987484e-01
918      2.94521704e-09    4.48821473e+00    9.99835065e+00   -1.18003527e-04   -1.78191567e-01
919      2.94855037e-09    4.46150841e+00    1.00076887e+01    8.92639174e-03   -1.78096253e-01
920      2.95188370e-09    4.43192251e+00    1.00136489e+01    1.41185168e-02   -1.77746544e-01
921      2.95521704e-09    4.41077401e+00    1.00142182e+01    1.37585343e-02   -1.77286321e-01
922      2.95855037e-09    4.40614284e+00    1.00096711e+01    8.47045493e-03   -1.76889093e-01
923      2.96188370e-09    4.41978345e+00    1.00017927e+01    2.99780408e-04   -1.76695301e-01
924      2.96521704e-09    4.44647396e+00    9.99316119e+00   -8.07267812e-03   -1.76774064e-01
925      2.96855037e-09    4.47602677e+00    9.98673263e+00   -1.37730518e-02   -1.77103256e-01
926      2.97188370e-09    4.49717060e+00    9.98516815e+00   -1.43984824e-02   -1.77567348e-01
927      2.97521704e-09    4.50183197e+00    9.98956779e+00   -9.21182763e-03   -1.77987484e-01
928      2.97855037e-09    4.48821467e+00    9.99835066e+00   -1.17969112e-04   -1.78191566e-01
929      2.98188370e-09    4.46150835e+00    1.00076887e+01    8.92641609e-03   -1.78096252e-01
930      2.98521704e-09    4.43192246e+00    1.00136489e+01    1.41185303e-02   -1.77746543e-01
931      2.98855037e-09    4.41077396e+00    1.00142182e+01    1.37585411e-02   -1.77286321e-01
932      2.99188370e-09    4.40614279e+00    1.00096711e+01    8.47046022e-03   -1.76889093e-01
933      2.99521704e-09    4.41978340e+00    1.00017927e+01    2.99787966e-04   -1.76695301e-01
934      2.99855037e-09    4.44647391e+00    9.99316119e+00   -8.07266595e-03   -1.76774064e-01
935      3.00188370e-09    4.47602673e+00    9.98673263e+00   -1.37730336e-02   -1.77103257e-01
936      3.00521704e-09    4.49717056e+00    9.98516816e+00   -1.43984581e-02   -1.77567348e-01
937      3.00855037e-09    4.50183193e+00    9.98956780e+00   -9.21180039e-03   -1.77987483e-01
938      3.01188370e-09    4.48821464e+00    9.99835067e+00   -1.17945152e-04   -1.78191566e-01
939      3.01521704e-09    4.46150832e+00    1.00076887e+01    8.92643096e-03   -1.78096251e-01
940      3.01855037e-09    4.43192243e+00    1.00136489e+01    1.41185350e-02   -1.77746542e-01
941      3.02188370e-09    4.41077394e+00    1.00142182e+01    1.37585395e-02   -1.77286320e-01
942      3.02521704e-09    4.40614277e+00    1.00096711e+01    8.47045738e-03   -1.76889093e-01
943      3.02855037e-09    4.41978338e+00    1.00017927e+01    2.99787622e-04   -1.76695301e-01
944      3.03188370e-09    4.44647389e+00    9.99316118e+00   -8.07266141e-03   -1.76774065e-01
945      3.03521704e-09    4.47602671e+00    9.98673263e+00   -1.37730226e-02   -1.77103257e-01
946      3.03855037e-09    4.49717054e+00    9.98516816e+00   -1.43984406e-02   -1.77567349e-01
947      3.04188370e-09    4.50183191e+00    9.98956782e+00   -9.21177935e-03   -1.77987483e-01
948      3.04521704e-09    4.48821462e+00    9.99835068e+00   -1.17926805e-04   -1.78191565e-01
949      3.04855037e-09    4.46150831e+00    1.00076887e+01    8.92644073e-03   -1.78096251e-01
950      3.05188370e-09    4.43192242e+00    1.00136489e+01    1.41185350e-02   -1.77746541e-01
951      3.05521704e-09    4.41077392e+00    1.00142182e+01    1.37585334e-02   -1.77286320e-01
952      3.05855037e-09    4.40614276e+00    1.00096710e+01    8.47045019e-03   -1.76889092e-01
953      3.06188370e-09    4.41978336e+00    1.00017927e+01    2.99783050e-04   -1.76695302e-01
954      3.06521704e-09    4.44647388e+00    9.99316118e+00   -8.07266097e-03   -1.76774065e-01
955      3.06855037e-09    4.47602670e+00    9.98673263e+00   -1.37730155e-02   -1.77103258e-01
956      3.07188370e-09    4.49717053e+00    9.98516817e+00   -1.43984267e-02   -1.77567349e-01
957      3.07521704e-09    4.50183191e+00    9.98956783e+00   -9.21176162e-03   -1.77987483e-01
958      3.07855037e-09    4.48821462e+00    9.99835069e+00   -1.17911458e-04   -1.78191565e-01
959      3.08188370e-09    4.46150830e+00    1.00076887e+01    8.92644776e-03   -1.78096250e-01
960      3.08521704e-09    4.43192241e+00    1.00136489e+01    1.41185325e-02   -1.77746541e-01
961      3.08855037e-09    4.41077392e+00    1.00142181e+01    1.37585249e-02   -1.77286319e-01
962      3.09188370e-09    4.40614275e+00    1.00096710e+01    8.47044066e-03   -1.76889092e-01
963      3.09521704e-09    4.41978336e+00    1.00017927e+01    2.99776224e-04   -1.76695302e-01
964      3.09855037e-09    4.44647387e+00    9.99316117e+00   -8.07266269e-03   -1.76774066e-01
965      3.10188370e-09    4.47602669e+00    9.98673263e+00   -1.37730105e-02   -1.77103259e-01
966      3.10521704e-09    4.49717053e+00    9.98516818e+00   -1.43984147e-02   -1.77567350e-01
967      3.10855037e-09    4.50183190e+00    9.98956785e+00   -9.21174566e-03   -1.77987484e-01
968      3.11188370e-09    4.48821461e+00    9.99835071e+00   -1.17897709e-04   -1.78191564e-01
969      3.11521704e-09    4.46150830e+00    1.00076887e+01    8.92645334e-03   -1.78096249e-01
970      3.11855037e-09    4.43192241e+00    1.00136489e+01    1.41185286e-02   -1.77746540e-01
971      3.12188370e-09    4.41077391e+00    1.00142181e+01    1.37585151e-02   -1.77286319e-01
972      3.12521704e-09    4.40614275e+00    1.00096710e+01    8.47042990e-03   -1.76889092e-01
973      3.12855037e-09    4.41978335e+00    1.00017927e+01    2.99768200e-04   -1.76695302e-01
974      3.13188370e-09    4.44647387e+00    9.99316117e+00   -8.07266556e-03   -1.76774067e-01
975      3.13521704e-09    4.47602669e+00    9.98673264e+00   -1.37730066e-02   -1.77103259e-01
976      3.13855037e-09    4.49717052e+00    9.98516819e+00   -1.43984038e-02   -1.77567350e-01
977      3.14188370e-09    4.50183190e+00    9.98956786e+00   -9.21173062e-03   -1.77987484e-01
978      3.14521704e-09    4.48821461e+00    9.99835072e+00   -1.17884808e-04   -1.78191564e-01
979      3.14855037e-09    4.46150830e+00    1.00076887e+01    8.92645815e-03   -1.78096249e-01
980      3.15188370e-09    4.43192241e+00    1.00136489e+01    1.41185240e-02   -1.77746539e-01
981      3.15521704e-09    4.41077391e+00    1.00142181e+01    1.37585046e-02   -1.77286318e-01
982      3.15855037e-09    4.40614274e+00    1.00096710e+01    8.47041847e-03   -1.76889092e-01
983      3.16188370e-09    4.41978335e+00    1.00017927e+01    2.99759540e-04   -1.76695303e-01
984      3.16521704e-09    4.44647387e+00    9.99316116e+00   -8.07266905e-03   -1.76774067e-01
985      3.16855037e-09    4.47602669e+00    9.98673264e+00   -1.37730032e-02   -1.77103260e-01
986      3.17188370e-09    4.49717052e+00    9.98516820e+00   -1.43983934e-02   -1.77567351e-01
987      3.17521704e-09    4.50183190e+00    9.98956787e+00   -9.21171609e-03   -1.77987484e-01
988      3.17855037e-09    4.48821461e+00    9.99835073e+00   -1.17872354e-04   -1.78191564e-01
989      3.18188370e-09    4.46150830e+00    1.00076887e+01    8.92646254e-03   -1.78096248e-01
990      3.18521704e-09    4.43192241e+00    1.00136489e+01    1.41185189e-02   -1.77746539e-01
991      3.18855037e-09    4.41077391e+00    1.00142181e+01    1.37584937e-02   -1.77286318e-01
992      3.19188370e-09    4.40614274e+00    1.00096710e+01    8.47040669e-03   -1.76889092e-01
993      3.19521704e-09    4.41978335e+00    1.00017927e+01    2.99750543e-04   -1.76695303e-01
994      3.19855037e-09    4.44647387e+00    9.99316115e+00   -8.07267286e-03   -1.76774068e-01
995      3.20188370e-09    4.47602668e+00    9.98673264e+00   -1.37730002e-02   -1.77103261e-01
996      3.20521704e-09    4.49717052e+00    9.98516821e+00   -1.43983832e-02   -1.77567351e-01
997      3.20855037e-09    4.50183189e+00    9.98956789e+00   -9.21170180e-03   -1.77987484e-01
998      3.21188370e-09    4.48821461e+00    9.99835074e+00   -1.17860135e-04   -1.78191564e-01
999      3.21521704e-09    4.46150830e+00    1.00076887e+01    8.92646672e-03   -1.78096248e-01
1000     3.21855037e-09    4.43192241e+00    1.00136489e+01    1.41185137e-02   -1.77746538e-01
1001     3.22188370e-09    4.41077391e+00    1.00142181e+01    1.37584826e-02   -1.77286318e-01
1002     3.22521704e-09    4.40614274e+00    1.00096710e+01    8.47039473e-03   -1.76889093e-01
1003     3.22855037e-09    4.41978335e+00    1.00017927e+01    2.99741367e-04   -1.76695304e-01
1004     3.23188370e-09    4.44647386e+00    9.99316115e+00   -8.07267684e-03   -1.76774069e-01
1005     3.23521704e-09    4.47602668e+00    9.98673264e+00   -1.37729973e-02   -1.77103262e-01
1006     3.23855037e-09    4.49717052e+00    9.98516822e+00   -1.43983732e-02   -1.77567352e-01
1007     3.24188370e-09    4.50183189e+00    9.98956790e+00   -9.21168766e-03   -1.77987484e-01
1008     3.24521704e-09    4.48821461e+00    9.99835076e+00   -1.17848039e-04   -1.78191563e-01
1009     3.24855037e-09    4.46150830e+00    1.00076887e+01    8.92647078e-03   -1.78096247e-01
1010     3.25188370e-09    4.43192241e+00    1.00136489e+01    1.41185084e-02   -1.77746538e-01
1011     3.25521704e-09    4.41077391e+00    1.00142181e+01    1.37584715e-02   -1.77286317e-01
1012     3.25855037e-09    4.40614274e+00    1.00096710e+01    8.47038267e-03   -1.76889093e-01
1013     3.26188370e-09    4.41978335e+00    1.00017927e+01    2.99732097e-04   -1.76695304e-01
1014     3.26521704e-09    4.44647386e+00    9.99316114e+00   -8.07268091e-03   -1.76774069e-01
1015     3.26855037e-09    4.47602668e+00    9.98673264e+00   -1.37729945e-02   -1.77103262e-01
1016     3.27188370e-09    4.49717052e+00    9.98516823e+00   -1.43983633e-02   -1.77567352e-01
1017     3.27521704e-09    4.50183189e+00    9.98956792e+00   -9.21167358e-03   -1.77987484e-01
1018     3.27855037e-09    4.48821461e+00    9.99835077e+00   -1.17836006e-04   -1.78191563e-01
1019     3.28188370e-09    4.46150830e+00    1.00076887e+01    8.92647478e-03   -1.78096246e-01
1020     3.28521704e-09    4.43192241e+00    1.00136489e+01    1.41185030e-02   -1.77746537e-01
1021     3.28855037e-09    4.41077391e+00    1.00142181e+01    1.37584603e-02   -1.77286317e-01
1022     3.29188370e-09    4.40614274e+00    1.00096710e+01    8.47037055e-03   -1.76889093e-01
1023     3.29521704e-09    4.41978335e+00    1.00017926e+01    2.99722776e-04   -1.76695304e-01
1024     3.29855037e-09    4.44647386e+00    9.99316114e+00   -8.07268503e-03   -1.76774070e-01
1025     3.30188370e-09    4.47602668e+00    9.98673264e+00   -1.37729918e-02   -1.77103263e-01
1026     3.30521704e-09    4.49717051e+00    9.98516824e+00   -1.43983535e-02   -1.77567353e-01
1027     3.30855037e-09    4.50183189e+00    9.98956793e+00   -9.21165954e-03   -1.77987485e-01
1028     3.31188370e-09    4.48821461e+00    9.99835078e+00   -1.17824005e-04   -1.78191563e-01
1029     3.31521704e-09    4.46150830e+00    1.00076887e+01    8.92647876e-03   -1.78096246e-01
1030     3.31855037e-09    4.43192241e+00    1.00136489e+01    1.41184976e-02   -1.77746536e-01
1031     3.32188370e-09    4.41077391e+00    1.00142181e+01    1.37584490e-02   -1.77286317e-01
1032     3.32521704e-09    4.40614274e+00    1.00096709e+01    8.47035841e-03   -1.76889093e-01
1033     3.32855037e-09    4.41978335e+00    1.00017926e+01    2.99713428e-04   -1.76695305e-01
1034     3.33188370e-09    4.44647386e+00    9.99316113e+00   -8.07268917e-03   -1.76774071e-01
1035     3.33521704e-09    4.47602668e+00    9.98673264e+00   -1.37729890e-02   -1.77103264e-01
1036     3.33855037e-09    4.49717051e+00    9.98516825e+00   -1.43983436e-02   -1.77567353e-01
1037     3.34188370e-09    4.50183189e+00    9.98956794e+00   -9.21164551e-03   -1.77987485e-01
1038     3.34521704e-09    4.48821461e+00    9.99835080e+00   -1.17812020e-04   -1.78191563e-01
1039     3.34855037e-09    4.46150830e+00    1.00076887e+01    8.92648271e-03   -1.78096245e-01
1040     3.35188370e-09    4.43192241e+00    1.00136489e+01    1.41184922e-02   -1.77746536e-01
1041     3.35521704e-09    4.41077391e+00    1.00142181e+01    1.37584378e-02   -1.77286316e-01
1042     3.35855037e-09    4.40614274e+00    1.00096709e+01    8.47034625e-03   -1.76889093e-01
1043     3.36188370e-09    4.41978334e+00    1.00017926e+01    2.99704064e-04   -1.76695305e-01
1044     3.36521704e-09    4.44647386e+00    9.99316113e+00   -8.07269333e-03   -1.76774071e-01
1045     3.36855037e-09    4.47602668e+00    9.98673265e+00   -1.37729863e-02   -1.77103264e-01
1046     3.37188370e-09    4.49717051e+00    9.98516825e+00   -1.43983338e-02   -1.77567354e-01
1047     3.37521704e-09    4.50183189e+00    9.98956796e+00   -9.21163149e-03   -1.77987485e-01
1048     3.37855037e-09    4.48821461e+00    9.99835081e+00   -1.17800042e-04   -1.78191562e-01
1049     3.38188370e-09    4.46150830e+00    1.00076887e+01    8.92648666e-03   -1.78096245e-01
1050     3.38521704e-09    4.43192241e+00    1.00136489e+01    1.41184868e-02   -1.77746535e-01
1051     3.38855037e-09    4.41077391e+00    1.00142181e+01    1.37584265e-02   -1.77286316e-01
1052     3.39188370e-09    4.40614274e+00    1.00096709e+01    8.47033408e-03   -1.76889093e-01
1053     3.39521704e-09    4.41978334e+00    1.00017926e+01    2.99694692e-04   -1.76695306e-01
1054     3.39855037e-09    4.44647386e+00    9.99316112e+00   -8.07269749e-03   -1.76774072e-01
1055     3.40188370e-09    4.47602668e+00    9.98673265e+00   -1.37729836e-02   -1.77103265e-01
1056     3.40521704e-09    4.49717051e+00    9.98516826e+00   -1.43983240e-02   -1.77567355e-01
1057     3.40855037e-09    4.50183189e+00    9.98956797e+00   -9.21161748e-03   -1.77987485e-01
1058     3.41188370e-09    4.48821461e+00    9.99835082e+00   -1.17788066e-04   -1.78191562e-01
1059     3.41521704e-09    4.46150830e+00    1.00076887e+01    8.92649061e-03   -1.78096244e-01
1060     3.41855037e-09    4.43192241e+00    1.00136489e+01    1.41184813e-02   -1.77746535e-01
1061     3.42188370e-09    4.41077391e+00    1.00142180e+01    1.37584152e-02   -1.77286316e-01
1062     3.42521704e-09    4.40614274e+00    1.00096709e+01    8.47032190e-03   -1.76889093e-01
1063     3.42855037e-09    4.41978334e+00    1.00017926e+01    2.99685313e-04   -1.76695306e-01
1064     3.43188370e-09    4.44647386e+00    9.99316112e+00   -8.07270166e-03   -1.76774073e-01
1065     3.43521704e-09    4.47602667e+00    9.98673265e+00   -1.37729809e-02   -1.77103266e-01
1066     3.43855037e-09    4.49717051e+00    9.98516827e+00   -1.43983141e-02   -1.77567355e-01
1067     3.44188370e-09    4.50183189e+00    9.98956799e+00   -9.21160346e-03   -1.77987485e-01
1068     3.44521704e-09    4.48821461e+00    9.99835083e+00   -1.17776089e-04   -1.78191562e-01
1069     3.44855037e-09    4.46150830e+00    1.00076887e+01    8.92649455e-03   -1.78096244e-01
1070     3.45188370e-09    4.43192241e+00    1.00136489e+01    1.41184759e-02   -1.77746534e-01
1071     3.45521704e-09    4.41077391e+00    1.00142180e+01    1.37584039e-02   -1.77286315e-01
1072     3.45855037e-09    4.40614274e+00    1.00096709e+01    8.47030972e-03   -1.76889093e-01
1073     3.46188370e-09    4.41978334e+00    1.00017926e+01    2.99675931e-04   -1.76695306e-01
1074     3.46521704e-09    4.44647385e+00    9.99316111e+00   -8.07270583e-03   -1.76774073e-01
1075     3.46855037e-09    4.47602667e+00    9.98673265e+00   -1.37729782e-02   -1.77103267e-01
1076     3.47188370e-09    4.49717051e+00    9.98516828e+00   -1.43983043e-02   -1.77567356e-01
1077     3.47521704e-09    4.50183189e+00    9.98956800e+00   -9.21158944e-03   -1.77987485e-01
1078     3.47855037e-09    4.48821461e+00    9.99835085e+00   -1.17764112e-04   -1.78191561e-01
1079     3.48188370e-09    4.46150830e+00    1.00076887e+01    8.92649849e-03   -1.78096243e-01
1080     3.48521704e-09    4.43192241e+00    1.00136489e+01    1.41184704e-02   -1.77746533e-01
1081     3.48855037e-09    4.41077391e+00    1.00142180e+01    1.37583926e-02   -1.77286315e-01
1082     3.49188370e-09    4.40614274e+00    1.00096709e+01    8.47029753e-03   -1.76889093e-01
1083     3.49521704e-09    4.41978334e+00    1.00017926e+01    2.99666546e-04   -1.76695307e-01
1084     3.49855037e-09    4.44647385e+00    9.99316111e+00   -8.07271001e-03   -1.76774074e-01
1085     3.50188370e-09    4.47602667e+00    9.98673265e+00   -1.37729754e-02   -1.77103267e-01
1086     3.50521704e-09    4.49717051e+00    9.98516829e+00   -1.43982945e-02   -1.77567356e-01
1087     3.50855037e-09    4.50183189e+00    9.98956801e+00   -9.21157542e-03   -1.77987486e-01
1088     3.51188370e-09    4.48821461e+00    9.99835086e+00   -1.17752133e-04   -1.78191561e-01
1089     3.51521704e-09    4.46150830e+00    1.00076887e+01    8.92650244e-03   -1.78096242e-01
1090     3.51855037e-09    4.43192241e+00    1.00136489e+01    1.41184650e-02   -1.77746533e-01
1091     3.52188370e-09    4.41077391e+00    1.00142180e+01    1.37583814e-02   -1.77286315e-01
1092     3.52521704e-09    4.40614274e+00    1.00096709e+01    8.47028534e-03   -1.76889093e-01
1093     3.52855037e-09    4.41978334e+00    1.00017926e+01    2.99657158e-04   -1.76695307e-01
1094     3.53188370e-09    4.44647385e+00    9.99316110e+00   -8.07271418e-03   -1.76774075e-01
1095     3.53521704e-09    4.47602667e+00    9.98673265e+00   -1.37729727e-02   -1.77103268e-01
1096     3.53855037e-09    4.49717051e+00    9.98516830e+00   -1.43982846e-02   -1.77567357e-01
1097     3.54188370e-09    4.50183189e+00    9.98956803e+00   -9.21156140e-03   -1.77987486e-01
1098     3.54521704e-09    4.48821461e+00    9.99835087e+00   -1.17740151e-04   -1.78191561e-01
1099     3.54855037e-09    4.46150830e+00    1.00076887e+01    8.92650638e-03   -1.78096242e-01
1100     3.55188370e-09    4.43192241e+00    1.00136489e+01    1.41184595e-02   -1.77746532e-01
1101     3.55521704e-09    4.41077391e+00    1.00142180e+01    1.37583701e-02   -1.77286314e-01
1102     3.55855037e-09    4.40614274e+00    1.00096709e+01    8.47027315e-03   -1.76889093e-01
1103     3.56188370e-09    4.41978334e+00    1.00017926e+01    2.99647768e-04   -1.76695308e-01
1104     3.56521704e-09    4.44647385e+00    9.99316110e+00   -8.07271836e-03   -1.76774075e-01
1105     3.56855037e-09    4.47602667e+00    9.98673265e+00   -1.37729700e-02   -1.77103269e-01
1106     3.57188370e-09    4.49717050e+00    9.98516831e+00   -1.43982748e-02   -1.77567357e-01
1107     3.57521704e-09    4.50183189e+00    9.98956804e+00   -9.21154737e-03   -1.77987486e-01
1108     3.57855037e-09    4.48821461e+00    9.99835088e+00   -1.17728167e-04   -1.78191561e-01
1109     3.58188370e-09    4.46150830e+00    1.00076887e+01    8.92651033e-03   -1.78096241e-01
1110     3.58521704e-09    4.43192241e+00    1.00136489e+01    1.41184541e-02   -1.77746532e-01
1111     3.58855037e-09    4.41077391e+00    1.00142180e+01    1.37583588e-02   -1.77286314e-01
1112     3.59188370e-09    4.40614274e+00    1.00096708e+01    8.47026095e-03   -1.76889093e-01
1113     3.59521704e-09    4.41978334e+00    1.00017926e+01    2.99638376e-04   -1.76695308e-01
1114     3.59855037e-09    4.44647385e+00    9.99316109e+00   -8.07272254e-03   -1.76774076e-01
1115     3.60188370e-09    4.47602667e+00    9.98673266e+00   -1.37729673e-02   -1.77103270e-01
1116     3.60521704e-09    4.49717050e+00    9.98516832e+00   -1.43982649e-02   -1.77567358e-01
1117     3.60855037e-09    4.50183189e+00    9.98956806e+00   -9.21153334e-03   -1.77987486e-01
1118     3.61188370e-09    4.48821461e+00    9.99835090e+00   -1.17716181e-04   -1.78191560e-01
1119     3.61521704e-09    4.46150830e+00    1.00076888e+01    8.92651427e-03   -1.78096241e-01
1120     3.61855037e-09    4.43192241e+00    1.00136489e+01    1.41184486e-02   -1.77746531e-01
1121     3.62188370e-09    4.41077391e+00    1.00142180e+01    1.37583475e-02   -1.77286314e-01
1122     3.62521704e-09    4.40614274e+00    1.00096708e+01    8.47024875e-03   -1.76889093e-01
1123     3.62855037e-09    4.41978334e+00    1.00017925e+01    2.99628981e-04   -1.76695308e-01
1124     3.63188370e-09    4.44647385e+00    9.99316108e+00   -8.07272672e-03   -1.76774077e-01
1125     3.63521704e-09    4.47602667e+00    9.98673266e+00   -1.37729646e-02   -1.77103270e-01
1126     3.63855037e-09    4.49717050e+00    9.98516833e+00   -1.43982551e-02   -1.77567358e-01
1127     3.64188370e-09    4.50183189e+00    9.98956807e+00   -9.21151931e-03   -1.77987486e-01
1128     3.64521704e-09    4.48821461e+00    9.99835091e+00   -1.17704192e-04   -1.78191560e-01
1129     3.64855037e-09    4.46150830e+00    1.00076888e+01    8.92651822e-03   -1.78096240e-01
1130     3.65188370e-09    4.43192241e+00    1.00136489e+01    1.41184432e-02   -1.77746530e-01
1131     3.65521704e-09    4.41077391e+00    1.00142180e+01    1.37583362e-02   -1.77286313e-01
1132     3.65855037e-09    4.40614274e+00    1.00096708e+01    8.47023655e-03   -1.76889093e-01
1133     3.66188370e-09    4.41978334e+00    1.00017925e+01    2.99619585e-04   -1.76695309e-01
1134     3.66521704e-09    4.44647385e+00    9.99316108e+00   -8.07273089e-03   -1.76774077e-01
1135     3.66855037e-09    4.47602666e+00    9.98673266e+00   -1.37729619e-02   -1.77103271e-01
1136     3.67188370e-09    4.49717050e+00    9.98516834e+00   -1.43982453e-02   -1.77567359e-01
1137     3.67521704e-09    4.50183188e+00    9.98956808e+00   -9.21150527e-03   -1.77987486e-01
1138     3.67855037e-09    4.48821461e+00    9.99835092e+00   -1.17692200e-04   -1.78191560e-01
1139     3.68188370e-09    4.46150830e+00    1.00076888e+01    8.92652216e-03   -1.78096240e-01
1140     3.68521704e-09    4.43192241e+00    1.00136488e+01    1.41184377e-02   -1.77746530e-01
1141     3.68855037e-09    4.41077391e+00    1.00142180e+01    1.37583249e-02   -1.77286313e-01
1142     3.69188370e-09    4.40614274e+00    1.00096708e+01    8.47022435e-03   -1.76889093e-01
1143     3.69521704e-09    4.41978334e+00    1.00017925e+01    2.99610186e-04   -1.76695309e-01
1144     3.69855037e-09    4.44647384e+00    9.99316107e+00   -8.07273507e-03   -1.76774078e-01
1145     3.70188370e-09    4.47602666e+00    9.98673266e+00   -1.37729591e-02   -1.77103272e-01
1146     3.70521704e-09    4.49717050e+00    9.98516834e+00   -1.43982354e-02   -1.77567360e-01
1147     3.70855037e-09    4.50183188e+00    9.98956810e+00   -9.21149123e-03   -1.77987487e-01
1148     3.71188370e-09    4.48821461e+00    9.99835094e+00   -1.17680206e-04   -1.78191559e-01
1149     3.71521704e-09    4.46150830e+00    1.00076888e+01    8.92652611e-03   -1.78096239e-01
1150     3.71855037e-09    4.43192241e+00    1.00136488e+01    1.41184323e-02   -1.77746529e-01
1151     3.72188370e-09    4.41077391e+00    1.00142179e+01    1.37583136e-02   -1.77286312e-01
1152     3.72521704e-09    4.40614273e+00    1.00096708e+01    8.47021214e-03   -1.76889093e-01
1153     3.72855037e-09    4.41978333e+00    1.00017925e+01    2.99600786e-04   -1.76695310e-01
1154     3.73188370e-09    4.44647384e+00    9.99316107e+00   -8.07273926e-03   -1.76774079e-01
1155     3.73521704e-09    4.47602666e+00    9.98673266e+00   -1.37729564e-02   -1.77103272e-01
1156     3.73855037e-09    4.49717050e+00    9.98516835e+00   -1.43982256e-02   -1.77567360e-01
1157     3.74188370e-09    4.50183188e+00    9.98956811e+00   -9.21147719e-03   -1.77987487e-01
1158     3.74521704e-09    4.48821461e+00    9.99835095e+00   -1.17668209e-04   -1.78191559e-01
1159     3.74855037e-09    4.46150830e+00    1.00076888e+01    8.92653006e-03   -1.78096238e-01
1160     3.75188370e-09    4.43192241e+00    1.00136488e+01    1.41184268e-02   -1.77746529e-01
1161     3.75521704e-09    4.41077391e+00    1.00142179e+01    1.37583023e-02   -1.77286312e-01
1162     3.75855037e-09    4.40614273e+00    1.00096708e+01    8.47019993e-03   -1.76889093e-01
1163     3.76188370e-09    4.41978333e+00    1.00017925e+01    2.99591383e-04   -1.76695310e-01
1164     3.76521704e-09    4.44647384e+00    9.99316106e+00   -8.07274344e-03   -1.76774079e-01
1165     3.76855037e-09    4.47602666e+00    9.98673266e+00   -1.37729537e-02   -1.77103273e-01
1166     3.77188370e-09    4.49717050e+00    9.98516836e+00   -1.43982157e-02   -1.77567361e-01
1167     3.77521704e-09    4.50183188e+00    9.98956813e+00   -9.21146315e-03   -1.77987487e-01
1168     3.77855037e-09    4.48821461e+00    9.99835096e+00   -1.17656210e-04   -1.78191559e-01
1169     3.78188370e-09    4.46150830e+00    1.00076888e+01    8.92653401e-03   -1.78096238e-01
1170     3.78521704e-09    4.43192241e+00    1.00136488e+01    1.41184214e-02   -1.77746528e-01
1171     3.78855037e-09    4.41077391e+00    1.00142179e+01    1.37582909e-02   -1.77286312e-01
1172     3.79188370e-09    4.40614273e+00    1.00096708e+01    8.47018772e-03   -1.76889093e-01
1173     3.79521704e-09    4.41978333e+00    1.00017925e+01    2.99581978e-04   -1.76695310e-01
1174     3.79855037e-09    4.44647384e+00    9.99316106e+00   -8.07274762e-03   -1.76774080e-01
1175     3.80188370e-09    4.47602666e+00    9.98673266e+00   -1.37729510e-02   -1.77103274e-01
1176     3.80521704e-09    4.49717050e+00    9.98516837e+00   -1.43982059e-02   -1.77567361e-01
1177     3.80855037e-09    4.50183188e+00    9.98956814e+00   -9.21144910e-03   -1.77987487e-01
1178     3.81188370e-09    4.48821461e+00    9.99835097e+00   -1.17644208e-04   -1.78191559e-01
1179     3.81521704e-09    4.46150830e+00    1.00076888e+01    8.92653796e-03   -1.78096237e-01
1180     3.81855037e-09    4.43192241e+00    1.00136488e+01    1.41184159e-02   -1.77746527e-01
1181     3.82188370e-09    4.41077391e+00    1.00142179e+01    1.37582796e-02   -1.77286311e-01
1182     3.82521704e-09    4.40614273e+00    1.00096708e+01    8.47017551e-03   -1.76889093e-01
1183     3.82855037e-09    4.41978333e+00    1.00017925e+01    2.99572571e-04   -1.76695311e-01
1184     3.83188370e-09    4.44647384e+00    9.99316105e+00   -8.07275181e-03   -1.76774080e-01
1185     3.83521704e-09    4.47602666e+00    9.98673267e+00   -1.37729483e-02   -1.77103275e-01
1186     3.83855037e-09    4.49717049e+00    9.98516838e+00   -1.43981960e-02   -1.77567362e-01
1187     3.84188370e-09    4.50183188e+00    9.98956815e+00   -9.21143505e-03   -1.77987487e-01
1188     3.84521704e-09    4.48821461e+00    9.99835099e+00   -1.17632203e-04   -1.78191558e-01
1189     3.84855037e-09    4.46150830e+00    1.00076888e+01    8.92654191e-03   -1.78096237e-01
1190     3.85188370e-09    4.43192241e+00    1.00136488e+01    1.41184104e-02   -1.77746527e-01
1191     3.85521704e-09    4.41077391e+00    1.00142179e+01    1.37582683e-02   -1.77286311e-01
1192     3.85855037e-09    4.40614273e+00    1.00096707e+01    8.47016329e-03   -1.76889093e-01
1193     3.86188370e-09    4.41978333e+00    1.00017925e+01    2.99563163e-04   -1.76695311e-01
1194     3.86521704e-09    4.44647384e+00    9.99316105e+00   -8.07275599e-03   -1.76774081e-01
1195     3.86855037e-09    4.47602666e+00    9.98673267e+00   -1.37729456e-02   -1.77103275e-01
1196     3.87188370e-09    4.49717049e+00    9.98516839e+00   -1.43981861e-02   -1.77567362e-01
1197     3.87521704e-09    4.50183188e+00    9.98956817e+00   -9.21142099e-03   -1.77987487e-01
1198     3.87855037e-09    4.48821461e+00    9.99835100e+00   -1.17620196e-04   -1.78191558e-01
1199     3.88188370e-09    4.46150830e+00    1.00076888e+01    8.92654586e-03   -1.78096236e-01
1200     3.88521704e-09    4.43192241e+00    1.00136488e+01    1.41184050e-02   -1.77746526e-01
1201     3.88855037e-09    4.41077391e+00    1.00142179e+01    1.37582570e-02   -1.77286311e-01
1202     3.89188370e-09    4.40614273e+00    1.00096707e+01    8.47015107e-03   -1.76889093e-01
1203     3.89521704e-09    4.41978333e+00    1.00017925e+01    2.99553752e-04   -1.76695312e-01
1204     3.89855037e-09    4.44647384e+00    9.99316104e+00   -8.07276018e-03   -1.76774082e-01
1205     3.90188370e-09    4.47602665e+00    9.98673267e+00   -1.37729428e-02   -1.77103276e-01
1206     3.90521704e-09    4.49717049e+00    9.98516840e+00   -1.43981763e-02   -1.77567363e-01
1207     3.90855037e-09    4.50183188e+00    9.98956818e+00   -9.21140694e-03   -1.77987488e-01
1208     3.91188370e-09    4.48821461e+00    9.99835101e+00   -1.17608186e-04   -1.78191558e-01
1209     3.91521704e-09    4.46150831e+00    1.00076888e+01    8.92654982e-03   -1.78096235e-01
1210     3.91855037e-09    4.43192241e+00    1.00136488e+01    1.41183995e-02   -1.77746526e-01
1211     3.92188370e-09    4.41077391e+00    1.00142179e+01    1.37582457e-02   -1.77286310e-01
1212     3.92521704e-09    4.40614273e+00    1.00096707e+01    8.47013885e-03   -1.76889093e-01
1213     3.92855037e-09    4.41978333e+00    1.00017925e+01    2.99544339e-04   -1.76695312e-01
1214     3.93188370e-09    4.44647384e+00    9.99316104e+00   -8.07276436e-03   -1.76774082e-01
1215     3.93521704e-09    4.47602665e+00    9.98673267e+00   -1.37729401e-02   -1.77103277e-01
1216     3.93855037e-09    4.49717049e+00    9.98516841e+00   -1.43981664e-02   -1.77567363e-01
1217     3.94188370e-09    4.50183188e+00    9.98956820e+00   -9.21139288e-03   -1.77987488e-01
1218     3.94521704e-09    4.48821461e+00    9.99835103e+00   -1.17596174e-04   -1.78191558e-01
1219     3.94855037e-09    4.46150831e+00    1.00076888e+01    8.92655377e-03   -1.78096235e-01
1220     3.95188370e-09    4.43192241e+00    1.00136488e+01    1.41183941e-02   -1.77746525e-01
1221     3.95521704e-09    4.41077391e+00    1.00142179e+01    1.37582344e-02   -1.77286310e-01
1222     3.95855037e-09    4.40614273e+00    1.00096707e+01    8.47012662e-03   -1.76889093e-01
1223     3.96188370e-09    4.41978333e+00    1.00017924e+01    2.99534924e-04   -1.76695312e-01
1224     3.96521704e-09    4.44647383e+00    9.99316103e+00   -8.07276855e-03   -1.76774083e-01
1225     3.96855037e-09    4.47602665e+00    9.98673267e+00   -1.37729374e-02   -1.77103278e-01
1226     3.97188370e-09    4.49717049e+00    9.98516842e+00   -1.43981566e-02   -1.77567364e-01
1227     3.97521704e-09    4.50183188e+00    9.98956821e+00   -9.21137881e-03   -1.77987488e-01
1228     3.97855037e-09    4.48821461e+00    9.99835104e+00   -1.17584159e-04   -1.78191557e-01
1229     3.98188370e-09    4.46150831e+00    1.00076888e+01    8.92655773e-03   -1.78096234e-01
1230     3.98521704e-09    4.43192241e+00    1.00136488e+01    1.41183886e-02   -1.77746524e-01
1231     3.98855037e-09    4.41077391e+00    1.00142179e+01    1.37582230e-02   -1.77286310e-01
1232     3.99188370e-09    4.40614273e+00    1.00096707e+01    8.47011440e-03   -1.76889093e-01
1233     3.99521704e-09    4.41978333e+00    1.00017924e+01    2.99525507e-04   -1.76695313e-01
1234     3.99855037e-09    4.44647383e+00    9.99316103e+00   -8.07277274e-03   -1.76774084e-01
1235     4.00188370e-09    4.47602665e+00    9.98673267e+00   -1.37729347e-02   -1.77103278e-01
1236     4.00521704e-09    4.49717049e+00    9.98516843e+00   -1.43981467e-02   -1.77567365e-01
1237     4.00855037e-09    4.50183188e+00    9.98956822e+00   -9.21136475e-03   -1.77987488e-01
1238     4.01188370e-09    4.48821461e+00    9.99835105e+00   -1.17572141e-04   -1.78191557e-01
1239     4.01521704e-09    4.46150831e+00    1.00076888e+01    8.92656168e-03   -1.78096234e-01
1240     4.01855037e-09    4.43192242e+00    1.00136488e+01    1.41183831e-02   -1.77746524e-01
1241     4.02188370e-09    4.41077391e+00    1.00142179e+01    1.37582117e-02   -1.77286309e-01
1242     4.02521704e-09    4.40614273e+00    1.00096707e+01    8.47010216e-03   -1.76889093e-01
1243     4.02855037e-09    4.41978333e+00    1.00017924e+01    2.99516088e-04   -1.76695313e-01
1244     4.03188370e-09    4.44647383e+00    9.99316102e+00   -8.07277693e-03   -1.76774084e-01
1245     4.03521704e-09    4.47602665e+00    9.98673267e+00   -1.37729319e-02   -1.77103279e-01
1246     4.03855037e-09    4.49717049e+00    9.98516843e+00   -1.43981368e-02   -1.77567365e-01
1247     4.04188370e-09    4.50183188e+00    9.98956824e+00   -9.21135068e-03   -1.77987488e-01
1248     4.04521704e-09    4.48821461e+00    9.99835106e+00   -1.17560120e-04   -1.78191557e-01
1249     4.04855037e-09    4.46150831e+00    1.00076888e+01    8.92656564e-03   -1.78096233e-01
1250     4.05188370e-09    4.43192242e+00    1.00136488e+01    1.41183777e-02   -1.77746523e-01
1251     4.05521704e-09    4.41077391e+00    1.00142178e+01    1.37582004e-02   -1.77286309e-01
1252     4.05855037e-09    4.40614273e+00    1.00096707e+01    8.47008993e-03   -1.76889093e-01
1253     4.06188370e-09    4.41978333e+00    1.00017924e+01    2.99506667e-04   -1.76695314e-01
1254     4.06521704e-09    4.44647383e+00    9.99316101e+00   -8.07278112e-03   -1.76774085e-01
1255     4.06855037e-09    4.47602665e+00    9.98673268e+00   -1.37729292e-02   -1.77103280e-01
1256     4.07188370e-09    4.49717049e+00    9.98516844e+00   -1.43981270e-02   -1.77567366e-01
1257     4.07521704e-09    4.50183188e+00    9.98956825e+00   -9.21133661e-03   -1.77987488e-01
1258     4.07855037e-09    4.48821461e+00    9.99835108e+00   -1.17548098e-04   -1.78191556e-01
1259     4.08188370e-09    4.46150831e+00    1.00076888e+01    8.92656959e-03   -1.78096233e-01
1260     4.08521704e-09    4.43192242e+00    1.00136488e+01    1.41183722e-02   -1.77746523e-01
1261     4.08855037e-09    4.41077391e+00    1.00142178e+01    1.37581890e-02   -1.77286309e-01
1262     4.09188370e-09    4.40614273e+00    1.00096707e+01    8.47007770e-03   -1.76889093e-01
1263     4.09521704e-09    4.41978332e+00    1.00017924e+01    2.99497243e-04   -1.76695314e-01
1264     4.09855037e-09    4.44647383e+00    9.99316101e+00   -8.07278531e-03   -1.76774086e-01
1265     4.10188370e-09    4.47602665e+00    9.98673268e+00   -1.37729265e-02   -1.77103280e-01
1266     4.10521704e-09    4.49717049e+00    9.98516845e+00   -1.43981171e-02   -1.77567366e-01
1267     4.10855037e-09    4.50183188e+00    9.98956827e+00   -9.21132253e-03   -1.77987489e-01
1268     4.11188370e-09    4.48821461e+00    9.99835109e+00   -1.17536072e-04   -1.78191556e-01
1269     4.11521704e-09    4.46150831e+00    1.00076888e+01    8.92657355e-03   -1.78096232e-01
1270     4.11855037e-09    4.43192242e+00    1.00136488e+01    1.41183667e-02   -1.77746522e-01
1271     4.12188370e-09    4.41077391e+00    1.00142178e+01    1.37581777e-02   -1.77286308e-01
1272     4.12521704e-09    4.40614273e+00    1.00096707e+01    8.47006546e-03   -1.76889093e-01
1273     4.12855037e-09    4.41978332e+00    1.00017924e+01    2.99487818e-04   -1.76695314e-01
1274     4.13188370e-09    4.44647383e+00    9.99316100e+00   -8.07278950e-03   -1.76774086e-01
1275     4.13521704e-09    4.47602664e+00    9.98673268e+00   -1.37729238e-02   -1.77103281e-01
1276     4.13855037e-09    4.49717048e+00    9.98516846e+00   -1.43981072e-02   -1.77567367e-01
1277     4.14188370e-09    4.50183188e+00    9.98956828e+00   -9.21130845e-03   -1.77987489e-01
1278     4.14521704e-09    4.48821461e+00    9.99835110e+00   -1.17524044e-04   -1.78191556e-01
1279     4.14855037e-09    4.46150831e+00    1.00076888e+01    8.92657751e-03   -1.78096231e-01
1280     4.15188370e-09    4.43192242e+00    1.00136488e+01    1.41183613e-02   -1.77746521e-01
1281     4.15521704e-09    4.41077391e+00    1.00142178e+01    1.37581664e-02   -1.77286308e-01
1282     4.15855037e-09    4.40614273e+00    1.00096706e+01    8.47005322e-03   -1.76889093e-01
1283     4.16188370e-09    4.41978332e+00    1.00017924e+01    2.99478391e-04   -1.76695315e-01
1284     4.16521704e-09    4.44647383e+00    9.99316100e+00   -8.07279369e-03   -1.76774087e-01
1285     4.16855037e-09    4.47602664e+00    9.98673268e+00   -1.37729210e-02   -1.77103282e-01
1286     4.17188370e-09    4.49717048e+00    9.98516847e+00   -1.43980973e-02   -1.77567367e-01
1287     4.17521704e-09    4.50183188e+00    9.98956829e+00   -9.21129437e-03   -1.77987489e-01
1288     4.17855037e-09    4.48821461e+00    9.99835112e+00   -1.17512013e-04   -1.78191556e-01
1289     4.18188370e-09    4.46150831e+00    1.00076888e+01    8.92658147e-03   -1.78096231e-01
1290     4.18521704e-09    4.43192242e+00    1.00136488e+01    1.41183558e-02   -1.77746521e-01
1291     4.18855037e-09    4.41077391e+00    1.00142178e+01    1.37581550e-02   -1.77286308e-01
1292     4.19188370e-09    4.40614273e+00    1.00096706e+01    8.47004097e-03   -1.76889093e-01
1293     4.19521704e-09    4.41978332e+00    1.00017924e+01    2.99468962e-04   -1.76695315e-01
1294     4.19855037e-09    4.44647383e+00    9.99316099e+00   -8.07279789e-03   -1.76774088e-01
1295     4.20188370e-09    4.47602664e+00    9.98673268e+00   -1.37729183e-02   -1.77103283e-01
1296     4.20521704e-09    4.49717048e+00    9.98516848e+00   -1.43980875e-02   -1.77567368e-01
1297     4.20855037e-09    4.50183187e+00    9.98956831e+00   -9.21128028e-03   -1.77987489e-01
1298     4.21188370e-09    4.48821461e+00    9.99835113e+00   -1.17499980e-04   -1.78191555e-01
1299     4.21521704e-09    4.46150831e+00    1.00076889e+01    8.92658543e-03   -1.78096230e-01
1300     4.21855037e-09    4.43192242e+00    1.00136488e+01    1.41183503e-02   -1.77746520e-01
1301     4.22188370e-09    4.41077391e+00    1.00142178e+01    1.37581437e-02   -1.77286307e-01
1302     4.22521704e-09    4.40614273e+00    1.00096706e+01    8.47002873e-03   -1.76889093e-01
1303     4.22855037e-09    4.41978332e+00    1.00017924e+01    2.99459530e-04   -1.76695316e-01
1304     4.23188370e-09    4.44647382e+00    9.99316099e+00   -8.07280208e-03   -1.76774088e-01
1305     4.23521704e-09    4.47602664e+00    9.98673268e+00   -1.37729156e-02   -1.77103283e-01
1306     4.23855037e-09    4.49717048e+00    9.98516849e+00   -1.43980776e-02   -1.77567368e-01
1307     4.24188370e-09    4.50183187e+00    9.98956832e+00   -9.21126620e-03   -1.77987489e-01
1308     4.24521704e-09    4.48821461e+00    9.99835114e+00   -1.17487944e-04   -1.78191555e-01
1309     4.24855037e-09    4.46150831e+00    1.00076889e+01    8.92658939e-03   -1.78096230e-01
1310     4.25188370e-09    4.43192242e+00    1.00136488e+01    1.41183448e-02   -1.77746520e-01
1311     4.25521704e-09    4.41077392e+00    1.00142178e+01    1.37581323e-02   -1.77286307e-01
1312     4.25855037e-09    4.40614273e+00    1.00096706e+01    8.47001648e-03   -1.76889093e-01
1313     4.26188370e-09    4.41978332e+00    1.00017924e+01    2.99450097e-04   -1.76695316e-01
1314     4.26521704e-09    4.44647382e+00    9.99316098e+00   -8.07280628e-03   -1.76774089e-01
1315     4.26855037e-09    4.47602664e+00    9.98673268e+00   -1.37729129e-02   -1.77103284e-01
1316     4.27188370e-09    4.49717048e+00    9.98516850e+00   -1.43980677e-02   -1.77567369e-01
1317     4.27521704e-09    4.50183187e+00    9.98956834e+00   -9.21125211e-03   -1.77987489e-01
1318     4.27855037e-09    4.48821461e+00    9.99835115e+00   -1.17475905e-04   -1.78191555e-01
1319     4.28188370e-09    4.46150831e+00    1.00076889e+01    8.92659335e-03   -1.78096229e-01
1320     4.28521704e-09    4.43192242e+00    1.00136488e+01    1.41183394e-02   -1.77746519e-01
1321     4.28855037e-09    4.41077392e+00    1.00142178e+01    1.37581210e-02   -1.77286306e-01
1322     4.29188370e-09    4.40614273e+00    1.00096706e+01    8.47000422e-03   -1.76889093e-01
1323     4.29521704e-09    4.41978332e+00    1.00017923e+01    2.99440661e-04   -1.76695316e-01
1324     4.29855037e-09    4.44647382e+00    9.99316098e+00   -8.07281048e-03   -1.76774090e-01
1325     4.30188370e-09    4.47602664e+00    9.98673269e+00   -1.37729101e-02   -1.77103285e-01
1326     4.30521704e-09    4.49717048e+00    9.98516851e+00   -1.43980578e-02   -1.77567370e-01
1327     4.30855037e-09    4.50183187e+00    9.98956835e+00   -9.21123801e-03   -1.77987490e-01
1328     4.31188370e-09    4.48821461e+00    9.99835117e+00   -1.17463864e-04   -1.78191554e-01
1329     4.31521704e-09    4.46150831e+00    1.00076889e+01    8.92659732e-03   -1.78096229e-01
1330     4.31855037e-09    4.43192242e+00    1.00136488e+01    1.41183339e-02   -1.77746518e-01
1331     4.32188370e-09    4.41077392e+00    1.00142178e+01    1.37581096e-02   -1.77286306e-01
1332     4.32521704e-09    4.40614273e+00    1.00096706e+01    8.46999197e-03   -1.76889093e-01
1333     4.32855037e-09    4.41978332e+00    1.00017923e+01    2.99431224e-04   -1.76695317e-01
1334     4.33188370e-09    4.44647382e+00    9.99316097e+00   -8.07281467e-03   -1.76774090e-01
1335     4.33521704e-09    4.47602664e+00    9.98673269e+00   -1.37729074e-02   -1.77103286e-01
1336     4.33855037e-09    4.49717048e+00    9.98516852e+00   -1.43980479e-02   -1.77567370e-01
1337     4.34188370e-09    4.50183187e+00    9.98956836e+00   -9.21122391e-03   -1.77987490e-01
1338     4.34521704e-09    4.48821461e+00    9.99835118e+00   -1.17451820e-04   -1.78191554e-01
1339     4.34855037e-09    4.46150831e+00    1.00076889e+01    8.92660128e-03   -1.78096228e-01
1340     4.35188370e-09    4.43192242e+00    1.00136488e+01    1.41183284e-02   -1.77746518e-01
1341     4.35521704e-09    4.41077392e+00    1.00142177e+01    1.37580983e-02   -1.77286306e-01
1342     4.35855037e-09    4.40614273e+00    1.00096706e+01    8.46997971e-03   -1.76889093e-01
1343     4.36188370e-09    4.41978332e+00    1.00017923e+01    2.99421784e-04   -1.76695317e-01
1344     4.36521704e-09    4.44647382e+00    9.99316097e+00   -8.07281887e-03   -1.76774091e-01
1345     4.36855037e-09    4.47602663e+00    9.98673269e+00   -1.37729047e-02   -1.77103286e-01
1346     4.37188370e-09    4.49717048e+00    9.98516852e+00   -1.43980380e-02   -1.77567371e-01
1347     4.37521704e-09    4.50183187e+00    9.98956838e+00   -9.21120981e-03   -1.77987490e-01
1348     4.37855037e-09    4.48821461e+00    9.99835119e+00   -1.17439774e-04   -1.78191554e-01
1349     4.38188370e-09    4.46150831e+00    1.00076889e+01    8.92660524e-03   -1.78096227e-01
1350     4.38521704e-09    4.43192242e+00    1.00136488e+01    1.41183229e-02   -1.77746517e-01
1351     4.38855037e-09    4.41077392e+00    1.00142177e+01    1.37580869e-02   -1.77286305e-01
1352     4.39188370e-09    4.40614273e+00    1.00096706e+01    8.46996745e-03   -1.76889094e-01
1353     4.39521704e-09    4.41978332e+00    1.00017923e+01    2.99412342e-04   -1.76695318e-01
1354     4.39855037e-09    4.44647382e+00    9.99316096e+00   -8.07282307e-03   -1.76774092e-01
1355     4.40188370e-09    4.47602663e+00    9.98673269e+00   -1.37729019e-02   -1.77103287e-01
1356     4.40521704e-09    4.49717047e+00    9.98516853e+00   -1.43980281e-02   -1.77567371e-01
1357     4.40855037e-09    4.50183187e+00    9.98956839e+00   -9.21119571e-03   -1.77987490e-01
1358     4.41188370e-09    4.48821461e+00    9.99835121e+00   -1.17427724e-04   -1.78191554e-01
1359     4.41521704e-09    4.46150831e+00    1.00076889e+01    8.92660921e-03   -1.78096227e-01
1360     4.41855037e-09    4.43192242e+00    1.00136488e+01    1.41183174e-02   -1.77746517e-01
1361     4.42188370e-09    4.41077392e+00    1.00142177e+01    1.37580756e-02   -1.77286305e-01
1362     4.42521704e-09    4.40614273e+00    1.00096705e+01    8.46995519e-03   -1.76889094e-01
1363     4.42855037e-09    4.41978332e+00    1.00017923e+01    2.99402899e-04   -1.76695318e-01
1364     4.43188370e-09    4.44647382e+00    9.99316095e+00   -8.07282727e-03   -1.76774092e-01
1365     4.43521704e-09    4.47602663e+00    9.98673269e+00   -1.37728992e-02   -1.77103288e-01
1366     4.43855037e-09    4.49717047e+00    9.98516854e+00   -1.43980182e-02   -1.77567372e-01
1367     4.44188370e-09    4.50183187e+00    9.98956841e+00   -9.21118160e-03   -1.77987490e-01
1368     4.44521704e-09    4.48821461e+00    9.99835122e+00   -1.17415673e-04   -1.78191553e-01
1369     4.44855037e-09    4.46150831e+00    1.00076889e+01    8.92661318e-03   -1.78096226e-01
1370     4.45188370e-09    4.43192242e+00    1.00136488e+01    1.41183120e-02   -1.77746516e-01
1371     4.45521704e-09    4.41077392e+00    1.00142177e+01    1.37580642e-02   -1.77286305e-01
1372     4.45855037e-09    4.40614273e+00    1.00096705e+01    8.46994293e-03   -1.76889094e-01
1373     4.46188370e-09    4.41978331e+00    1.00017923e+01    2.99393453e-04   -1.76695319e-01
1374     4.46521704e-09    4.44647381e+00    9.99316095e+00   -8.07283147e-03   -1.76774093e-01
1375     4.46855037e-09    4.47602663e+00    9.98673269e+00   -1.37728965e-02   -1.77103288e-01
1376     4.47188370e-09    4.49717047e+00    9.98516855e+00   -1.43980083e-02   -1.77567372e-01
1377     4.47521704e-09    4.50183187e+00    9.98956842e+00   -9.21116749e-03   -1.77987490e-01
1378     4.47855037e-09    4.48821461e+00    9.99835123e+00   -1.17403619e-04   -1.78191553e-01
1379     4.48188370e-09    4.46150831e+00    1.00076889e+01    8.92661714e-03   -1.78096226e-01
1380     4.48521704e-09    4.43192242e+00    1.00136487e+01    1.41183065e-02   -1.77746515e-01
1381     4.48855037e-09    4.41077392e+00    1.00142177e+01    1.37580529e-02   -1.77286304e-01
1382     4.49188370e-09    4.40614273e+00    1.00096705e+01    8.46993066e-03   -1.76889094e-01
1383     4.49521704e-09    4.41978331e+00    1.00017923e+01    2.99384005e-04   -1.76695319e-01
1384     4.49855037e-09    4.44647381e+00    9.99316094e+00   -8.07283567e-03   -1.76774094e-01
1385     4.50188370e-09    4.47602663e+00    9.98673270e+00   -1.37728938e-02   -1.77103289e-01
1386     4.50521704e-09    4.49717047e+00    9.98516856e+00   -1.43979984e-02   -1.77567373e-01
1387     4.50855037e-09    4.50183187e+00    9.98956843e+00   -9.21115338e-03   -1.77987491e-01
1388     4.51188370e-09    4.48821461e+00    9.99835124e+00   -1.17391562e-04   -1.78191553e-01
1389     4.51521704e-09    4.46150831e+00    1.00076889e+01    8.92662111e-03   -1.78096225e-01
1390     4.51855037e-09    4.43192242e+00    1.00136487e+01    1.41183010e-02   -1.77746515e-01
1391     4.52188370e-09    4.41077392e+00    1.00142177e+01    1.37580415e-02   -1.77286304e-01
1392     4.52521704e-09    4.40614273e+00    1.00096705e+01    8.46991839e-03   -1.76889094e-01
1393     4.52855037e-09    4.41978331e+00    1.00017923e+01    2.99374555e-04   -1.76695319e-01
1394     4.53188370e-09    4.44647381e+00    9.99316094e+00   -8.07283988e-03   -1.76774094e-01
1395     4.53521704e-09    4.47602663e+00    9.98673270e+00   -1.37728910e-02   -1.77103290e-01
1396     4.53855037e-09    4.49717047e+00    9.98516857e+00   -1.43979885e-02   -1.77567373e-01
1397     4.54188370e-09    4.50183187e+00    9.98956845e+00   -9.21113927e-03   -1.77987491e-01
1398     4.54521704e-09    4.48821461e+00    9.99835126e+00   -1.17379502e-04   -1.78191553e-01
1399     4.54855037e-09    4.46150831e+00    1.00076889e+01    8.92662508e-03   -1.78096224e-01
1400     4.55188370e-09    4.43192242e+00    1.00136487e+01    1.41182955e-02   -1.77746514e-01
1401     4.55521704e-09    4.41077392e+00    1.00142177e+01    1.37580301e-02   -1.77286304e-01
1402     4.55855037e-09    4.40614272e+00    1.00096705e+01    8.46990611e-03   -1.76889094e-01
1403     4.56188370e-09    4.41978331e+00    1.00017923e+01    2.99365103e-04   -1.76695320e-01
1404     4.56521704e-09    4.44647381e+00    9.99316093e+00   -8.07284408e-03   -1.76774095e-01
1405     4.56855037e-09    4.47602663e+00    9.98673270e+00   -1.37728883e-02   -1.77103291e-01
1406     4.57188370e-09    4.49717047e+00    9.98516858e+00   -1.43979786e-02   -1.77567374e-01
1407     4.57521704e-09    4.50183187e+00    9.98956846e+00   -9.21112515e-03   -1.77987491e-01
1408     4.57855037e-09    4.48821461e+00    9.99835127e+00   -1.17367440e-04   -1.78191552e-01
1409     4.58188370e-09    4.46150831e+00    1.00076889e+01    8.92662905e-03   -1.78096224e-01
1410     4.58521704e-09    4.43192242e+00    1.00136487e+01    1.41182900e-02   -1.77746514e-01
1411     4.58855037e-09    4.41077392e+00    1.00142177e+01    1.37580188e-02   -1.77286303e-01
1412     4.59188370e-09    4.40614272e+00    1.00096705e+01    8.46989384e-03   -1.76889094e-01
1413     4.59521704e-09    4.41978331e+00    1.00017922e+01    2.99355649e-04   -1.76695320e-01
1414     4.59855037e-09    4.44647381e+00    9.99316093e+00   -8.07284829e-03   -1.76774096e-01
1415     4.60188370e-09    4.47602662e+00    9.98673270e+00   -1.37728856e-02   -1.77103291e-01
1416     4.60521704e-09    4.49717047e+00    9.98516859e+00   -1.43979687e-02   -1.77567375e-01
1417     4.60855037e-09    4.50183187e+00    9.98956848e+00   -9.21111103e-03   -1.77987491e-01
1418     4.61188370e-09    4.48821461e+00    9.99835128e+00   -1.17355375e-04   -1.78191552e-01
1419     4.61521704e-09    4.46150831e+00    1.00076889e+01    8.92663302e-03   -1.78096223e-01
1420     4.61855037e-09    4.43192242e+00    1.00136487e+01    1.41182845e-02   -1.77746513e-01
1421     4.62188370e-09    4.41077392e+00    1.00142177e+01    1.37580074e-02   -1.77286303e-01
1422     4.62521704e-09    4.40614272e+00    1.00096705e+01    8.46988156e-03   -1.76889094e-01
1423     4.62855037e-09    4.41978331e+00    1.00017922e+01    2.99346193e-04   -1.76695321e-01
1424     4.63188370e-09    4.44647381e+00    9.99316092e+00   -8.07285249e-03   -1.76774096e-01
1425     4.63521704e-09    4.47602662e+00    9.98673270e+00   -1.37728828e-02   -1.77103292e-01
1426     4.63855037e-09    4.49717047e+00    9.98516860e+00   -1.43979588e-02   -1.77567375e-01
1427     4.64188370e-09    4.50183187e+00    9.98956849e+00   -9.21109690e-03   -1.77987491e-01
1428     4.64521704e-09    4.48821461e+00    9.99835130e+00   -1.17343308e-04   -1.78191552e-01
1429     4.64855037e-09    4.46150831e+00    1.00076889e+01    8.92663699e-03   -1.78096223e-01
1430     4.65188370e-09    4.43192242e+00    1.00136487e+01    1.41182790e-02   -1.77746512e-01
1431     4.65521704e-09    4.41077392e+00    1.00142177e+01    1.37579960e-02   -1.77286303e-01
1432     4.65855037e-09    4.40614272e+00    1.00096705e+01    8.46986928e-03   -1.76889094e-01
1433     4.66188370e-09    4.41978331e+00    1.00017922e+01    2.99336735e-04   -1.76695321e-01
1434     4.66521704e-09    4.44647381e+00    9.99316092e+00   -8.07285670e-03   -1.76774097e-01
1435     4.66855037e-09    4.47602662e+00    9.98673270e+00   -1.37728801e-02   -1.77103293e-01
1436     4.67188370e-09    4.49717047e+00    9.98516861e+00   -1.43979489e-02   -1.77567376e-01
1437     4.67521704e-09    4.50183187e+00    9.98956850e+00   -9.21108277e-03   -1.77987492e-01
1438     4.67855037e-09    4.48821461e+00    9.99835131e+00   -1.17331238e-04   -1.78191551e-01
1439     4.68188370e-09    4.46150831e+00    1.00076889e+01    8.92664096e-03   -1.78096222e-01
1440     4.68521704e-09    4.43192242e+00    1.00136487e+01    1.41182736e-02   -1.77746512e-01
1441     4.68855037e-09    4.41077392e+00    1.00142176e+01    1.37579846e-02   -1.77286302e-01
1442     4.69188370e-09    4.40614272e+00    1.00096704e+01    8.46985699e-03   -1.76889094e-01
1443     4.69521704e-09    4.41978331e+00    1.00017922e+01    2.99327275e-04   -1.76695321e-01
1444     4.69855037e-09    4.44647381e+00    9.99316091e+00   -8.07286090e-03   -1.76774098e-01
1445     4.70188370e-09    4.47602662e+00    9.98673270e+00   -1.37728773e-02   -1.77103294e-01
1446     4.70521704e-09    4.49717046e+00    9.98516861e+00   -1.43979390e-02   -1.77567376e-01
1447     4.70855037e-09    4.50183186e+00    9.98956852e+00   -9.21106864e-03   -1.77987492e-01
1448     4.71188370e-09    4.48821461e+00    9.99835132e+00   -1.17319166e-04   -1.78191551e-01
1449     4.71521704e-09    4.46150831e+00    1.00076889e+01    8.92664494e-03   -1.78096222e-01
1450     4.71855037e-09    4.43192242e+00    1.00136487e+01    1.41182681e-02   -1.77746511e-01
1451     4.72188370e-09    4.41077392e+00    1.00142176e+01    1.37579733e-02   -1.77286302e-01
1452     4.72521704e-09    4.40614272e+00    1.00096704e+01    8.46984471e-03   -1.76889094e-01
1453     4.72855037e-09    4.41978331e+00    1.00017922e+01    2.99317813e-04   -1.76695322e-01
1454     4.73188370e-09    4.44647380e+00    9.99316091e+00   -8.07286511e-03   -1.76774098e-01
1455     4.73521704e-09    4.47602662e+00    9.98673271e+00   -1.37728746e-02   -1.77103294e-01
1456     4.73855037e-09    4.49717046e+00    9.98516862e+00   -1.43979291e-02   -1.77567377e-01
1457     4.74188370e-09    4.50183186e+00    9.98956853e+00   -9.21105451e-03   -1.77987492e-01
1458     4.74521704e-09    4.48821461e+00    9.99835133e+00   -1.17307090e-04   -1.78191551e-01
1459     4.74855037e-09    4.46150832e+00    1.00076889e+01    8.92664891e-03   -1.78096221e-01
1460     4.75188370e-09    4.43192243e+00    1.00136487e+01    1.41182626e-02   -1.77746511e-01
1461     4.75521704e-09    4.41077392e+00    1.00142176e+01    1.37579619e-02   -1.77286302e-01
1462     4.75855037e-09    4.40614272e+00    1.00096704e+01    8.46983242e-03   -1.76889094e-01
1463     4.76188370e-09    4.41978331e+00    1.00017922e+01    2.99308349e-04   -1.76695322e-01
1464     4.76521704e-09    4.44647380e+00    9.99316090e+00   -8.07286932e-03   -1.76774099e-01
1465     4.76855037e-09    4.47602662e+00    9.98673271e+00   -1.37728719e-02   -1.77103295e-01
1466     4.77188370e-09    4.49717046e+00    9.98516863e+00   -1.43979192e-02   -1.77567377e-01
1467     4.77521704e-09    4.50183186e+00    9.98956855e+00   -9.21104037e-03   -1.77987492e-01
1468     4.77855037e-09    4.48821461e+00    9.99835135e+00   -1.17295013e-04   -1.78191551e-01
1469     4.78188370e-09    4.46150832e+00    1.00076889e+01    8.92665288e-03   -1.78096220e-01
1470     4.78521704e-09    4.43192243e+00    1.00136487e+01    1.41182571e-02   -1.77746510e-01
1471     4.78855037e-09    4.41077392e+00    1.00142176e+01    1.37579505e-02   -1.77286301e-01
1472     4.79188370e-09    4.40614272e+00    1.00096704e+01    8.46982013e-03   -1.76889094e-01
1473     4.79521704e-09    4.41978330e+00    1.00017922e+01    2.99298882e-04   -1.76695323e-01
1474     4.79855037e-09    4.44647380e+00    9.99316090e+00   -8.07287353e-03   -1.76774100e-01
1475     4.80188370e-09    4.47602662e+00    9.98673271e+00   -1.37728691e-02   -1.77103296e-01
1476     4.80521704e-09    4.49717046e+00    9.98516864e+00   -1.43979093e-02   -1.77567378e-01
1477     4.80855037e-09    4.50183186e+00    9.98956856e+00   -9.21102623e-03   -1.77987492e-01
1478     4.81188370e-09    4.48821461e+00    9.99835136e+00   -1.17282932e-04   -1.78191550e-01
1479     4.81521704e-09    4.46150832e+00    1.00076889e+01    8.92665686e-03   -1.78096220e-01
1480     4.81855037e-09    4.43192243e+00    1.00136487e+01    1.41182516e-02   -1.77746509e-01
1481     4.82188370e-09    4.41077392e+00    1.00142176e+01    1.37579391e-02   -1.77286301e-01
1482     4.82521704e-09    4.40614272e+00    1.00096704e+01    8.46980783e-03   -1.76889094e-01
1483     4.82855037e-09    4.41978330e+00    1.00017922e+01    2.99289414e-04   -1.76695323e-01
1484     4.83188370e-09    4.44647380e+00    9.99316089e+00   -8.07287774e-03   -1.76774100e-01
1485     4.83521704e-09    4.47602661e+00    9.98673271e+00   -1.37728664e-02   -1.77103297e-01
1486     4.83855037e-09    4.49717046e+00    9.98516865e+00   -1.43978993e-02   -1.77567378e-01
1487     4.84188370e-09    4.50183186e+00    9.98956857e+00   -9.21101209e-03   -1.77987492e-01
1488     4.84521704e-09    4.48821461e+00    9.99835137e+00   -1.17270849e-04   -1.78191550e-01
1489     4.84855037e-09    4.46150832e+00    1.00076890e+01    8.92666084e-03   -1.78096219e-01
1490     4.85188370e-09    4.43192243e+00    1.00136487e+01    1.41182461e-02   -1.77746509e-01
1491     4.85521704e-09    4.41077392e+00    1.00142176e+01    1.37579277e-02   -1.77286300e-01
1492     4.85855037e-09    4.40614272e+00    1.00096704e+01    8.46979553e-03   -1.76889094e-01
1493     4.86188370e-09    4.41978330e+00    1.00017922e+01    2.99279944e-04   -1.76695323e-01
1494     4.86521704e-09    4.44647380e+00    9.99316088e+00   -8.07288196e-03   -1.76774101e-01
1495     4.86855037e-09    4.47602661e+00    9.98673271e+00   -1.37728637e-02   -1.77103297e-01
1496     4.87188370e-09    4.49717046e+00    9.98516866e+00   -1.43978894e-02   -1.77567379e-01
1497     4.87521704e-09    4.50183186e+00    9.98956859e+00   -9.21099794e-03   -1.77987493e-01
1498     4.87855037e-09    4.48821461e+00    9.99835139e+00   -1.17258764e-04   -1.78191550e-01
1499     4.88188370e-09    4.46150832e+00    1.00076890e+01    8.92666481e-03   -1.78096219e-01
1500     4.88521704e-09    4.43192243e+00    1.00136487e+01    1.41182406e-02   -1.77746508e-01
1501     4.88855037e-09    4.41077392e+00    1.00142176e+01    1.37579163e-02   -1.77286300e-01
1502     4.89188370e-09    4.40614272e+00    1.00096704e+01    8.46978323e-03   -1.76889094e-01
1503     4.89521704e-09    4.41978330e+00    1.00017922e+01    2.99270471e-04   -1.76695324e-01
1504     4.89855037e-09    4.44647380e+00    9.99316088e+00   -8.07288617e-03   -1.76774102e-01
1505     4.90188370e-09    4.47602661e+00    9.98673271e+00   -1.37728609e-02   -1.77103298e-01
1506     4.90521704e-09    4.49717046e+00    9.98516867e+00   -1.43978795e-02   -1.77567380e-01
1507     4.90855037e-09    4.50183186e+00    9.98956860e+00   -9.21098379e-03   -1.77987493e-01
1508     4.91188370e-09    4.48821461e+00    9.99835140e+00   -1.17246676e-04   -1.78191549e-01
1509     4.91521704e-09    4.46150832e+00    1.00076890e+01    8.92666879e-03   -1.78096218e-01
1510     4.91855037e-09    4.43192243e+00    1.00136487e+01    1.41182351e-02   -1.77746508e-01
1511     4.92188370e-09    4.41077392e+00    1.00142176e+01    1.37579049e-02   -1.77286300e-01
1512     4.92521704e-09    4.40614272e+00    1.00096704e+01    8.46977093e-03   -1.76889094e-01
1513     4.92855037e-09    4.41978330e+00    1.00017921e+01    2.99260997e-04   -1.76695324e-01
1514     4.93188370e-09    4.44647380e+00    9.99316087e+00   -8.07289038e-03   -1.76774102e-01
1515     4.93521704e-09    4.47602661e+00    9.98673271e+00   -1.37728582e-02   -1.77103299e-01
1516     4.93855037e-09    4.49717046e+00    9.98516868e+00   -1.43978696e-02   -1.77567380e-01
1517     4.94188370e-09    4.50183186e+00    9.98956862e+00   -9.21096964e-03   -1.77987493e-01
1518     4.94521704e-09    4.48821461e+00    9.99835141e+00   -1.17234585e-04   -1.78191549e-01
1519     4.94855037e-09    4.46150832e+00    1.00076890e+01    8.92667277e-03   -1.78096217e-01
1520     4.95188370e-09    4.43192243e+00    1.00136487e+01    1.41182296e-02   -1.77746507e-01
1521     4.95521704e-09    4.41077392e+00    1.00142176e+01    1.37578935e-02   -1.77286299e-01
1522     4.95855037e-09    4.40614272e+00    1.00096703e+01    8.46975863e-03   -1.76889094e-01
1523     4.96188370e-09    4.41978330e+00    1.00017921e+01    2.99251520e-04   -1.76695325e-01
1524     4.96521704e-09    4.44647379e+00    9.99316087e+00   -8.07289460e-03   -1.76774103e-01
1525     4.96855037e-09    4.47602661e+00    9.98673272e+00   -1.37728554e-02   -1.77103299e-01
1526     4.97188370e-09    4.49717045e+00    9.98516869e+00   -1.43978596e-02   -1.77567381e-01
1527     4.97521704e-09    4.50183186e+00    9.98956863e+00   -9.21095548e-03   -1.77987493e-01
1528     4.97855037e-09    4.48821461e+00    9.99835142e+00   -1.17222492e-04   -1.78191549e-01
1529     4.98188370e-09    4.46150832e+00    1.00076890e+01    8.92667675e-03   -1.78096217e-01
1530     4.98521704e-09    4.43192243e+00    1.00136487e+01    1.41182241e-02   -1.77746506e-01
1531     4.98855037e-09    4.41077392e+00    1.00142175e+01    1.37578821e-02   -1.77286299e-01
1532     4.99188370e-09    4.40614272e+00    1.00096703e+01    8.46974632e-03   -1.76889094e-01
1533     4.99521704e-09    4.41978330e+00    1.00017921e+01    2.99242042e-04   -1.76695325e-01
1534     4.99855037e-09    4.44647379e+00    9.99316086e+00   -8.07289881e-03   -1.76774104e-01
1535     5.00188370e-09    4.47602661e+00    9.98673272e+00   -1.37728527e-02   -1.77103300e-01
1536     5.00521704e-09    4.49717045e+00    9.98516870e+00   -1.43978497e-02   -1.77567381e-01
1537     5.00855037e-09    4.50183186e+00    9.98956865e+00   -9.21094132e-03   -1.77987493e-01
1538     5.01188370e-09    4.48821461e+00    9.99835144e+00   -1.17210396e-04   -1.78191549e-01
1539     5.01521704e-09    4.46150832e+00    1.00076890e+01    8.92668073e-03   -1.78096216e-01
1540     5.01855037e-09    4.43192243e+00    1.00136487e+01    1.41182186e-02   -1.77746506e-01
1541     5.02188370e-09    4.41077392e+00    1.00142175e+01    1.37578707e-02   -1.77286299e-01
1542     5.02521704e-09    4.40614272e+00    1.00096703e+01    8.46973401e-03   -1.76889094e-01
1543     5.02855037e-09    4.41978330e+00    1.00017921e+01    2.99232561e-04   -1.76695325e-01
1544     5.03188370e-09    4.44647379e+00    9.99316086e+00   -8.07290303e-03   -1.76774104e-01
1545     5.03521704e-09    4.47602661e+00    9.98673272e+00   -1.37728500e-02   -1.77103301e-01
1546     5.03855037e-09    4.49717045e+00    9.98516871e+00   -1.43978398e-02   -1.77567382e-01
1547     5.04188370e-09    4.50183186e+00    9.98956866e+00   -9.21092716e-03   -1.77987493e-01
1548     5.04521704e-09    4.48821461e+00    9.99835145e+00   -1.17198297e-04   -1.78191548e-01
1549     5.04855037e-09    4.46150832e+00    1.00076890e+01    8.92668471e-03   -1.78096216e-01
1550     5.05188370e-09    4.43192243e+00    1.00136487e+01    1.41182131e-02   -1.77746505e-01
1551     5.05521704e-09    4.41077392e+00    1.00142175e+01    1.37578593e-02   -1.77286298e-01
1552     5.05855037e-09    4.40614272e+00    1.00096703e+01    8.46972169e-03   -1.76889094e-01
1553     5.06188370e-09    4.41978330e+00    1.00017921e+01    2.99223078e-04   -1.76695326e-01
1554     5.06521704e-09    4.44647379e+00    9.99316085e+00   -8.07290725e-03   -1.76774105e-01
1555     5.06855037e-09    4.47602660e+00    9.98673272e+00   -1.37728472e-02   -1.77103302e-01
1556     5.07188370e-09    4.49717045e+00    9.98516871e+00   -1.43978298e-02   -1.77567382e-01
1557     5.07521704e-09    4.50183186e+00    9.98956867e+00   -9.21091300e-03   -1.77987494e-01
1558     5.07855037e-09    4.48821461e+00    9.99835146e+00   -1.17186196e-04   -1.78191548e-01
1559     5.08188370e-09    4.46150832e+00    1.00076890e+01    8.92668869e-03   -1.78096215e-01
1560     5.08521704e-09    4.43192243e+00    1.00136487e+01    1.41182076e-02   -1.77746505e-01
1561     5.08855037e-09    4.41077392e+00    1.00142175e+01    1.37578479e-02   -1.77286298e-01
1562     5.09188370e-09    4.40614272e+00    1.00096703e+01    8.46970938e-03   -1.76889094e-01
1563     5.09521704e-09    4.41978330e+00    1.00017921e+01    2.99213594e-04   -1.76695326e-01
1564     5.09855037e-09    4.44647379e+00    9.99316085e+00   -8.07291146e-03   -1.76774106e-01
1565     5.10188370e-09    4.47602660e+00    9.98673272e+00   -1.37728445e-02   -1.77103302e-01
1566     5.10521704e-09    4.49717045e+00    9.98516872e+00   -1.43978199e-02   -1.77567383e-01
1567     5.10855037e-09    4.50183186e+00    9.98956869e+00   -9.21089883e-03   -1.77987494e-01
1568     5.11188370e-09    4.48821461e+00    9.99835148e+00   -1.17174092e-04   -1.78191548e-01
1569     5.11521704e-09    4.46150832e+00    1.00076890e+01    8.92669268e-03   -1.78096215e-01
1570     5.11855037e-09    4.43192243e+00    1.00136487e+01    1.41182021e-02   -1.77746504e-01
1571     5.12188370e-09    4.41077392e+00    1.00142175e+01    1.37578365e-02   -1.77286298e-01
1572     5.12521704e-09    4.40614272e+00    1.00096703e+01    8.46969706e-03   -1.76889094e-01
1573     5.12855037e-09    4.41978330e+00    1.00017921e+01    2.99204107e-04   -1.76695327e-01
1574     5.13188370e-09    4.44647379e+00    9.99316084e+00   -8.07291568e-03   -1.76774106e-01
1575     5.13521704e-09    4.47602660e+00    9.98673272e+00   -1.37728417e-02   -1.77103303e-01
1576     5.13855037e-09    4.49717045e+00    9.98516873e+00   -1.43978100e-02   -1.77567383e-01
1577     5.14188370e-09    4.50183186e+00    9.98956870e+00   -9.21088466e-03   -1.77987494e-01
1578     5.14521704e-09    4.48821461e+00    9.99835149e+00   -1.17161986e-04   -1.78191548e-01
1579     5.14855037e-09    4.46150832e+00    1.00076890e+01    8.92669666e-03   -1.78096214e-01
1580     5.15188370e-09    4.43192243e+00    1.00136487e+01    1.41181966e-02   -1.77746503e-01
1581     5.15521704e-09    4.41077392e+00    1.00142175e+01    1.37578251e-02   -1.77286297e-01
1582     5.15855037e-09    4.40614272e+00    1.00096703e+01    8.46968474e-03   -1.76889094e-01
1583     5.16188370e-09    4.41978329e+00    1.00017921e+01    2.99194618e-04   -1.76695327e-01
1584     5.16521704e-09    4.44647379e+00    9.99316084e+00   -8.07291990e-03   -1.76774107e-01
1585     5.16855037e-09    4.47602660e+00    9.98673272e+00   -1.37728390e-02   -1.77103304e-01
1586     5.17188370e-09    4.49717045e+00    9.98516874e+00   -1.43978000e-02   -1.77567384e-01
1587     5.17521704e-09    4.50183186e+00    9.98956872e+00   -9.21087048e-03   -1.77987494e-01
1588     5.17855037e-09    4.48821461e+00    9.99835150e+00   -1.17149876e-04   -1.78191547e-01
1589     5.18188370e-09    4.46150832e+00    1.00076890e+01    8.92670064e-03   -1.78096213e-01
1590     5.18521704e-09    4.43192243e+00    1.00136487e+01    1.41181910e-02   -1.77746503e-01
1591     5.18855037e-09    4.41077392e+00    1.00142175e+01    1.37578137e-02   -1.77286297e-01
1592     5.19188370e-09    4.40614272e+00    1.00096703e+01    8.46967241e-03   -1.76889094e-01
1593     5.19521704e-09    4.41978329e+00    1.00017921e+01    2.99185127e-04   -1.76695327e-01
1594     5.19855037e-09    4.44647379e+00    9.99316083e+00   -8.07292412e-03   -1.76774108e-01
1595     5.20188370e-09    4.47602660e+00    9.98673273e+00   -1.37728362e-02   -1.77103305e-01
1596     5.20521704e-09    4.49717045e+00    9.98516875e+00   -1.43977901e-02   -1.77567385e-01
1597     5.20855037e-09    4.50183185e+00    9.98956873e+00   -9.21085631e-03   -1.77987494e-01
1598     5.21188370e-09    4.48821461e+00    9.99835152e+00   -1.17137765e-04   -1.78191547e-01
1599     5.21521704e-09    4.46150832e+00    1.00076890e+01    8.92670463e-03   -1.78096213e-01
1600     5.21855037e-09    4.43192243e+00    1.00136487e+01    1.41181855e-02   -1.77746502e-01
1601     5.22188370e-09    4.41077392e+00    1.00142175e+01    1.37578023e-02   -1.77286297e-01
1602     5.22521704e-09    4.40614272e+00    1.00096702e+01    8.46966009e-03   -1.76889094e-01
1603     5.22855037e-09    4.41978329e+00    1.00017921e+01    2.99175634e-04   -1.76695328e-01
1604     5.23188370e-09    4.44647378e+00    9.99316082e+00   -8.07292835e-03   -1.76774108e-01
1605     5.23521704e-09    4.47602660e+00    9.98673273e+00   -1.37728335e-02   -1.77103305e-01
1606     5.23855037e-09    4.49717045e+00    9.98516876e+00   -1.43977801e-02   -1.77567385e-01
1607     5.24188370e-09    4.50183185e+00    9.98956874e+00   -9.21084213e-03   -1.77987494e-01
1608     5.24521704e-09    4.48821461e+00    9.99835153e+00   -1.17125651e-04   -1.78191547e-01
1609     5.24855037e-09    4.46150832e+00    1.00076890e+01    8.92670862e-03   -1.78096212e-01
1610     5.25188370e-09    4.43192243e+00    1.00136486e+01    1.41181800e-02   -1.77746502e-01
1611     5.25521704e-09    4.41077392e+00    1.00142175e+01    1.37577908e-02   -1.77286296e-01
1612     5.25855037e-09    4.40614272e+00    1.00096702e+01    8.46964776e-03   -1.76889094e-01
1613     5.26188370e-09    4.41978329e+00    1.00017920e+01    2.99166139e-04   -1.76695328e-01
1614     5.26521704e-09    4.44647378e+00    9.99316082e+00   -8.07293257e-03   -1.76774109e-01
1615     5.26855037e-09    4.47602660e+00    9.98673273e+00   -1.37728307e-02   -1.77103306e-01
1616     5.27188370e-09    4.49717044e+00    9.98516877e+00   -1.43977702e-02   -1.77567386e-01
1617     5.27521704e-09    4.50183185e+00    9.98956876e+00   -9.21082794e-03   -1.77987495e-01
1618     5.27855037e-09    4.48821461e+00    9.99835154e+00   -1.17113534e-04   -1.78191546e-01
1619     5.28188370e-09    4.46150832e+00    1.00076890e+01    8.92671260e-03   -1.78096212e-01
1620     5.28521704e-09    4.43192243e+00    1.00136486e+01    1.41181745e-02   -1.77746501e-01
1621     5.28855037e-09    4.41077392e+00    1.00142174e+01    1.37577794e-02   -1.77286296e-01
1622     5.29188370e-09    4.40614272e+00    1.00096702e+01    8.46963543e-03   -1.76889094e-01
1623     5.29521704e-09    4.41978329e+00    1.00017920e+01    2.99156642e-04   -1.76695329e-01
1624     5.29855037e-09    4.44647378e+00    9.99316081e+00   -8.07293679e-03   -1.76774110e-01
1625     5.30188370e-09    4.47602659e+00    9.98673273e+00   -1.37728280e-02   -1.77103307e-01
1626     5.30521704e-09    4.49717044e+00    9.98516878e+00   -1.43977602e-02   -1.77567386e-01
1627     5.30855037e-09    4.50183185e+00    9.98956877e+00   -9.21081376e-03   -1.77987495e-01
1628     5.31188370e-09    4.48821461e+00    9.99835155e+00   -1.17101414e-04   -1.78191546e-01
1629     5.31521704e-09    4.46150832e+00    1.00076890e+01    8.92671659e-03   -1.78096211e-01
1630     5.31855037e-09    4.43192243e+00    1.00136486e+01    1.41181690e-02   -1.77746500e-01
1631     5.32188370e-09    4.41077392e+00    1.00142174e+01    1.37577680e-02   -1.77286295e-01
1632     5.32521704e-09    4.40614272e+00    1.00096702e+01    8.46962309e-03   -1.76889094e-01
1633     5.32855037e-09    4.41978329e+00    1.00017920e+01    2.99147143e-04   -1.76695329e-01
1634     5.33188370e-09    4.44647378e+00    9.99316081e+00   -8.07294102e-03   -1.76774110e-01
1635     5.33521704e-09    4.47602659e+00    9.98673273e+00   -1.37728253e-02   -1.77103308e-01
1636     5.33855037e-09    4.49717044e+00    9.98516879e+00   -1.43977503e-02   -1.77567387e-01
1637     5.34188370e-09    4.50183185e+00    9.98956879e+00   -9.21079957e-03   -1.77987495e-01
1638     5.34521704e-09    4.48821461e+00    9.99835157e+00   -1.17089292e-04   -1.78191546e-01
1639     5.34855037e-09    4.46150832e+00    1.00076890e+01    8.92672058e-03   -1.78096210e-01
1640     5.35188370e-09    4.43192243e+00    1.00136486e+01    1.41181635e-02   -1.77746500e-01
1641     5.35521704e-09    4.41077392e+00    1.00142174e+01    1.37577566e-02   -1.77286295e-01
1642     5.35855037e-09    4.40614272e+00    1.00096702e+01    8.46961075e-03   -1.76889094e-01
1643     5.36188370e-09    4.41978329e+00    1.00017920e+01    2.99137642e-04   -1.76695329e-01
1644     5.36521704e-09    4.44647378e+00    9.99316080e+00   -8.07294524e-03   -1.76774111e-01
1645     5.36855037e-09    4.47602659e+00    9.98673273e+00   -1.37728225e-02   -1.77103308e-01
1646     5.37188370e-09    4.49717044e+00    9.98516880e+00   -1.43977403e-02   -1.77567387e-01
1647     5.37521704e-09    4.50183185e+00    9.98956880e+00   -9.21078537e-03   -1.77987495e-01
1648     5.37855037e-09    4.48821461e+00    9.99835158e+00   -1.17077168e-04   -1.78191546e-01
1649     5.38188370e-09    4.46150832e+00    1.00076890e+01    8.92672457e-03   -1.78096210e-01
1650     5.38521704e-09    4.43192243e+00    1.00136486e+01    1.41181580e-02   -1.77746499e-01
1651     5.38855037e-09    4.41077392e+00    1.00142174e+01    1.37577451e-02   -1.77286295e-01
1652     5.39188370e-09    4.40614271e+00    1.00096702e+01    8.46959841e-03   -1.76889094e-01
1653     5.39521704e-09    4.41978329e+00    1.00017920e+01    2.99128139e-04   -1.76695330e-01
1654     5.39855037e-09    4.44647378e+00    9.99316080e+00   -8.07294947e-03   -1.76774112e-01
1655     5.40188370e-09    4.47602659e+00    9.98673273e+00   -1.37728198e-02   -1.77103309e-01
1656     5.40521704e-09    4.49717044e+00    9.98516881e+00   -1.43977304e-02   -1.77567388e-01
1657     5.40855037e-09    4.50183185e+00    9.98956881e+00   -9.21077118e-03   -1.77987495e-01
1658     5.41188370e-09    4.48821461e+00    9.99835159e+00   -1.17065041e-04   -1.78191545e-01
1659     5.41521704e-09    4.46150832e+00    1.00076890e+01    8.92672856e-03   -1.78096209e-01
1660     5.41855037e-09    4.43192243e+00    1.00136486e+01    1.41181525e-02   -1.77746499e-01
1661     5.42188370e-09    4.41077392e+00    1.00142174e+01    1.37577337e-02   -1.77286294e-01
1662     5.42521704e-09    4.40614271e+00    1.00096702e+01    8.46958607e-03   -1.76889094e-01
1663     5.42855037e-09    4.41978329e+00    1.00017920e+01    2.99118634e-04   -1.76695330e-01
1664     5.43188370e-09    4.44647378e+00    9.99316079e+00   -8.07295369e-03   -1.76774112e-01
1665     5.43521704e-09    4.47602659e+00    9.98673274e+00   -1.37728170e-02   -1.77103310e-01
1666     5.43855037e-09    4.49717044e+00    9.98516881e+00   -1.43977204e-02   -1.77567388e-01
1667     5.44188370e-09    4.50183185e+00    9.98956883e+00   -9.21075698e-03   -1.77987495e-01
1668     5.44521704e-09    4.48821461e+00    9.99835161e+00   -1.17052911e-04   -1.78191545e-01
1669     5.44855037e-09    4.46150832e+00    1.00076890e+01    8.92673255e-03   -1.78096209e-01
1670     5.45188370e-09    4.43192243e+00    1.00136486e+01    1.41181469e-02   -1.77746498e-01
1671     5.45521704e-09    4.41077392e+00    1.00142174e+01    1.37577223e-02   -1.77286294e-01
1672     5.45855037e-09    4.40614271e+00    1.00096702e+01    8.46957373e-03   -1.76889094e-01
1673     5.46188370e-09    4.41978329e+00    1.00017920e+01    2.99109126e-04   -1.76695331e-01
1674     5.46521704e-09    4.44647378e+00    9.99316079e+00   -8.07295792e-03   -1.76774113e-01
1675     5.46855037e-09    4.47602659e+00    9.98673274e+00   -1.37728143e-02   -1.77103310e-01
1676     5.47188370e-09    4.49717044e+00    9.98516882e+00   -1.43977104e-02   -1.77567389e-01
1677     5.47521704e-09    4.50183185e+00    9.98956884e+00   -9.21074278e-03   -1.77987496e-01
1678     5.47855037e-09    4.48821461e+00    9.99835162e+00   -1.17040778e-04   -1.78191545e-01
1679     5.48188370e-09    4.46150832e+00    1.00076891e+01    8.92673654e-03   -1.78096208e-01
1680     5.48521704e-09    4.43192243e+00    1.00136486e+01    1.41181414e-02   -1.77746497e-01
1681     5.48855037e-09    4.41077392e+00    1.00142174e+01    1.37577108e-02   -1.77286294e-01
1682     5.49188370e-09    4.40614271e+00    1.00096701e+01    8.46956138e-03   -1.76889094e-01
1683     5.49521704e-09    4.41978329e+00    1.00017920e+01    2.99099617e-04   -1.76695331e-01
1684     5.49855037e-09    4.44647377e+00    9.99316078e+00   -8.07296215e-03   -1.76774114e-01
1685     5.50188370e-09    4.47602659e+00    9.98673274e+00   -1.37728115e-02   -1.77103311e-01
1686     5.50521704e-09    4.49717044e+00    9.98516883e+00   -1.43977005e-02   -1.77567390e-01
1687     5.50855037e-09    4.50183185e+00    9.98956886e+00   -9.21072857e-03   -1.77987496e-01
1688     5.51188370e-09    4.48821461e+00    9.99835163e+00   -1.17028643e-04   -1.78191544e-01
1689     5.51521704e-09    4.46150832e+00    1.00076891e+01    8.92674054e-03   -1.78096208e-01
1690     5.51855037e-09    4.43192244e+00    1.00136486e+01    1.41181359e-02   -1.77746497e-01
1691     5.52188370e-09    4.41077392e+00    1.00142174e+01    1.37576994e-02   -1.77286293e-01
1692     5.52521704e-09    4.40614271e+00    1.00096701e+01    8.46954903e-03   -1.76889094e-01
1693     5.52855037e-09    4.41978328e+00    1.00017920e+01    2.99090106e-04   -1.76695331e-01
1694     5.53188370e-09    4.44647377e+00    9.99316078e+00   -8.07296638e-03   -1.76774114e-01
1695     5.53521704e-09    4.47602658e+00    9.98673274e+00   -1.37728088e-02   -1.77103312e-01
1696     5.53855037e-09    4.49717043e+00    9.98516884e+00   -1.43976905e-02   -1.77567390e-01
1697     5.54188370e-09    4.50183185e+00    9.98956887e+00   -9.21071436e-03   -1.77987496e-01
1698     5.54521704e-09    4.48821461e+00    9.99835164e+00   -1.17016506e-04   -1.78191544e-01
1699     5.54855037e-09    4.46150832e+00    1.00076891e+01    8.92674453e-03   -1.78096207e-01
1700     5.55188370e-09    4.43192244e+00    1.00136486e+01    1.41181304e-02   -1.77746496e-01
1701     5.55521704e-09    4.41077392e+00    1.00142174e+01    1.37576880e-02   -1.77286293e-01
1702     5.55855037e-09    4.40614271e+00    1.00096701e+01    8.46953667e-03   -1.76889095e-01
1703     5.56188370e-09    4.41978328e+00    1.00017920e+01    2.99080592e-04   -1.76695332e-01
1704     5.56521704e-09    4.44647377e+00    9.99316077e+00   -8.07297061e-03   -1.76774115e-01
1705     5.56855037e-09    4.47602658e+00    9.98673274e+00   -1.37728060e-02   -1.77103313e-01
1706     5.57188370e-09    4.49717043e+00    9.98516885e+00   -1.43976805e-02   -1.77567391e-01
1707     5.57521704e-09    4.50183185e+00    9.98956889e+00   -9.21070015e-03   -1.77987496e-01
1708     5.57855037e-09    4.48821461e+00    9.99835166e+00   -1.17004365e-04   -1.78191544e-01
1709     5.58188370e-09    4.46150833e+00    1.00076891e+01    8.92674853e-03   -1.78096206e-01
1710     5.58521704e-09    4.43192244e+00    1.00136486e+01    1.41181249e-02   -1.77746496e-01
1711     5.58855037e-09    4.41077392e+00    1.00142174e+01    1.37576765e-02   -1.77286293e-01
1712     5.59188370e-09    4.40614271e+00    1.00096701e+01    8.46952432e-03   -1.76889095e-01
1713     5.59521704e-09    4.41978328e+00    1.00017919e+01    2.99071077e-04   -1.76695332e-01
1714     5.59855037e-09    4.44647377e+00    9.99316076e+00   -8.07297484e-03   -1.76774116e-01
1715     5.60188370e-09    4.47602658e+00    9.98673274e+00   -1.37728032e-02   -1.77103313e-01
1716     5.60521704e-09    4.49717043e+00    9.98516886e+00   -1.43976706e-02   -1.77567391e-01
1717     5.60855037e-09    4.50183185e+00    9.98956890e+00   -9.21068594e-03   -1.77987496e-01
1718     5.61188370e-09    4.48821461e+00    9.99835167e+00   -1.16992222e-04   -1.78191544e-01
1719     5.61521704e-09    4.46150833e+00    1.00076891e+01    8.92675252e-03   -1.78096206e-01
1720     5.61855037e-09    4.43192244e+00    1.00136486e+01    1.41181193e-02   -1.77746495e-01
1721     5.62188370e-09    4.41077392e+00    1.00142173e+01    1.37576651e-02   -1.77286292e-01
1722     5.62521704e-09    4.40614271e+00    1.00096701e+01    8.46951196e-03   -1.76889095e-01
1723     5.62855037e-09    4.41978328e+00    1.00017919e+01    2.99061560e-04   -1.76695333e-01
1724     5.63188370e-09    4.44647377e+00    9.99316076e+00   -8.07297908e-03   -1.76774116e-01
1725     5.63521704e-09    4.47602658e+00    9.98673274e+00   -1.37728005e-02   -1.77103314e-01
1726     5.63855037e-09    4.49717043e+00    9.98516887e+00   -1.43976606e-02   -1.77567392e-01
1727     5.64188370e-09    4.50183185e+00    9.98956891e+00   -9.21067172e-03   -1.77987497e-01
1728     5.64521704e-09    4.48821461e+00    9.99835168e+00   -1.16980077e-04   -1.78191543e-01
1729     5.64855037e-09    4.46150833e+00    1.00076891e+01    8.92675652e-03   -1.78096205e-01
1730     5.65188370e-09    4.43192244e+00    1.00136486e+01    1.41181138e-02   -1.77746494e-01
1731     5.65521704e-09    4.41077392e+00    1.00142173e+01    1.37576536e-02   -1.77286292e-01
1732     5.65855037e-09    4.40614271e+00    1.00096701e+01    8.46949960e-03   -1.76889095e-01
1733     5.66188370e-09    4.41978328e+00    1.00017919e+01    2.99052040e-04   -1.76695333e-01
1734     5.66521704e-09    4.44647377e+00    9.99316075e+00   -8.07298331e-03   -1.76774117e-01
1735     5.66855037e-09    4.47602658e+00    9.98673275e+00   -1.37727977e-02   -1.77103315e-01
1736     5.67188370e-09    4.49717043e+00    9.98516888e+00   -1.43976506e-02   -1.77567392e-01
1737     5.67521704e-09    4.50183185e+00    9.98956893e+00   -9.21065750e-03   -1.77987497e-01
1738     5.67855037e-09    4.48821461e+00    9.99835170e+00   -1.16967929e-04   -1.78191543e-01
1739     5.68188370e-09    4.46150833e+00    1.00076891e+01    8.92676051e-03   -1.78096205e-01
1740     5.68521704e-09    4.43192244e+00    1.00136486e+01    1.41181083e-02   -1.77746494e-01
1741     5.68855037e-09    4.41077392e+00    1.00142173e+01    1.37576422e-02   -1.77286292e-01
1742     5.69188370e-09    4.40614271e+00    1.00096701e+01    8.46948723e-03   -1.76889095e-01
1743     5.69521704e-09    4.41978328e+00    1.00017919e+01    2.99042518e-04   -1.76695334e-01
1744     5.69855037e-09    4.44647377e+00    9.99316075e+00   -8.07298754e-03   -1.76774118e-01
1745     5.70188370e-09    4.47602658e+00    9.98673275e+00   -1.37727950e-02   -1.77103316e-01
1746     5.70521704e-09    4.49717043e+00    9.98516889e+00   -1.43976406e-02   -1.77567393e-01
1747     5.70855037e-09    4.50183184e+00    9.98956894e+00   -9.21064328e-03   -1.77987497e-01
1748     5.71188370e-09    4.48821461e+00    9.99835171e+00   -1.16955778e-04   -1.78191543e-01
1749     5.71521704e-09    4.46150833e+00    1.00076891e+01    8.92676451e-03   -1.78096204e-01
1750     5.71855037e-09    4.43192244e+00    1.00136486e+01    1.41181027e-02   -1.77746493e-01
1751     5.72188370e-09    4.41077392e+00    1.00142173e+01    1.37576307e-02   -1.77286291e-01
1752     5.72521704e-09    4.40614271e+00    1.00096701e+01    8.46947487e-03   -1.76889095e-01
1753     5.72855037e-09    4.41978328e+00    1.00017919e+01    2.99032995e-04   -1.76695334e-01
1754     5.73188370e-09    4.44647376e+00    9.99316074e+00   -8.07299178e-03   -1.76774118e-01
1755     5.73521704e-09    4.47602658e+00    9.98673275e+00   -1.37727922e-02   -1.77103316e-01
1756     5.73855037e-09    4.49717043e+00    9.98516890e+00   -1.43976307e-02   -1.77567394e-01
1757     5.74188370e-09    4.50183184e+00    9.98956896e+00   -9.21062905e-03   -1.77987497e-01
1758     5.74521704e-09    4.48821461e+00    9.99835172e+00   -1.16943625e-04   -1.78191542e-01
1759     5.74855037e-09    4.46150833e+00    1.00076891e+01    8.92676851e-03   -1.78096203e-01
1760     5.75188370e-09    4.43192244e+00    1.00136486e+01    1.41180972e-02   -1.77746493e-01
1761     5.75521704e-09    4.41077392e+00    1.00142173e+01    1.37576193e-02   -1.77286291e-01
1762     5.75855037e-09    4.40614271e+00    1.00096700e+01    8.46946250e-03   -1.76889095e-01
1763     5.76188370e-09    4.41978328e+00    1.00017919e+01    2.99023469e-04   -1.76695334e-01
1764     5.76521704e-09    4.44647376e+00    9.99316074e+00   -8.07299602e-03   -1.76774119e-01
1765     5.76855037e-09    4.47602657e+00    9.98673275e+00   -1.37727895e-02   -1.77103317e-01
1766     5.77188370e-09    4.49717043e+00    9.98516891e+00   -1.43976207e-02   -1.77567394e-01
1767     5.77521704e-09    4.50183184e+00    9.98956897e+00   -9.21061482e-03   -1.77987497e-01
1768     5.77855037e-09    4.48821461e+00    9.99835174e+00   -1.16931469e-04   -1.78191542e-01
1769     5.78188370e-09    4.46150833e+00    1.00076891e+01    8.92677251e-03   -1.78096203e-01
1770     5.78521704e-09    4.43192244e+00    1.00136486e+01    1.41180917e-02   -1.77746492e-01
1771     5.78855037e-09    4.41077392e+00    1.00142173e+01    1.37576078e-02   -1.77286291e-01
1772     5.79188370e-09    4.40614271e+00    1.00096700e+01    8.46945013e-03   -1.76889095e-01
1773     5.79521704e-09    4.41978328e+00    1.00017919e+01    2.99013941e-04   -1.76695335e-01
1774     5.79855037e-09    4.44647376e+00    9.99316073e+00   -8.07300025e-03   -1.76774120e-01
1775     5.80188370e-09    4.47602657e+00    9.98673275e+00   -1.37727867e-02   -1.77103318e-01
1776     5.80521704e-09    4.49717042e+00    9.98516891e+00   -1.43976107e-02   -1.77567395e-01
1777     5.80855037e-09    4.50183184e+00    9.98956898e+00   -9.21060059e-03   -1.77987497e-01
1778     5.81188370e-09    4.48821461e+00    9.99835175e+00   -1.16919311e-04   -1.78191542e-01
1779     5.81521704e-09    4.46150833e+00    1.00076891e+01    8.92677651e-03   -1.78096202e-01
1780     5.81855037e-09    4.43192244e+00    1.00136486e+01    1.41180862e-02   -1.77746491e-01
1781     5.82188370e-09    4.41077392e+00    1.00142173e+01    1.37575963e-02   -1.77286290e-01
1782     5.82521704e-09    4.40614271e+00    1.00096700e+01    8.46943775e-03   -1.76889095e-01
1783     5.82855037e-09    4.41978328e+00    1.00017919e+01    2.99004412e-04   -1.76695335e-01
1784     5.83188370e-09    4.44647376e+00    9.99316073e+00   -8.07300449e-03   -1.76774120e-01
1785     5.83521704e-09    4.47602657e+00    9.98673275e+00   -1.37727840e-02   -1.77103319e-01
1786     5.83855037e-09    4.49717042e+00    9.98516892e+00   -1.43976007e-02   -1.77567395e-01
1787     5.84188370e-09    4.50183184e+00    9.98956900e+00   -9.21058635e-03   -1.77987498e-01
1788     5.84521704e-09    4.48821461e+00    9.99835176e+00   -1.16907150e-04   -1.78191542e-01
1789     5.84855037e-09    4.46150833e+00    1.00076891e+01    8.92678051e-03   -1.78096202e-01
1790     5.85188370e-09    4.43192244e+00    1.00136486e+01    1.41180806e-02   -1.77746491e-01
1791     5.85521704e-09    4.41077392e+00    1.00142173e+01    1.37575849e-02   -1.77286290e-01
1792     5.85855037e-09    4.40614271e+00    1.00096700e+01    8.46942537e-03   -1.76889095e-01
1793     5.86188370e-09    4.41978327e+00    1.00017919e+01    2.98994880e-04   -1.76695336e-01
1794     5.86521704e-09    4.44647376e+00    9.99316072e+00   -8.07300873e-03   -1.76774121e-01
1795     5.86855037e-09    4.47602657e+00    9.98673276e+00   -1.37727812e-02   -1.77103319e-01
1796     5.87188370e-09    4.49717042e+00    9.98516893e+00   -1.43975907e-02   -1.77567396e-01
1797     5.87521704e-09    4.50183184e+00    9.98956901e+00   -9.21057212e-03   -1.77987498e-01
1798     5.87855037e-09    4.48821461e+00    9.99835177e+00   -1.16894986e-04   -1.78191541e-01
1799     5.88188370e-09    4.46150833e+00    1.00076891e+01    8.92678451e-03   -1.78096201e-01
1800     5.88521704e-09    4.43192244e+00    1.00136486e+01    1.41180751e-02   -1.77746490e-01
1801     5.88855037e-09    4.41077392e+00    1.00142173e+01    1.37575734e-02   -1.77286289e-01
1802     5.89188370e-09    4.40614271e+00    1.00096700e+01    8.46941299e-03   -1.76889095e-01
1803     5.89521704e-09    4.41978327e+00    1.00017918e+01    2.98985346e-04   -1.76695336e-01
1804     5.89855037e-09    4.44647376e+00    9.99316072e+00   -8.07301297e-03   -1.76774122e-01
1805     5.90188370e-09    4.47602657e+00    9.98673276e+00   -1.37727785e-02   -1.77103320e-01
1806     5.90521704e-09    4.49717042e+00    9.98516894e+00   -1.43975807e-02   -1.77567396e-01
1807     5.90855037e-09    4.50183184e+00    9.98956903e+00   -9.21055787e-03   -1.77987498e-01
1808     5.91188370e-09    4.48821461e+00    9.99835179e+00   -1.16882820e-04   -1.78191541e-01
1809     5.91521704e-09    4.46150833e+00    1.00076891e+01    8.92678852e-03   -1.78096201e-01
1810     5.91855037e-09    4.43192244e+00    1.00136486e+01    1.41180696e-02   -1.77746490e-01
1811     5.92188370e-09    4.41077392e+00    1.00142172e+01    1.37575619e-02   -1.77286289e-01
1812     5.92521704e-09    4.40614271e+00    1.00096700e+01    8.46940061e-03   -1.76889095e-01
1813     5.92855037e-09    4.41978327e+00    1.00017918e+01    2.98975810e-04   -1.76695336e-01
1814     5.93188370e-09    4.44647376e+00    9.99316071e+00   -8.07301721e-03   -1.76774123e-01
1815     5.93521704e-09    4.47602657e+00    9.98673276e+00   -1.37727757e-02   -1.77103321e-01
1816     5.93855037e-09    4.49717042e+00    9.98516895e+00   -1.43975707e-02   -1.77567397e-01
1817     5.94188370e-09    4.50183184e+00    9.98956904e+00   -9.21054363e-03   -1.77987498e-01
1818     5.94521704e-09    4.48821461e+00    9.99835180e+00   -1.16870651e-04   -1.78191541e-01
1819     5.94855037e-09    4.46150833e+00    1.00076891e+01    8.92679252e-03   -1.78096200e-01
1820     5.95188370e-09    4.43192244e+00    1.00136486e+01    1.41180640e-02   -1.77746489e-01
1821     5.95521704e-09    4.41077392e+00    1.00142172e+01    1.37575505e-02   -1.77286289e-01
1822     5.95855037e-09    4.40614271e+00    1.00096700e+01    8.46938823e-03   -1.76889095e-01
1823     5.96188370e-09    4.41978327e+00    1.00017918e+01    2.98966272e-04   -1.76695337e-01
1824     5.96521704e-09    4.44647376e+00    9.99316070e+00   -8.07302145e-03   -1.76774123e-01
1825     5.96855037e-09    4.47602657e+00    9.98673276e+00   -1.37727729e-02   -1.77103322e-01
1826     5.97188370e-09    4.49717042e+00    9.98516896e+00   -1.43975608e-02   -1.77567397e-01
1827     5.97521704e-09    4.50183184e+00    9.98956906e+00   -9.21052938e-03   -1.77987498e-01
1828     5.97855037e-09    4.48821461e+00    9.99835181e+00   -1.16858480e-04   -1.78191541e-01
1829     5.98188370e-09    4.46150833e+00    1.00076891e+01    8.92679653e-03   -1.78096199e-01
1830     5.98521704e-09    4.43192244e+00    1.00136486e+01    1.41180585e-02   -1.77746488e-01
1831     5.98855037e-09    4.41077392e+00    1.00142172e+01    1.37575390e-02   -1.77286288e-01
1832     5.99188370e-09    4.40614271e+00    1.00096700e+01    8.46937584e-03   -1.76889095e-01
1833     5.99521704e-09    4.41978327e+00    1.00017918e+01    2.98956732e-04   -1.76695337e-01
1834     5.99855037e-09    4.44647375e+00    9.99316070e+00   -8.07302569e-03   -1.76774124e-01
1835     6.00188370e-09    4.47602656e+00    9.98673276e+00   -1.37727702e-02   -1.77103322e-01
1836     6.00521704e-09    4.49717042e+00    9.98516897e+00   -1.43975508e-02   -1.77567398e-01
1837     6.00855037e-09    4.50183184e+00    9.98956907e+00   -9.21051513e-03   -1.77987498e-01
1838     6.01188370e-09    4.48821461e+00    9.99835183e+00   -1.16846306e-04   -1.78191540e-01
1839     6.01521704e-09    4.46150833e+00    1.00076891e+01    8.92680053e-03   -1.78096199e-01
1840     6.01855037e-09    4.43192244e+00    1.00136486e+01    1.41180529e-02   -1.77746488e-01
1841     6.02188370e-09    4.41077392e+00    1.00142172e+01    1.37575275e-02   -1.77286288e-01
1842     6.02521704e-09    4.40614271e+00    1.00096699e+01    8.46936345e-03   -1.76889095e-01
1843     6.02855037e-09    4.41978327e+00    1.00017918e+01    2.98947190e-04   -1.76695338e-01
1844     6.03188370e-09    4.44647375e+00    9.99316069e+00   -8.07302994e-03   -1.76774125e-01
1845     6.03521704e-09    4.47602656e+00    9.98673276e+00   -1.37727674e-02   -1.77103323e-01
1846     6.03855037e-09    4.49717042e+00    9.98516898e+00   -1.43975408e-02   -1.77567399e-01
1847     6.04188370e-09    4.50183184e+00    9.98956908e+00   -9.21050088e-03   -1.77987499e-01
1848     6.04521704e-09    4.48821460e+00    9.99835184e+00   -1.16834129e-04   -1.78191540e-01
1849     6.04855037e-09    4.46150833e+00    1.00076891e+01    8.92680454e-03   -1.78096198e-01
1850     6.05188370e-09    4.43192244e+00    1.00136485e+01    1.41180474e-02   -1.77746487e-01
1851     6.05521704e-09    4.41077392e+00    1.00142172e+01    1.37575160e-02   -1.77286288e-01
1852     6.05855037e-09    4.40614271e+00    1.00096699e+01    8.46935105e-03   -1.76889095e-01
1853     6.06188370e-09    4.41978327e+00    1.00017918e+01    2.98937646e-04   -1.76695338e-01
1854     6.06521704e-09    4.44647375e+00    9.99316069e+00   -8.07303418e-03   -1.76774125e-01
1855     6.06855037e-09    4.47602656e+00    9.98673276e+00   -1.37727647e-02   -1.77103324e-01
1856     6.07188370e-09    4.49717042e+00    9.98516899e+00   -1.43975308e-02   -1.77567399e-01
1857     6.07521704e-09    4.50183184e+00    9.98956910e+00   -9.21048662e-03   -1.77987499e-01
1858     6.07855037e-09    4.48821460e+00    9.99835185e+00   -1.16821950e-04   -1.78191540e-01
1859     6.08188370e-09    4.46150833e+00    1.00076891e+01    8.92680854e-03   -1.78096198e-01
1860     6.08521704e-09    4.43192244e+00    1.00136485e+01    1.41180419e-02   -1.77746487e-01
1861     6.08855037e-09    4.41077392e+00    1.00142172e+01    1.37575046e-02   -1.77286287e-01
1862     6.09188370e-09    4.40614271e+00    1.00096699e+01    8.46933866e-03   -1.76889095e-01
1863     6.09521704e-09    4.41978327e+00    1.00017918e+01    2.98928100e-04   -1.76695338e-01
1864     6.09855037e-09    4.44647375e+00    9.99316068e+00   -8.07303843e-03   -1.76774126e-01
1865     6.10188370e-09    4.47602656e+00    9.98673277e+00   -1.37727619e-02   -1.77103325e-01
1866     6.10521704e-09    4.49717041e+00    9.98516900e+00   -1.43975208e-02   -1.77567400e-01
1867     6.10855037e-09    4.50183184e+00    9.98956911e+00   -9.21047236e-03   -1.77987499e-01
1868     6.11188370e-09    4.48821460e+00    9.99835187e+00   -1.16809768e-04   -1.78191539e-01
1869     6.11521704e-09    4.46150833e+00    1.00076892e+01    8.92681255e-03   -1.78096197e-01
1870     6.11855037e-09    4.43192244e+00    1.00136485e+01    1.41180363e-02   -1.77746486e-01
1871     6.12188370e-09    4.41077392e+00    1.00142172e+01    1.37574931e-02   -1.77286287e-01
1872     6.12521704e-09    4.40614271e+00    1.00096699e+01    8.46932626e-03   -1.76889095e-01
1873     6.12855037e-09    4.41978327e+00    1.00017918e+01    2.98918552e-04   -1.76695339e-01
1874     6.13188370e-09    4.44647375e+00    9.99316068e+00   -8.07304267e-03   -1.76774127e-01
1875     6.13521704e-09    4.47602656e+00    9.98673277e+00   -1.37727591e-02   -1.77103325e-01
1876     6.13855037e-09    4.49717041e+00    9.98516901e+00   -1.43975107e-02   -1.77567400e-01
1877     6.14188370e-09    4.50183184e+00    9.98956913e+00   -9.21045810e-03   -1.77987499e-01
1878     6.14521704e-09    4.48821460e+00    9.99835188e+00   -1.16797583e-04   -1.78191539e-01
1879     6.14855037e-09    4.46150833e+00    1.00076892e+01    8.92681656e-03   -1.78096196e-01
1880     6.15188370e-09    4.43192244e+00    1.00136485e+01    1.41180308e-02   -1.77746485e-01
1881     6.15521704e-09    4.41077392e+00    1.00142172e+01    1.37574816e-02   -1.77286287e-01
1882     6.15855037e-09    4.40614271e+00    1.00096699e+01    8.46931386e-03   -1.76889095e-01
1883     6.16188370e-09    4.41978327e+00    1.00017918e+01    2.98909002e-04   -1.76695339e-01
1884     6.16521704e-09    4.44647375e+00    9.99316067e+00   -8.07304692e-03   -1.76774127e-01
1885     6.16855037e-09    4.47602656e+00    9.98673277e+00   -1.37727564e-02   -1.77103326e-01
1886     6.17188370e-09    4.49717041e+00    9.98516902e+00   -1.43975007e-02   -1.77567401e-01
1887     6.17521704e-09    4.50183184e+00    9.98956914e+00   -9.21044383e-03   -1.77987499e-01
1888     6.17855037e-09    4.48821460e+00    9.99835189e+00   -1.16785396e-04   -1.78191539e-01
1889     6.18188370e-09    4.46150833e+00    1.00076892e+01    8.92682057e-03   -1.78096196e-01
1890     6.18521704e-09    4.43192244e+00    1.00136485e+01    1.41180252e-02   -1.77746485e-01
1891     6.18855037e-09    4.41077392e+00    1.00142172e+01    1.37574701e-02   -1.77286286e-01
1892     6.19188370e-09    4.40614271e+00    1.00096699e+01    8.46930145e-03   -1.76889095e-01
1893     6.19521704e-09    4.41978327e+00    1.00017918e+01    2.98899450e-04   -1.76695340e-01
1894     6.19855037e-09    4.44647375e+00    9.99316067e+00   -8.07305117e-03   -1.76774128e-01
1895     6.20188370e-09    4.47602656e+00    9.98673277e+00   -1.37727536e-02   -1.77103327e-01
1896     6.20521704e-09    4.49717041e+00    9.98516902e+00   -1.43974907e-02   -1.77567401e-01
1897     6.20855037e-09    4.50183183e+00    9.98956916e+00   -9.21042956e-03   -1.77987499e-01
1898     6.21188370e-09    4.48821460e+00    9.99835190e+00   -1.16773207e-04   -1.78191539e-01
1899     6.21521704e-09    4.46150833e+00    1.00076892e+01    8.92682458e-03   -1.78096195e-01
1900     6.21855037e-09    4.43192244e+00    1.00136485e+01    1.41180197e-02   -1.77746484e-01
1901     6.22188370e-09    4.41077392e+00    1.00142171e+01    1.37574586e-02   -1.77286286e-01
1902     6.22521704e-09    4.40614270e+00    1.00096699e+01    8.46928905e-03   -1.76889095e-01
1903     6.22855037e-09    4.41978326e+00    1.00017917e+01    2.98889895e-04   -1.76695340e-01
1904     6.23188370e-09    4.44647374e+00    9.99316066e+00   -8.07305541e-03   -1.76774129e-01
1905     6.23521704e-09    4.47602655e+00    9.98673277e+00   -1.37727508e-02   -1.77103327e-01
1906     6.23855037e-09    4.49717041e+00    9.98516903e+00   -1.43974807e-02   -1.77567402e-01
1907     6.24188370e-09    4.50183183e+00    9.98956917e+00   -9.21041529e-03   -1.77987500e-01
1908     6.24521704e-09    4.48821460e+00    9.99835192e+00   -1.16761015e-04   -1.78191538e-01
1909     6.24855037e-09    4.46150833e+00    1.00076892e+01    8.92682859e-03   -1.78096195e-01
1910     6.25188370e-09    4.43192245e+00    1.00136485e+01    1.41180141e-02   -1.77746483e-01
1911     6.25521704e-09    4.41077392e+00    1.00142171e+01    1.37574471e-02   -1.77286286e-01
1912     6.25855037e-09    4.40614270e+00    1.00096699e+01    8.46927664e-03   -1.76889095e-01
1913     6.26188370e-09    4.41978326e+00    1.00017917e+01    2.98880339e-04   -1.76695340e-01
1914     6.26521704e-09    4.44647374e+00    9.99316065e+00   -8.07305966e-03   -1.76774129e-01
1915     6.26855037e-09    4.47602655e+00    9.98673277e+00   -1.37727481e-02   -1.77103328e-01
1916     6.27188370e-09    4.49717041e+00    9.98516904e+00   -1.43974707e-02   -1.77567403e-01
1917     6.27521704e-09    4.50183183e+00    9.98956918e+00   -9.21040101e-03   -1.77987500e-01
1918     6.27855037e-09    4.48821460e+00    9.99835193e+00   -1.16748820e-04   -1.78191538e-01
1919     6.28188370e-09    4.46150833e+00    1.00076892e+01    8.92683260e-03   -1.78096194e-01
1920     6.28521704e-09    4.43192245e+00    1.00136485e+01    1.41180086e-02   -1.77746483e-01
1921     6.28855037e-09    4.41077392e+00    1.00142171e+01    1.37574356e-02   -1.77286285e-01
1922     6.29188370e-09    4.40614270e+00    1.00096698e+01    8.46926423e-03   -1.76889095e-01
1923     6.29521704e-09    4.41978326e+00    1.00017917e+01    2.98870781e-04   -1.76695341e-01
1924     6.29855037e-09    4.44647374e+00    9.99316065e+00   -8.07306391e-03   -1.76774130e-01
1925     6.30188370e-09    4.47602655e+00    9.98673277e+00   -1.37727453e-02   -1.77103329e-01
1926     6.30521704e-09    4.49717041e+00    9.98516905e+00   -1.43974607e-02   -1.77567403e-01
1927     6.30855037e-09    4.50183183e+00    9.98956920e+00   -9.21038673e-03   -1.77987500e-01
1928     6.31188370e-09    4.48821460e+00    9.99835194e+00   -1.16736622e-04   -1.78191538e-01
1929     6.31521704e-09    4.46150833e+00    1.00076892e+01    8.92683662e-03   -1.78096193e-01
1930     6.31855037e-09    4.43192245e+00    1.00136485e+01    1.41180030e-02   -1.77746482e-01
1931     6.32188370e-09    4.41077392e+00    1.00142171e+01    1.37574241e-02   -1.77286285e-01
1932     6.32521704e-09    4.40614270e+00    1.00096698e+01    8.46925181e-03   -1.76889095e-01
1933     6.32855037e-09    4.41978326e+00    1.00017917e+01    2.98861221e-04   -1.76695341e-01
1934     6.33188370e-09    4.44647374e+00    9.99316064e+00   -8.07306817e-03   -1.76774131e-01
1935     6.33521704e-09    4.47602655e+00    9.98673278e+00   -1.37727425e-02   -1.77103330e-01
1936     6.33855037e-09    4.49717041e+00    9.98516906e+00   -1.43974507e-02   -1.77567404e-01
1937     6.34188370e-09    4.50183183e+00    9.98956921e+00   -9.21037245e-03   -1.77987500e-01
1938     6.34521704e-09    4.48821460e+00    9.99835196e+00   -1.16724422e-04   -1.78191537e-01
1939     6.34855037e-09    4.46150833e+00    1.00076892e+01    8.92684063e-03   -1.78096193e-01
1940     6.35188370e-09    4.43192245e+00    1.00136485e+01    1.41179975e-02   -1.77746482e-01
1941     6.35521704e-09    4.41077392e+00    1.00142171e+01    1.37574126e-02   -1.77286284e-01
1942     6.35855037e-09    4.40614270e+00    1.00096698e+01    8.46923940e-03   -1.76889095e-01
1943     6.36188370e-09    4.41978326e+00    1.00017917e+01    2.98851658e-04   -1.76695342e-01
1944     6.36521704e-09    4.44647374e+00    9.99316064e+00   -8.07307242e-03   -1.76774131e-01
1945     6.36855037e-09    4.47602655e+00    9.98673278e+00   -1.37727398e-02   -1.77103330e-01
1946     6.37188370e-09    4.49717040e+00    9.98516907e+00   -1.43974407e-02   -1.77567404e-01
1947     6.37521704e-09    4.50183183e+00    9.98956923e+00   -9.21035817e-03   -1.77987500e-01
1948     6.37855037e-09    4.48821460e+00    9.99835197e+00   -1.16712220e-04   -1.78191537e-01
1949     6.38188370e-09    4.46150833e+00    1.00076892e+01    8.92684464e-03   -1.78096192e-01
1950     6.38521704e-09    4.43192245e+00    1.00136485e+01    1.41179919e-02   -1.77746481e-01
1951     6.38855037e-09    4.41077392e+00    1.00142171e+01    1.37574011e-02   -1.77286284e-01
1952     6.39188370e-09    4.40614270e+00    1.00096698e+01    8.46922698e-03   -1.76889095e-01
1953     6.39521704e-09    4.41978326e+00    1.00017917e+01    2.98842094e-04   -1.76695342e-01
1954     6.39855037e-09    4.44647374e+00    9.99316063e+00   -8.07307667e-03   -1.76774132e-01
1955     6.40188370e-09    4.47602655e+00    9.98673278e+00   -1.37727370e-02   -1.77103331e-01
1956     6.40521704e-09    4.49717040e+00    9.98516908e+00   -1.43974306e-02   -1.77567405e-01
1957     6.40855037e-09    4.50183183e+00    9.98956924e+00   -9.21034388e-03   -1.77987500e-01
1958     6.41188370e-09    4.48821460e+00    9.99835198e+00   -1.16700015e-04   -1.78191537e-01
1959     6.41521704e-09    4.46150833e+00    1.00076892e+01    8.92684866e-03   -1.78096192e-01
1960     6.41855037e-09    4.43192245e+00    1.00136485e+01    1.41179864e-02   -1.77746480e-01
1961     6.42188370e-09    4.41077392e+00    1.00142171e+01    1.37573896e-02   -1.77286284e-01
1962     6.42521704e-09    4.40614270e+00    1.00096698e+01    8.46921455e-03   -1.76889095e-01
1963     6.42855037e-09    4.41978326e+00    1.00017917e+01    2.98832527e-04   -1.76695343e-01
1964     6.43188370e-09    4.44647374e+00    9.99316063e+00   -8.07308093e-03   -1.76774133e-01
1965     6.43521704e-09    4.47602655e+00    9.98673278e+00   -1.37727342e-02   -1.77103332e-01
1966     6.43855037e-09    4.49717040e+00    9.98516909e+00   -1.43974206e-02   -1.77567405e-01
1967     6.44188370e-09    4.50183183e+00    9.98956925e+00   -9.21032959e-03   -1.77987501e-01
1968     6.44521704e-09    4.48821460e+00    9.99835200e+00   -1.16687807e-04   -1.78191537e-01
1969     6.44855037e-09    4.46150834e+00    1.00076892e+01    8.92685268e-03   -1.78096191e-01
1970     6.45188370e-09    4.43192245e+00    1.00136485e+01    1.41179808e-02   -1.77746480e-01
1971     6.45521704e-09    4.41077392e+00    1.00142171e+01    1.37573781e-02   -1.77286283e-01
1972     6.45855037e-09    4.40614270e+00    1.00096698e+01    8.46920213e-03   -1.76889095e-01
1973     6.46188370e-09    4.41978326e+00    1.00017917e+01    2.98822959e-04   -1.76695343e-01
1974     6.46521704e-09    4.44647374e+00    9.99316062e+00   -8.07308518e-03   -1.76774133e-01
1975     6.46855037e-09    4.47602654e+00    9.98673278e+00   -1.37727315e-02   -1.77103333e-01
1976     6.47188370e-09    4.49717040e+00    9.98516910e+00   -1.43974106e-02   -1.77567406e-01
1977     6.47521704e-09    4.50183183e+00    9.98956927e+00   -9.21031529e-03   -1.77987501e-01
1978     6.47855037e-09    4.48821460e+00    9.99835201e+00   -1.16675596e-04   -1.78191536e-01
1979     6.48188370e-09    4.46150834e+00    1.00076892e+01    8.92685669e-03   -1.78096191e-01
1980     6.48521704e-09    4.43192245e+00    1.00136485e+01    1.41179753e-02   -1.77746479e-01
1981     6.48855037e-09    4.41077392e+00    1.00142171e+01    1.37573666e-02   -1.77286283e-01
1982     6.49188370e-09    4.40614270e+00    1.00096698e+01    8.46918970e-03   -1.76889095e-01
1983     6.49521704e-09    4.41978326e+00    1.00017917e+01    2.98813388e-04   -1.76695343e-01
1984     6.49855037e-09    4.44647373e+00    9.99316062e+00   -8.07308944e-03   -1.76774134e-01
1985     6.50188370e-09    4.47602654e+00    9.98673278e+00   -1.37727287e-02   -1.77103333e-01
1986     6.50521704e-09    4.49717040e+00    9.98516911e+00   -1.43974005e-02   -1.77567406e-01
1987     6.50855037e-09    4.50183183e+00    9.98956928e+00   -9.21030100e-03   -1.77987501e-01
1988     6.51188370e-09    4.48821460e+00    9.99835202e+00   -1.16663383e-04   -1.78191536e-01
1989     6.51521704e-09    4.46150834e+00    1.00076892e+01    8.92686071e-03   -1.78096190e-01
1990     6.51855037e-09    4.43192245e+00    1.00136485e+01    1.41179697e-02   -1.77746479e-01
1991     6.52188370e-09    4.41077392e+00    1.00142171e+01    1.37573551e-02   -1.77286283e-01
1992     6.52521704e-09    4.40614270e+00    1.00096698e+01    8.46917727e-03   -1.76889095e-01
1993     6.52855037e-09    4.41978326e+00    1.00017917e+01    2.98803815e-04   -1.76695344e-01
1994     6.53188370e-09    4.44647373e+00    9.99316061e+00   -8.07309369e-03   -1.76774135e-01
1995     6.53521704e-09    4.47602654e+00    9.98673278e+00   -1.37727259e-02   -1.77103334e-01
1996     6.53855037e-09    4.49717040e+00    9.98516912e+00   -1.43973905e-02   -1.77567407e-01
1997     6.54188370e-09    4.50183183e+00    9.98956930e+00   -9.21028670e-03   -1.77987501e-01
1998     6.54521704e-09    4.48821460e+00    9.99835204e+00   -1.16651168e-04   -1.78191536e-01
1999     6.54855037e-09    4.46150834e+00    1.00076892e+01    8.92686473e-03   -1.78096189e-01
2000     6.55188370e-09    4.43192245e+00    1.00136485e+01    1.41179642e-02   -1.77746478e-01
2001     6.55521704e-09    4.41077392e+00    1.00142170e+01    1.37573436e-02   -1.77286282e-01
2002     6.55855037e-09    4.40614270e+00    1.00096697e+01    8.46916484e-03   -1.76889095e-01
2003     6.56188370e-09    4.41978326e+00    1.00017916e+01    2.98794241e-04   -1.76695344e-01
2004     6.56521704e-09    4.44647373e+00    9.99316061e+00   -8.07309795e-03   -1.76774135e-01
2005     6.56855037e-09    4.47602654e+00    9.98673279e+00   -1.37727232e-02   -1.77103335e-01
2006     6.57188370e-09    4.49717040e+00    9.98516913e+00   -1.43973805e-02   -1.77567408e-01
2007     6.57521704e-09    4.50183183e+00    9.98956931e+00   -9.21027239e-03   -1.77987501e-01
2008     6.57855037e-09    4.48821460e+00    9.99835205e+00   -1.16638950e-04   -1.78191535e-01
2009     6.58188370e-09    4.46150834e+00    1.00076892e+01    8.92686875e-03   -1.78096189e-01
2010     6.58521704e-09    4.43192245e+00    1.00136485e+01    1.41179586e-02   -1.77746477e-01
2011     6.58855037e-09    4.41077392e+00    1.00142170e+01    1.37573320e-02   -1.77286282e-01
2012     6.59188370e-09    4.40614270e+00    1.00096697e+01    8.46915240e-03   -1.76889095e-01
2013     6.59521704e-09    4.41978325e+00    1.00017916e+01    2.98784664e-04   -1.76695345e-01
2014     6.59855037e-09    4.44647373e+00    9.99316060e+00   -8.07310221e-03   -1.76774136e-01
2015     6.60188370e-09    4.47602654e+00    9.98673279e+00   -1.37727204e-02   -1.77103336e-01
2016     6.60521704e-09    4.49717040e+00    9.98516913e+00   -1.43973704e-02   -1.77567408e-01
2017     6.60855037e-09    4.50183183e+00    9.98956933e+00   -9.21025809e-03   -1.77987502e-01
2018     6.61188370e-09    4.48821460e+00    9.99835206e+00   -1.16626729e-04   -1.78191535e-01
2019     6.61521704e-09    4.46150834e+00    1.00076892e+01    8.92687277e-03   -1.78096188e-01
2020     6.61855037e-09    4.43192245e+00    1.00136485e+01    1.41179530e-02   -1.77746477e-01
2021     6.62188370e-09    4.41077392e+00    1.00142170e+01    1.37573205e-02   -1.77286282e-01
2022     6.62521704e-09    4.40614270e+00    1.00096697e+01    8.46913996e-03   -1.76889095e-01
2023     6.62855037e-09    4.41978325e+00    1.00017916e+01    2.98775085e-04   -1.76695345e-01
2024     6.63188370e-09    4.44647373e+00    9.99316059e+00   -8.07310647e-03   -1.76774137e-01
2025     6.63521704e-09    4.47602654e+00    9.98673279e+00   -1.37727176e-02   -1.77103336e-01
2026     6.63855037e-09    4.49717040e+00    9.98516914e+00   -1.43973604e-02   -1.77567409e-01
2027     6.64188370e-09    4.50183183e+00    9.98956934e+00   -9.21024378e-03   -1.77987502e-01
2028     6.64521704e-09    4.48821460e+00    9.99835207e+00   -1.16614506e-04   -1.78191535e-01
2029     6.64855037e-09    4.46150834e+00    1.00076892e+01    8.92687679e-03   -1.78096188e-01
2030     6.65188370e-09    4.43192245e+00    1.00136485e+01    1.41179475e-02   -1.77746476e-01
2031     6.65521704e-09    4.41077392e+00    1.00142170e+01    1.37573090e-02   -1.77286281e-01
2032     6.65855037e-09    4.40614270e+00    1.00096697e+01    8.46912752e-03   -1.76889095e-01
2033     6.66188370e-09    4.41978325e+00    1.00017916e+01    2.98765505e-04   -1.76695345e-01
2034     6.66521704e-09    4.44647373e+00    9.99316059e+00   -8.07311073e-03   -1.76774137e-01
2035     6.66855037e-09    4.47602654e+00    9.98673279e+00   -1.37727148e-02   -1.77103337e-01
2036     6.67188370e-09    4.49717039e+00    9.98516915e+00   -1.43973504e-02   -1.77567409e-01
2037     6.67521704e-09    4.50183183e+00    9.98956935e+00   -9.21022947e-03   -1.77987502e-01
2038     6.67855037e-09    4.48821460e+00    9.99835209e+00   -1.16602280e-04   -1.78191535e-01
2039     6.68188370e-09    4.46150834e+00    1.00076892e+01    8.92688081e-03   -1.78096187e-01
2040     6.68521704e-09    4.43192245e+00    1.00136485e+01    1.41179419e-02   -1.77746476e-01
2041     6.68855037e-09    4.41077392e+00    1.00142170e+01    1.37572975e-02   -1.77286281e-01
2042     6.69188370e-09    4.40614270e+00    1.00096697e+01    8.46911508e-03   -1.76889096e-01
2043     6.69521704e-09    4.41978325e+00    1.00017916e+01    2.98755922e-04   -1.76695346e-01
2044     6.69855037e-09    4.44647373e+00    9.99316058e+00   -8.07311499e-03   -1.76774138e-01
2045     6.70188370e-09    4.47602653e+00    9.98673279e+00   -1.37727121e-02   -1.77103338e-01
2046     6.70521704e-09    4.49717039e+00    9.98516916e+00   -1.43973403e-02   -1.77567410e-01
2047     6.70855037e-09    4.50183182e+00    9.98956937e+00   -9.21021515e-03   -1.77987502e-01
2048     6.71188370e-09    4.48821460e+00    9.99835210e+00   -1.16590051e-04   -1.78191534e-01
2049     6.71521704e-09    4.46150834e+00    1.00076893e+01    8.92688484e-03   -1.78096186e-01
2050     6.71855037e-09    4.43192245e+00    1.00136485e+01    1.41179363e-02   -1.77746475e-01
2051     6.72188370e-09    4.41077392e+00    1.00142170e+01    1.37572859e-02   -1.77286281e-01
2052     6.72521704e-09    4.40614270e+00    1.00096697e+01    8.46910263e-03   -1.76889096e-01
2053     6.72855037e-09    4.41978325e+00    1.00017916e+01    2.98746337e-04   -1.76695346e-01
2054     6.73188370e-09    4.44647372e+00    9.99316058e+00   -8.07311925e-03   -1.76774139e-01
2055     6.73521704e-09    4.47602653e+00    9.98673279e+00   -1.37727093e-02   -1.77103339e-01
2056     6.73855037e-09    4.49717039e+00    9.98516917e+00   -1.43973303e-02   -1.77567410e-01
2057     6.74188370e-09    4.50183182e+00    9.98956938e+00   -9.21020083e-03   -1.77987502e-01
2058     6.74521704e-09    4.48821460e+00    9.99835211e+00   -1.16577820e-04   -1.78191534e-01
2059     6.74855037e-09    4.46150834e+00    1.00076893e+01    8.92688886e-03   -1.78096186e-01
2060     6.75188370e-09    4.43192245e+00    1.00136485e+01    1.41179308e-02   -1.77746474e-01
2061     6.75521704e-09    4.41077392e+00    1.00142170e+01    1.37572744e-02   -1.77286280e-01
2062     6.75855037e-09    4.40614270e+00    1.00096697e+01    8.46909018e-03   -1.76889096e-01
2063     6.76188370e-09    4.41978325e+00    1.00017916e+01    2.98736750e-04   -1.76695347e-01
2064     6.76521704e-09    4.44647372e+00    9.99316057e+00   -8.07312351e-03   -1.76774139e-01
2065     6.76855037e-09    4.47602653e+00    9.98673279e+00   -1.37727065e-02   -1.77103339e-01
2066     6.77188370e-09    4.49717039e+00    9.98516918e+00   -1.43973202e-02   -1.77567411e-01
2067     6.77521704e-09    4.50183182e+00    9.98956940e+00   -9.21018651e-03   -1.77987502e-01
2068     6.77855037e-09    4.48821460e+00    9.99835213e+00   -1.16565586e-04   -1.78191534e-01
2069     6.78188370e-09    4.46150834e+00    1.00076893e+01    8.92689288e-03   -1.78096185e-01
2070     6.78521704e-09    4.43192245e+00    1.00136485e+01    1.41179252e-02   -1.77746474e-01
2071     6.78855037e-09    4.41077392e+00    1.00142170e+01    1.37572629e-02   -1.77286280e-01
2072     6.79188370e-09    4.40614270e+00    1.00096697e+01    8.46907773e-03   -1.76889096e-01
2073     6.79521704e-09    4.41978325e+00    1.00017916e+01    2.98727161e-04   -1.76695347e-01
2074     6.79855037e-09    4.44647372e+00    9.99316057e+00   -8.07312778e-03   -1.76774140e-01
2075     6.80188370e-09    4.47602653e+00    9.98673280e+00   -1.37727038e-02   -1.77103340e-01
2076     6.80521704e-09    4.49717039e+00    9.98516919e+00   -1.43973102e-02   -1.77567412e-01
2077     6.80855037e-09    4.50183182e+00    9.98956941e+00   -9.21017219e-03   -1.77987503e-01
2078     6.81188370e-09    4.48821460e+00    9.99835214e+00   -1.16553350e-04   -1.78191534e-01
2079     6.81521704e-09    4.46150834e+00    1.00076893e+01    8.92689691e-03   -1.78096185e-01
2080     6.81855037e-09    4.43192245e+00    1.00136485e+01    1.41179196e-02   -1.77746473e-01
2081     6.82188370e-09    4.41077392e+00    1.00142170e+01    1.37572513e-02   -1.77286279e-01
2082     6.82521704e-09    4.40614270e+00    1.00096696e+01    8.46906528e-03   -1.76889096e-01
2083     6.82855037e-09    4.41978325e+00    1.00017916e+01    2.98717570e-04   -1.76695347e-01
2084     6.83188370e-09    4.44647372e+00    9.99316056e+00   -8.07313204e-03   -1.76774141e-01
2085     6.83521704e-09    4.47602653e+00    9.98673280e+00   -1.37727010e-02   -1.77103341e-01
2086     6.83855037e-09    4.49717039e+00    9.98516920e+00   -1.43973001e-02   -1.77567412e-01
2087     6.84188370e-09    4.50183182e+00    9.98956943e+00   -9.21015786e-03   -1.77987503e-01
2088     6.84521704e-09    4.48821460e+00    9.99835215e+00   -1.16541111e-04   -1.78191533e-01
2089     6.84855037e-09    4.46150834e+00    1.00076893e+01    8.92690094e-03   -1.78096184e-01
2090     6.85188370e-09    4.43192245e+00    1.00136484e+01    1.41179141e-02   -1.77746473e-01
2091     6.85521704e-09    4.41077393e+00    1.00142169e+01    1.37572398e-02   -1.77286279e-01
2092     6.85855037e-09    4.40614270e+00    1.00096696e+01    8.46905282e-03   -1.76889096e-01
2093     6.86188370e-09    4.41978325e+00    1.00017915e+01    2.98707977e-04   -1.76695348e-01
2094     6.86521704e-09    4.44647372e+00    9.99316056e+00   -8.07313631e-03   -1.76774141e-01
2095     6.86855037e-09    4.47602653e+00    9.98673280e+00   -1.37726982e-02   -1.77103342e-01
2096     6.87188370e-09    4.49717039e+00    9.98516921e+00   -1.43972901e-02   -1.77567413e-01
2097     6.87521704e-09    4.50183182e+00    9.98956944e+00   -9.21014353e-03   -1.77987503e-01
2098     6.87855037e-09    4.48821460e+00    9.99835217e+00   -1.16528870e-04   -1.78191533e-01
2099     6.88188370e-09    4.46150834e+00    1.00076893e+01    8.92690496e-03   -1.78096183e-01
2100     6.88521704e-09    4.43192245e+00    1.00136484e+01    1.41179085e-02   -1.77746472e-01
2101     6.88855037e-09    4.41077393e+00    1.00142169e+01    1.37572283e-02   -1.77286279e-01
2102     6.89188370e-09    4.40614270e+00    1.00096696e+01    8.46904036e-03   -1.76889096e-01
2103     6.89521704e-09    4.41978325e+00    1.00017915e+01    2.98698382e-04   -1.76695348e-01
2104     6.89855037e-09    4.44647372e+00    9.99316055e+00   -8.07314058e-03   -1.76774142e-01
2105     6.90188370e-09    4.47602653e+00    9.98673280e+00   -1.37726954e-02   -1.77103342e-01
2106     6.90521704e-09    4.49717039e+00    9.98516922e+00   -1.43972800e-02   -1.77567413e-01
2107     6.90855037e-09    4.50183182e+00    9.98956945e+00   -9.21012920e-03   -1.77987503e-01
2108     6.91188370e-09    4.48821460e+00    9.99835218e+00   -1.16516626e-04   -1.78191533e-01
2109     6.91521704e-09    4.46150834e+00    1.00076893e+01    8.92690899e-03   -1.78096183e-01
2110     6.91855037e-09    4.43192245e+00    1.00136484e+01    1.41179029e-02   -1.77746471e-01
2111     6.92188370e-09    4.41077393e+00    1.00142169e+01    1.37572167e-02   -1.77286278e-01
2112     6.92521704e-09    4.40614270e+00    1.00096696e+01    8.46902790e-03   -1.76889096e-01
2113     6.92855037e-09    4.41978324e+00    1.00017915e+01    2.98688785e-04   -1.76695349e-01
2114     6.93188370e-09    4.44647372e+00    9.99316054e+00   -8.07314484e-03   -1.76774143e-01
2115     6.93521704e-09    4.47602652e+00    9.98673280e+00   -1.37726926e-02   -1.77103343e-01
2116     6.93855037e-09    4.49717038e+00    9.98516923e+00   -1.43972700e-02   -1.77567414e-01
2117     6.94188370e-09    4.50183182e+00    9.98956947e+00   -9.21011486e-03   -1.77987503e-01
2118     6.94521704e-09    4.48821460e+00    9.99835219e+00   -1.16504379e-04   -1.78191532e-01
2119     6.94855037e-09    4.46150834e+00    1.00076893e+01    8.92691302e-03   -1.78096182e-01
2120     6.95188370e-09    4.43192245e+00    1.00136484e+01    1.41178974e-02   -1.77746471e-01
2121     6.95521704e-09    4.41077393e+00    1.00142169e+01    1.37572052e-02   -1.77286278e-01
2122     6.95855037e-09    4.40614270e+00    1.00096696e+01    8.46901543e-03   -1.76889096e-01
2123     6.96188370e-09    4.41978324e+00    1.00017915e+01    2.98679186e-04   -1.76695349e-01
2124     6.96521704e-09    4.44647372e+00    9.99316054e+00   -8.07314911e-03   -1.76774143e-01
2125     6.96855037e-09    4.47602652e+00    9.98673280e+00   -1.37726899e-02   -1.77103344e-01
2126     6.97188370e-09    4.49717038e+00    9.98516924e+00   -1.43972599e-02   -1.77567414e-01
2127     6.97521704e-09    4.50183182e+00    9.98956948e+00   -9.21010052e-03   -1.77987503e-01
2128     6.97855037e-09    4.48821460e+00    9.99835220e+00   -1.16492130e-04   -1.78191532e-01
2129     6.98188370e-09    4.46150834e+00    1.00076893e+01    8.92691705e-03   -1.78096182e-01
2130     6.98521704e-09    4.43192246e+00    1.00136484e+01    1.41178918e-02   -1.77746470e-01
2131     6.98855037e-09    4.41077393e+00    1.00142169e+01    1.37571936e-02   -1.77286278e-01
2132     6.99188370e-09    4.40614270e+00    1.00096696e+01    8.46900296e-03   -1.76889096e-01
2133     6.99521704e-09    4.41978324e+00    1.00017915e+01    2.98669585e-04   -1.76695350e-01
2134     6.99855037e-09    4.44647371e+00    9.99316053e+00   -8.07315338e-03   -1.76774144e-01
2135     7.00188370e-09    4.47602652e+00    9.98673281e+00   -1.37726871e-02   -1.77103345e-01
2136     7.00521704e-09    4.49717038e+00    9.98516924e+00   -1.43972499e-02   -1.77567415e-01
2137     7.00855037e-09    4.50183182e+00    9.98956950e+00   -9.21008618e-03   -1.77987504e-01
2138     7.01188370e-09    4.48821460e+00    9.99835222e+00   -1.16479878e-04   -1.78191532e-01
2139     7.01521704e-09    4.46150834e+00    1.00076893e+01    8.92692108e-03   -1.78096181e-01
2140     7.01855037e-09    4.43192246e+00    1.00136484e+01    1.41178862e-02   -1.77746470e-01
2141     7.02188370e-09    4.41077393e+00    1.00142169e+01    1.37571821e-02   -1.77286277e-01
2142     7.02521704e-09    4.40614270e+00    1.00096696e+01    8.46899049e-03   -1.76889096e-01
2143     7.02855037e-09    4.41978324e+00    1.00017915e+01    2.98659982e-04   -1.76695350e-01
2144     7.03188370e-09    4.44647371e+00    9.99316053e+00   -8.07315765e-03   -1.76774145e-01
2145     7.03521704e-09    4.47602652e+00    9.98673281e+00   -1.37726843e-02   -1.77103345e-01
2146     7.03855037e-09    4.49717038e+00    9.98516925e+00   -1.43972398e-02   -1.77567416e-01
2147     7.04188370e-09    4.50183182e+00    9.98956951e+00   -9.21007183e-03   -1.77987504e-01
2148     7.04521704e-09    4.48821460e+00    9.99835223e+00   -1.16467623e-04   -1.78191532e-01
2149     7.04855037e-09    4.46150834e+00    1.00076893e+01    8.92692511e-03   -1.78096181e-01
2150     7.05188370e-09    4.43192246e+00    1.00136484e+01    1.41178806e-02   -1.77746469e-01
2151     7.05521704e-09    4.41077393e+00    1.00142169e+01    1.37571705e-02   -1.77286277e-01
2152     7.05855037e-09    4.40614269e+00    1.00096696e+01    8.46897802e-03   -1.76889096e-01
2153     7.06188370e-09    4.41978324e+00    1.00017915e+01    2.98650376e-04   -1.76695350e-01
2154     7.06521704e-09    4.44647371e+00    9.99316052e+00   -8.07316192e-03   -1.76774145e-01
2155     7.06855037e-09    4.47602652e+00    9.98673281e+00   -1.37726815e-02   -1.77103346e-01
2156     7.07188370e-09    4.49717038e+00    9.98516926e+00   -1.43972297e-02   -1.77567416e-01
2157     7.07521704e-09    4.50183182e+00    9.98956953e+00   -9.21005748e-03   -1.77987504e-01
2158     7.07855037e-09    4.48821460e+00    9.99835224e+00   -1.16455366e-04   -1.78191531e-01
2159     7.08188370e-09    4.46150834e+00    1.00076893e+01    8.92692914e-03   -1.78096180e-01
2160     7.08521704e-09    4.43192246e+00    1.00136484e+01    1.41178751e-02   -1.77746468e-01
2161     7.08855037e-09    4.41077393e+00    1.00142169e+01    1.37571590e-02   -1.77286277e-01
2162     7.09188370e-09    4.40614269e+00    1.00096695e+01    8.46896554e-03   -1.76889096e-01
2163     7.09521704e-09    4.41978324e+00    1.00017915e+01    2.98640769e-04   -1.76695351e-01
2164     7.09855037e-09    4.44647371e+00    9.99316052e+00   -8.07316619e-03   -1.76774146e-01
2165     7.10188370e-09    4.47602652e+00    9.98673281e+00   -1.37726788e-02   -1.77103347e-01
2166     7.10521704e-09    4.49717038e+00    9.98516927e+00   -1.43972197e-02   -1.77567417e-01
2167     7.10855037e-09    4.50183182e+00    9.98956954e+00   -9.21004313e-03   -1.77987504e-01
2168     7.11188370e-09    4.48821460e+00    9.99835226e+00   -1.16443107e-04   -1.78191531e-01
2169     7.11521704e-09    4.46150834e+00    1.00076893e+01    8.92693317e-03   -1.78096179e-01
2170     7.11855037e-09    4.43192246e+00    1.00136484e+01    1.41178695e-02   -1.77746468e-01
2171     7.12188370e-09    4.41077393e+00    1.00142169e+01    1.37571474e-02   -1.77286276e-01
2172     7.12521704e-09    4.40614269e+00    1.00096695e+01    8.46895307e-03   -1.76889096e-01
2173     7.12855037e-09    4.41978324e+00    1.00017915e+01    2.98631160e-04   -1.76695351e-01
2174     7.13188370e-09    4.44647371e+00    9.99316051e+00   -8.07317047e-03   -1.76774147e-01
2175     7.13521704e-09    4.47602652e+00    9.98673281e+00   -1.37726760e-02   -1.77103348e-01
2176     7.13855037e-09    4.49717038e+00    9.98516928e+00   -1.43972096e-02   -1.77567417e-01
2177     7.14188370e-09    4.50183182e+00    9.98956955e+00   -9.21002877e-03   -1.77987504e-01
2178     7.14521704e-09    4.48821460e+00    9.99835227e+00   -1.16430845e-04   -1.78191531e-01
2179     7.14855037e-09    4.46150834e+00    1.00076893e+01    8.92693721e-03   -1.78096179e-01
2180     7.15188370e-09    4.43192246e+00    1.00136484e+01    1.41178639e-02   -1.77746467e-01
2181     7.15521704e-09    4.41077393e+00    1.00142168e+01    1.37571358e-02   -1.77286276e-01
2182     7.15855037e-09    4.40614269e+00    1.00096695e+01    8.46894059e-03   -1.76889096e-01
2183     7.16188370e-09    4.41978324e+00    1.00017915e+01    2.98621548e-04   -1.76695352e-01
2184     7.16521704e-09    4.44647371e+00    9.99316051e+00   -8.07317474e-03   -1.76774147e-01
2185     7.16855037e-09    4.47602651e+00    9.98673281e+00   -1.37726732e-02   -1.77103348e-01
2186     7.17188370e-09    4.49717038e+00    9.98516929e+00   -1.43971995e-02   -1.77567418e-01
2187     7.17521704e-09    4.50183182e+00    9.98956957e+00   -9.21001442e-03   -1.77987504e-01
2188     7.17855037e-09    4.48821460e+00    9.99835228e+00   -1.16418580e-04   -1.78191530e-01
2189     7.18188370e-09    4.46150834e+00    1.00076893e+01    8.92694124e-03   -1.78096178e-01
2190     7.18521704e-09    4.43192246e+00    1.00136484e+01    1.41178583e-02   -1.77746466e-01
2191     7.18855037e-09    4.41077393e+00    1.00142168e+01    1.37571243e-02   -1.77286275e-01
2192     7.19188370e-09    4.40614269e+00    1.00096695e+01    8.46892810e-03   -1.76889096e-01
2193     7.19521704e-09    4.41978324e+00    1.00017914e+01    2.98611935e-04   -1.76695352e-01
2194     7.19855037e-09    4.44647371e+00    9.99316050e+00   -8.07317901e-03   -1.76774148e-01
2195     7.20188370e-09    4.47602651e+00    9.98673281e+00   -1.37726704e-02   -1.77103349e-01
2196     7.20521704e-09    4.49717037e+00    9.98516930e+00   -1.43971894e-02   -1.77567418e-01
2197     7.20855037e-09    4.50183181e+00    9.98956958e+00   -9.21000005e-03   -1.77987505e-01
2198     7.21188370e-09    4.48821460e+00    9.99835230e+00   -1.16406312e-04   -1.78191530e-01
2199     7.21521704e-09    4.46150834e+00    1.00076893e+01    8.92694528e-03   -1.78096178e-01
2200     7.21855037e-09    4.43192246e+00    1.00136484e+01    1.41178527e-02   -1.77746466e-01
2201     7.22188370e-09    4.41077393e+00    1.00142168e+01    1.37571127e-02   -1.77286275e-01
2202     7.22521704e-09    4.40614269e+00    1.00096695e+01    8.46891562e-03   -1.76889096e-01
2203     7.22855037e-09    4.41978324e+00    1.00017914e+01    2.98602320e-04   -1.76695352e-01
2204     7.23188370e-09    4.44647370e+00    9.99316050e+00   -8.07318329e-03   -1.76774149e-01
2205     7.23521704e-09    4.47602651e+00    9.98673282e+00   -1.37726676e-02   -1.77103350e-01
2206     7.23855037e-09    4.49717037e+00    9.98516931e+00   -1.43971794e-02   -1.77567419e-01
2207     7.24188370e-09    4.50183181e+00    9.98956960e+00   -9.20998569e-03   -1.77987505e-01
2208     7.24521704e-09    4.48821460e+00    9.99835231e+00   -1.16394042e-04   -1.78191530e-01
2209     7.24855037e-09    4.46150834e+00    1.00076893e+01    8.92694931e-03   -1.78096177e-01
2210     7.25188370e-09    4.43192246e+00    1.00136484e+01    1.41178471e-02   -1.77746465e-01
2211     7.25521704e-09    4.41077393e+00    1.00142168e+01    1.37571012e-02   -1.77286275e-01
2212     7.25855037e-09    4.40614269e+00    1.00096695e+01    8.46890313e-03   -1.76889096e-01
2213     7.26188370e-09    4.41978324e+00    1.00017914e+01    2.98592702e-04   -1.76695353e-01
2214     7.26521704e-09    4.44647370e+00    9.99316049e+00   -8.07318757e-03   -1.76774150e-01
2215     7.26855037e-09    4.47602651e+00    9.98673282e+00   -1.37726648e-02   -1.77103351e-01
2216     7.27188370e-09    4.49717037e+00    9.98516932e+00   -1.43971693e-02   -1.77567419e-01
2217     7.27521704e-09    4.50183181e+00    9.98956961e+00   -9.20997132e-03   -1.77987505e-01
2218     7.27855037e-09    4.48821460e+00    9.99835232e+00   -1.16381770e-04   -1.78191530e-01
2219     7.28188370e-09    4.46150835e+00    1.00076893e+01    8.92695335e-03   -1.78096176e-01
2220     7.28521704e-09    4.43192246e+00    1.00136484e+01    1.41178416e-02   -1.77746465e-01
2221     7.28855037e-09    4.41077393e+00    1.00142168e+01    1.37570896e-02   -1.77286274e-01
2222     7.29188370e-09    4.40614269e+00    1.00096695e+01    8.46889063e-03   -1.76889096e-01
2223     7.29521704e-09    4.41978323e+00    1.00017914e+01    2.98583083e-04   -1.76695353e-01
2224     7.29855037e-09    4.44647370e+00    9.99316048e+00   -8.07319184e-03   -1.76774150e-01
2225     7.30188370e-09    4.47602651e+00    9.98673282e+00   -1.37726621e-02   -1.77103351e-01
2226     7.30521704e-09    4.49717037e+00    9.98516933e+00   -1.43971592e-02   -1.77567420e-01
2227     7.30855037e-09    4.50183181e+00    9.98956963e+00   -9.20995695e-03   -1.77987505e-01
2228     7.31188370e-09    4.48821460e+00    9.99835234e+00   -1.16369495e-04   -1.78191529e-01
2229     7.31521704e-09    4.46150835e+00    1.00076893e+01    8.92695739e-03   -1.78096176e-01
2230     7.31855037e-09    4.43192246e+00    1.00136484e+01    1.41178360e-02   -1.77746464e-01
2231     7.32188370e-09    4.41077393e+00    1.00142168e+01    1.37570780e-02   -1.77286274e-01
2232     7.32521704e-09    4.40614269e+00    1.00096695e+01    8.46887814e-03   -1.76889096e-01
2233     7.32855037e-09    4.41978323e+00    1.00017914e+01    2.98573461e-04   -1.76695354e-01
2234     7.33188370e-09    4.44647370e+00    9.99316048e+00   -8.07319612e-03   -1.76774151e-01
2235     7.33521704e-09    4.47602651e+00    9.98673282e+00   -1.37726593e-02   -1.77103352e-01
2236     7.33855037e-09    4.49717037e+00    9.98516934e+00   -1.43971491e-02   -1.77567421e-01
2237     7.34188370e-09    4.50183181e+00    9.98956964e+00   -9.20994258e-03   -1.77987505e-01
2238     7.34521704e-09    4.48821460e+00    9.99835235e+00   -1.16357217e-04   -1.78191529e-01
2239     7.34855037e-09    4.46150835e+00    1.00076894e+01    8.92696143e-03   -1.78096175e-01
2240     7.35188370e-09    4.43192246e+00    1.00136484e+01    1.41178304e-02   -1.77746463e-01
2241     7.35521704e-09    4.41077393e+00    1.00142168e+01    1.37570664e-02   -1.77286274e-01
2242     7.35855037e-09    4.40614269e+00    1.00096694e+01    8.46886564e-03   -1.76889096e-01
2243     7.36188370e-09    4.41978323e+00    1.00017914e+01    2.98563838e-04   -1.76695354e-01
2244     7.36521704e-09    4.44647370e+00    9.99316047e+00   -8.07320040e-03   -1.76774152e-01
2245     7.36855037e-09    4.47602651e+00    9.98673282e+00   -1.37726565e-02   -1.77103353e-01
2246     7.37188370e-09    4.49717037e+00    9.98516935e+00   -1.43971390e-02   -1.77567421e-01
2247     7.37521704e-09    4.50183181e+00    9.98956965e+00   -9.20992820e-03   -1.77987506e-01
2248     7.37855037e-09    4.48821460e+00    9.99835236e+00   -1.16344937e-04   -1.78191529e-01
2249     7.38188370e-09    4.46150835e+00    1.00076894e+01    8.92696547e-03   -1.78096175e-01
2250     7.38521704e-09    4.43192246e+00    1.00136484e+01    1.41178248e-02   -1.77746463e-01
2251     7.38855037e-09    4.41077393e+00    1.00142168e+01    1.37570549e-02   -1.77286273e-01
2252     7.39188370e-09    4.40614269e+00    1.00096694e+01    8.46885314e-03   -1.76889096e-01
2253     7.39521704e-09    4.41978323e+00    1.00017914e+01    2.98554212e-04   -1.76695354e-01
2254     7.39855037e-09    4.44647370e+00    9.99316047e+00   -8.07320468e-03   -1.76774152e-01
2255     7.40188370e-09    4.47602650e+00    9.98673282e+00   -1.37726537e-02   -1.77103353e-01
2256     7.40521704e-09    4.49717037e+00    9.98516936e+00   -1.43971289e-02   -1.77567422e-01
2257     7.40855037e-09    4.50183181e+00    9.98956967e+00   -9.20991382e-03   -1.77987506e-01
2258     7.41188370e-09    4.48821460e+00    9.99835238e+00   -1.16332654e-04   -1.78191528e-01
2259     7.41521704e-09    4.46150835e+00    1.00076894e+01    8.92696951e-03   -1.78096174e-01
2260     7.41855037e-09    4.43192246e+00    1.00136484e+01    1.41178192e-02   -1.77746462e-01
2261     7.42188370e-09    4.41077393e+00    1.00142168e+01    1.37570433e-02   -1.77286273e-01
2262     7.42521704e-09    4.40614269e+00    1.00096694e+01    8.46884064e-03   -1.76889096e-01
2263     7.42855037e-09    4.41978323e+00    1.00017914e+01    2.98544585e-04   -1.76695355e-01
2264     7.43188370e-09    4.44647370e+00    9.99316046e+00   -8.07320896e-03   -1.76774153e-01
2265     7.43521704e-09    4.47602650e+00    9.98673282e+00   -1.37726509e-02   -1.77103354e-01
2266     7.43855037e-09    4.49717037e+00    9.98516936e+00   -1.43971189e-02   -1.77567422e-01
2267     7.44188370e-09    4.50183181e+00    9.98956968e+00   -9.20989944e-03   -1.77987506e-01
2268     7.44521704e-09    4.48821460e+00    9.99835239e+00   -1.16320368e-04   -1.78191528e-01
2269     7.44855037e-09    4.46150835e+00    1.00076894e+01    8.92697355e-03   -1.78096173e-01
2270     7.45188370e-09    4.43192246e+00    1.00136484e+01    1.41178136e-02   -1.77746462e-01
2271     7.45521704e-09    4.41077393e+00    1.00142167e+01    1.37570317e-02   -1.77286273e-01
2272     7.45855037e-09    4.40614269e+00    1.00096694e+01    8.46882814e-03   -1.76889096e-01
2273     7.46188370e-09    4.41978323e+00    1.00017914e+01    2.98534955e-04   -1.76695355e-01
2274     7.46521704e-09    4.44647370e+00    9.99316046e+00   -8.07321324e-03   -1.76774154e-01
2275     7.46855037e-09    4.47602650e+00    9.98673283e+00   -1.37726481e-02   -1.77103355e-01
2276     7.47188370e-09    4.49717036e+00    9.98516937e+00   -1.43971088e-02   -1.77567423e-01
2277     7.47521704e-09    4.50183181e+00    9.98956970e+00   -9.20988505e-03   -1.77987506e-01
2278     7.47855037e-09    4.48821460e+00    9.99835240e+00   -1.16308080e-04   -1.78191528e-01
2279     7.48188370e-09    4.46150835e+00    1.00076894e+01    8.92697759e-03   -1.78096173e-01
2280     7.48521704e-09    4.43192246e+00    1.00136484e+01    1.41178080e-02   -1.77746461e-01
2281     7.48855037e-09    4.41077393e+00    1.00142167e+01    1.37570201e-02   -1.77286272e-01
2282     7.49188370e-09    4.40614269e+00    1.00096694e+01    8.46881563e-03   -1.76889096e-01
2283     7.49521704e-09    4.41978323e+00    1.00017914e+01    2.98525323e-04   -1.76695356e-01
2284     7.49855037e-09    4.44647369e+00    9.99316045e+00   -8.07321753e-03   -1.76774154e-01
2285     7.50188370e-09    4.47602650e+00    9.98673283e+00   -1.37726453e-02   -1.77103356e-01
2286     7.50521704e-09    4.49717036e+00    9.98516938e+00   -1.43970987e-02   -1.77567423e-01
2287     7.50855037e-09    4.50183181e+00    9.98956971e+00   -9.20987067e-03   -1.77987506e-01
2288     7.51188370e-09    4.48821460e+00    9.99835241e+00   -1.16295790e-04   -1.78191528e-01
2289     7.51521704e-09    4.46150835e+00    1.00076894e+01    8.92698163e-03   -1.78096172e-01
2290     7.51855037e-09    4.43192246e+00    1.00136484e+01    1.41178024e-02   -1.77746460e-01
2291     7.52188370e-09    4.41077393e+00    1.00142167e+01    1.37570085e-02   -1.77286272e-01
2292     7.52521704e-09    4.40614269e+00    1.00096694e+01    8.46880312e-03   -1.76889096e-01
2293     7.52855037e-09    4.41978323e+00    1.00017913e+01    2.98515690e-04   -1.76695356e-01
2294     7.53188370e-09    4.44647369e+00    9.99316045e+00   -8.07322181e-03   -1.76774155e-01
2295     7.53521704e-09    4.47602650e+00    9.98673283e+00   -1.37726426e-02   -1.77103356e-01
2296     7.53855037e-09    4.49717036e+00    9.98516939e+00   -1.43970886e-02   -1.77567424e-01
2297     7.54188370e-09    4.50183181e+00    9.98956973e+00   -9.20985627e-03   -1.77987506e-01
2298     7.54521704e-09    4.48821460e+00    9.99835243e+00   -1.16283496e-04   -1.78191527e-01
2299     7.54855037e-09    4.46150835e+00    1.00076894e+01    8.92698568e-03   -1.78096172e-01
2300     7.55188370e-09    4.43192246e+00    1.00136484e+01    1.41177968e-02   -1.77746460e-01
2301     7.55521704e-09    4.41077393e+00    1.00142167e+01    1.37569969e-02   -1.77286272e-01
2302     7.55855037e-09    4.40614269e+00    1.00096694e+01    8.46879061e-03   -1.76889096e-01
2303     7.56188370e-09    4.41978323e+00    1.00017913e+01    2.98506054e-04   -1.76695357e-01
2304     7.56521704e-09    4.44647369e+00    9.99316044e+00   -8.07322609e-03   -1.76774156e-01
2305     7.56855037e-09    4.47602650e+00    9.98673283e+00   -1.37726398e-02   -1.77103357e-01
2306     7.57188370e-09    4.49717036e+00    9.98516940e+00   -1.43970785e-02   -1.77567425e-01
2307     7.57521704e-09    4.50183181e+00    9.98956974e+00   -9.20984188e-03   -1.77987507e-01
2308     7.57855037e-09    4.48821460e+00    9.99835244e+00   -1.16271201e-04   -1.78191527e-01
2309     7.58188370e-09    4.46150835e+00    1.00076894e+01    8.92698972e-03   -1.78096171e-01
2310     7.58521704e-09    4.43192246e+00    1.00136484e+01    1.41177912e-02   -1.77746459e-01
2311     7.58855037e-09    4.41077393e+00    1.00142167e+01    1.37569853e-02   -1.77286271e-01
2312     7.59188370e-09    4.40614269e+00    1.00096694e+01    8.46877809e-03   -1.76889096e-01
2313     7.59521704e-09    4.41978323e+00    1.00017913e+01    2.98496416e-04   -1.76695357e-01
2314     7.59855037e-09    4.44647369e+00    9.99316043e+00   -8.07323038e-03   -1.76774156e-01
2315     7.60188370e-09    4.47602650e+00    9.98673283e+00   -1.37726370e-02   -1.77103358e-01
2316     7.60521704e-09    4.49717036e+00    9.98516941e+00   -1.43970684e-02   -1.77567425e-01
2317     7.60855037e-09    4.50183181e+00    9.98956975e+00   -9.20982748e-03   -1.77987507e-01
2318     7.61188370e-09    4.48821460e+00    9.99835245e+00   -1.16258902e-04   -1.78191527e-01
2319     7.61521704e-09    4.46150835e+00    1.00076894e+01    8.92699377e-03   -1.78096170e-01
2320     7.61855037e-09    4.43192246e+00    1.00136483e+01    1.41177856e-02   -1.77746459e-01
2321     7.62188370e-09    4.41077393e+00    1.00142167e+01    1.37569737e-02   -1.77286271e-01
2322     7.62521704e-09    4.40614269e+00    1.00096693e+01    8.46876557e-03   -1.76889096e-01
2323     7.62855037e-09    4.41978322e+00    1.00017913e+01    2.98486776e-04   -1.76695357e-01
2324     7.63188370e-09    4.44647369e+00    9.99316043e+00   -8.07323466e-03   -1.76774157e-01
2325     7.63521704e-09    4.47602649e+00    9.98673283e+00   -1.37726342e-02   -1.77103359e-01
2326     7.63855037e-09    4.49717036e+00    9.98516942e+00   -1.43970583e-02   -1.77567426e-01
2327     7.64188370e-09    4.50183181e+00    9.98956977e+00   -9.20981308e-03   -1.77987507e-01
2328     7.64521704e-09    4.48821460e+00    9.99835247e+00   -1.16246601e-04   -1.78191526e-01
2329     7.64855037e-09    4.46150835e+00    1.00076894e+01    8.92699781e-03   -1.78096170e-01
2330     7.65188370e-09    4.43192246e+00    1.00136483e+01    1.41177800e-02   -1.77746458e-01
2331     7.65521704e-09    4.41077393e+00    1.00142167e+01    1.37569621e-02   -1.77286270e-01
2332     7.65855037e-09    4.40614269e+00    1.00096693e+01    8.46875305e-03   -1.76889096e-01
2333     7.66188370e-09    4.41978322e+00    1.00017913e+01    2.98477134e-04   -1.76695358e-01
2334     7.66521704e-09    4.44647369e+00    9.99316042e+00   -8.07323895e-03   -1.76774158e-01
2335     7.66855037e-09    4.47602649e+00    9.98673284e+00   -1.37726314e-02   -1.77103359e-01
2336     7.67188370e-09    4.49717036e+00    9.98516943e+00   -1.43970482e-02   -1.77567426e-01
2337     7.67521704e-09    4.50183181e+00    9.98956978e+00   -9.20979868e-03   -1.77987507e-01
2338     7.67855037e-09    4.48821460e+00    9.99835248e+00   -1.16234298e-04   -1.78191526e-01
2339     7.68188370e-09    4.46150835e+00    1.00076894e+01    8.92700186e-03   -1.78096169e-01
2340     7.68521704e-09    4.43192246e+00    1.00136483e+01    1.41177744e-02   -1.77746457e-01
2341     7.68855037e-09    4.41077393e+00    1.00142167e+01    1.37569505e-02   -1.77286270e-01
2342     7.69188370e-09    4.40614269e+00    1.00096693e+01    8.46874053e-03   -1.76889096e-01
2343     7.69521704e-09    4.41978322e+00    1.00017913e+01    2.98467491e-04   -1.76695358e-01
2344     7.69855037e-09    4.44647369e+00    9.99316042e+00   -8.07324324e-03   -1.76774158e-01
2345     7.70188370e-09    4.47602649e+00    9.98673284e+00   -1.37726286e-02   -1.77103360e-01
2346     7.70521704e-09    4.49717036e+00    9.98516944e+00   -1.43970381e-02   -1.77567427e-01
2347     7.70855037e-09    4.50183180e+00    9.98956980e+00   -9.20978427e-03   -1.77987507e-01
2348     7.71188370e-09    4.48821460e+00    9.99835249e+00   -1.16221992e-04   -1.78191526e-01
2349     7.71521704e-09    4.46150835e+00    1.00076894e+01    8.92700591e-03   -1.78096169e-01
2350     7.71855037e-09    4.43192247e+00    1.00136483e+01    1.41177688e-02   -1.77746457e-01
2351     7.72188370e-09    4.41077393e+00    1.00142167e+01    1.37569389e-02   -1.77286270e-01
2352     7.72521704e-09    4.40614269e+00    1.00096693e+01    8.46872800e-03   -1.76889096e-01
2353     7.72855037e-09    4.41978322e+00    1.00017913e+01    2.98457845e-04   -1.76695359e-01
2354     7.73188370e-09    4.44647368e+00    9.99316041e+00   -8.07324753e-03   -1.76774159e-01
2355     7.73521704e-09    4.47602649e+00    9.98673284e+00   -1.37726258e-02   -1.77103361e-01
2356     7.73855037e-09    4.49717036e+00    9.98516945e+00   -1.43970279e-02   -1.77567427e-01
2357     7.74188370e-09    4.50183180e+00    9.98956981e+00   -9.20976986e-03   -1.77987507e-01
2358     7.74521704e-09    4.48821460e+00    9.99835251e+00   -1.16209683e-04   -1.78191526e-01
2359     7.74855037e-09    4.46150835e+00    1.00076894e+01    8.92700995e-03   -1.78096168e-01
2360     7.75188370e-09    4.43192247e+00    1.00136483e+01    1.41177632e-02   -1.77746456e-01
2361     7.75521704e-09    4.41077393e+00    1.00142167e+01    1.37569273e-02   -1.77286269e-01
2362     7.75855037e-09    4.40614269e+00    1.00096693e+01    8.46871548e-03   -1.76889096e-01
2363     7.76188370e-09    4.41978322e+00    1.00017913e+01    2.98448197e-04   -1.76695359e-01
2364     7.76521704e-09    4.44647368e+00    9.99316041e+00   -8.07325182e-03   -1.76774160e-01
2365     7.76855037e-09    4.47602649e+00    9.98673284e+00   -1.37726230e-02   -1.77103362e-01
2366     7.77188370e-09    4.49717035e+00    9.98516946e+00   -1.43970178e-02   -1.77567428e-01
2367     7.77521704e-09    4.50183180e+00    9.98956983e+00   -9.20975545e-03   -1.77987508e-01
2368     7.77855037e-09    4.48821460e+00    9.99835252e+00   -1.16197372e-04   -1.78191525e-01
2369     7.78188370e-09    4.46150835e+00    1.00076894e+01    8.92701400e-03   -1.78096167e-01
2370     7.78521704e-09    4.43192247e+00    1.00136483e+01    1.41177576e-02   -1.77746455e-01
2371     7.78855037e-09    4.41077393e+00    1.00142166e+01    1.37569157e-02   -1.77286269e-01
2372     7.79188370e-09    4.40614269e+00    1.00096693e+01    8.46870294e-03   -1.76889097e-01
2373     7.79521704e-09    4.41978322e+00    1.00017913e+01    2.98438547e-04   -1.76695359e-01
2374     7.79855037e-09    4.44647368e+00    9.99316040e+00   -8.07325611e-03   -1.76774160e-01
2375     7.80188370e-09    4.47602649e+00    9.98673284e+00   -1.37726202e-02   -1.77103362e-01
2376     7.80521704e-09    4.49717035e+00    9.98516947e+00   -1.43970077e-02   -1.77567429e-01
2377     7.80855037e-09    4.50183180e+00    9.98956984e+00   -9.20974103e-03   -1.77987508e-01
2378     7.81188370e-09    4.48821460e+00    9.99835253e+00   -1.16185058e-04   -1.78191525e-01
2379     7.81521704e-09    4.46150835e+00    1.00076894e+01    8.92701805e-03   -1.78096167e-01
2380     7.81855037e-09    4.43192247e+00    1.00136483e+01    1.41177520e-02   -1.77746455e-01
2381     7.82188370e-09    4.41077393e+00    1.00142166e+01    1.37569041e-02   -1.77286269e-01
2382     7.82521704e-09    4.40614269e+00    1.00096693e+01    8.46869041e-03   -1.76889097e-01
2383     7.82855037e-09    4.41978322e+00    1.00017912e+01    2.98428895e-04   -1.76695360e-01
2384     7.83188370e-09    4.44647368e+00    9.99316040e+00   -8.07326040e-03   -1.76774161e-01
2385     7.83521704e-09    4.47602648e+00    9.98673284e+00   -1.37726174e-02   -1.77103363e-01
2386     7.83855037e-09    4.49717035e+00    9.98516948e+00   -1.43969976e-02   -1.77567429e-01
2387     7.84188370e-09    4.50183180e+00    9.98956986e+00   -9.20972661e-03   -1.77987508e-01
2388     7.84521704e-09    4.48821460e+00    9.99835255e+00   -1.16172741e-04   -1.78191525e-01
2389     7.84855037e-09    4.46150835e+00    1.00076894e+01    8.92702210e-03   -1.78096166e-01
2390     7.85188370e-09    4.43192247e+00    1.00136483e+01    1.41177464e-02   -1.77746454e-01
2391     7.85521704e-09    4.41077393e+00    1.00142166e+01    1.37568925e-02   -1.77286268e-01
2392     7.85855037e-09    4.40614269e+00    1.00096693e+01    8.46867787e-03   -1.76889097e-01
2393     7.86188370e-09    4.41978322e+00    1.00017912e+01    2.98419241e-04   -1.76695360e-01
2394     7.86521704e-09    4.44647368e+00    9.99316039e+00   -8.07326469e-03   -1.76774162e-01
2395     7.86855037e-09    4.47602648e+00    9.98673284e+00   -1.37726146e-02   -1.77103364e-01
2396     7.87188370e-09    4.49717035e+00    9.98516948e+00   -1.43969875e-02   -1.77567430e-01
2397     7.87521704e-09    4.50183180e+00    9.98956987e+00   -9.20971219e-03   -1.77987508e-01
2398     7.87855037e-09    4.48821460e+00    9.99835256e+00   -1.16160422e-04   -1.78191524e-01
2399     7.88188370e-09    4.46150835e+00    1.00076894e+01    8.92702616e-03   -1.78096166e-01
2400     7.88521704e-09    4.43192247e+00    1.00136483e+01    1.41177408e-02   -1.77746454e-01
2401     7.88855037e-09    4.41077393e+00    1.00142166e+01    1.37568809e-02   -1.77286268e-01
2402     7.89188370e-09    4.40614268e+00    1.00096692e+01    8.46866533e-03   -1.76889097e-01
2403     7.89521704e-09    4.41978322e+00    1.00017912e+01    2.98409585e-04   -1.76695361e-01
2404     7.89855037e-09    4.44647368e+00    9.99316038e+00   -8.07326899e-03   -1.76774162e-01
2405     7.90188370e-09    4.47602648e+00    9.98673285e+00   -1.37726118e-02   -1.77103365e-01
2406     7.90521704e-09    4.49717035e+00    9.98516949e+00   -1.43969774e-02   -1.77567430e-01
2407     7.90855037e-09    4.50183180e+00    9.98956988e+00   -9.20969776e-03   -1.77987508e-01
2408     7.91188370e-09    4.48821460e+00    9.99835257e+00   -1.16148101e-04   -1.78191524e-01
2409     7.91521704e-09    4.46150835e+00    1.00076894e+01    8.92703021e-03   -1.78096165e-01
2410     7.91855037e-09    4.43192247e+00    1.00136483e+01    1.41177352e-02   -1.77746453e-01
2411     7.92188370e-09    4.41077393e+00    1.00142166e+01    1.37568693e-02   -1.77286268e-01
2412     7.92521704e-09    4.40614268e+00    1.00096692e+01    8.46865279e-03   -1.76889097e-01
2413     7.92855037e-09    4.41978322e+00    1.00017912e+01    2.98399927e-04   -1.76695361e-01
2414     7.93188370e-09    4.44647368e+00    9.99316038e+00   -8.07327328e-03   -1.76774163e-01
2415     7.93521704e-09    4.47602648e+00    9.98673285e+00   -1.37726090e-02   -1.77103365e-01
2416     7.93855037e-09    4.49717035e+00    9.98516950e+00   -1.43969672e-02   -1.77567431e-01
2417     7.94188370e-09    4.50183180e+00    9.98956990e+00   -9.20968334e-03   -1.77987509e-01
2418     7.94521704e-09    4.48821460e+00    9.99835259e+00   -1.16135776e-04   -1.78191524e-01
2419     7.94855037e-09    4.46150835e+00    1.00076895e+01    8.92703426e-03   -1.78096165e-01
2420     7.95188370e-09    4.43192247e+00    1.00136483e+01    1.41177296e-02   -1.77746452e-01
2421     7.95521704e-09    4.41077393e+00    1.00142166e+01    1.37568577e-02   -1.77286267e-01
2422     7.95855037e-09    4.40614268e+00    1.00096692e+01    8.46864025e-03   -1.76889097e-01
2423     7.96188370e-09    4.41978322e+00    1.00017912e+01    2.98390267e-04   -1.76695362e-01
2424     7.96521704e-09    4.44647367e+00    9.99316037e+00   -8.07327757e-03   -1.76774164e-01
2425     7.96855037e-09    4.47602648e+00    9.98673285e+00   -1.37726063e-02   -1.77103366e-01
2426     7.97188370e-09    4.49717035e+00    9.98516951e+00   -1.43969571e-02   -1.77567431e-01
2427     7.97521704e-09    4.50183180e+00    9.98956991e+00   -9.20966890e-03   -1.77987509e-01
2428     7.97855037e-09    4.48821460e+00    9.99835260e+00   -1.16123450e-04   -1.78191524e-01
2429     7.98188370e-09    4.46150835e+00    1.00076895e+01    8.92703832e-03   -1.78096164e-01
2430     7.98521704e-09    4.43192247e+00    1.00136483e+01    1.41177240e-02   -1.77746452e-01
2431     7.98855037e-09    4.41077393e+00    1.00142166e+01    1.37568460e-02   -1.77286267e-01
2432     7.99188370e-09    4.40614268e+00    1.00096692e+01    8.46862770e-03   -1.76889097e-01
2433     7.99521704e-09    4.41978321e+00    1.00017912e+01    2.98380605e-04   -1.76695362e-01
2434     7.99855037e-09    4.44647367e+00    9.99316037e+00   -8.07328187e-03   -1.76774164e-01
2435     8.00188370e-09    4.47602648e+00    9.98673285e+00   -1.37726035e-02   -1.77103367e-01
2436     8.00521704e-09    4.49717035e+00    9.98516952e+00   -1.43969470e-02   -1.77567432e-01
2437     8.00855037e-09    4.50183180e+00    9.98956993e+00   -9.20965447e-03   -1.77987509e-01
2438     8.01188370e-09    4.48821460e+00    9.99835261e+00   -1.16111120e-04   -1.78191523e-01
2439     8.01521704e-09    4.46150835e+00    1.00076895e+01    8.92704237e-03   -1.78096163e-01
2440     8.01855037e-09    4.43192247e+00    1.00136483e+01    1.41177184e-02   -1.77746451e-01
2441     8.02188370e-09    4.41077393e+00    1.00142166e+01    1.37568344e-02   -1.77286266e-01
2442     8.02521704e-09    4.40614268e+00    1.00096692e+01    8.46861515e-03   -1.76889097e-01
2443     8.02855037e-09    4.41978321e+00    1.00017912e+01    2.98370940e-04   -1.76695362e-01
2444     8.03188370e-09    4.44647367e+00    9.99316036e+00   -8.07328617e-03   -1.76774165e-01
2445     8.03521704e-09    4.47602648e+00    9.98673285e+00   -1.37726007e-02   -1.77103368e-01
2446     8.03855037e-09    4.49717034e+00    9.98516953e+00   -1.43969369e-02   -1.77567433e-01
2447     8.04188370e-09    4.50183180e+00    9.98956994e+00   -9.20964003e-03   -1.77987509e-01
2448     8.04521704e-09    4.48821460e+00    9.99835262e+00   -1.16098788e-04   -1.78191523e-01
2449     8.04855037e-09    4.46150835e+00    1.00076895e+01    8.92704643e-03   -1.78096163e-01
2450     8.05188370e-09    4.43192247e+00    1.00136483e+01    1.41177128e-02   -1.77746451e-01
2451     8.05521704e-09    4.41077393e+00    1.00142166e+01    1.37568228e-02   -1.77286266e-01
2452     8.05855037e-09    4.40614268e+00    1.00096692e+01    8.46860260e-03   -1.76889097e-01
2453     8.06188370e-09    4.41978321e+00    1.00017912e+01    2.98361274e-04   -1.76695363e-01
2454     8.06521704e-09    4.44647367e+00    9.99316036e+00   -8.07329046e-03   -1.76774166e-01
2455     8.06855037e-09    4.47602647e+00    9.98673285e+00   -1.37725979e-02   -1.77103368e-01
2456     8.07188370e-09    4.49717034e+00    9.98516954e+00   -1.43969267e-02   -1.77567433e-01
2457     8.07521704e-09    4.50183180e+00    9.98956996e+00   -9.20962559e-03   -1.77987509e-01
2458     8.07855037e-09    4.48821460e+00    9.99835264e+00   -1.16086454e-04   -1.78191523e-01
2459     8.08188370e-09    4.46150835e+00    1.00076895e+01    8.92705048e-03   -1.78096162e-01
2460     8.08521704e-09    4.43192247e+00    1.00136483e+01    1.41177072e-02   -1.77746450e-01
2461     8.08855037e-09    4.41077393e+00    1.00142165e+01    1.37568112e-02   -1.77286266e-01
2462     8.09188370e-09    4.40614268e+00    1.00096692e+01    8.46859004e-03   -1.76889097e-01
2463     8.09521704e-09    4.41978321e+00    1.00017912e+01    2.98351606e-04   -1.76695363e-01
2464     8.09855037e-09    4.44647367e+00    9.99316035e+00   -8.07329476e-03   -1.76774167e-01
2465     8.10188370e-09    4.47602647e+00    9.98673285e+00   -1.37725951e-02   -1.77103369e-01
2466     8.10521704e-09    4.49717034e+00    9.98516955e+00   -1.43969166e-02   -1.77567434e-01
2467     8.10855037e-09    4.50183180e+00    9.98956997e+00   -9.20961115e-03   -1.77987509e-01
2468     8.11188370e-09    4.48821460e+00    9.99835265e+00   -1.16074117e-04   -1.78191522e-01
2469     8.11521704e-09    4.46150836e+00    1.00076895e+01    8.92705454e-03   -1.78096162e-01
2470     8.11855037e-09    4.43192247e+00    1.00136483e+01    1.41177015e-02   -1.77746449e-01
2471     8.12188370e-09    4.41077393e+00    1.00142165e+01    1.37567995e-02   -1.77286265e-01
2472     8.12521704e-09    4.40614268e+00    1.00096692e+01    8.46857749e-03   -1.76889097e-01
2473     8.12855037e-09    4.41978321e+00    1.00017912e+01    2.98341936e-04   -1.76695364e-01
2474     8.13188370e-09    4.44647367e+00    9.99316035e+00   -8.07329906e-03   -1.76774167e-01
2475     8.13521704e-09    4.47602647e+00    9.98673286e+00   -1.37725923e-02   -1.77103370e-01
2476     8.13855037e-09    4.49717034e+00    9.98516956e+00   -1.43969065e-02   -1.77567434e-01
2477     8.14188370e-09    4.50183180e+00    9.98956998e+00   -9.20959670e-03   -1.77987510e-01
2478     8.14521704e-09    4.48821460e+00    9.99835266e+00   -1.16061777e-04   -1.78191522e-01
2479     8.14855037e-09    4.46150836e+00    1.00076895e+01    8.92705860e-03   -1.78096161e-01
2480     8.15188370e-09    4.43192247e+00    1.00136483e+01    1.41176959e-02   -1.77746449e-01
2481     8.15521704e-09    4.41077393e+00    1.00142165e+01    1.37567879e-02   -1.77286265e-01
2482     8.15855037e-09    4.40614268e+00    1.00096691e+01    8.46856493e-03   -1.76889097e-01
2483     8.16188370e-09    4.41978321e+00    1.00017911e+01    2.98332264e-04   -1.76695364e-01
2484     8.16521704e-09    4.44647367e+00    9.99316034e+00   -8.07330336e-03   -1.76774168e-01
2485     8.16855037e-09    4.47602647e+00    9.98673286e+00   -1.37725895e-02   -1.77103371e-01
2486     8.17188370e-09    4.49717034e+00    9.98516957e+00   -1.43968963e-02   -1.77567435e-01
2487     8.17521704e-09    4.50183180e+00    9.98957000e+00   -9.20958225e-03   -1.77987510e-01
2488     8.17855037e-09    4.48821460e+00    9.99835268e+00   -1.16049435e-04   -1.78191522e-01
2489     8.18188370e-09    4.46150836e+00    1.00076895e+01    8.92706266e-03   -1.78096160e-01
2490     8.18521704e-09    4.43192247e+00    1.00136483e+01    1.41176903e-02   -1.77746448e-01
2491     8.18855037e-09    4.41077393e+00    1.00142165e+01    1.37567763e-02   -1.77286265e-01
2492     8.19188370e-09    4.40614268e+00    1.00096691e+01    8.46855236e-03   -1.76889097e-01
2493     8.19521704e-09    4.41978321e+00    1.00017911e+01    2.98322589e-04   -1.76695364e-01
2494     8.19855037e-09    4.44647367e+00    9.99316033e+00   -8.07330766e-03   -1.76774169e-01
2495     8.20188370e-09    4.47602647e+00    9.98673286e+00   -1.37725867e-02   -1.77103371e-01
2496     8.20521704e-09    4.49717034e+00    9.98516958e+00   -1.43968862e-02   -1.77567435e-01
2497     8.20855037e-09    4.50183179e+00    9.98957001e+00   -9.20956780e-03   -1.77987510e-01
2498     8.21188370e-09    4.48821460e+00    9.99835269e+00   -1.16037090e-04   -1.78191522e-01
2499     8.21521704e-09    4.46150836e+00    1.00076895e+01    8.92706672e-03   -1.78096160e-01
2500     8.21855037e-09    4.43192247e+00    1.00136483e+01    1.41176847e-02   -1.77746447e-01
2501     8.22188370e-09    4.41077393e+00    1.00142165e+01    1.37567646e-02   -1.77286264e-01
2502     8.22521704e-09    4.40614268e+00    1.00096691e+01    8.46853980e-03   -1.76889097e-01
2503     8.22855037e-09    4.41978321e+00    1.00017911e+01    2.98312913e-04   -1.76695365e-01
2504     8.23188370e-09    4.44647366e+00    9.99316033e+00   -8.07331197e-03   -1.76774169e-01
2505     8.23521704e-09    4.47602647e+00    9.98673286e+00   -1.37725839e-02   -1.77103372e-01
2506     8.23855037e-09    4.49717034e+00    9.98516959e+00   -1.43968760e-02   -1.77567436e-01
2507     8.24188370e-09    4.50183179e+00    9.98957003e+00   -9.20955334e-03   -1.77987510e-01
2508     8.24521704e-09    4.48821460e+00    9.99835270e+00   -1.16024742e-04   -1.78191521e-01
2509     8.24855037e-09    4.46150836e+00    1.00076895e+01    8.92707078e-03   -1.78096159e-01
2510     8.25188370e-09    4.43192247e+00    1.00136483e+01    1.41176791e-02   -1.77746447e-01
2511     8.25521704e-09    4.41077393e+00    1.00142165e+01    1.37567530e-02   -1.77286264e-01
2512     8.25855037e-09    4.40614268e+00    1.00096691e+01    8.46852723e-03   -1.76889097e-01
2513     8.26188370e-09    4.41978321e+00    1.00017911e+01    2.98303235e-04   -1.76695365e-01
2514     8.26521704e-09    4.44647366e+00    9.99316032e+00   -8.07331627e-03   -1.76774170e-01
2515     8.26855037e-09    4.47602647e+00    9.98673286e+00   -1.37725811e-02   -1.77103373e-01
2516     8.27188370e-09    4.49717034e+00    9.98516960e+00   -1.43968659e-02   -1.77567437e-01
2517     8.27521704e-09    4.50183179e+00    9.98957004e+00   -9.20953888e-03   -1.77987510e-01
2518     8.27855037e-09    4.48821460e+00    9.99835272e+00   -1.16012392e-04   -1.78191521e-01
2519     8.28188370e-09    4.46150836e+00    1.00076895e+01    8.92707484e-03   -1.78096159e-01
2520     8.28521704e-09    4.43192247e+00    1.00136483e+01    1.41176734e-02   -1.77746446e-01
2521     8.28855037e-09    4.41077393e+00    1.00142165e+01    1.37567413e-02   -1.77286264e-01
2522     8.29188370e-09    4.40614268e+00    1.00096691e+01    8.46851466e-03   -1.76889097e-01
2523     8.29521704e-09    4.41978321e+00    1.00017911e+01    2.98293554e-04   -1.76695366e-01
2524     8.29855037e-09    4.44647366e+00    9.99316032e+00   -8.07332057e-03   -1.76774171e-01
2525     8.30188370e-09    4.47602646e+00    9.98673286e+00   -1.37725783e-02   -1.77103374e-01
2526     8.30521704e-09    4.49717033e+00    9.98516960e+00   -1.43968558e-02   -1.77567437e-01
2527     8.30855037e-09    4.50183179e+00    9.98957006e+00   -9.20952442e-03   -1.77987510e-01
2528     8.31188370e-09    4.48821460e+00    9.99835273e+00   -1.16000040e-04   -1.78191521e-01
2529     8.31521704e-09    4.46150836e+00    1.00076895e+01    8.92707890e-03   -1.78096158e-01
2530     8.31855037e-09    4.43192247e+00    1.00136483e+01    1.41176678e-02   -1.77746446e-01
2531     8.32188370e-09    4.41077393e+00    1.00142165e+01    1.37567297e-02   -1.77286263e-01
2532     8.32521704e-09    4.40614268e+00    1.00096691e+01    8.46850208e-03   -1.76889097e-01
2533     8.32855037e-09    4.41978320e+00    1.00017911e+01    2.98283872e-04   -1.76695366e-01
2534     8.33188370e-09    4.44647366e+00    9.99316031e+00   -8.07332488e-03   -1.76774171e-01
2535     8.33521704e-09    4.47602646e+00    9.98673287e+00   -1.37725755e-02   -1.77103374e-01
2536     8.33855037e-09    4.49717033e+00    9.98516961e+00   -1.43968456e-02   -1.77567438e-01
2537     8.34188370e-09    4.50183179e+00    9.98957007e+00   -9.20950996e-03   -1.77987511e-01
2538     8.34521704e-09    4.48821460e+00    9.99835274e+00   -1.15987685e-04   -1.78191520e-01
2539     8.34855037e-09    4.46150836e+00    1.00076895e+01    8.92708297e-03   -1.78096157e-01
2540     8.35188370e-09    4.43192247e+00    1.00136483e+01    1.41176622e-02   -1.77746445e-01
2541     8.35521704e-09    4.41077393e+00    1.00142165e+01    1.37567180e-02   -1.77286263e-01
2542     8.35855037e-09    4.40614268e+00    1.00096691e+01    8.46848951e-03   -1.76889097e-01
2543     8.36188370e-09    4.41978320e+00    1.00017911e+01    2.98274187e-04   -1.76695366e-01
2544     8.36521704e-09    4.44647366e+00    9.99316031e+00   -8.07332918e-03   -1.76774172e-01
2545     8.36855037e-09    4.47602646e+00    9.98673287e+00   -1.37725726e-02   -1.77103375e-01
2546     8.37188370e-09    4.49717033e+00    9.98516962e+00   -1.43968355e-02   -1.77567438e-01
2547     8.37521704e-09    4.50183179e+00    9.98957009e+00   -9.20949549e-03   -1.77987511e-01
2548     8.37855037e-09    4.48821460e+00    9.99835276e+00   -1.15975327e-04   -1.78191520e-01
2549     8.38188370e-09    4.46150836e+00    1.00076895e+01    8.92708703e-03   -1.78096157e-01
2550     8.38521704e-09    4.43192247e+00    1.00136483e+01    1.41176566e-02   -1.77746444e-01
2551     8.38855037e-09    4.41077393e+00    1.00142164e+01    1.37567064e-02   -1.77286263e-01
2552     8.39188370e-09    4.40614268e+00    1.00096691e+01    8.46847693e-03   -1.76889097e-01
2553     8.39521704e-09    4.41978320e+00    1.00017911e+01    2.98264501e-04   -1.76695367e-01
2554     8.39855037e-09    4.44647366e+00    9.99316030e+00   -8.07333349e-03   -1.76774173e-01
2555     8.40188370e-09    4.47602646e+00    9.98673287e+00   -1.37725698e-02   -1.77103376e-01
2556     8.40521704e-09    4.49717033e+00    9.98516963e+00   -1.43968253e-02   -1.77567439e-01
2557     8.40855037e-09    4.50183179e+00    9.98957010e+00   -9.20948102e-03   -1.77987511e-01
2558     8.41188370e-09    4.48821460e+00    9.99835277e+00   -1.15962967e-04   -1.78191520e-01
2559     8.41521704e-09    4.46150836e+00    1.00076895e+01    8.92709110e-03   -1.78096156e-01
2560     8.41855037e-09    4.43192247e+00    1.00136482e+01    1.41176510e-02   -1.77746444e-01
2561     8.42188370e-09    4.41077393e+00    1.00142164e+01    1.37566947e-02   -1.77286262e-01
2562     8.42521704e-09    4.40614268e+00    1.00096690e+01    8.46846435e-03   -1.76889097e-01
2563     8.42855037e-09    4.41978320e+00    1.00017911e+01    2.98254812e-04   -1.76695367e-01
2564     8.43188370e-09    4.44647366e+00    9.99316030e+00   -8.07333780e-03   -1.76774173e-01
2565     8.43521704e-09    4.47602646e+00    9.98673287e+00   -1.37725670e-02   -1.77103377e-01
2566     8.43855037e-09    4.49717033e+00    9.98516964e+00   -1.43968152e-02   -1.77567439e-01
2567     8.44188370e-09    4.50183179e+00    9.98957011e+00   -9.20946654e-03   -1.77987511e-01
2568     8.44521704e-09    4.48821460e+00    9.99835278e+00   -1.15950604e-04   -1.78191520e-01
2569     8.44855037e-09    4.46150836e+00    1.00076895e+01    8.92709516e-03   -1.78096156e-01
2570     8.45188370e-09    4.43192248e+00    1.00136482e+01    1.41176453e-02   -1.77746443e-01
2571     8.45521704e-09    4.41077393e+00    1.00142164e+01    1.37566831e-02   -1.77286262e-01
2572     8.45855037e-09    4.40614268e+00    1.00096690e+01    8.46845176e-03   -1.76889097e-01
2573     8.46188370e-09    4.41978320e+00    1.00017910e+01    2.98245122e-04   -1.76695368e-01
2574     8.46521704e-09    4.44647365e+00    9.99316029e+00   -8.07334211e-03   -1.76774174e-01
2575     8.46855037e-09    4.47602646e+00    9.98673287e+00   -1.37725642e-02   -1.77103377e-01
2576     8.47188370e-09    4.49717033e+00    9.98516965e+00   -1.43968050e-02   -1.77567440e-01
2577     8.47521704e-09    4.50183179e+00    9.98957013e+00   -9.20945207e-03   -1.77987511e-01
2578     8.47855037e-09    4.48821460e+00    9.99835280e+00   -1.15938238e-04   -1.78191519e-01
2579     8.48188370e-09    4.46150836e+00    1.00076895e+01    8.92709923e-03   -1.78096155e-01
2580     8.48521704e-09    4.43192248e+00    1.00136482e+01    1.41176397e-02   -1.77746443e-01
2581     8.48855037e-09    4.41077393e+00    1.00142164e+01    1.37566714e-02   -1.77286261e-01
2582     8.49188370e-09    4.40614268e+00    1.00096690e+01    8.46843918e-03   -1.76889097e-01
2583     8.49521704e-09    4.41978320e+00    1.00017910e+01    2.98235429e-04   -1.76695368e-01
2584     8.49855037e-09    4.44647365e+00    9.99316028e+00   -8.07334641e-03   -1.76774175e-01
2585     8.50188370e-09    4.47602646e+00    9.98673287e+00   -1.37725614e-02   -1.77103378e-01
2586     8.50521704e-09    4.49717033e+00    9.98516966e+00   -1.43967948e-02   -1.77567441e-01
2587     8.50855037e-09    4.50183179e+00    9.98957014e+00   -9.20943759e-03   -1.77987512e-01
2588     8.51188370e-09    4.48821460e+00    9.99835281e+00   -1.15925870e-04   -1.78191519e-01
2589     8.51521704e-09    4.46150836e+00    1.00076895e+01    8.92710330e-03   -1.78096154e-01
2590     8.51855037e-09    4.43192248e+00    1.00136482e+01    1.41176341e-02   -1.77746442e-01
2591     8.52188370e-09    4.41077393e+00    1.00142164e+01    1.37566598e-02   -1.77286261e-01
2592     8.52521704e-09    4.40614268e+00    1.00096690e+01    8.46842659e-03   -1.76889097e-01
2593     8.52855037e-09    4.41978320e+00    1.00017910e+01    2.98225735e-04   -1.76695369e-01
2594     8.53188370e-09    4.44647365e+00    9.99316028e+00   -8.07335072e-03   -1.76774175e-01
2595     8.53521704e-09    4.47602645e+00    9.98673287e+00   -1.37725586e-02   -1.77103379e-01
2596     8.53855037e-09    4.49717033e+00    9.98516967e+00   -1.43967847e-02   -1.77567441e-01
2597     8.54188370e-09    4.50183179e+00    9.98957016e+00   -9.20942310e-03   -1.77987512e-01
2598     8.54521704e-09    4.48821460e+00    9.99835282e+00   -1.15913500e-04   -1.78191519e-01
2599     8.54855037e-09    4.46150836e+00    1.00076896e+01    8.92710736e-03   -1.78096154e-01
2600     8.55188370e-09    4.43192248e+00    1.00136482e+01    1.41176284e-02   -1.77746441e-01
2601     8.55521704e-09    4.41077393e+00    1.00142164e+01    1.37566481e-02   -1.77286261e-01
2602     8.55855037e-09    4.40614268e+00    1.00096690e+01    8.46841399e-03   -1.76889097e-01
2603     8.56188370e-09    4.41978320e+00    1.00017910e+01    2.98216038e-04   -1.76695369e-01
2604     8.56521704e-09    4.44647365e+00    9.99316027e+00   -8.07335504e-03   -1.76774176e-01
2605     8.56855037e-09    4.47602645e+00    9.98673288e+00   -1.37725558e-02   -1.77103380e-01
2606     8.57188370e-09    4.49717032e+00    9.98516968e+00   -1.43967745e-02   -1.77567442e-01
2607     8.57521704e-09    4.50183179e+00    9.98957017e+00   -9.20940862e-03   -1.77987512e-01
2608     8.57855037e-09    4.48821460e+00    9.99835284e+00   -1.15901126e-04   -1.78191519e-01
2609     8.58188370e-09    4.46150836e+00    1.00076896e+01    8.92711143e-03   -1.78096153e-01
2610     8.58521704e-09    4.43192248e+00    1.00136482e+01    1.41176228e-02   -1.77746441e-01
2611     8.58855037e-09    4.41077393e+00    1.00142164e+01    1.37566364e-02   -1.77286260e-01
2612     8.59188370e-09    4.40614268e+00    1.00096690e+01    8.46840140e-03   -1.76889097e-01
2613     8.59521704e-09    4.41978320e+00    1.00017910e+01    2.98206339e-04   -1.76695369e-01
2614     8.59855037e-09    4.44647365e+00    9.99316027e+00   -8.07335935e-03   -1.76774177e-01
2615     8.60188370e-09    4.47602645e+00    9.98673288e+00   -1.37725530e-02   -1.77103380e-01
2616     8.60521704e-09    4.49717032e+00    9.98516969e+00   -1.43967643e-02   -1.77567442e-01
2617     8.60855037e-09    4.50183179e+00    9.98957019e+00   -9.20939413e-03   -1.77987512e-01
2618     8.61188370e-09    4.48821460e+00    9.99835285e+00   -1.15888751e-04   -1.78191518e-01
2619     8.61521704e-09    4.46150836e+00    1.00076896e+01    8.92711550e-03   -1.78096153e-01
2620     8.61855037e-09    4.43192248e+00    1.00136482e+01    1.41176172e-02   -1.77746440e-01
2621     8.62188370e-09    4.41077393e+00    1.00142164e+01    1.37566248e-02   -1.77286260e-01
2622     8.62521704e-09    4.40614268e+00    1.00096690e+01    8.46838880e-03   -1.76889097e-01
2623     8.62855037e-09    4.41978320e+00    1.00017910e+01    2.98196639e-04   -1.76695370e-01
2624     8.63188370e-09    4.44647365e+00    9.99316026e+00   -8.07336366e-03   -1.76774177e-01
2625     8.63521704e-09    4.47602645e+00    9.98673288e+00   -1.37725502e-02   -1.77103381e-01
2626     8.63855037e-09    4.49717032e+00    9.98516970e+00   -1.43967542e-02   -1.77567443e-01
2627     8.64188370e-09    4.50183179e+00    9.98957020e+00   -9.20937963e-03   -1.77987512e-01
2628     8.64521704e-09    4.48821460e+00    9.99835286e+00   -1.15876372e-04   -1.78191518e-01
2629     8.64855037e-09    4.46150836e+00    1.00076896e+01    8.92711957e-03   -1.78096152e-01
2630     8.65188370e-09    4.43192248e+00    1.00136482e+01    1.41176115e-02   -1.77746439e-01
2631     8.65521704e-09    4.41077393e+00    1.00142164e+01    1.37566131e-02   -1.77286260e-01
2632     8.65855037e-09    4.40614268e+00    1.00096690e+01    8.46837620e-03   -1.76889097e-01
2633     8.66188370e-09    4.41978319e+00    1.00017910e+01    2.98186936e-04   -1.76695370e-01
2634     8.66521704e-09    4.44647365e+00    9.99316026e+00   -8.07336797e-03   -1.76774178e-01
2635     8.66855037e-09    4.47602645e+00    9.98673288e+00   -1.37725474e-02   -1.77103382e-01
2636     8.67188370e-09    4.49717032e+00    9.98516971e+00   -1.43967440e-02   -1.77567443e-01
2637     8.67521704e-09    4.50183179e+00    9.98957022e+00   -9.20936514e-03   -1.77987512e-01
2638     8.67855037e-09    4.48821460e+00    9.99835288e+00   -1.15863991e-04   -1.78191518e-01
2639     8.68188370e-09    4.46150836e+00    1.00076896e+01    8.92712365e-03   -1.78096151e-01
2640     8.68521704e-09    4.43192248e+00    1.00136482e+01    1.41176059e-02   -1.77746439e-01
2641     8.68855037e-09    4.41077393e+00    1.00142163e+01    1.37566014e-02   -1.77286259e-01
2642     8.69188370e-09    4.40614267e+00    1.00096689e+01    8.46836360e-03   -1.76889097e-01
2643     8.69521704e-09    4.41978319e+00    1.00017910e+01    2.98177231e-04   -1.76695371e-01
2644     8.69855037e-09    4.44647365e+00    9.99316025e+00   -8.07337229e-03   -1.76774179e-01
2645     8.70188370e-09    4.47602645e+00    9.98673288e+00   -1.37725446e-02   -1.77103383e-01
2646     8.70521704e-09    4.49717032e+00    9.98516972e+00   -1.43967338e-02   -1.77567444e-01
2647     8.70855037e-09    4.50183178e+00    9.98957023e+00   -9.20935064e-03   -1.77987513e-01
2648     8.71188370e-09    4.48821460e+00    9.99835289e+00   -1.15851608e-04   -1.78191517e-01
2649     8.71521704e-09    4.46150836e+00    1.00076896e+01    8.92712772e-03   -1.78096151e-01
2650     8.71855037e-09    4.43192248e+00    1.00136482e+01    1.41176003e-02   -1.77746438e-01
2651     8.72188370e-09    4.41077393e+00    1.00142163e+01    1.37565897e-02   -1.77286259e-01
2652     8.72521704e-09    4.40614267e+00    1.00096689e+01    8.46835099e-03   -1.76889097e-01
2653     8.72855037e-09    4.41978319e+00    1.00017910e+01    2.98167525e-04   -1.76695371e-01
2654     8.73188370e-09    4.44647364e+00    9.99316025e+00   -8.07337660e-03   -1.76774180e-01
2655     8.73521704e-09    4.47602645e+00    9.98673288e+00   -1.37725418e-02   -1.77103383e-01
2656     8.73855037e-09    4.49717032e+00    9.98516973e+00   -1.43967237e-02   -1.77567445e-01
2657     8.74188370e-09    4.50183178e+00    9.98957024e+00   -9.20933614e-03   -1.77987513e-01
2658     8.74521704e-09    4.48821460e+00    9.99835290e+00   -1.15839222e-04   -1.78191517e-01
2659     8.74855037e-09    4.46150836e+00    1.00076896e+01    8.92713179e-03   -1.78096150e-01
2660     8.75188370e-09    4.43192248e+00    1.00136482e+01    1.41175946e-02   -1.77746438e-01
2661     8.75521704e-09    4.41077393e+00    1.00142163e+01    1.37565781e-02   -1.77286259e-01
2662     8.75855037e-09    4.40614267e+00    1.00096689e+01    8.46833839e-03   -1.76889097e-01
2663     8.76188370e-09    4.41978319e+00    1.00017910e+01    2.98157816e-04   -1.76695371e-01
2664     8.76521704e-09    4.44647364e+00    9.99316024e+00   -8.07338092e-03   -1.76774180e-01
2665     8.76855037e-09    4.47602644e+00    9.98673288e+00   -1.37725390e-02   -1.77103384e-01
2666     8.77188370e-09    4.49717032e+00    9.98516973e+00   -1.43967135e-02   -1.77567445e-01
2667     8.77521704e-09    4.50183178e+00    9.98957026e+00   -9.20932164e-03   -1.77987513e-01
2668     8.77855037e-09    4.48821460e+00    9.99835292e+00   -1.15826833e-04   -1.78191517e-01
2669     8.78188370e-09    4.46150836e+00    1.00076896e+01    8.92713586e-03   -1.78096150e-01
2670     8.78521704e-09    4.43192248e+00    1.00136482e+01    1.41175890e-02   -1.77746437e-01
2671     8.78855037e-09    4.41077393e+00    1.00142163e+01    1.37565664e-02   -1.77286258e-01
2672     8.79188370e-09    4.40614267e+00    1.00096689e+01    8.46832578e-03   -1.76889097e-01
2673     8.79521704e-09    4.41978319e+00    1.00017909e+01    2.98148105e-04   -1.76695372e-01
2674     8.79855037e-09    4.44647364e+00    9.99316023e+00   -8.07338524e-03   -1.76774181e-01
2675     8.80188370e-09    4.47602644e+00    9.98673289e+00   -1.37725361e-02   -1.77103385e-01
2676     8.80521704e-09    4.49717032e+00    9.98516974e+00   -1.43967033e-02   -1.77567446e-01
2677     8.80855037e-09    4.50183178e+00    9.98957027e+00   -9.20930713e-03   -1.77987513e-01
2678     8.81188370e-09    4.48821460e+00    9.99835293e+00   -1.15814442e-04   -1.78191517e-01
2679     8.81521704e-09    4.46150836e+00    1.00076896e+01    8.92713994e-03   -1.78096149e-01
2680     8.81855037e-09    4.43192248e+00    1.00136482e+01    1.41175833e-02   -1.77746436e-01
2681     8.82188370e-09    4.41077393e+00    1.00142163e+01    1.37565547e-02   -1.77286258e-01
2682     8.82521704e-09    4.40614267e+00    1.00096689e+01    8.46831316e-03   -1.76889097e-01
2683     8.82855037e-09    4.41978319e+00    1.00017909e+01    2.98138392e-04   -1.76695372e-01
2684     8.83188370e-09    4.44647364e+00    9.99316023e+00   -8.07338956e-03   -1.76774182e-01
2685     8.83521704e-09    4.47602644e+00    9.98673289e+00   -1.37725333e-02   -1.77103386e-01
2686     8.83855037e-09    4.49717032e+00    9.98516975e+00   -1.43966931e-02   -1.77567446e-01
2687     8.84188370e-09    4.50183178e+00    9.98957029e+00   -9.20929262e-03   -1.77987513e-01
2688     8.84521704e-09    4.48821460e+00    9.99835294e+00   -1.15802048e-04   -1.78191516e-01
2689     8.84855037e-09    4.46150836e+00    1.00076896e+01    8.92714401e-03   -1.78096148e-01
2690     8.85188370e-09    4.43192248e+00    1.00136482e+01    1.41175777e-02   -1.77746436e-01
2691     8.85521704e-09    4.41077393e+00    1.00142163e+01    1.37565430e-02   -1.77286257e-01
2692     8.85855037e-09    4.40614267e+00    1.00096689e+01    8.46830055e-03   -1.76889098e-01
2693     8.86188370e-09    4.41978319e+00    1.00017909e+01    2.98128678e-04   -1.76695373e-01
2694     8.86521704e-09    4.44647364e+00    9.99316022e+00   -8.07339387e-03   -1.76774182e-01
2695     8.86855037e-09    4.47602644e+00    9.98673289e+00   -1.37725305e-02   -1.77103386e-01
2696     8.87188370e-09    4.49717031e+00    9.98516976e+00   -1.43966829e-02   -1.77567447e-01
2697     8.87521704e-09    4.50183178e+00    9.98957030e+00   -9.20927810e-03   -1.77987513e-01
2698     8.87855037e-09    4.48821460e+00    9.99835296e+00   -1.15789652e-04   -1.78191516e-01
2699     8.88188370e-09    4.46150836e+00    1.00076896e+01    8.92714809e-03   -1.78096148e-01
2700     8.88521704e-09    4.43192248e+00    1.00136482e+01    1.41175721e-02   -1.77746435e-01
2701     8.88855037e-09    4.41077393e+00    1.00142163e+01    1.37565313e-02   -1.77286257e-01
2702     8.89188370e-09    4.40614267e+00    1.00096689e+01    8.46828793e-03   -1.76889098e-01
2703     8.89521704e-09    4.41978319e+00    1.00017909e+01    2.98118961e-04   -1.76695373e-01
2704     8.89855037e-09    4.44647364e+00    9.99316022e+00   -8.07339819e-03   -1.76774183e-01
2705     8.90188370e-09    4.47602644e+00    9.98673289e+00   -1.37725277e-02   -1.77103387e-01
2706     8.90521704e-09    4.49717031e+00    9.98516977e+00   -1.43966728e-02   -1.77567447e-01
2707     8.90855037e-09    4.50183178e+00    9.98957032e+00   -9.20926359e-03   -1.77987514e-01
2708     8.91188370e-09    4.48821460e+00    9.99835297e+00   -1.15777253e-04   -1.78191516e-01
2709     8.91521704e-09    4.46150836e+00    1.00076896e+01    8.92715217e-03   -1.78096147e-01
2710     8.91855037e-09    4.43192248e+00    1.00136482e+01    1.41175664e-02   -1.77746435e-01
2711     8.92188370e-09    4.41077393e+00    1.00142163e+01    1.37565196e-02   -1.77286257e-01
2712     8.92521704e-09    4.40614267e+00    1.00096689e+01    8.46827531e-03   -1.76889098e-01
2713     8.92855037e-09    4.41978319e+00    1.00017909e+01    2.98109242e-04   -1.76695374e-01
2714     8.93188370e-09    4.44647364e+00    9.99316021e+00   -8.07340252e-03   -1.76774184e-01
2715     8.93521704e-09    4.47602644e+00    9.98673289e+00   -1.37725249e-02   -1.77103388e-01
2716     8.93855037e-09    4.49717031e+00    9.98516978e+00   -1.43966626e-02   -1.77567448e-01
2717     8.94188370e-09    4.50183178e+00    9.98957033e+00   -9.20924907e-03   -1.77987514e-01
2718     8.94521704e-09    4.48821460e+00    9.99835298e+00   -1.15764851e-04   -1.78191515e-01
2719     8.94855037e-09    4.46150837e+00    1.00076896e+01    8.92715625e-03   -1.78096147e-01
2720     8.95188370e-09    4.43192248e+00    1.00136482e+01    1.41175608e-02   -1.77746434e-01
2721     8.95521704e-09    4.41077393e+00    1.00142163e+01    1.37565079e-02   -1.77286256e-01
2722     8.95855037e-09    4.40614267e+00    1.00096688e+01    8.46826268e-03   -1.76889098e-01
2723     8.96188370e-09    4.41978319e+00    1.00017909e+01    2.98099521e-04   -1.76695374e-01
2724     8.96521704e-09    4.44647363e+00    9.99316021e+00   -8.07340684e-03   -1.76774184e-01
2725     8.96855037e-09    4.47602644e+00    9.98673289e+00   -1.37725221e-02   -1.77103389e-01
2726     8.97188370e-09    4.49717031e+00    9.98516979e+00   -1.43966524e-02   -1.77567449e-01
2727     8.97521704e-09    4.50183178e+00    9.98957035e+00   -9.20923454e-03   -1.77987514e-01
2728     8.97855037e-09    4.48821460e+00    9.99835299e+00   -1.15752447e-04   -1.78191515e-01
2729     8.98188370e-09    4.46150837e+00    1.00076896e+01    8.92716033e-03   -1.78096146e-01
2730     8.98521704e-09    4.43192248e+00    1.00136482e+01    1.41175551e-02   -1.77746433e-01
2731     8.98855037e-09    4.41077393e+00    1.00142162e+01    1.37564962e-02   -1.77286256e-01
2732     8.99188370e-09    4.40614267e+00    1.00096688e+01    8.46825006e-03   -1.76889098e-01
2733     8.99521704e-09    4.41978319e+00    1.00017909e+01    2.98089798e-04   -1.76695374e-01
2734     8.99855037e-09    4.44647363e+00    9.99316020e+00   -8.07341116e-03   -1.76774185e-01
2735     9.00188370e-09    4.47602643e+00    9.98673290e+00   -1.37725193e-02   -1.77103389e-01
2736     9.00521704e-09    4.49717031e+00    9.98516980e+00   -1.43966422e-02   -1.77567449e-01
2737     9.00855037e-09    4.50183178e+00    9.98957036e+00   -9.20922002e-03   -1.77987514e-01
2738     9.01188370e-09    4.48821460e+00    9.99835301e+00   -1.15740041e-04   -1.78191515e-01
2739     9.01521704e-09    4.46150837e+00    1.00076896e+01    8.92716441e-03   -1.78096145e-01
2740     9.01855037e-09    4.43192248e+00    1.00136482e+01    1.41175495e-02   -1.77746433e-01
2741     9.02188370e-09    4.41077393e+00    1.00142162e+01    1.37564845e-02   -1.77286256e-01
2742     9.02521704e-09    4.40614267e+00    1.00096688e+01    8.46823743e-03   -1.76889098e-01
2743     9.02855037e-09    4.41978318e+00    1.00017909e+01    2.98080073e-04   -1.76695375e-01
2744     9.03188370e-09    4.44647363e+00    9.99316020e+00   -8.07341548e-03   -1.76774186e-01
2745     9.03521704e-09    4.47602643e+00    9.98673290e+00   -1.37725164e-02   -1.77103390e-01
2746     9.03855037e-09    4.49717031e+00    9.98516981e+00   -1.43966320e-02   -1.77567450e-01
2747     9.04188370e-09    4.50183178e+00    9.98957037e+00   -9.20920549e-03   -1.77987514e-01
2748     9.04521704e-09    4.48821460e+00    9.99835302e+00   -1.15727631e-04   -1.78191515e-01
2749     9.04855037e-09    4.46150837e+00    1.00076896e+01    8.92716849e-03   -1.78096145e-01
2750     9.05188370e-09    4.43192248e+00    1.00136482e+01    1.41175438e-02   -1.77746432e-01
2751     9.05521704e-09    4.41077393e+00    1.00142162e+01    1.37564728e-02   -1.77286255e-01
2752     9.05855037e-09    4.40614267e+00    1.00096688e+01    8.46822480e-03   -1.76889098e-01
2753     9.06188370e-09    4.41978318e+00    1.00017909e+01    2.98070346e-04   -1.76695375e-01
2754     9.06521704e-09    4.44647363e+00    9.99316019e+00   -8.07341981e-03   -1.76774186e-01
2755     9.06855037e-09    4.47602643e+00    9.98673290e+00   -1.37725136e-02   -1.77103391e-01
2756     9.07188370e-09    4.49717031e+00    9.98516982e+00   -1.43966218e-02   -1.77567450e-01
2757     9.07521704e-09    4.50183178e+00    9.98957039e+00   -9.20919096e-03   -1.77987515e-01
2758     9.07855037e-09    4.48821460e+00    9.99835303e+00   -1.15715219e-04   -1.78191514e-01
2759     9.08188370e-09    4.46150837e+00    1.00076896e+01    8.92717257e-03   -1.78096144e-01
2760     9.08521704e-09    4.43192248e+00    1.00136482e+01    1.41175382e-02   -1.77746431e-01
2761     9.08855037e-09    4.41077393e+00    1.00142162e+01    1.37564611e-02   -1.77286255e-01
2762     9.09188370e-09    4.40614267e+00    1.00096688e+01    8.46821216e-03   -1.76889098e-01
2763     9.09521704e-09    4.41978318e+00    1.00017908e+01    2.98060617e-04   -1.76695376e-01
2764     9.09855037e-09    4.44647363e+00    9.99316018e+00   -8.07342413e-03   -1.76774187e-01
2765     9.10188370e-09    4.47602643e+00    9.98673290e+00   -1.37725108e-02   -1.77103392e-01
2766     9.10521704e-09    4.49717031e+00    9.98516983e+00   -1.43966116e-02   -1.77567451e-01
2767     9.10855037e-09    4.50183178e+00    9.98957040e+00   -9.20917642e-03   -1.77987515e-01
2768     9.11188370e-09    4.48821460e+00    9.99835305e+00   -1.15702805e-04   -1.78191514e-01
2769     9.11521704e-09    4.46150837e+00    1.00076896e+01    8.92717665e-03   -1.78096144e-01
2770     9.11855037e-09    4.43192248e+00    1.00136482e+01    1.41175325e-02   -1.77746431e-01
2771     9.12188370e-09    4.41077393e+00    1.00142162e+01    1.37564494e-02   -1.77286255e-01
2772     9.12521704e-09    4.40614267e+00    1.00096688e+01    8.46819953e-03   -1.76889098e-01
2773     9.12855037e-09    4.41978318e+00    1.00017908e+01    2.98050886e-04   -1.76695376e-01
2774     9.13188370e-09    4.44647363e+00    9.99316018e+00   -8.07342846e-03   -1.76774188e-01
2775     9.13521704e-09    4.47602643e+00    9.98673290e+00   -1.37725080e-02   -1.77103393e-01
2776     9.13855037e-09    4.49717030e+00    9.98516984e+00   -1.43966014e-02   -1.77567451e-01
2777     9.14188370e-09    4.50183178e+00    9.98957042e+00   -9.20916188e-03   -1.77987515e-01
2778     9.14521704e-09    4.48821460e+00    9.99835306e+00   -1.15690388e-04   -1.78191514e-01
2779     9.14855037e-09    4.46150837e+00    1.00076896e+01    8.92718073e-03   -1.78096143e-01
2780     9.15188370e-09    4.43192248e+00    1.00136482e+01    1.41175269e-02   -1.77746430e-01
2781     9.15521704e-09    4.41077393e+00    1.00142162e+01    1.37564377e-02   -1.77286254e-01
2782     9.15855037e-09    4.40614267e+00    1.00096688e+01    8.46818689e-03   -1.76889098e-01
2783     9.16188370e-09    4.41978318e+00    1.00017908e+01    2.98041153e-04   -1.76695377e-01
2784     9.16521704e-09    4.44647363e+00    9.99316017e+00   -8.07343279e-03   -1.76774188e-01
2785     9.16855037e-09    4.47602643e+00    9.98673290e+00   -1.37725052e-02   -1.77103393e-01
2786     9.17188370e-09    4.49717030e+00    9.98516985e+00   -1.43965912e-02   -1.77567452e-01
2787     9.17521704e-09    4.50183178e+00    9.98957043e+00   -9.20914734e-03   -1.77987515e-01
2788     9.17855037e-09    4.48821460e+00    9.99835307e+00   -1.15677969e-04   -1.78191513e-01
2789     9.18188370e-09    4.46150837e+00    1.00076897e+01    8.92718482e-03   -1.78096142e-01
2790     9.18521704e-09    4.43192249e+00    1.00136481e+01    1.41175212e-02   -1.77746430e-01
2791     9.18855037e-09    4.41077393e+00    1.00142162e+01    1.37564260e-02   -1.77286254e-01
2792     9.19188370e-09    4.40614267e+00    1.00096688e+01    8.46817424e-03   -1.76889098e-01
2793     9.19521704e-09    4.41978318e+00    1.00017908e+01    2.98031418e-04   -1.76695377e-01
2794     9.19855037e-09    4.44647362e+00    9.99316017e+00   -8.07343711e-03   -1.76774189e-01
2795     9.20188370e-09    4.47602642e+00    9.98673290e+00   -1.37725024e-02   -1.77103394e-01
2796     9.20521704e-09    4.49717030e+00    9.98516986e+00   -1.43965810e-02   -1.77567453e-01
2797     9.20855037e-09    4.50183177e+00    9.98957045e+00   -9.20913280e-03   -1.77987515e-01
2798     9.21188370e-09    4.48821460e+00    9.99835309e+00   -1.15665547e-04   -1.78191513e-01
2799     9.21521704e-09    4.46150837e+00    1.00076897e+01    8.92718890e-03   -1.78096142e-01
2800     9.21855037e-09    4.43192249e+00    1.00136481e+01    1.41175156e-02   -1.77746429e-01
2801     9.22188370e-09    4.41077393e+00    1.00142162e+01    1.37564143e-02   -1.77286253e-01
2802     9.22521704e-09    4.40614267e+00    1.00096687e+01    8.46816160e-03   -1.76889098e-01
2803     9.22855037e-09    4.41978318e+00    1.00017908e+01    2.98021681e-04   -1.76695377e-01
2804     9.23188370e-09    4.44647362e+00    9.99316016e+00   -8.07344144e-03   -1.76774190e-01
2805     9.23521704e-09    4.47602642e+00    9.98673291e+00   -1.37724995e-02   -1.77103395e-01
2806     9.23855037e-09    4.49717030e+00    9.98516987e+00   -1.43965708e-02   -1.77567453e-01
2807     9.24188370e-09    4.50183177e+00    9.98957046e+00   -9.20911825e-03   -1.77987515e-01
2808     9.24521704e-09    4.48821460e+00    9.99835310e+00   -1.15653122e-04   -1.78191513e-01
2809     9.24855037e-09    4.46150837e+00    1.00076897e+01    8.92719299e-03   -1.78096141e-01
2810     9.25188370e-09    4.43192249e+00    1.00136481e+01    1.41175099e-02   -1.77746428e-01
2811     9.25521704e-09    4.41077393e+00    1.00142162e+01    1.37564026e-02   -1.77286253e-01
2812     9.25855037e-09    4.40614267e+00    1.00096687e+01    8.46814895e-03   -1.76889098e-01
2813     9.26188370e-09    4.41978318e+00    1.00017908e+01    2.98011942e-04   -1.76695378e-01
2814     9.26521704e-09    4.44647362e+00    9.99316016e+00   -8.07344577e-03   -1.76774190e-01
2815     9.26855037e-09    4.47602642e+00    9.98673291e+00   -1.37724967e-02   -1.77103396e-01
2816     9.27188370e-09    4.49717030e+00    9.98516987e+00   -1.43965606e-02   -1.77567454e-01
2817     9.27521704e-09    4.50183177e+00    9.98957048e+00   -9.20910370e-03   -1.77987516e-01
2818     9.27855037e-09    4.48821460e+00    9.99835311e+00   -1.15640695e-04   -1.78191513e-01
2819     9.28188370e-09    4.46150837e+00    1.00076897e+01    8.92719707e-03   -1.78096141e-01
2820     9.28521704e-09    4.43192249e+00    1.00136481e+01    1.41175043e-02   -1.77746428e-01
2821     9.28855037e-09    4.41077393e+00    1.00142162e+01    1.37563909e-02   -1.77286253e-01
2822     9.29188370e-09    4.40614267e+00    1.00096687e+01    8.46813630e-03   -1.76889098e-01
2823     9.29521704e-09    4.41978318e+00    1.00017908e+01    2.98002201e-04   -1.76695378e-01
2824     9.29855037e-09    4.44647362e+00    9.99316015e+00   -8.07345010e-03   -1.76774191e-01
2825     9.30188370e-09    4.47602642e+00    9.98673291e+00   -1.37724939e-02   -1.77103396e-01
2826     9.30521704e-09    4.49717030e+00    9.98516988e+00   -1.43965504e-02   -1.77567454e-01
2827     9.30855037e-09    4.50183177e+00    9.98957049e+00   -9.20908915e-03   -1.77987516e-01
2828     9.31188370e-09    4.48821460e+00    9.99835313e+00   -1.15628265e-04   -1.78191512e-01
2829     9.31521704e-09    4.46150837e+00    1.00076897e+01    8.92720116e-03   -1.78096140e-01
2830     9.31855037e-09    4.43192249e+00    1.00136481e+01    1.41174986e-02   -1.77746427e-01
2831     9.32188370e-09    4.41077393e+00    1.00142161e+01    1.37563791e-02   -1.77286252e-01
2832     9.32521704e-09    4.40614267e+00    1.00096687e+01    8.46812365e-03   -1.76889098e-01
2833     9.32855037e-09    4.41978318e+00    1.00017908e+01    2.97992458e-04   -1.76695379e-01
2834     9.33188370e-09    4.44647362e+00    9.99316014e+00   -8.07345443e-03   -1.76774192e-01
2835     9.33521704e-09    4.47602642e+00    9.98673291e+00   -1.37724911e-02   -1.77103397e-01
2836     9.33855037e-09    4.49717030e+00    9.98516989e+00   -1.43965402e-02   -1.77567455e-01
2837     9.34188370e-09    4.50183177e+00    9.98957051e+00   -9.20907459e-03   -1.77987516e-01
2838     9.34521704e-09    4.48821460e+00    9.99835314e+00   -1.15615833e-04   -1.78191512e-01
2839     9.34855037e-09    4.46150837e+00    1.00076897e+01    8.92720525e-03   -1.78096139e-01
2840     9.35188370e-09    4.43192249e+00    1.00136481e+01    1.41174929e-02   -1.77746427e-01
2841     9.35521704e-09    4.41077393e+00    1.00142161e+01    1.37563674e-02   -1.77286252e-01
2842     9.35855037e-09    4.40614267e+00    1.00096687e+01    8.46811099e-03   -1.76889098e-01
2843     9.36188370e-09    4.41978317e+00    1.00017908e+01    2.97982712e-04   -1.76695379e-01
2844     9.36521704e-09    4.44647362e+00    9.99316014e+00   -8.07345877e-03   -1.76774193e-01
2845     9.36855037e-09    4.47602642e+00    9.98673291e+00   -1.37724883e-02   -1.77103398e-01
2846     9.37188370e-09    4.49717030e+00    9.98516990e+00   -1.43965300e-02   -1.77567455e-01
2847     9.37521704e-09    4.50183177e+00    9.98957052e+00   -9.20906003e-03   -1.77987516e-01
2848     9.37855037e-09    4.48821460e+00    9.99835315e+00   -1.15603398e-04   -1.78191512e-01
2849     9.38188370e-09    4.46150837e+00    1.00076897e+01    8.92720934e-03   -1.78096139e-01
2850     9.38521704e-09    4.43192249e+00    1.00136481e+01    1.41174873e-02   -1.77746426e-01
2851     9.38855037e-09    4.41077393e+00    1.00142161e+01    1.37563557e-02   -1.77286252e-01
2852     9.39188370e-09    4.40614267e+00    1.00096687e+01    8.46809834e-03   -1.76889098e-01
2853     9.39521704e-09    4.41978317e+00    1.00017908e+01    2.97972965e-04   -1.76695379e-01
2854     9.39855037e-09    4.44647362e+00    9.99316013e+00   -8.07346310e-03   -1.76774193e-01
2855     9.40188370e-09    4.47602642e+00    9.98673291e+00   -1.37724854e-02   -1.77103399e-01
2856     9.40521704e-09    4.49717029e+00    9.98516991e+00   -1.43965197e-02   -1.77567456e-01
2857     9.40855037e-09    4.50183177e+00    9.98957053e+00   -9.20904547e-03   -1.77987516e-01
2858     9.41188370e-09    4.48821460e+00    9.99835317e+00   -1.15590960e-04   -1.78191511e-01
2859     9.41521704e-09    4.46150837e+00    1.00076897e+01    8.92721343e-03   -1.78096138e-01
2860     9.41855037e-09    4.43192249e+00    1.00136481e+01    1.41174816e-02   -1.77746425e-01
2861     9.42188370e-09    4.41077393e+00    1.00142161e+01    1.37563440e-02   -1.77286251e-01
2862     9.42521704e-09    4.40614267e+00    1.00096687e+01    8.46808568e-03   -1.76889098e-01
2863     9.42855037e-09    4.41978317e+00    1.00017907e+01    2.97963216e-04   -1.76695380e-01
2864     9.43188370e-09    4.44647362e+00    9.99316013e+00   -8.07346743e-03   -1.76774194e-01
2865     9.43521704e-09    4.47602641e+00    9.98673291e+00   -1.37724826e-02   -1.77103399e-01
2866     9.43855037e-09    4.49717029e+00    9.98516992e+00   -1.43965095e-02   -1.77567457e-01
2867     9.44188370e-09    4.50183177e+00    9.98957055e+00   -9.20903091e-03   -1.77987516e-01
2868     9.44521704e-09    4.48821460e+00    9.99835318e+00   -1.15578520e-04   -1.78191511e-01
2869     9.44855037e-09    4.46150837e+00    1.00076897e+01    8.92721752e-03   -1.78096138e-01
2870     9.45188370e-09    4.43192249e+00    1.00136481e+01    1.41174759e-02   -1.77746425e-01
2871     9.45521704e-09    4.41077393e+00    1.00142161e+01    1.37563322e-02   -1.77286251e-01
2872     9.45855037e-09    4.40614267e+00    1.00096687e+01    8.46807301e-03   -1.76889098e-01
2873     9.46188370e-09    4.41978317e+00    1.00017907e+01    2.97953465e-04   -1.76695380e-01
2874     9.46521704e-09    4.44647361e+00    9.99316012e+00   -8.07347177e-03   -1.76774195e-01
2875     9.46855037e-09    4.47602641e+00    9.98673292e+00   -1.37724798e-02   -1.77103400e-01
2876     9.47188370e-09    4.49717029e+00    9.98516993e+00   -1.43964993e-02   -1.77567457e-01
2877     9.47521704e-09    4.50183177e+00    9.98957056e+00   -9.20901634e-03   -1.77987517e-01
2878     9.47855037e-09    4.48821460e+00    9.99835319e+00   -1.15566078e-04   -1.78191511e-01
2879     9.48188370e-09    4.46150837e+00    1.00076897e+01    8.92722161e-03   -1.78096137e-01
2880     9.48521704e-09    4.43192249e+00    1.00136481e+01    1.41174703e-02   -1.77746424e-01
2881     9.48855037e-09    4.41077394e+00    1.00142161e+01    1.37563205e-02   -1.77286251e-01
2882     9.49188370e-09    4.40614266e+00    1.00096686e+01    8.46806035e-03   -1.76889098e-01
2883     9.49521704e-09    4.41978317e+00    1.00017907e+01    2.97943712e-04   -1.76695381e-01
2884     9.49855037e-09    4.44647361e+00    9.99316012e+00   -8.07347610e-03   -1.76774195e-01
2885     9.50188370e-09    4.47602641e+00    9.98673292e+00   -1.37724770e-02   -1.77103401e-01
2886     9.50521704e-09    4.49717029e+00    9.98516994e+00   -1.43964891e-02   -1.77567458e-01
2887     9.50855037e-09    4.50183177e+00    9.98957058e+00   -9.20900177e-03   -1.77987517e-01
2888     9.51188370e-09    4.48821460e+00    9.99835321e+00   -1.15553632e-04   -1.78191511e-01
2889     9.51521704e-09    4.46150837e+00    1.00076897e+01    8.92722570e-03   -1.78096137e-01
2890     9.51855037e-09    4.43192249e+00    1.00136481e+01    1.41174646e-02   -1.77746423e-01
2891     9.52188370e-09    4.41077394e+00    1.00142161e+01    1.37563088e-02   -1.77286250e-01
2892     9.52521704e-09    4.40614266e+00    1.00096686e+01    8.46804768e-03   -1.76889098e-01
2893     9.52855037e-09    4.41978317e+00    1.00017907e+01    2.97933956e-04   -1.76695381e-01
2894     9.53188370e-09    4.44647361e+00    9.99316011e+00   -8.07348044e-03   -1.76774196e-01
2895     9.53521704e-09    4.47602641e+00    9.98673292e+00   -1.37724741e-02   -1.77103402e-01
2896     9.53855037e-09    4.49717029e+00    9.98516995e+00   -1.43964788e-02   -1.77567458e-01
2897     9.54188370e-09    4.50183177e+00    9.98957059e+00   -9.20898719e-03   -1.77987517e-01
2898     9.54521704e-09    4.48821460e+00    9.99835322e+00   -1.15541185e-04   -1.78191510e-01
2899     9.54855037e-09    4.46150837e+00    1.00076897e+01    8.92722979e-03   -1.78096136e-01
2900     9.55188370e-09    4.43192249e+00    1.00136481e+01    1.41174590e-02   -1.77746423e-01
2901     9.55521704e-09    4.41077394e+00    1.00142161e+01    1.37562970e-02   -1.77286250e-01
2902     9.55855037e-09    4.40614266e+00    1.00096686e+01    8.46803501e-03   -1.76889098e-01
2903     9.56188370e-09    4.41978317e+00    1.00017907e+01    2.97924199e-04   -1.76695382e-01
2904     9.56521704e-09    4.44647361e+00    9.99316011e+00   -8.07348478e-03   -1.76774197e-01
2905     9.56855037e-09    4.47602641e+00    9.98673292e+00   -1.37724713e-02   -1.77103402e-01
2906     9.57188370e-09    4.49717029e+00    9.98516996e+00   -1.43964686e-02   -1.77567459e-01
2907     9.57521704e-09    4.50183177e+00    9.98957061e+00   -9.20897261e-03   -1.77987517e-01
2908     9.57855037e-09    4.48821460e+00    9.99835323e+00   -1.15528734e-04   -1.78191510e-01
2909     9.58188370e-09    4.46150837e+00    1.00076897e+01    8.92723389e-03   -1.78096135e-01
2910     9.58521704e-09    4.43192249e+00    1.00136481e+01    1.41174533e-02   -1.77746422e-01
2911     9.58855037e-09    4.41077394e+00    1.00142161e+01    1.37562853e-02   -1.77286249e-01
2912     9.59188370e-09    4.40614266e+00    1.00096686e+01    8.46802233e-03   -1.76889098e-01
2913     9.59521704e-09    4.41978317e+00    1.00017907e+01    2.97914440e-04   -1.76695382e-01
2914     9.59855037e-09    4.44647361e+00    9.99316010e+00   -8.07348912e-03   -1.76774197e-01
2915     9.60188370e-09    4.47602641e+00    9.98673292e+00   -1.37724685e-02   -1.77103403e-01
2916     9.60521704e-09    4.49717029e+00    9.98516997e+00   -1.43964584e-02   -1.77567459e-01
2917     9.60855037e-09    4.50183177e+00    9.98957062e+00   -9.20895803e-03   -1.77987517e-01
2918     9.61188370e-09    4.48821460e+00    9.99835325e+00   -1.15516281e-04   -1.78191510e-01
2919     9.61521704e-09    4.46150837e+00    1.00076897e+01    8.92723798e-03   -1.78096135e-01
2920     9.61855037e-09    4.43192249e+00    1.00136481e+01    1.41174476e-02   -1.77746422e-01
2921     9.62188370e-09    4.41077394e+00    1.00142160e+01    1.37562736e-02   -1.77286249e-01
2922     9.62521704e-09    4.40614266e+00    1.00096686e+01    8.46800966e-03   -1.76889098e-01
2923     9.62855037e-09    4.41978317e+00    1.00017907e+01    2.97904679e-04   -1.76695382e-01
2924     9.63188370e-09    4.44647361e+00    9.99316009e+00   -8.07349346e-03   -1.76774198e-01
2925     9.63521704e-09    4.47602641e+00    9.98673292e+00   -1.37724657e-02   -1.77103404e-01
2926     9.63855037e-09    4.49717029e+00    9.98516998e+00   -1.43964482e-02   -1.77567460e-01
2927     9.64188370e-09    4.50183177e+00    9.98957064e+00   -9.20894345e-03   -1.77987518e-01
2928     9.64521704e-09    4.48821460e+00    9.99835326e+00   -1.15503826e-04   -1.78191509e-01
2929     9.64855037e-09    4.46150837e+00    1.00076897e+01    8.92724208e-03   -1.78096134e-01
2930     9.65188370e-09    4.43192249e+00    1.00136481e+01    1.41174419e-02   -1.77746421e-01
2931     9.65521704e-09    4.41077394e+00    1.00142160e+01    1.37562618e-02   -1.77286249e-01
2932     9.65855037e-09    4.40614266e+00    1.00096686e+01    8.46799698e-03   -1.76889098e-01
2933     9.66188370e-09    4.41978317e+00    1.00017907e+01    2.97894915e-04   -1.76695383e-01
2934     9.66521704e-09    4.44647361e+00    9.99316009e+00   -8.07349780e-03   -1.76774199e-01
2935     9.66855037e-09    4.47602640e+00    9.98673293e+00   -1.37724628e-02   -1.77103405e-01
2936     9.67188370e-09    4.49717028e+00    9.98516999e+00   -1.43964379e-02   -1.77567461e-01
2937     9.67521704e-09    4.50183176e+00    9.98957065e+00   -9.20892886e-03   -1.77987518e-01
2938     9.67855037e-09    4.48821460e+00    9.99835327e+00   -1.15491368e-04   -1.78191509e-01
2939     9.68188370e-09    4.46150837e+00    1.00076897e+01    8.92724617e-03   -1.78096134e-01
2940     9.68521704e-09    4.43192249e+00    1.00136481e+01    1.41174363e-02   -1.77746420e-01
2941     9.68855037e-09    4.41077394e+00    1.00142160e+01    1.37562501e-02   -1.77286248e-01
2942     9.69188370e-09    4.40614266e+00    1.00096686e+01    8.46798430e-03   -1.76889098e-01
2943     9.69521704e-09    4.41978317e+00    1.00017907e+01    2.97885150e-04   -1.76695383e-01
2944     9.69855037e-09    4.44647360e+00    9.99316008e+00   -8.07350214e-03   -1.76774199e-01
2945     9.70188370e-09    4.47602640e+00    9.98673293e+00   -1.37724600e-02   -1.77103405e-01
2946     9.70521704e-09    4.49717028e+00    9.98517000e+00   -1.43964277e-02   -1.77567461e-01
2947     9.70855037e-09    4.50183176e+00    9.98957066e+00   -9.20891427e-03   -1.77987518e-01
2948     9.71188370e-09    4.48821460e+00    9.99835329e+00   -1.15478907e-04   -1.78191509e-01
2949     9.71521704e-09    4.46150837e+00    1.00076897e+01    8.92725027e-03   -1.78096133e-01
2950     9.71855037e-09    4.43192249e+00    1.00136481e+01    1.41174306e-02   -1.77746420e-01
2951     9.72188370e-09    4.41077394e+00    1.00142160e+01    1.37562383e-02   -1.77286248e-01
2952     9.72521704e-09    4.40614266e+00    1.00096685e+01    8.46797161e-03   -1.76889098e-01
2953     9.72855037e-09    4.41978316e+00    1.00017906e+01    2.97875382e-04   -1.76695384e-01
2954     9.73188370e-09    4.44647360e+00    9.99316008e+00   -8.07350648e-03   -1.76774200e-01
2955     9.73521704e-09    4.47602640e+00    9.98673293e+00   -1.37724572e-02   -1.77103406e-01
2956     9.73855037e-09    4.49717028e+00    9.98517001e+00   -1.43964174e-02   -1.77567462e-01
2957     9.74188370e-09    4.50183176e+00    9.98957068e+00   -9.20889968e-03   -1.77987518e-01
2958     9.74521704e-09    4.48821460e+00    9.99835330e+00   -1.15466444e-04   -1.78191509e-01
2959     9.74855037e-09    4.46150838e+00    1.00076897e+01    8.92725437e-03   -1.78096132e-01
2960     9.75188370e-09    4.43192249e+00    1.00136481e+01    1.41174249e-02   -1.77746419e-01
2961     9.75521704e-09    4.41077394e+00    1.00142160e+01    1.37562266e-02   -1.77286248e-01
2962     9.75855037e-09    4.40614266e+00    1.00096685e+01    8.46795892e-03   -1.76889098e-01
2963     9.76188370e-09    4.41978316e+00    1.00017906e+01    2.97865613e-04   -1.76695384e-01
2964     9.76521704e-09    4.44647360e+00    9.99316007e+00   -8.07351082e-03   -1.76774201e-01
2965     9.76855037e-09    4.47602640e+00    9.98673293e+00   -1.37724543e-02   -1.77103407e-01
2966     9.77188370e-09    4.49717028e+00    9.98517001e+00   -1.43964072e-02   -1.77567462e-01
2967     9.77521704e-09    4.50183176e+00    9.98957069e+00   -9.20888509e-03   -1.77987518e-01
2968     9.77855037e-09    4.48821460e+00    9.99835331e+00   -1.15453978e-04   -1.78191508e-01
2969     9.78188370e-09    4.46150838e+00    1.00076898e+01    8.92725847e-03   -1.78096132e-01
2970     9.78521704e-09    4.43192249e+00    1.00136481e+01    1.41174192e-02   -1.77746419e-01
2971     9.78855037e-09    4.41077394e+00    1.00142160e+01    1.37562148e-02   -1.77286247e-01
2972     9.79188370e-09    4.40614266e+00    1.00096685e+01    8.46794623e-03   -1.76889098e-01
2973     9.79521704e-09    4.41978316e+00    1.00017906e+01    2.97855842e-04   -1.76695384e-01
2974     9.79855037e-09    4.44647360e+00    9.99316007e+00   -8.07351516e-03   -1.76774202e-01
2975     9.80188370e-09    4.47602640e+00    9.98673293e+00   -1.37724515e-02   -1.77103408e-01
2976     9.80521704e-09    4.49717028e+00    9.98517002e+00   -1.43963970e-02   -1.77567463e-01
2977     9.80855037e-09    4.50183176e+00    9.98957071e+00   -9.20887049e-03   -1.77987518e-01
2978     9.81188370e-09    4.48821460e+00    9.99835333e+00   -1.15441510e-04   -1.78191508e-01
2979     9.81521704e-09    4.46150838e+00    1.00076898e+01    8.92726256e-03   -1.78096131e-01
2980     9.81855037e-09    4.43192249e+00    1.00136481e+01    1.41174136e-02   -1.77746418e-01
2981     9.82188370e-09    4.41077394e+00    1.00142160e+01    1.37562031e-02   -1.77286247e-01
2982     9.82521704e-09    4.40614266e+00    1.00096685e+01    8.46793354e-03   -1.76889098e-01
2983     9.82855037e-09    4.41978316e+00    1.00017906e+01    2.97846068e-04   -1.76695385e-01
2984     9.83188370e-09    4.44647360e+00    9.99316006e+00   -8.07351951e-03   -1.76774202e-01
2985     9.83521704e-09    4.47602640e+00    9.98673293e+00   -1.37724487e-02   -1.77103408e-01
2986     9.83855037e-09    4.49717028e+00    9.98517003e+00   -1.43963867e-02   -1.77567464e-01
2987     9.84188370e-09    4.50183176e+00    9.98957072e+00   -9.20885589e-03   -1.77987519e-01
2988     9.84521704e-09    4.48821460e+00    9.99835334e+00   -1.15429039e-04   -1.78191508e-01
2989     9.84855037e-09    4.46150838e+00    1.00076898e+01    8.92726666e-03   -1.78096131e-01
2990     9.85188370e-09    4.43192249e+00    1.00136481e+01    1.41174079e-02   -1.77746417e-01
2991     9.85521704e-09    4.41077394e+00    1.00142160e+01    1.37561913e-02   -1.77286247e-01
2992     9.85855037e-09    4.40614266e+00    1.00096685e+01    8.46792085e-03   -1.76889098e-01
2993     9.86188370e-09    4.41978316e+00    1.00017906e+01    2.97836293e-04   -1.76695385e-01
2994     9.86521704e-09    4.44647360e+00    9.99316006e+00   -8.07352385e-03   -1.76774203e-01
2995     9.86855037e-09    4.47602640e+00    9.98673293e+00   -1.37724458e-02   -1.77103409e-01
2996     9.87188370e-09    4.49717028e+00    9.98517004e+00   -1.43963765e-02   -1.77567464e-01
2997     9.87521704e-09    4.50183176e+00    9.98957074e+00   -9.20884128e-03   -1.77987519e-01
2998     9.87855037e-09    4.48821460e+00    9.99835335e+00   -1.15416566e-04   -1.78191507e-01
2999     9.88188370e-09    4.46150838e+00    1.00076898e+01    8.92727077e-03   -1.78096130e-01
3000     9.88521704e-09    4.43192249e+00    1.00136481e+01    1.41174022e-02   -1.77746417e-01
3001     9.88855037e-09    4.41077394e+00    1.00142160e+01    1.37561795e-02   -1.77286246e-01
3002     9.89188370e-09    4.40614266e+00    1.00096685e+01    8.46790815e-03   -1.76889098e-01
3003     9.89521704e-09    4.41978316e+00    1.00017906e+01    2.97826515e-04   -1.76695386e-01
3004     9.89855037e-09    4.44647360e+00    9.99316005e+00   -8.07352820e-03   -1.76774204e-01
3005     9.90188370e-09    4.47602639e+00    9.98673294e+00   -1.37724430e-02   -1.77103410e-01
3006     9.90521704e-09    4.49717028e+00    9.98517005e+00   -1.43963662e-02   -1.77567465e-01
3007     9.90855037e-09    4.50183176e+00    9.98957075e+00   -9.20882667e-03   -1.77987519e-01
3008     9.91188370e-09    4.48821460e+00    9.99835337e+00   -1.15404090e-04   -1.78191507e-01
3009     9.91521704e-09    4.46150838e+00    1.00076898e+01    8.92727487e-03   -1.78096129e-01
3010     9.91855037e-09    4.43192250e+00    1.00136481e+01    1.41173965e-02   -1.77746416e-01
3011     9.92188370e-09    4.41077394e+00    1.00142159e+01    1.37561678e-02   -1.77286246e-01
3012     9.92521704e-09    4.40614266e+00    1.00096685e+01    8.46789545e-03   -1.76889099e-01
3013     9.92855037e-09    4.41978316e+00    1.00017906e+01    2.97816736e-04   -1.76695386e-01
3014     9.93188370e-09    4.44647359e+00    9.99316004e+00   -8.07353255e-03   -1.76774204e-01
3015     9.93521704e-09    4.47602639e+00    9.98673294e+00   -1.37724402e-02   -1.77103411e-01
3016     9.93855037e-09    4.49717027e+00    9.98517006e+00   -1.43963560e-02   -1.77567465e-01
3017     9.94188370e-09    4.50183176e+00    9.98957077e+00   -9.20881206e-03   -1.77987519e-01
3018     9.94521704e-09    4.48821460e+00    9.99835338e+00   -1.15391611e-04   -1.78191507e-01
3019     9.94855037e-09    4.46150838e+00    1.00076898e+01    8.92727897e-03   -1.78096129e-01
3020     9.95188370e-09    4.43192250e+00    1.00136480e+01    1.41173909e-02   -1.77746415e-01
3021     9.95521704e-09    4.41077394e+00    1.00142159e+01    1.37561560e-02   -1.77286245e-01
3022     9.95855037e-09    4.40614266e+00    1.00096685e+01    8.46788275e-03   -1.76889099e-01
3023     9.96188370e-09    4.41978316e+00    1.00017906e+01    2.97806954e-04   -1.76695387e-01
3024     9.96521704e-09    4.44647359e+00    9.99316004e+00   -8.07353690e-03   -1.76774205e-01
3025     9.96855037e-09    4.47602639e+00    9.98673294e+00   -1.37724374e-02   -1.77103411e-01
3026     9.97188370e-09    4.49717027e+00    9.98517007e+00   -1.43963457e-02   -1.77567466e-01
3027     9.97521704e-09    4.50183176e+00    9.98957078e+00   -9.20879745e-03   -1.77987519e-01
3028     9.97855037e-09    4.48821460e+00    9.99835339e+00   -1.15379130e-04   -1.78191507e-01
3029     9.98188370e-09    4.46150838e+00    1.00076898e+01    8.92728307e-03   -1.78096128e-01
3030     9.98521704e-09    4.43192250e+00    1.00136480e+01    1.41173852e-02   -1.77746415e-01
3031     9.98855037e-09    4.41077394e+00    1.00142159e+01    1.37561442e-02   -1.77286245e-01
3032     9.99188370e-09    4.40614266e+00    1.00096684e+01    8.46787004e-03   -1.76889099e-01
3033     9.99521704e-09    4.41978316e+00    1.00017906e+01    2.97797171e-04   -1.76695387e-01
3034     9.99855037e-09    4.44647359e+00    9.99316003e+00   -8.07354125e-03   -1.76774206e-01
3035     1.00018837e-08    4.47602639e+00    9.98673294e+00   -1.37724345e-02   -1.77103412e-01
3036     1.00052170e-08    4.49717027e+00    9.98517008e+00   -1.43963355e-02   -1.77567466e-01
3037     1.00085504e-08    4.50183176e+00    9.98957080e+00   -9.20878283e-03   -1.77987520e-01
3038     1.00118837e-08    4.48821460e+00    9.99835341e+00   -1.15366647e-04   -1.78191506e-01
3039     1.00152170e-08    4.46150838e+00    1.00076898e+01    8.92728718e-03   -1.78096128e-01
3040     1.00185504e-08    4.43192250e+00    1.00136480e+01    1.41173795e-02   -1.77746414e-01
3041     1.00218837e-08    4.41077394e+00    1.00142159e+01    1.37561325e-02   -1.77286245e-01
3042     1.00252170e-08    4.40614266e+00    1.00096684e+01    8.46785733e-03   -1.76889099e-01
3043     1.00285504e-08    4.41978316e+00    1.00017906e+01    2.97787386e-04   -1.76695387e-01
3044     1.00318837e-08    4.44647359e+00    9.99316003e+00   -8.07354560e-03   -1.76774206e-01
3045     1.00352170e-08    4.47602639e+00    9.98673294e+00   -1.37724317e-02   -1.77103413e-01
3046     1.00385504e-08    4.49717027e+00    9.98517009e+00   -1.43963252e-02   -1.77567467e-01
3047     1.00418837e-08    4.50183176e+00    9.98957081e+00   -9.20876821e-03   -1.77987520e-01
3048     1.00452170e-08    4.48821460e+00    9.99835342e+00   -1.15354160e-04   -1.78191506e-01
3049     1.00485504e-08    4.46150838e+00    1.00076898e+01    8.92729128e-03   -1.78096127e-01
3050     1.00518837e-08    4.43192250e+00    1.00136480e+01    1.41173738e-02   -1.77746414e-01
3051     1.00552170e-08    4.41077394e+00    1.00142159e+01    1.37561207e-02   -1.77286244e-01
3052     1.00585504e-08    4.40614266e+00    1.00096684e+01    8.46784462e-03   -1.76889099e-01
3053     1.00618837e-08    4.41978315e+00    1.00017905e+01    2.97777598e-04   -1.76695388e-01
3054     1.00652170e-08    4.44647359e+00    9.99316002e+00   -8.07354995e-03   -1.76774207e-01
3055     1.00685504e-08    4.47602639e+00    9.98673294e+00   -1.37724288e-02   -1.77103414e-01
3056     1.00718837e-08    4.49717027e+00    9.98517010e+00   -1.43963149e-02   -1.77567468e-01
3057     1.00752170e-08    4.50183176e+00    9.98957082e+00   -9.20875359e-03   -1.77987520e-01
3058     1.00785504e-08    4.48821460e+00    9.99835343e+00   -1.15341672e-04   -1.78191506e-01
3059     1.00818837e-08    4.46150838e+00    1.00076898e+01    8.92729539e-03   -1.78096126e-01
3060     1.00852170e-08    4.43192250e+00    1.00136480e+01    1.41173681e-02   -1.77746413e-01
3061     1.00885504e-08    4.41077394e+00    1.00142159e+01    1.37561089e-02   -1.77286244e-01
3062     1.00918837e-08    4.40614266e+00    1.00096684e+01    8.46783191e-03   -1.76889099e-01
3063     1.00952170e-08    4.41978315e+00    1.00017905e+01    2.97767808e-04   -1.76695388e-01
3064     1.00985504e-08    4.44647359e+00    9.99316002e+00   -8.07355430e-03   -1.76774208e-01
3065     1.01018837e-08    4.47602639e+00    9.98673294e+00   -1.37724260e-02   -1.77103414e-01
3066     1.01052170e-08    4.49717027e+00    9.98517011e+00   -1.43963047e-02   -1.77567468e-01
3067     1.01085504e-08    4.50183176e+00    9.98957084e+00   -9.20873896e-03   -1.77987520e-01
3068     1.01118837e-08    4.48821460e+00    9.99835345e+00   -1.15329180e-04   -1.78191505e-01
3069     1.01152170e-08    4.46150838e+00    1.00076898e+01    8.92729950e-03   -1.78096126e-01
3070     1.01185504e-08    4.43192250e+00    1.00136480e+01    1.41173624e-02   -1.77746412e-01
3071     1.01218837e-08    4.41077394e+00    1.00142159e+01    1.37560971e-02   -1.77286244e-01
3072     1.01252170e-08    4.40614266e+00    1.00096684e+01    8.46781920e-03   -1.76889099e-01
3073     1.01285504e-08    4.41978315e+00    1.00017905e+01    2.97758017e-04   -1.76695389e-01
3074     1.01318837e-08    4.44647359e+00    9.99316001e+00   -8.07355865e-03   -1.76774208e-01
3075     1.01352170e-08    4.47602638e+00    9.98673295e+00   -1.37724232e-02   -1.77103415e-01
3076     1.01385504e-08    4.49717027e+00    9.98517012e+00   -1.43962944e-02   -1.77567469e-01
3077     1.01418837e-08    4.50183176e+00    9.98957085e+00   -9.20872433e-03   -1.77987520e-01
3078     1.01452170e-08    4.48821460e+00    9.99835346e+00   -1.15316686e-04   -1.78191505e-01
3079     1.01485504e-08    4.46150838e+00    1.00076898e+01    8.92730360e-03   -1.78096125e-01
3080     1.01518837e-08    4.43192250e+00    1.00136480e+01    1.41173567e-02   -1.77746412e-01
3081     1.01552170e-08    4.41077394e+00    1.00142159e+01    1.37560853e-02   -1.77286243e-01
3082     1.01585504e-08    4.40614266e+00    1.00096684e+01    8.46780648e-03   -1.76889099e-01
3083     1.01618837e-08    4.41978315e+00    1.00017905e+01    2.97748223e-04   -1.76695389e-01
3084     1.01652170e-08    4.44647359e+00    9.99316000e+00   -8.07356300e-03   -1.76774209e-01
3085     1.01685504e-08    4.47602638e+00    9.98673295e+00   -1.37724203e-02   -1.77103416e-01
3086     1.01718837e-08    4.49717027e+00    9.98517013e+00   -1.43962842e-02   -1.77567469e-01
3087     1.01752170e-08    4.50183175e+00    9.98957087e+00   -9.20870970e-03   -1.77987520e-01
3088     1.01785504e-08    4.48821460e+00    9.99835347e+00   -1.15304190e-04   -1.78191505e-01
3089     1.01818837e-08    4.46150838e+00    1.00076898e+01    8.92730771e-03   -1.78096125e-01
3090     1.01852170e-08    4.43192250e+00    1.00136480e+01    1.41173511e-02   -1.77746411e-01
3091     1.01885504e-08    4.41077394e+00    1.00142159e+01    1.37560736e-02   -1.77286243e-01
3092     1.01918837e-08    4.40614266e+00    1.00096684e+01    8.46779376e-03   -1.76889099e-01
3093     1.01952170e-08    4.41978315e+00    1.00017905e+01    2.97738428e-04   -1.76695390e-01
3094     1.01985504e-08    4.44647358e+00    9.99316000e+00   -8.07356736e-03   -1.76774210e-01
3095     1.02018837e-08    4.47602638e+00    9.98673295e+00   -1.37724175e-02   -1.77103417e-01
3096     1.02052170e-08    4.49717026e+00    9.98517014e+00   -1.43962739e-02   -1.77567470e-01
3097     1.02085504e-08    4.50183175e+00    9.98957088e+00   -9.20869507e-03   -1.77987521e-01
3098     1.02118837e-08    4.48821460e+00    9.99835349e+00   -1.15291691e-04   -1.78191505e-01
3099     1.02152170e-08    4.46150838e+00    1.00076898e+01    8.92731182e-03   -1.78096124e-01
3100     1.02185504e-08    4.43192250e+00    1.00136480e+01    1.41173454e-02   -1.77746410e-01
3101     1.02218837e-08    4.41077394e+00    1.00142158e+01    1.37560618e-02   -1.77286243e-01
3102     1.02252170e-08    4.40614266e+00    1.00096684e+01    8.46778103e-03   -1.76889099e-01
3103     1.02285504e-08    4.41978315e+00    1.00017905e+01    2.97728630e-04   -1.76695390e-01
3104     1.02318837e-08    4.44647358e+00    9.99315999e+00   -8.07357171e-03   -1.76774210e-01
3105     1.02352170e-08    4.47602638e+00    9.98673295e+00   -1.37724147e-02   -1.77103418e-01
3106     1.02385504e-08    4.49717026e+00    9.98517015e+00   -1.43962636e-02   -1.77567470e-01
3107     1.02418837e-08    4.50183175e+00    9.98957090e+00   -9.20868043e-03   -1.77987521e-01
3108     1.02452170e-08    4.48821460e+00    9.99835350e+00   -1.15279189e-04   -1.78191504e-01
3109     1.02485504e-08    4.46150838e+00    1.00076898e+01    8.92731593e-03   -1.78096123e-01
3110     1.02518837e-08    4.43192250e+00    1.00136480e+01    1.41173397e-02   -1.77746410e-01
3111     1.02552170e-08    4.41077394e+00    1.00142158e+01    1.37560500e-02   -1.77286242e-01
3112     1.02585504e-08    4.40614266e+00    1.00096683e+01    8.46776831e-03   -1.76889099e-01
3113     1.02618837e-08    4.41978315e+00    1.00017905e+01    2.97718831e-04   -1.76695390e-01
3114     1.02652170e-08    4.44647358e+00    9.99315999e+00   -8.07357607e-03   -1.76774211e-01
3115     1.02685504e-08    4.47602638e+00    9.98673295e+00   -1.37724118e-02   -1.77103418e-01
3116     1.02718837e-08    4.49717026e+00    9.98517016e+00   -1.43962533e-02   -1.77567471e-01
3117     1.02752170e-08    4.50183175e+00    9.98957091e+00   -9.20866579e-03   -1.77987521e-01
3118     1.02785504e-08    4.48821460e+00    9.99835351e+00   -1.15266685e-04   -1.78191504e-01
3119     1.02818837e-08    4.46150838e+00    1.00076898e+01    8.92732004e-03   -1.78096123e-01
3120     1.02852170e-08    4.43192250e+00    1.00136480e+01    1.41173340e-02   -1.77746409e-01
3121     1.02885504e-08    4.41077394e+00    1.00142158e+01    1.37560382e-02   -1.77286242e-01
3122     1.02918837e-08    4.40614265e+00    1.00096683e+01    8.46775558e-03   -1.76889099e-01
3123     1.02952170e-08    4.41978315e+00    1.00017905e+01    2.97709029e-04   -1.76695391e-01
3124     1.02985504e-08    4.44647358e+00    9.99315998e+00   -8.07358043e-03   -1.76774212e-01
3125     1.03018837e-08    4.47602638e+00    9.98673295e+00   -1.37724090e-02   -1.77103419e-01
3126     1.03052170e-08    4.49717026e+00    9.98517016e+00   -1.43962431e-02   -1.77567472e-01
3127     1.03085504e-08    4.50183175e+00    9.98957093e+00   -9.20865114e-03   -1.77987521e-01
3128     1.03118837e-08    4.48821460e+00    9.99835353e+00   -1.15254178e-04   -1.78191504e-01
3129     1.03152170e-08    4.46150838e+00    1.00076898e+01    8.92732415e-03   -1.78096122e-01
3130     1.03185504e-08    4.43192250e+00    1.00136480e+01    1.41173283e-02   -1.77746409e-01
3131     1.03218837e-08    4.41077394e+00    1.00142158e+01    1.37560264e-02   -1.77286241e-01
3132     1.03252170e-08    4.40614265e+00    1.00096683e+01    8.46774285e-03   -1.76889099e-01
3133     1.03285504e-08    4.41978315e+00    1.00017905e+01    2.97699225e-04   -1.76695391e-01
3134     1.03318837e-08    4.44647358e+00    9.99315998e+00   -8.07358478e-03   -1.76774213e-01
3135     1.03352170e-08    4.47602637e+00    9.98673296e+00   -1.37724061e-02   -1.77103420e-01
3136     1.03385504e-08    4.49717026e+00    9.98517017e+00   -1.43962328e-02   -1.77567472e-01
3137     1.03418837e-08    4.50183175e+00    9.98957094e+00   -9.20863650e-03   -1.77987521e-01
3138     1.03452170e-08    4.48821460e+00    9.99835354e+00   -1.15241669e-04   -1.78191503e-01
3139     1.03485504e-08    4.46150838e+00    1.00076898e+01    8.92732827e-03   -1.78096122e-01
3140     1.03518837e-08    4.43192250e+00    1.00136480e+01    1.41173226e-02   -1.77746408e-01
3141     1.03552170e-08    4.41077394e+00    1.00142158e+01    1.37560146e-02   -1.77286241e-01
3142     1.03585504e-08    4.40614265e+00    1.00096683e+01    8.46773011e-03   -1.76889099e-01
3143     1.03618837e-08    4.41978315e+00    1.00017904e+01    2.97689420e-04   -1.76695392e-01
3144     1.03652170e-08    4.44647358e+00    9.99315997e+00   -8.07358914e-03   -1.76774213e-01
3145     1.03685504e-08    4.47602637e+00    9.98673296e+00   -1.37724033e-02   -1.77103421e-01
3146     1.03718837e-08    4.49717026e+00    9.98517018e+00   -1.43962225e-02   -1.77567473e-01
3147     1.03752170e-08    4.50183175e+00    9.98957096e+00   -9.20862185e-03   -1.77987521e-01
3148     1.03785504e-08    4.48821460e+00    9.99835355e+00   -1.15229157e-04   -1.78191503e-01
3149     1.03818837e-08    4.46150838e+00    1.00076899e+01    8.92733238e-03   -1.78096121e-01
3150     1.03852170e-08    4.43192250e+00    1.00136480e+01    1.41173169e-02   -1.77746407e-01
3151     1.03885504e-08    4.41077394e+00    1.00142158e+01    1.37560028e-02   -1.77286241e-01
3152     1.03918837e-08    4.40614265e+00    1.00096683e+01    8.46771737e-03   -1.76889099e-01
3153     1.03952170e-08    4.41978314e+00    1.00017904e+01    2.97679612e-04   -1.76695392e-01
3154     1.03985504e-08    4.44647358e+00    9.99315997e+00   -8.07359350e-03   -1.76774214e-01
3155     1.04018837e-08    4.47602637e+00    9.98673296e+00   -1.37724005e-02   -1.77103421e-01
3156     1.04052170e-08    4.49717026e+00    9.98517019e+00   -1.43962122e-02   -1.77567473e-01
3157     1.04085504e-08    4.50183175e+00    9.98957097e+00   -9.20860719e-03   -1.77987522e-01
3158     1.04118837e-08    4.48821460e+00    9.99835357e+00   -1.15216643e-04   -1.78191503e-01
3159     1.04152170e-08    4.46150838e+00    1.00076899e+01    8.92733649e-03   -1.78096120e-01
3160     1.04185504e-08    4.43192250e+00    1.00136480e+01    1.41173112e-02   -1.77746407e-01
3161     1.04218837e-08    4.41077394e+00    1.00142158e+01    1.37559910e-02   -1.77286240e-01
3162     1.04252170e-08    4.40614265e+00    1.00096683e+01    8.46770463e-03   -1.76889099e-01
3163     1.04285504e-08    4.41978314e+00    1.00017904e+01    2.97669802e-04   -1.76695392e-01
3164     1.04318837e-08    4.44647357e+00    9.99315996e+00   -8.07359786e-03   -1.76774215e-01
3165     1.04352170e-08    4.47602637e+00    9.98673296e+00   -1.37723976e-02   -1.77103422e-01
3166     1.04385504e-08    4.49717026e+00    9.98517020e+00   -1.43962019e-02   -1.77567474e-01
3167     1.04418837e-08    4.50183175e+00    9.98957099e+00   -9.20859254e-03   -1.77987522e-01
3168     1.04452170e-08    4.48821460e+00    9.99835358e+00   -1.15204126e-04   -1.78191503e-01
3169     1.04485504e-08    4.46150838e+00    1.00076899e+01    8.92734061e-03   -1.78096120e-01
3170     1.04518837e-08    4.43192250e+00    1.00136480e+01    1.41173055e-02   -1.77746406e-01
3171     1.04552170e-08    4.41077394e+00    1.00142158e+01    1.37559792e-02   -1.77286240e-01
3172     1.04585504e-08    4.40614265e+00    1.00096683e+01    8.46769189e-03   -1.76889099e-01
3173     1.04618837e-08    4.41978314e+00    1.00017904e+01    2.97659991e-04   -1.76695393e-01
3174     1.04652170e-08    4.44647357e+00    9.99315995e+00   -8.07360222e-03   -1.76774215e-01
3175     1.04685504e-08    4.47602637e+00    9.98673296e+00   -1.37723948e-02   -1.77103423e-01
3176     1.04718837e-08    4.49717025e+00    9.98517021e+00   -1.43961917e-02   -1.77567475e-01
3177     1.04752170e-08    4.50183175e+00    9.98957100e+00   -9.20857788e-03   -1.77987522e-01
3178     1.04785504e-08    4.48821460e+00    9.99835359e+00   -1.15191607e-04   -1.78191502e-01
3179     1.04818837e-08    4.46150838e+00    1.00076899e+01    8.92734472e-03   -1.78096119e-01
3180     1.04852170e-08    4.43192250e+00    1.00136480e+01    1.41172998e-02   -1.77746405e-01
3181     1.04885504e-08    4.41077394e+00    1.00142158e+01    1.37559674e-02   -1.77286240e-01
3182     1.04918837e-08    4.40614265e+00    1.00096683e+01    8.46767915e-03   -1.76889099e-01
3183     1.04952170e-08    4.41978314e+00    1.00017904e+01    2.97650177e-04   -1.76695393e-01
3184     1.04985504e-08    4.44647357e+00    9.99315995e+00   -8.07360659e-03   -1.76774216e-01
3185     1.05018837e-08    4.47602637e+00    9.98673296e+00   -1.37723919e-02   -1.77103424e-01
3186     1.05052170e-08    4.49717025e+00    9.98517022e+00   -1.43961814e-02   -1.77567475e-01
3187     1.05085504e-08    4.50183175e+00    9.98957101e+00   -9.20856322e-03   -1.77987522e-01
3188     1.05118837e-08    4.48821460e+00    9.99835361e+00   -1.15179085e-04   -1.78191502e-01
3189     1.05152170e-08    4.46150838e+00    1.00076899e+01    8.92734884e-03   -1.78096118e-01
3190     1.05185504e-08    4.43192250e+00    1.00136480e+01    1.41172941e-02   -1.77746405e-01
3191     1.05218837e-08    4.41077394e+00    1.00142157e+01    1.37559556e-02   -1.77286239e-01
3192     1.05252170e-08    4.40614265e+00    1.00096682e+01    8.46766640e-03   -1.76889099e-01
3193     1.05285504e-08    4.41978314e+00    1.00017904e+01    2.97640361e-04   -1.76695394e-01
3194     1.05318837e-08    4.44647357e+00    9.99315994e+00   -8.07361095e-03   -1.76774217e-01
3195     1.05352170e-08    4.47602637e+00    9.98673296e+00   -1.37723891e-02   -1.77103424e-01
3196     1.05385504e-08    4.49717025e+00    9.98517023e+00   -1.43961711e-02   -1.77567476e-01
3197     1.05418837e-08    4.50183175e+00    9.98957103e+00   -9.20854855e-03   -1.77987522e-01
3198     1.05452170e-08    4.48821460e+00    9.99835362e+00   -1.15166560e-04   -1.78191502e-01
3199     1.05485504e-08    4.46150838e+00    1.00076899e+01    8.92735296e-03   -1.78096118e-01
3200     1.05518837e-08    4.43192250e+00    1.00136480e+01    1.41172884e-02   -1.77746404e-01
3201     1.05552170e-08    4.41077394e+00    1.00142157e+01    1.37559438e-02   -1.77286239e-01
3202     1.05585504e-08    4.40614265e+00    1.00096682e+01    8.46765365e-03   -1.76889099e-01
3203     1.05618837e-08    4.41978314e+00    1.00017904e+01    2.97630543e-04   -1.76695394e-01
3204     1.05652170e-08    4.44647357e+00    9.99315994e+00   -8.07361531e-03   -1.76774217e-01
3205     1.05685504e-08    4.47602636e+00    9.98673297e+00   -1.37723863e-02   -1.77103425e-01
3206     1.05718837e-08    4.49717025e+00    9.98517024e+00   -1.43961608e-02   -1.77567476e-01
3207     1.05752170e-08    4.50183175e+00    9.98957104e+00   -9.20853388e-03   -1.77987523e-01
3208     1.05785504e-08    4.48821460e+00    9.99835363e+00   -1.15154033e-04   -1.78191501e-01
3209     1.05818837e-08    4.46150839e+00    1.00076899e+01    8.92735708e-03   -1.78096117e-01
3210     1.05852170e-08    4.43192250e+00    1.00136480e+01    1.41172827e-02   -1.77746404e-01
3211     1.05885504e-08    4.41077394e+00    1.00142157e+01    1.37559320e-02   -1.77286239e-01
3212     1.05918837e-08    4.40614265e+00    1.00096682e+01    8.46764090e-03   -1.76889099e-01
3213     1.05952170e-08    4.41978314e+00    1.00017904e+01    2.97620724e-04   -1.76695395e-01
3214     1.05985504e-08    4.44647357e+00    9.99315993e+00   -8.07361968e-03   -1.76774218e-01
3215     1.06018837e-08    4.47602636e+00    9.98673297e+00   -1.37723834e-02   -1.77103426e-01
3216     1.06052170e-08    4.49717025e+00    9.98517025e+00   -1.43961505e-02   -1.77567477e-01
3217     1.06085504e-08    4.50183175e+00    9.98957106e+00   -9.20851921e-03   -1.77987523e-01
3218     1.06118837e-08    4.48821460e+00    9.99835365e+00   -1.15141503e-04   -1.78191501e-01
3219     1.06152170e-08    4.46150839e+00    1.00076899e+01    8.92736119e-03   -1.78096117e-01
3220     1.06185504e-08    4.43192250e+00    1.00136480e+01    1.41172770e-02   -1.77746403e-01
3221     1.06218837e-08    4.41077394e+00    1.00142157e+01    1.37559202e-02   -1.77286238e-01
3222     1.06252170e-08    4.40614265e+00    1.00096682e+01    8.46762814e-03   -1.76889099e-01
3223     1.06285504e-08    4.41978314e+00    1.00017904e+01    2.97610902e-04   -1.76695395e-01
3224     1.06318837e-08    4.44647357e+00    9.99315993e+00   -8.07362404e-03   -1.76774219e-01
3225     1.06352170e-08    4.47602636e+00    9.98673297e+00   -1.37723806e-02   -1.77103427e-01
3226     1.06385504e-08    4.49717025e+00    9.98517026e+00   -1.43961402e-02   -1.77567477e-01
3227     1.06418837e-08    4.50183175e+00    9.98957107e+00   -9.20850454e-03   -1.77987523e-01
3228     1.06452170e-08    4.48821460e+00    9.99835366e+00   -1.15128971e-04   -1.78191501e-01
3229     1.06485504e-08    4.46150839e+00    1.00076899e+01    8.92736531e-03   -1.78096116e-01
3230     1.06518837e-08    4.43192251e+00    1.00136480e+01    1.41172713e-02   -1.77746402e-01
3231     1.06552170e-08    4.41077394e+00    1.00142157e+01    1.37559083e-02   -1.77286238e-01
3232     1.06585504e-08    4.40614265e+00    1.00096682e+01    8.46761539e-03   -1.76889099e-01
3233     1.06618837e-08    4.41978314e+00    1.00017904e+01    2.97601078e-04   -1.76695395e-01
3234     1.06652170e-08    4.44647356e+00    9.99315992e+00   -8.07362841e-03   -1.76774220e-01
3235     1.06685504e-08    4.47602636e+00    9.98673297e+00   -1.37723777e-02   -1.77103427e-01
3236     1.06718837e-08    4.49717025e+00    9.98517027e+00   -1.43961299e-02   -1.77567478e-01
3237     1.06752170e-08    4.50183174e+00    9.98957109e+00   -9.20848986e-03   -1.77987523e-01
3238     1.06785504e-08    4.48821460e+00    9.99835367e+00   -1.15116436e-04   -1.78191501e-01
3239     1.06818837e-08    4.46150839e+00    1.00076899e+01    8.92736944e-03   -1.78096115e-01
3240     1.06852170e-08    4.43192251e+00    1.00136480e+01    1.41172656e-02   -1.77746402e-01
3241     1.06885504e-08    4.41077394e+00    1.00142157e+01    1.37558965e-02   -1.77286237e-01
3242     1.06918837e-08    4.40614265e+00    1.00096682e+01    8.46760262e-03   -1.76889099e-01
3243     1.06952170e-08    4.41978314e+00    1.00017903e+01    2.97591252e-04   -1.76695396e-01
3244     1.06985504e-08    4.44647356e+00    9.99315991e+00   -8.07363278e-03   -1.76774220e-01
3245     1.07018837e-08    4.47602636e+00    9.98673297e+00   -1.37723749e-02   -1.77103428e-01
3246     1.07052170e-08    4.49717025e+00    9.98517028e+00   -1.43961196e-02   -1.77567479e-01
3247     1.07085504e-08    4.50183174e+00    9.98957110e+00   -9.20847518e-03   -1.77987523e-01
3248     1.07118837e-08    4.48821460e+00    9.99835369e+00   -1.15103899e-04   -1.78191500e-01
3249     1.07152170e-08    4.46150839e+00    1.00076899e+01    8.92737356e-03   -1.78096115e-01
3250     1.07185504e-08    4.43192251e+00    1.00136479e+01    1.41172599e-02   -1.77746401e-01
3251     1.07218837e-08    4.41077394e+00    1.00142157e+01    1.37558847e-02   -1.77286237e-01
3252     1.07252170e-08    4.40614265e+00    1.00096682e+01    8.46758986e-03   -1.76889099e-01
3253     1.07285504e-08    4.41978313e+00    1.00017903e+01    2.97581425e-04   -1.76695396e-01
3254     1.07318837e-08    4.44647356e+00    9.99315991e+00   -8.07363715e-03   -1.76774221e-01
3255     1.07352170e-08    4.47602636e+00    9.98673297e+00   -1.37723720e-02   -1.77103429e-01
3256     1.07385504e-08    4.49717024e+00    9.98517029e+00   -1.43961093e-02   -1.77567479e-01
3257     1.07418837e-08    4.50183174e+00    9.98957112e+00   -9.20846050e-03   -1.77987523e-01
3258     1.07452170e-08    4.48821460e+00    9.99835370e+00   -1.15091359e-04   -1.78191500e-01
3259     1.07485504e-08    4.46150839e+00    1.00076899e+01    8.92737768e-03   -1.78096114e-01
3260     1.07518837e-08    4.43192251e+00    1.00136479e+01    1.41172541e-02   -1.77746401e-01
3261     1.07552170e-08    4.41077394e+00    1.00142157e+01    1.37558729e-02   -1.77286237e-01
3262     1.07585504e-08    4.40614265e+00    1.00096682e+01    8.46757710e-03   -1.76889099e-01
3263     1.07618837e-08    4.41978313e+00    1.00017903e+01    2.97571595e-04   -1.76695397e-01
3264     1.07652170e-08    4.44647356e+00    9.99315990e+00   -8.07364152e-03   -1.76774222e-01
3265     1.07685504e-08    4.47602636e+00    9.98673298e+00   -1.37723692e-02   -1.77103430e-01
3266     1.07718837e-08    4.49717024e+00    9.98517030e+00   -1.43960990e-02   -1.77567480e-01
3267     1.07752170e-08    4.50183174e+00    9.98957113e+00   -9.20844581e-03   -1.77987524e-01
3268     1.07785504e-08    4.48821460e+00    9.99835371e+00   -1.15078816e-04   -1.78191500e-01
3269     1.07818837e-08    4.46150839e+00    1.00076899e+01    8.92738180e-03   -1.78096114e-01
3270     1.07852170e-08    4.43192251e+00    1.00136479e+01    1.41172484e-02   -1.77746400e-01
3271     1.07885504e-08    4.41077394e+00    1.00142157e+01    1.37558610e-02   -1.77286236e-01
3272     1.07918837e-08    4.40614265e+00    1.00096681e+01    8.46756433e-03   -1.76889099e-01
3273     1.07952170e-08    4.41978313e+00    1.00017903e+01    2.97561763e-04   -1.76695397e-01
3274     1.07985504e-08    4.44647356e+00    9.99315990e+00   -8.07364589e-03   -1.76774222e-01
3275     1.08018837e-08    4.47602635e+00    9.98673298e+00   -1.37723663e-02   -1.77103430e-01
3276     1.08052170e-08    4.49717024e+00    9.98517031e+00   -1.43960887e-02   -1.77567480e-01
3277     1.08085504e-08    4.50183174e+00    9.98957115e+00   -9.20843112e-03   -1.77987524e-01
3278     1.08118837e-08    4.48821460e+00    9.99835373e+00   -1.15066271e-04   -1.78191499e-01
3279     1.08152170e-08    4.46150839e+00    1.00076899e+01    8.92738593e-03   -1.78096113e-01
3280     1.08185504e-08    4.43192251e+00    1.00136479e+01    1.41172427e-02   -1.77746399e-01
3281     1.08218837e-08    4.41077394e+00    1.00142156e+01    1.37558492e-02   -1.77286236e-01
3282     1.08252170e-08    4.40614265e+00    1.00096681e+01    8.46755156e-03   -1.76889099e-01
3283     1.08285504e-08    4.41978313e+00    1.00017903e+01    2.97551929e-04   -1.76695398e-01
3284     1.08318837e-08    4.44647356e+00    9.99315989e+00   -8.07365026e-03   -1.76774223e-01
3285     1.08352170e-08    4.47602635e+00    9.98673298e+00   -1.37723635e-02   -1.77103431e-01
3286     1.08385504e-08    4.49717024e+00    9.98517032e+00   -1.43960784e-02   -1.77567481e-01
3287     1.08418837e-08    4.50183174e+00    9.98957116e+00   -9.20841643e-03   -1.77987524e-01
3288     1.08452170e-08    4.48821460e+00    9.99835374e+00   -1.15053723e-04   -1.78191499e-01
3289     1.08485504e-08    4.46150839e+00    1.00076899e+01    8.92739005e-03   -1.78096112e-01
3290     1.08518837e-08    4.43192251e+00    1.00136479e+01    1.41172370e-02   -1.77746399e-01
3291     1.08552170e-08    4.41077394e+00    1.00142156e+01    1.37558374e-02   -1.77286236e-01
3292     1.08585504e-08    4.40614265e+00    1.00096681e+01    8.46753878e-03   -1.76889099e-01
3293     1.08618837e-08    4.41978313e+00    1.00017903e+01    2.97542094e-04   -1.76695398e-01
3294     1.08652170e-08    4.44647356e+00    9.99315989e+00   -8.07365463e-03   -1.76774224e-01
3295     1.08685504e-08    4.47602635e+00    9.98673298e+00   -1.37723606e-02   -1.77103432e-01
3296     1.08718837e-08    4.49717024e+00    9.98517032e+00   -1.43960681e-02   -1.77567481e-01
3297     1.08752170e-08    4.50183174e+00    9.98957118e+00   -9.20840173e-03   -1.77987524e-01
3298     1.08785504e-08    4.48821460e+00    9.99835375e+00   -1.15041173e-04   -1.78191499e-01
3299     1.08818837e-08    4.46150839e+00    1.00076899e+01    8.92739418e-03   -1.78096112e-01
3300     1.08852170e-08    4.43192251e+00    1.00136479e+01    1.41172313e-02   -1.77746398e-01
3301     1.08885504e-08    4.41077394e+00    1.00142156e+01    1.37558255e-02   -1.77286235e-01
3302     1.08918837e-08    4.40614265e+00    1.00096681e+01    8.46752601e-03   -1.76889099e-01
3303     1.08952170e-08    4.41978313e+00    1.00017903e+01    2.97532256e-04   -1.76695398e-01
3304     1.08985504e-08    4.44647355e+00    9.99315988e+00   -8.07365900e-03   -1.76774224e-01
3305     1.09018837e-08    4.47602635e+00    9.98673298e+00   -1.37723578e-02   -1.77103433e-01
3306     1.09052170e-08    4.49717024e+00    9.98517033e+00   -1.43960577e-02   -1.77567482e-01
3307     1.09085504e-08    4.50183174e+00    9.98957119e+00   -9.20838703e-03   -1.77987524e-01
3308     1.09118837e-08    4.48821460e+00    9.99835377e+00   -1.15028621e-04   -1.78191498e-01
3309     1.09152170e-08    4.46150839e+00    1.00076899e+01    8.92739830e-03   -1.78096111e-01
3310     1.09185504e-08    4.43192251e+00    1.00136479e+01    1.41172256e-02   -1.77746397e-01
3311     1.09218837e-08    4.41077394e+00    1.00142156e+01    1.37558137e-02   -1.77286235e-01
3312     1.09252170e-08    4.40614265e+00    1.00096681e+01    8.46751323e-03   -1.76889099e-01
3313     1.09285504e-08    4.41978313e+00    1.00017903e+01    2.97522416e-04   -1.76695399e-01
3314     1.09318837e-08    4.44647355e+00    9.99315988e+00   -8.07366338e-03   -1.76774225e-01
3315     1.09352170e-08    4.47602635e+00    9.98673298e+00   -1.37723549e-02   -1.77103434e-01
3316     1.09385504e-08    4.49717024e+00    9.98517034e+00   -1.43960474e-02   -1.77567483e-01
3317     1.09418837e-08    4.50183174e+00    9.98957120e+00   -9.20837233e-03   -1.77987525e-01
3318     1.09452170e-08    4.48821460e+00    9.99835378e+00   -1.15016065e-04   -1.78191498e-01
3319     1.09485504e-08    4.46150839e+00    1.00076899e+01    8.92740243e-03   -1.78096111e-01
3320     1.09518837e-08    4.43192251e+00    1.00136479e+01    1.41172199e-02   -1.77746397e-01
3321     1.09552170e-08    4.41077394e+00    1.00142156e+01    1.37558019e-02   -1.77286235e-01
3322     1.09585504e-08    4.40614265e+00    1.00096681e+01    8.46750045e-03   -1.76889100e-01
3323     1.09618837e-08    4.41978313e+00    1.00017903e+01    2.97512574e-04   -1.76695399e-01
3324     1.09652170e-08    4.44647355e+00    9.99315987e+00   -8.07366775e-03   -1.76774226e-01
3325     1.09685504e-08    4.47602635e+00    9.98673298e+00   -1.37723521e-02   -1.77103434e-01
3326     1.09718837e-08    4.49717024e+00    9.98517035e+00   -1.43960371e-02   -1.77567483e-01
3327     1.09752170e-08    4.50183174e+00    9.98957122e+00   -9.20835763e-03   -1.77987525e-01
3328     1.09785504e-08    4.48821460e+00    9.99835379e+00   -1.15003507e-04   -1.78191498e-01
3329     1.09818837e-08    4.46150839e+00    1.00076900e+01    8.92740656e-03   -1.78096110e-01
3330     1.09852170e-08    4.43192251e+00    1.00136479e+01    1.41172141e-02   -1.77746396e-01
3331     1.09885504e-08    4.41077394e+00    1.00142156e+01    1.37557900e-02   -1.77286234e-01
3332     1.09918837e-08    4.40614265e+00    1.00096681e+01    8.46748766e-03   -1.76889100e-01
3333     1.09952170e-08    4.41978313e+00    1.00017902e+01    2.97502730e-04   -1.76695400e-01
3334     1.09985504e-08    4.44647355e+00    9.99315986e+00   -8.07367213e-03   -1.76774226e-01
3335     1.10018837e-08    4.47602635e+00    9.98673299e+00   -1.37723492e-02   -1.77103435e-01
3336     1.10052170e-08    4.49717023e+00    9.98517036e+00   -1.43960268e-02   -1.77567484e-01
3337     1.10085504e-08    4.50183174e+00    9.98957123e+00   -9.20834292e-03   -1.77987525e-01
3338     1.10118837e-08    4.48821460e+00    9.99835381e+00   -1.14990947e-04   -1.78191498e-01
3339     1.10152170e-08    4.46150839e+00    1.00076900e+01    8.92741069e-03   -1.78096109e-01
3340     1.10185504e-08    4.43192251e+00    1.00136479e+01    1.41172084e-02   -1.77746396e-01
3341     1.10218837e-08    4.41077394e+00    1.00142156e+01    1.37557782e-02   -1.77286234e-01
3342     1.10252170e-08    4.40614265e+00    1.00096680e+01    8.46747488e-03   -1.76889100e-01
3343     1.10285504e-08    4.41978313e+00    1.00017902e+01    2.97492884e-04   -1.76695400e-01
3344     1.10318837e-08    4.44647355e+00    9.99315986e+00   -8.07367650e-03   -1.76774227e-01
3345     1.10352170e-08    4.47602634e+00    9.98673299e+00   -1.37723464e-02   -1.77103436e-01
3346     1.10385504e-08    4.49717023e+00    9.98517037e+00   -1.43960165e-02   -1.77567484e-01
3347     1.10418837e-08    4.50183174e+00    9.98957125e+00   -9.20832821e-03   -1.77987525e-01
3348     1.10452170e-08    4.48821460e+00    9.99835382e+00   -1.14978384e-04   -1.78191497e-01
3349     1.10485504e-08    4.46150839e+00    1.00076900e+01    8.92741482e-03   -1.78096109e-01
3350     1.10518837e-08    4.43192251e+00    1.00136479e+01    1.41172027e-02   -1.77746395e-01
3351     1.10552170e-08    4.41077394e+00    1.00142156e+01    1.37557663e-02   -1.77286233e-01
3352     1.10585504e-08    4.40614265e+00    1.00096680e+01    8.46746209e-03   -1.76889100e-01
3353     1.10618837e-08    4.41978313e+00    1.00017902e+01    2.97483037e-04   -1.76695401e-01
3354     1.10652170e-08    4.44647355e+00    9.99315985e+00   -8.07368088e-03   -1.76774228e-01
3355     1.10685504e-08    4.47602634e+00    9.98673299e+00   -1.37723435e-02   -1.77103437e-01
3356     1.10718837e-08    4.49717023e+00    9.98517038e+00   -1.43960061e-02   -1.77567485e-01
3357     1.10752170e-08    4.50183174e+00    9.98957126e+00   -9.20831350e-03   -1.77987525e-01
3358     1.10785504e-08    4.48821460e+00    9.99835384e+00   -1.14965819e-04   -1.78191497e-01
3359     1.10818837e-08    4.46150839e+00    1.00076900e+01    8.92741895e-03   -1.78096108e-01
3360     1.10852170e-08    4.43192251e+00    1.00136479e+01    1.41171970e-02   -1.77746394e-01
3361     1.10885504e-08    4.41077394e+00    1.00142156e+01    1.37557545e-02   -1.77286233e-01
3362     1.10918837e-08    4.40614264e+00    1.00096680e+01    8.46744930e-03   -1.76889100e-01
3363     1.10952170e-08    4.41978312e+00    1.00017902e+01    2.97473187e-04   -1.76695401e-01
3364     1.10985504e-08    4.44647355e+00    9.99315985e+00   -8.07368526e-03   -1.76774229e-01
3365     1.11018837e-08    4.47602634e+00    9.98673299e+00   -1.37723407e-02   -1.77103437e-01
3366     1.11052170e-08    4.49717023e+00    9.98517039e+00   -1.43959958e-02   -1.77567486e-01
3367     1.11085504e-08    4.50183174e+00    9.98957128e+00   -9.20829878e-03   -1.77987525e-01
3368     1.11118837e-08    4.48821460e+00    9.99835385e+00   -1.14953251e-04   -1.78191497e-01
3369     1.11152170e-08    4.46150839e+00    1.00076900e+01    8.92742308e-03   -1.78096108e-01
3370     1.11185504e-08    4.43192251e+00    1.00136479e+01    1.41171913e-02   -1.77746394e-01
3371     1.11218837e-08    4.41077394e+00    1.00142155e+01    1.37557426e-02   -1.77286233e-01
3372     1.11252170e-08    4.40614264e+00    1.00096680e+01    8.46743650e-03   -1.76889100e-01
3373     1.11285504e-08    4.41978312e+00    1.00017902e+01    2.97463335e-04   -1.76695401e-01
3374     1.11318837e-08    4.44647355e+00    9.99315984e+00   -8.07368964e-03   -1.76774229e-01
3375     1.11352170e-08    4.47602634e+00    9.98673299e+00   -1.37723378e-02   -1.77103438e-01
3376     1.11385504e-08    4.49717023e+00    9.98517040e+00   -1.43959855e-02   -1.77567486e-01
3377     1.11418837e-08    4.50183173e+00    9.98957129e+00   -9.20828406e-03   -1.77987526e-01
3378     1.11452170e-08    4.48821460e+00    9.99835386e+00   -1.14940680e-04   -1.78191496e-01
3379     1.11485504e-08    4.46150839e+00    1.00076900e+01    8.92742721e-03   -1.78096107e-01
3380     1.11518837e-08    4.43192251e+00    1.00136479e+01    1.41171855e-02   -1.77746393e-01
3381     1.11552170e-08    4.41077394e+00    1.00142155e+01    1.37557308e-02   -1.77286232e-01
3382     1.11585504e-08    4.40614264e+00    1.00096680e+01    8.46742370e-03   -1.76889100e-01
3383     1.11618837e-08    4.41978312e+00    1.00017902e+01    2.97453481e-04   -1.76695402e-01
3384     1.11652170e-08    4.44647354e+00    9.99315984e+00   -8.07369402e-03   -1.76774230e-01
3385     1.11685504e-08    4.47602634e+00    9.98673299e+00   -1.37723350e-02   -1.77103439e-01
3386     1.11718837e-08    4.49717023e+00    9.98517041e+00   -1.43959752e-02   -1.77567487e-01
3387     1.11752170e-08    4.50183173e+00    9.98957131e+00   -9.20826934e-03   -1.77987526e-01
3388     1.11785504e-08    4.48821460e+00    9.99835388e+00   -1.14928107e-04   -1.78191496e-01
3389     1.11818837e-08    4.46150839e+00    1.00076900e+01    8.92743134e-03   -1.78096106e-01
3390     1.11852170e-08    4.43192251e+00    1.00136479e+01    1.41171798e-02   -1.77746392e-01
3391     1.11885504e-08    4.41077394e+00    1.00142155e+01    1.37557189e-02   -1.77286232e-01
3392     1.11918837e-08    4.40614264e+00    1.00096680e+01    8.46741090e-03   -1.76889100e-01
3393     1.11952170e-08    4.41978312e+00    1.00017902e+01    2.97443625e-04   -1.76695402e-01
3394     1.11985504e-08    4.44647354e+00    9.99315983e+00   -8.07369840e-03   -1.76774231e-01
3395     1.12018837e-08    4.47602634e+00    9.98673300e+00   -1.37723321e-02   -1.77103440e-01
3396     1.12052170e-08    4.49717023e+00    9.98517042e+00   -1.43959648e-02   -1.77567487e-01
3397     1.12085504e-08    4.50183173e+00    9.98957132e+00   -9.20825461e-03   -1.77987526e-01
3398     1.12118837e-08    4.48821460e+00    9.99835389e+00   -1.14915531e-04   -1.78191496e-01
3399     1.12152170e-08    4.46150839e+00    1.00076900e+01    8.92743548e-03   -1.78096106e-01
3400     1.12185504e-08    4.43192251e+00    1.00136479e+01    1.41171741e-02   -1.77746392e-01
3401     1.12218837e-08    4.41077394e+00    1.00142155e+01    1.37557071e-02   -1.77286232e-01
3402     1.12252170e-08    4.40614264e+00    1.00096680e+01    8.46739810e-03   -1.76889100e-01
3403     1.12285504e-08    4.41978312e+00    1.00017902e+01    2.97433767e-04   -1.76695403e-01
3404     1.12318837e-08    4.44647354e+00    9.99315982e+00   -8.07370278e-03   -1.76774231e-01
3405     1.12352170e-08    4.47602633e+00    9.98673300e+00   -1.37723292e-02   -1.77103440e-01
3406     1.12385504e-08    4.49717023e+00    9.98517043e+00   -1.43959545e-02   -1.77567488e-01
3407     1.12418837e-08    4.50183173e+00    9.98957134e+00   -9.20823988e-03   -1.77987526e-01
3408     1.12452170e-08    4.48821460e+00    9.99835390e+00   -1.14902953e-04   -1.78191496e-01
3409     1.12485504e-08    4.46150839e+00    1.00076900e+01    8.92743961e-03   -1.78096105e-01
3410     1.12518837e-08    4.43192251e+00    1.00136479e+01    1.41171683e-02   -1.77746391e-01
3411     1.12552170e-08    4.41077394e+00    1.00142155e+01    1.37556952e-02   -1.77286231e-01
3412     1.12585504e-08    4.40614264e+00    1.00096680e+01    8.46738530e-03   -1.76889100e-01
3413     1.12618837e-08    4.41978312e+00    1.00017902e+01    2.97423907e-04   -1.76695403e-01
3414     1.12652170e-08    4.44647354e+00    9.99315982e+00   -8.07370716e-03   -1.76774232e-01
3415     1.12685504e-08    4.47602633e+00    9.98673300e+00   -1.37723264e-02   -1.77103441e-01
3416     1.12718837e-08    4.49717023e+00    9.98517044e+00   -1.43959442e-02   -1.77567488e-01
3417     1.12752170e-08    4.50183173e+00    9.98957135e+00   -9.20822515e-03   -1.77987526e-01
3418     1.12785504e-08    4.48821460e+00    9.99835392e+00   -1.14890372e-04   -1.78191495e-01
3419     1.12818837e-08    4.46150839e+00    1.00076900e+01    8.92744375e-03   -1.78096105e-01
3420     1.12852170e-08    4.43192251e+00    1.00136479e+01    1.41171626e-02   -1.77746391e-01
3421     1.12885504e-08    4.41077394e+00    1.00142155e+01    1.37556833e-02   -1.77286231e-01
3422     1.12918837e-08    4.40614264e+00    1.00096679e+01    8.46737249e-03   -1.76889100e-01
3423     1.12952170e-08    4.41978312e+00    1.00017901e+01    2.97414045e-04   -1.76695403e-01
3424     1.12985504e-08    4.44647354e+00    9.99315981e+00   -8.07371154e-03   -1.76774233e-01
3425     1.13018837e-08    4.47602633e+00    9.98673300e+00   -1.37723235e-02   -1.77103442e-01
3426     1.13052170e-08    4.49717022e+00    9.98517045e+00   -1.43959338e-02   -1.77567489e-01
3427     1.13085504e-08    4.50183173e+00    9.98957137e+00   -9.20821042e-03   -1.77987527e-01
3428     1.13118837e-08    4.48821460e+00    9.99835393e+00   -1.14877789e-04   -1.78191495e-01
3429     1.13152170e-08    4.46150839e+00    1.00076900e+01    8.92744788e-03   -1.78096104e-01
3430     1.13185504e-08    4.43192251e+00    1.00136479e+01    1.41171569e-02   -1.77746390e-01
3431     1.13218837e-08    4.41077394e+00    1.00142155e+01    1.37556715e-02   -1.77286230e-01
3432     1.13252170e-08    4.40614264e+00    1.00096679e+01    8.46735968e-03   -1.76889100e-01
3433     1.13285504e-08    4.41978312e+00    1.00017901e+01    2.97404181e-04   -1.76695404e-01
3434     1.13318837e-08    4.44647354e+00    9.99315981e+00   -8.07371593e-03   -1.76774233e-01
3435     1.13352170e-08    4.47602633e+00    9.98673300e+00   -1.37723207e-02   -1.77103443e-01
3436     1.13385504e-08    4.49717022e+00    9.98517046e+00   -1.43959235e-02   -1.77567490e-01
3437     1.13418837e-08    4.50183173e+00    9.98957138e+00   -9.20819568e-03   -1.77987527e-01
3438     1.13452170e-08    4.48821460e+00    9.99835394e+00   -1.14865203e-04   -1.78191495e-01
3439     1.13485504e-08    4.46150839e+00    1.00076900e+01    8.92745202e-03   -1.78096103e-01
3440     1.13518837e-08    4.43192251e+00    1.00136479e+01    1.41171512e-02   -1.77746389e-01
3441     1.13552170e-08    4.41077394e+00    1.00142155e+01    1.37556596e-02   -1.77286230e-01
3442     1.13585504e-08    4.40614264e+00    1.00096679e+01    8.46734687e-03   -1.76889100e-01
3443     1.13618837e-08    4.41978312e+00    1.00017901e+01    2.97394315e-04   -1.76695404e-01
3444     1.13652170e-08    4.44647354e+00    9.99315980e+00   -8.07372031e-03   -1.76774234e-01
3445     1.13685504e-08    4.47602633e+00    9.98673300e+00   -1.37723178e-02   -1.77103443e-01
3446     1.13718837e-08    4.49717022e+00    9.98517047e+00   -1.43959131e-02   -1.77567490e-01
3447     1.13752170e-08    4.50183173e+00    9.98957140e+00   -9.20818094e-03   -1.77987527e-01
3448     1.13785504e-08    4.48821460e+00    9.99835396e+00   -1.14852615e-04   -1.78191494e-01
3449     1.13818837e-08    4.46150839e+00    1.00076900e+01    8.92745616e-03   -1.78096103e-01
3450     1.13852170e-08    4.43192252e+00    1.00136479e+01    1.41171454e-02   -1.77746389e-01
3451     1.13885504e-08    4.41077394e+00    1.00142155e+01    1.37556477e-02   -1.77286230e-01
3452     1.13918837e-08    4.40614264e+00    1.00096679e+01    8.46733405e-03   -1.76889100e-01
3453     1.13952170e-08    4.41978312e+00    1.00017901e+01    2.97384448e-04   -1.76695405e-01
3454     1.13985504e-08    4.44647353e+00    9.99315980e+00   -8.07372470e-03   -1.76774235e-01
3455     1.14018837e-08    4.47602633e+00    9.98673300e+00   -1.37723150e-02   -1.77103444e-01
3456     1.14052170e-08    4.49717022e+00    9.98517048e+00   -1.43959028e-02   -1.77567491e-01
3457     1.14085504e-08    4.50183173e+00    9.98957141e+00   -9.20816620e-03   -1.77987527e-01
3458     1.14118837e-08    4.48821460e+00    9.99835397e+00   -1.14840024e-04   -1.78191494e-01
3459     1.14152170e-08    4.46150840e+00    1.00076900e+01    8.92746029e-03   -1.78096102e-01
3460     1.14185504e-08    4.43192252e+00    1.00136479e+01    1.41171397e-02   -1.77746388e-01
3461     1.14218837e-08    4.41077394e+00    1.00142154e+01    1.37556359e-02   -1.77286229e-01
3462     1.14252170e-08    4.40614264e+00    1.00096679e+01    8.46732123e-03   -1.76889100e-01
3463     1.14285504e-08    4.41978311e+00    1.00017901e+01    2.97374578e-04   -1.76695405e-01
3464     1.14318837e-08    4.44647353e+00    9.99315979e+00   -8.07372909e-03   -1.76774236e-01
3465     1.14352170e-08    4.47602633e+00    9.98673301e+00   -1.37723121e-02   -1.77103445e-01
3466     1.14385504e-08    4.49717022e+00    9.98517049e+00   -1.43958924e-02   -1.77567491e-01
3467     1.14418837e-08    4.50183173e+00    9.98957142e+00   -9.20815145e-03   -1.77987527e-01
3468     1.14452170e-08    4.48821460e+00    9.99835398e+00   -1.14827430e-04   -1.78191494e-01
3469     1.14485504e-08    4.46150840e+00    1.00076900e+01    8.92746443e-03   -1.78096102e-01
3470     1.14518837e-08    4.43192252e+00    1.00136479e+01    1.41171340e-02   -1.77746387e-01
3471     1.14552170e-08    4.41077394e+00    1.00142154e+01    1.37556240e-02   -1.77286229e-01
3472     1.14585504e-08    4.40614264e+00    1.00096679e+01    8.46730841e-03   -1.76889100e-01
3473     1.14618837e-08    4.41978311e+00    1.00017901e+01    2.97364706e-04   -1.76695406e-01
3474     1.14652170e-08    4.44647353e+00    9.99315978e+00   -8.07373347e-03   -1.76774236e-01
3475     1.14685504e-08    4.47602632e+00    9.98673301e+00   -1.37723092e-02   -1.77103446e-01
3476     1.14718837e-08    4.49717022e+00    9.98517049e+00   -1.43958821e-02   -1.77567492e-01
3477     1.14752170e-08    4.50183173e+00    9.98957144e+00   -9.20813670e-03   -1.77987527e-01
3478     1.14785504e-08    4.48821460e+00    9.99835400e+00   -1.14814834e-04   -1.78191494e-01
3479     1.14818837e-08    4.46150840e+00    1.00076900e+01    8.92746857e-03   -1.78096101e-01
3480     1.14852170e-08    4.43192252e+00    1.00136478e+01    1.41171282e-02   -1.77746387e-01
3481     1.14885504e-08    4.41077394e+00    1.00142154e+01    1.37556121e-02   -1.77286229e-01
3482     1.14918837e-08    4.40614264e+00    1.00096679e+01    8.46729559e-03   -1.76889100e-01
3483     1.14952170e-08    4.41978311e+00    1.00017901e+01    2.97354832e-04   -1.76695406e-01
3484     1.14985504e-08    4.44647353e+00    9.99315978e+00   -8.07373786e-03   -1.76774237e-01
3485     1.15018837e-08    4.47602632e+00    9.98673301e+00   -1.37723064e-02   -1.77103447e-01
3486     1.15052170e-08    4.49717022e+00    9.98517050e+00   -1.43958717e-02   -1.77567493e-01
3487     1.15085504e-08    4.50183173e+00    9.98957145e+00   -9.20812195e-03   -1.77987528e-01
3488     1.15118837e-08    4.48821460e+00    9.99835401e+00   -1.14802236e-04   -1.78191493e-01
3489     1.15152170e-08    4.46150840e+00    1.00076900e+01    8.92747271e-03   -1.78096100e-01
3490     1.15185504e-08    4.43192252e+00    1.00136478e+01    1.41171225e-02   -1.77746386e-01
3491     1.15218837e-08    4.41077394e+00    1.00142154e+01    1.37556002e-02   -1.77286228e-01
3492     1.15252170e-08    4.40614264e+00    1.00096679e+01    8.46728276e-03   -1.76889100e-01
3493     1.15285504e-08    4.41978311e+00    1.00017901e+01    2.97344956e-04   -1.76695406e-01
3494     1.15318837e-08    4.44647353e+00    9.99315977e+00   -8.07374225e-03   -1.76774238e-01
3495     1.15352170e-08    4.47602632e+00    9.98673301e+00   -1.37723035e-02   -1.77103447e-01
3496     1.15385504e-08    4.49717022e+00    9.98517051e+00   -1.43958614e-02   -1.77567493e-01
3497     1.15418837e-08    4.50183173e+00    9.98957147e+00   -9.20810719e-03   -1.77987528e-01
3498     1.15452170e-08    4.48821460e+00    9.99835402e+00   -1.14789634e-04   -1.78191493e-01
3499     1.15485504e-08    4.46150840e+00    1.00076900e+01    8.92747686e-03   -1.78096100e-01
3500     1.15518837e-08    4.43192252e+00    1.00136478e+01    1.41171167e-02   -1.77746386e-01
3501     1.15552170e-08    4.41077394e+00    1.00142154e+01    1.37555883e-02   -1.77286228e-01
3502     1.15585504e-08    4.40614264e+00    1.00096678e+01    8.46726994e-03   -1.76889100e-01
3503     1.15618837e-08    4.41978311e+00    1.00017901e+01    2.97335078e-04   -1.76695407e-01
3504     1.15652170e-08    4.44647353e+00    9.99315977e+00   -8.07374664e-03   -1.76774238e-01
3505     1.15685504e-08    4.47602632e+00    9.98673301e+00   -1.37723006e-02   -1.77103448e-01
3506     1.15718837e-08    4.49717021e+00    9.98517052e+00   -1.43958510e-02   -1.77567494e-01
3507     1.15752170e-08    4.50183173e+00    9.98957148e+00   -9.20809243e-03   -1.77987528e-01
3508     1.15785504e-08    4.48821460e+00    9.99835404e+00   -1.14777031e-04   -1.78191493e-01
3509     1.15818837e-08    4.46150840e+00    1.00076901e+01    8.92748100e-03   -1.78096099e-01
3510     1.15852170e-08    4.43192252e+00    1.00136478e+01    1.41171110e-02   -1.77746385e-01
3511     1.15885504e-08    4.41077394e+00    1.00142154e+01    1.37555765e-02   -1.77286228e-01
3512     1.15918837e-08    4.40614264e+00    1.00096678e+01    8.46725711e-03   -1.76889100e-01
3513     1.15952170e-08    4.41978311e+00    1.00017901e+01    2.97325198e-04   -1.76695407e-01
3514     1.15985504e-08    4.44647353e+00    9.99315976e+00   -8.07375103e-03   -1.76774239e-01
3515     1.16018837e-08    4.47602632e+00    9.98673301e+00   -1.37722978e-02   -1.77103449e-01
3516     1.16052170e-08    4.49717021e+00    9.98517053e+00   -1.43958407e-02   -1.77567494e-01
3517     1.16085504e-08    4.50183173e+00    9.98957150e+00   -9.20807767e-03   -1.77987528e-01
3518     1.16118837e-08    4.48821460e+00    9.99835405e+00   -1.14764424e-04   -1.78191492e-01
3519     1.16152170e-08    4.46150840e+00    1.00076901e+01    8.92748514e-03   -1.78096099e-01
3520     1.16185504e-08    4.43192252e+00    1.00136478e+01    1.41171053e-02   -1.77746384e-01
3521     1.16218837e-08    4.41077394e+00    1.00142154e+01    1.37555646e-02   -1.77286227e-01
3522     1.16252170e-08    4.40614264e+00    1.00096678e+01    8.46724427e-03   -1.76889100e-01
3523     1.16285504e-08    4.41978311e+00    1.00017900e+01    2.97315316e-04   -1.76695408e-01
3524     1.16318837e-08    4.44647352e+00    9.99315976e+00   -8.07375543e-03   -1.76774240e-01
3525     1.16352170e-08    4.47602632e+00    9.98673301e+00   -1.37722949e-02   -1.77103450e-01
3526     1.16385504e-08    4.49717021e+00    9.98517054e+00   -1.43958303e-02   -1.77567495e-01
3527     1.16418837e-08    4.50183172e+00    9.98957151e+00   -9.20806291e-03   -1.77987528e-01
3528     1.16452170e-08    4.48821460e+00    9.99835406e+00   -1.14751816e-04   -1.78191492e-01
3529     1.16485504e-08    4.46150840e+00    1.00076901e+01    8.92748929e-03   -1.78096098e-01
3530     1.16518837e-08    4.43192252e+00    1.00136478e+01    1.41170995e-02   -1.77746384e-01
3531     1.16552170e-08    4.41077394e+00    1.00142154e+01    1.37555527e-02   -1.77286227e-01
3532     1.16585504e-08    4.40614264e+00    1.00096678e+01    8.46723144e-03   -1.76889100e-01
3533     1.16618837e-08    4.41978311e+00    1.00017900e+01    2.97305432e-04   -1.76695408e-01
3534     1.16652170e-08    4.44647352e+00    9.99315975e+00   -8.07375982e-03   -1.76774240e-01
3535     1.16685504e-08    4.47602632e+00    9.98673302e+00   -1.37722921e-02   -1.77103450e-01
3536     1.16718837e-08    4.49717021e+00    9.98517055e+00   -1.43958199e-02   -1.77567495e-01
3537     1.16752170e-08    4.50183172e+00    9.98957153e+00   -9.20804814e-03   -1.77987529e-01
3538     1.16785504e-08    4.48821460e+00    9.99835408e+00   -1.14739204e-04   -1.78191492e-01
3539     1.16818837e-08    4.46150840e+00    1.00076901e+01    8.92749343e-03   -1.78096097e-01
3540     1.16852170e-08    4.43192252e+00    1.00136478e+01    1.41170938e-02   -1.77746383e-01
3541     1.16885504e-08    4.41077394e+00    1.00142154e+01    1.37555408e-02   -1.77286226e-01
3542     1.16918837e-08    4.40614264e+00    1.00096678e+01    8.46721860e-03   -1.76889100e-01
3543     1.16952170e-08    4.41978311e+00    1.00017900e+01    2.97295546e-04   -1.76695409e-01
3544     1.16985504e-08    4.44647352e+00    9.99315974e+00   -8.07376421e-03   -1.76774241e-01
3545     1.17018837e-08    4.47602631e+00    9.98673302e+00   -1.37722892e-02   -1.77103451e-01
3546     1.17052170e-08    4.49717021e+00    9.98517056e+00   -1.43958096e-02   -1.77567496e-01
3547     1.17085504e-08    4.50183172e+00    9.98957154e+00   -9.20803337e-03   -1.77987529e-01
3548     1.17118837e-08    4.48821460e+00    9.99835409e+00   -1.14726590e-04   -1.78191492e-01
3549     1.17152170e-08    4.46150840e+00    1.00076901e+01    8.92749758e-03   -1.78096097e-01
3550     1.17185504e-08    4.43192252e+00    1.00136478e+01    1.41170880e-02   -1.77746382e-01
3551     1.17218837e-08    4.41077394e+00    1.00142153e+01    1.37555289e-02   -1.77286226e-01
3552     1.17252170e-08    4.40614264e+00    1.00096678e+01    8.46720576e-03   -1.76889100e-01
3553     1.17285504e-08    4.41978311e+00    1.00017900e+01    2.97285658e-04   -1.76695409e-01
3554     1.17318837e-08    4.44647352e+00    9.99315974e+00   -8.07376861e-03   -1.76774242e-01
3555     1.17352170e-08    4.47602631e+00    9.98673302e+00   -1.37722863e-02   -1.77103452e-01
3556     1.17385504e-08    4.49717021e+00    9.98517057e+00   -1.43957992e-02   -1.77567497e-01
3557     1.17418837e-08    4.50183172e+00    9.98957156e+00   -9.20801859e-03   -1.77987529e-01
3558     1.17452170e-08    4.48821460e+00    9.99835410e+00   -1.14713974e-04   -1.78191491e-01
3559     1.17485504e-08    4.46150840e+00    1.00076901e+01    8.92750172e-03   -1.78096096e-01
3560     1.17518837e-08    4.43192252e+00    1.00136478e+01    1.41170823e-02   -1.77746382e-01
3561     1.17552170e-08    4.41077394e+00    1.00142153e+01    1.37555170e-02   -1.77286226e-01
3562     1.17585504e-08    4.40614264e+00    1.00096678e+01    8.46719291e-03   -1.76889100e-01
3563     1.17618837e-08    4.41978310e+00    1.00017900e+01    2.97275768e-04   -1.76695409e-01
3564     1.17652170e-08    4.44647352e+00    9.99315973e+00   -8.07377300e-03   -1.76774242e-01
3565     1.17685504e-08    4.47602631e+00    9.98673302e+00   -1.37722835e-02   -1.77103453e-01
3566     1.17718837e-08    4.49717021e+00    9.98517058e+00   -1.43957888e-02   -1.77567497e-01
3567     1.17752170e-08    4.50183172e+00    9.98957157e+00   -9.20800382e-03   -1.77987529e-01
3568     1.17785504e-08    4.48821460e+00    9.99835412e+00   -1.14701355e-04   -1.78191491e-01
3569     1.17818837e-08    4.46150840e+00    1.00076901e+01    8.92750587e-03   -1.78096096e-01
3570     1.17852170e-08    4.43192252e+00    1.00136478e+01    1.41170765e-02   -1.77746381e-01
3571     1.17885504e-08    4.41077394e+00    1.00142153e+01    1.37555051e-02   -1.77286225e-01
3572     1.17918837e-08    4.40614264e+00    1.00096678e+01    8.46718006e-03   -1.76889100e-01
3573     1.17952170e-08    4.41978310e+00    1.00017900e+01    2.97265876e-04   -1.76695410e-01
3574     1.17985504e-08    4.44647352e+00    9.99315973e+00   -8.07377740e-03   -1.76774243e-01
3575     1.18018837e-08    4.47602631e+00    9.98673302e+00   -1.37722806e-02   -1.77103453e-01
3576     1.18052170e-08    4.49717021e+00    9.98517059e+00   -1.43957785e-02   -1.77567498e-01
3577     1.18085504e-08    4.50183172e+00    9.98957159e+00   -9.20798904e-03   -1.77987529e-01
3578     1.18118837e-08    4.48821460e+00    9.99835413e+00   -1.14688734e-04   -1.78191491e-01
3579     1.18152170e-08    4.46150840e+00    1.00076901e+01    8.92751002e-03   -1.78096095e-01
3580     1.18185504e-08    4.43192252e+00    1.00136478e+01    1.41170708e-02   -1.77746381e-01
3581     1.18218837e-08    4.41077394e+00    1.00142153e+01    1.37554932e-02   -1.77286225e-01
3582     1.18252170e-08    4.40614264e+00    1.00096677e+01    8.46716722e-03   -1.76889100e-01
3583     1.18285504e-08    4.41978310e+00    1.00017900e+01    2.97255982e-04   -1.76695410e-01
3584     1.18318837e-08    4.44647352e+00    9.99315972e+00   -8.07378180e-03   -1.76774244e-01
3585     1.18352170e-08    4.47602631e+00    9.98673302e+00   -1.37722777e-02   -1.77103454e-01
3586     1.18385504e-08    4.49717020e+00    9.98517060e+00   -1.43957681e-02   -1.77567498e-01
3587     1.18418837e-08    4.50183172e+00    9.98957160e+00   -9.20797425e-03   -1.77987529e-01
3588     1.18452170e-08    4.48821460e+00    9.99835414e+00   -1.14676109e-04   -1.78191490e-01
3589     1.18485504e-08    4.46150840e+00    1.00076901e+01    8.92751417e-03   -1.78096094e-01
3590     1.18518837e-08    4.43192252e+00    1.00136478e+01    1.41170650e-02   -1.77746380e-01
3591     1.18552170e-08    4.41077394e+00    1.00142153e+01    1.37554813e-02   -1.77286225e-01
3592     1.18585504e-08    4.40614263e+00    1.00096677e+01    8.46715436e-03   -1.76889100e-01
3593     1.18618837e-08    4.41978310e+00    1.00017900e+01    2.97246086e-04   -1.76695411e-01
3594     1.18652170e-08    4.44647351e+00    9.99315972e+00   -8.07378619e-03   -1.76774245e-01
3595     1.18685504e-08    4.47602631e+00    9.98673303e+00   -1.37722749e-02   -1.77103455e-01
3596     1.18718837e-08    4.49717020e+00    9.98517061e+00   -1.43957577e-02   -1.77567499e-01
3597     1.18752170e-08    4.50183172e+00    9.98957162e+00   -9.20795947e-03   -1.77987530e-01
3598     1.18785504e-08    4.48821460e+00    9.99835416e+00   -1.14663483e-04   -1.78191490e-01
3599     1.18818837e-08    4.46150840e+00    1.00076901e+01    8.92751832e-03   -1.78096094e-01
3600     1.18852170e-08    4.43192252e+00    1.00136478e+01    1.41170593e-02   -1.77746379e-01
3601     1.18885504e-08    4.41077394e+00    1.00142153e+01    1.37554694e-02   -1.77286224e-01
3602     1.18918837e-08    4.40614263e+00    1.00096677e+01    8.46714151e-03   -1.76889100e-01
3603     1.18952170e-08    4.41978310e+00    1.00017900e+01    2.97236188e-04   -1.76695411e-01
3604     1.18985504e-08    4.44647351e+00    9.99315971e+00   -8.07379059e-03   -1.76774245e-01
3605     1.19018837e-08    4.47602630e+00    9.98673303e+00   -1.37722720e-02   -1.77103456e-01
3606     1.19052170e-08    4.49717020e+00    9.98517062e+00   -1.43957473e-02   -1.77567500e-01
3607     1.19085504e-08    4.50183172e+00    9.98957163e+00   -9.20794468e-03   -1.77987530e-01
3608     1.19118837e-08    4.48821460e+00    9.99835417e+00   -1.14650854e-04   -1.78191490e-01
3609     1.19152170e-08    4.46150840e+00    1.00076901e+01    8.92752247e-03   -1.78096093e-01
3610     1.19185504e-08    4.43192252e+00    1.00136478e+01    1.41170535e-02   -1.77746379e-01
3611     1.19218837e-08    4.41077394e+00    1.00142153e+01    1.37554575e-02   -1.77286224e-01
3612     1.19252170e-08    4.40614263e+00    1.00096677e+01    8.46712865e-03   -1.76889100e-01
3613     1.19285504e-08    4.41978310e+00    1.00017899e+01    2.97226288e-04   -1.76695412e-01
3614     1.19318837e-08    4.44647351e+00    9.99315970e+00   -8.07379499e-03   -1.76774246e-01
3615     1.19352170e-08    4.47602630e+00    9.98673303e+00   -1.37722691e-02   -1.77103457e-01
3616     1.19385504e-08    4.49717020e+00    9.98517063e+00   -1.43957370e-02   -1.77567500e-01
3617     1.19418837e-08    4.50183172e+00    9.98957165e+00   -9.20792989e-03   -1.77987530e-01
3618     1.19452170e-08    4.48821460e+00    9.99835418e+00   -1.14638222e-04   -1.78191490e-01
3619     1.19485504e-08    4.46150840e+00    1.00076901e+01    8.92752662e-03   -1.78096092e-01
3620     1.19518837e-08    4.43192252e+00    1.00136478e+01    1.41170478e-02   -1.77746378e-01
3621     1.19552170e-08    4.41077394e+00    1.00142153e+01    1.37554455e-02   -1.77286224e-01
3622     1.19585504e-08    4.40614263e+00    1.00096677e+01    8.46711579e-03   -1.76889100e-01
3623     1.19618837e-08    4.41978310e+00    1.00017899e+01    2.97216387e-04   -1.76695412e-01
3624     1.19652170e-08    4.44647351e+00    9.99315970e+00   -8.07379939e-03   -1.76774247e-01
3625     1.19685504e-08    4.47602630e+00    9.98673303e+00   -1.37722662e-02   -1.77103457e-01
3626     1.19718837e-08    4.49717020e+00    9.98517064e+00   -1.43957266e-02   -1.77567501e-01
3627     1.19752170e-08    4.50183172e+00    9.98957166e+00   -9.20791509e-03   -1.77987530e-01
3628     1.19785504e-08    4.48821460e+00    9.99835420e+00   -1.14625588e-04   -1.78191489e-01
3629     1.19818837e-08    4.46150840e+00    1.00076901e+01    8.92753077e-03   -1.78096092e-01
3630     1.19852170e-08    4.43192252e+00    1.00136478e+01    1.41170420e-02   -1.77746377e-01
3631     1.19885504e-08    4.41077394e+00    1.00142153e+01    1.37554336e-02   -1.77286223e-01
3632     1.19918837e-08    4.40614263e+00    1.00096677e+01    8.46710293e-03   -1.76889101e-01
3633     1.19952170e-08    4.41978310e+00    1.00017899e+01    2.97206483e-04   -1.76695412e-01
3634     1.19985504e-08    4.44647351e+00    9.99315969e+00   -8.07380380e-03   -1.76774247e-01
3635     1.20018837e-08    4.47602630e+00    9.98673303e+00   -1.37722634e-02   -1.77103458e-01
3636     1.20052170e-08    4.49717020e+00    9.98517065e+00   -1.43957162e-02   -1.77567501e-01
3637     1.20085504e-08    4.50183172e+00    9.98957168e+00   -9.20790029e-03   -1.77987530e-01
3638     1.20118837e-08    4.48821460e+00    9.99835421e+00   -1.14612951e-04   -1.78191489e-01
3639     1.20152170e-08    4.46150840e+00    1.00076901e+01    8.92753493e-03   -1.78096091e-01
3640     1.20185504e-08    4.43192252e+00    1.00136478e+01    1.41170363e-02   -1.77746377e-01
3641     1.20218837e-08    4.41077394e+00    1.00142152e+01    1.37554217e-02   -1.77286223e-01
3642     1.20252170e-08    4.40614263e+00    1.00096677e+01    8.46709006e-03   -1.76889101e-01
3643     1.20285504e-08    4.41978310e+00    1.00017899e+01    2.97196577e-04   -1.76695413e-01
3644     1.20318837e-08    4.44647351e+00    9.99315969e+00   -8.07380820e-03   -1.76774248e-01
3645     1.20352170e-08    4.47602630e+00    9.98673303e+00   -1.37722605e-02   -1.77103459e-01
3646     1.20385504e-08    4.49717020e+00    9.98517066e+00   -1.43957058e-02   -1.77567502e-01
3647     1.20418837e-08    4.50183172e+00    9.98957169e+00   -9.20788549e-03   -1.77987531e-01
3648     1.20452170e-08    4.48821460e+00    9.99835423e+00   -1.14600312e-04   -1.78191489e-01
3649     1.20485504e-08    4.46150840e+00    1.00076901e+01    8.92753908e-03   -1.78096091e-01
3650     1.20518837e-08    4.43192252e+00    1.00136478e+01    1.41170305e-02   -1.77746376e-01
3651     1.20552170e-08    4.41077394e+00    1.00142152e+01    1.37554098e-02   -1.77286222e-01
3652     1.20585504e-08    4.40614263e+00    1.00096677e+01    8.46707720e-03   -1.76889101e-01
3653     1.20618837e-08    4.41978310e+00    1.00017899e+01    2.97186669e-04   -1.76695413e-01
3654     1.20652170e-08    4.44647351e+00    9.99315968e+00   -8.07381260e-03   -1.76774249e-01
3655     1.20685504e-08    4.47602630e+00    9.98673303e+00   -1.37722576e-02   -1.77103460e-01
3656     1.20718837e-08    4.49717020e+00    9.98517067e+00   -1.43956954e-02   -1.77567502e-01
3657     1.20752170e-08    4.50183172e+00    9.98957170e+00   -9.20787069e-03   -1.77987531e-01
3658     1.20785504e-08    4.48821460e+00    9.99835424e+00   -1.14587670e-04   -1.78191488e-01
3659     1.20818837e-08    4.46150840e+00    1.00076901e+01    8.92754323e-03   -1.78096090e-01
3660     1.20852170e-08    4.43192252e+00    1.00136478e+01    1.41170248e-02   -1.77746376e-01
3661     1.20885504e-08    4.41077394e+00    1.00142152e+01    1.37553979e-02   -1.77286222e-01
3662     1.20918837e-08    4.40614263e+00    1.00096676e+01    8.46706433e-03   -1.76889101e-01
3663     1.20952170e-08    4.41978309e+00    1.00017899e+01    2.97176759e-04   -1.76695414e-01
3664     1.20985504e-08    4.44647351e+00    9.99315968e+00   -8.07381701e-03   -1.76774249e-01
3665     1.21018837e-08    4.47602630e+00    9.98673304e+00   -1.37722548e-02   -1.77103460e-01
3666     1.21052170e-08    4.49717019e+00    9.98517067e+00   -1.43956850e-02   -1.77567503e-01
3667     1.21085504e-08    4.50183171e+00    9.98957172e+00   -9.20785588e-03   -1.77987531e-01
3668     1.21118837e-08    4.48821460e+00    9.99835425e+00   -1.14575025e-04   -1.78191488e-01
3669     1.21152170e-08    4.46150840e+00    1.00076901e+01    8.92754739e-03   -1.78096089e-01
3670     1.21185504e-08    4.43192253e+00    1.00136478e+01    1.41170190e-02   -1.77746375e-01
3671     1.21218837e-08    4.41077394e+00    1.00142152e+01    1.37553859e-02   -1.77286222e-01
3672     1.21252170e-08    4.40614263e+00    1.00096676e+01    8.46705145e-03   -1.76889101e-01
3673     1.21285504e-08    4.41978309e+00    1.00017899e+01    2.97166847e-04   -1.76695414e-01
3674     1.21318837e-08    4.44647350e+00    9.99315967e+00   -8.07382141e-03   -1.76774250e-01
3675     1.21352170e-08    4.47602629e+00    9.98673304e+00   -1.37722519e-02   -1.77103461e-01
3676     1.21385504e-08    4.49717019e+00    9.98517068e+00   -1.43956746e-02   -1.77567504e-01
3677     1.21418837e-08    4.50183171e+00    9.98957173e+00   -9.20784107e-03   -1.77987531e-01
3678     1.21452170e-08    4.48821460e+00    9.99835427e+00   -1.14562378e-04   -1.78191488e-01
3679     1.21485504e-08    4.46150840e+00    1.00076901e+01    8.92755155e-03   -1.78096089e-01
3680     1.21518837e-08    4.43192253e+00    1.00136478e+01    1.41170132e-02   -1.77746374e-01
3681     1.21552170e-08    4.41077395e+00    1.00142152e+01    1.37553740e-02   -1.77286221e-01
3682     1.21585504e-08    4.40614263e+00    1.00096676e+01    8.46703858e-03   -1.76889101e-01
3683     1.21618837e-08    4.41978309e+00    1.00017899e+01    2.97156933e-04   -1.76695415e-01
3684     1.21652170e-08    4.44647350e+00    9.99315967e+00   -8.07382582e-03   -1.76774251e-01
3685     1.21685504e-08    4.47602629e+00    9.98673304e+00   -1.37722490e-02   -1.77103462e-01
3686     1.21718837e-08    4.49717019e+00    9.98517069e+00   -1.43956643e-02   -1.77567504e-01
3687     1.21752170e-08    4.50183171e+00    9.98957175e+00   -9.20782626e-03   -1.77987531e-01
3688     1.21785504e-08    4.48821460e+00    9.99835428e+00   -1.14549729e-04   -1.78191488e-01
3689     1.21818837e-08    4.46150840e+00    1.00076902e+01    8.92755570e-03   -1.78096088e-01
3690     1.21852170e-08    4.43192253e+00    1.00136478e+01    1.41170075e-02   -1.77746374e-01
3691     1.21885504e-08    4.41077395e+00    1.00142152e+01    1.37553621e-02   -1.77286221e-01
3692     1.21918837e-08    4.40614263e+00    1.00096676e+01    8.46702570e-03   -1.76889101e-01
3693     1.21952170e-08    4.41978309e+00    1.00017899e+01    2.97147017e-04   -1.76695415e-01
3694     1.21985504e-08    4.44647350e+00    9.99315966e+00   -8.07383023e-03   -1.76774252e-01
3695     1.22018837e-08    4.47602629e+00    9.98673304e+00   -1.37722461e-02   -1.77103463e-01
3696     1.22052170e-08    4.49717019e+00    9.98517070e+00   -1.43956539e-02   -1.77567505e-01
3697     1.22085504e-08    4.50183171e+00    9.98957176e+00   -9.20781144e-03   -1.77987531e-01
3698     1.22118837e-08    4.48821460e+00    9.99835429e+00   -1.14537077e-04   -1.78191487e-01
3699     1.22152170e-08    4.46150840e+00    1.00076902e+01    8.92755986e-03   -1.78096088e-01
3700     1.22185504e-08    4.43192253e+00    1.00136478e+01    1.41170017e-02   -1.77746373e-01
3701     1.22218837e-08    4.41077395e+00    1.00142152e+01    1.37553502e-02   -1.77286221e-01
3702     1.22252170e-08    4.40614263e+00    1.00096676e+01    8.46701282e-03   -1.76889101e-01
3703     1.22285504e-08    4.41978309e+00    1.00017898e+01    2.97137099e-04   -1.76695415e-01
3704     1.22318837e-08    4.44647350e+00    9.99315965e+00   -8.07383463e-03   -1.76774252e-01
3705     1.22352170e-08    4.47602629e+00    9.98673304e+00   -1.37722433e-02   -1.77103463e-01
3706     1.22385504e-08    4.49717019e+00    9.98517071e+00   -1.43956435e-02   -1.77567505e-01
3707     1.22418837e-08    4.50183171e+00    9.98957178e+00   -9.20779662e-03   -1.77987532e-01
3708     1.22452170e-08    4.48821460e+00    9.99835431e+00   -1.14524422e-04   -1.78191487e-01
3709     1.22485504e-08    4.46150841e+00    1.00076902e+01    8.92756402e-03   -1.78096087e-01
3710     1.22518837e-08    4.43192253e+00    1.00136477e+01    1.41169960e-02   -1.77746372e-01
3711     1.22552170e-08    4.41077395e+00    1.00142152e+01    1.37553382e-02   -1.77286220e-01
3712     1.22585504e-08    4.40614263e+00    1.00096676e+01    8.46699994e-03   -1.76889101e-01
3713     1.22618837e-08    4.41978309e+00    1.00017898e+01    2.97127179e-04   -1.76695416e-01
3714     1.22652170e-08    4.44647350e+00    9.99315965e+00   -8.07383904e-03   -1.76774253e-01
3715     1.22685504e-08    4.47602629e+00    9.98673304e+00   -1.37722404e-02   -1.77103464e-01
3716     1.22718837e-08    4.49717019e+00    9.98517072e+00   -1.43956331e-02   -1.77567506e-01
3717     1.22752170e-08    4.50183171e+00    9.98957179e+00   -9.20778180e-03   -1.77987532e-01
3718     1.22785504e-08    4.48821460e+00    9.99835432e+00   -1.14511765e-04   -1.78191487e-01
3719     1.22818837e-08    4.46150841e+00    1.00076902e+01    8.92756818e-03   -1.78096086e-01
3720     1.22852170e-08    4.43192253e+00    1.00136477e+01    1.41169902e-02   -1.77746372e-01
3721     1.22885504e-08    4.41077395e+00    1.00142152e+01    1.37553263e-02   -1.77286220e-01
3722     1.22918837e-08    4.40614263e+00    1.00096676e+01    8.46698705e-03   -1.76889101e-01
3723     1.22952170e-08    4.41978309e+00    1.00017898e+01    2.97117257e-04   -1.76695416e-01
3724     1.22985504e-08    4.44647350e+00    9.99315964e+00   -8.07384345e-03   -1.76774254e-01
3725     1.23018837e-08    4.47602629e+00    9.98673305e+00   -1.37722375e-02   -1.77103465e-01
3726     1.23052170e-08    4.49717019e+00    9.98517073e+00   -1.43956227e-02   -1.77567507e-01
3727     1.23085504e-08    4.50183171e+00    9.98957181e+00   -9.20776698e-03   -1.77987532e-01
3728     1.23118837e-08    4.48821460e+00    9.99835433e+00   -1.14499106e-04   -1.78191486e-01
3729     1.23152170e-08    4.46150841e+00    1.00076902e+01    8.92757234e-03   -1.78096086e-01
3730     1.23185504e-08    4.43192253e+00    1.00136477e+01    1.41169844e-02   -1.77746371e-01
3731     1.23218837e-08    4.41077395e+00    1.00142151e+01    1.37553143e-02   -1.77286219e-01
3732     1.23252170e-08    4.40614263e+00    1.00096675e+01    8.46697416e-03   -1.76889101e-01
3733     1.23285504e-08    4.41978309e+00    1.00017898e+01    2.97107333e-04   -1.76695417e-01
3734     1.23318837e-08    4.44647350e+00    9.99315964e+00   -8.07384786e-03   -1.76774254e-01
3735     1.23352170e-08    4.47602629e+00    9.98673305e+00   -1.37722346e-02   -1.77103466e-01
3736     1.23385504e-08    4.49717019e+00    9.98517074e+00   -1.43956122e-02   -1.77567507e-01
3737     1.23418837e-08    4.50183171e+00    9.98957182e+00   -9.20775215e-03   -1.77987532e-01
3738     1.23452170e-08    4.48821460e+00    9.99835435e+00   -1.14486444e-04   -1.78191486e-01
3739     1.23485504e-08    4.46150841e+00    1.00076902e+01    8.92757650e-03   -1.78096085e-01
3740     1.23518837e-08    4.43192253e+00    1.00136477e+01    1.41169787e-02   -1.77746370e-01
3741     1.23552170e-08    4.41077395e+00    1.00142151e+01    1.37553024e-02   -1.77286219e-01
3742     1.23585504e-08    4.40614263e+00    1.00096675e+01    8.46696127e-03   -1.76889101e-01
3743     1.23618837e-08    4.41978309e+00    1.00017898e+01    2.97097407e-04   -1.76695417e-01
3744     1.23652170e-08    4.44647349e+00    9.99315963e+00   -8.07385227e-03   -1.76774255e-01
3745     1.23685504e-08    4.47602628e+00    9.98673305e+00   -1.37722318e-02   -1.77103467e-01
3746     1.23718837e-08    4.49717018e+00    9.98517075e+00   -1.43956018e-02   -1.77567508e-01
3747     1.23752170e-08    4.50183171e+00    9.98957184e+00   -9.20773732e-03   -1.77987532e-01
3748     1.23785504e-08    4.48821460e+00    9.99835436e+00   -1.14473779e-04   -1.78191486e-01
3749     1.23818837e-08    4.46150841e+00    1.00076902e+01    8.92758066e-03   -1.78096085e-01
3750     1.23852170e-08    4.43192253e+00    1.00136477e+01    1.41169729e-02   -1.77746370e-01
3751     1.23885504e-08    4.41077395e+00    1.00142151e+01    1.37552905e-02   -1.77286219e-01
3752     1.23918837e-08    4.40614263e+00    1.00096675e+01    8.46694838e-03   -1.76889101e-01
3753     1.23952170e-08    4.41978309e+00    1.00017898e+01    2.97087479e-04   -1.76695418e-01
3754     1.23985504e-08    4.44647349e+00    9.99315963e+00   -8.07385669e-03   -1.76774256e-01
3755     1.24018837e-08    4.47602628e+00    9.98673305e+00   -1.37722289e-02   -1.77103467e-01
3756     1.24052170e-08    4.49717018e+00    9.98517076e+00   -1.43955914e-02   -1.77567508e-01
3757     1.24085504e-08    4.50183171e+00    9.98957185e+00   -9.20772249e-03   -1.77987533e-01
3758     1.24118837e-08    4.48821460e+00    9.99835437e+00   -1.14461112e-04   -1.78191486e-01
3759     1.24152170e-08    4.46150841e+00    1.00076902e+01    8.92758483e-03   -1.78096084e-01
3760     1.24185504e-08    4.43192253e+00    1.00136477e+01    1.41169671e-02   -1.77746369e-01
3761     1.24218837e-08    4.41077395e+00    1.00142151e+01    1.37552785e-02   -1.77286218e-01
3762     1.24252170e-08    4.40614263e+00    1.00096675e+01    8.46693548e-03   -1.76889101e-01
3763     1.24285504e-08    4.41978308e+00    1.00017898e+01    2.97077549e-04   -1.76695418e-01
3764     1.24318837e-08    4.44647349e+00    9.99315962e+00   -8.07386110e-03   -1.76774257e-01
3765     1.24352170e-08    4.47602628e+00    9.98673305e+00   -1.37722260e-02   -1.77103468e-01
3766     1.24385504e-08    4.49717018e+00    9.98517077e+00   -1.43955810e-02   -1.77567509e-01
3767     1.24418837e-08    4.50183171e+00    9.98957187e+00   -9.20770765e-03   -1.77987533e-01
3768     1.24452170e-08    4.48821460e+00    9.99835439e+00   -1.14448442e-04   -1.78191485e-01
3769     1.24485504e-08    4.46150841e+00    1.00076902e+01    8.92758899e-03   -1.78096083e-01
3770     1.24518837e-08    4.43192253e+00    1.00136477e+01    1.41169613e-02   -1.77746369e-01
3771     1.24552170e-08    4.41077395e+00    1.00142151e+01    1.37552666e-02   -1.77286218e-01
3772     1.24585504e-08    4.40614263e+00    1.00096675e+01    8.46692258e-03   -1.76889101e-01
3773     1.24618837e-08    4.41978308e+00    1.00017898e+01    2.97067617e-04   -1.76695418e-01
3774     1.24652170e-08    4.44647349e+00    9.99315961e+00   -8.07386551e-03   -1.76774257e-01
3775     1.24685504e-08    4.47602628e+00    9.98673305e+00   -1.37722231e-02   -1.77103469e-01
3776     1.24718837e-08    4.49717018e+00    9.98517078e+00   -1.43955706e-02   -1.77567510e-01
3777     1.24752170e-08    4.50183171e+00    9.98957188e+00   -9.20769281e-03   -1.77987533e-01
3778     1.24785504e-08    4.48821460e+00    9.99835440e+00   -1.14435769e-04   -1.78191485e-01
3779     1.24818837e-08    4.46150841e+00    1.00076902e+01    8.92759315e-03   -1.78096083e-01
3780     1.24852170e-08    4.43192253e+00    1.00136477e+01    1.41169556e-02   -1.77746368e-01
3781     1.24885504e-08    4.41077395e+00    1.00142151e+01    1.37552546e-02   -1.77286218e-01
3782     1.24918837e-08    4.40614263e+00    1.00096675e+01    8.46690968e-03   -1.76889101e-01
3783     1.24952170e-08    4.41978308e+00    1.00017898e+01    2.97057683e-04   -1.76695419e-01
3784     1.24985504e-08    4.44647349e+00    9.99315961e+00   -8.07386993e-03   -1.76774258e-01
3785     1.25018837e-08    4.47602628e+00    9.98673305e+00   -1.37722202e-02   -1.77103470e-01
3786     1.25052170e-08    4.49717018e+00    9.98517079e+00   -1.43955602e-02   -1.77567510e-01
3787     1.25085504e-08    4.50183171e+00    9.98957190e+00   -9.20767797e-03   -1.77987533e-01
3788     1.25118837e-08    4.48821460e+00    9.99835441e+00   -1.14423095e-04   -1.78191485e-01
3789     1.25152170e-08    4.46150841e+00    1.00076902e+01    8.92759732e-03   -1.78096082e-01
3790     1.25185504e-08    4.43192253e+00    1.00136477e+01    1.41169498e-02   -1.77746367e-01
3791     1.25218837e-08    4.41077395e+00    1.00142151e+01    1.37552427e-02   -1.77286217e-01
3792     1.25252170e-08    4.40614263e+00    1.00096675e+01    8.46689678e-03   -1.76889101e-01
3793     1.25285504e-08    4.41978308e+00    1.00017898e+01    2.97047748e-04   -1.76695419e-01
3794     1.25318837e-08    4.44647349e+00    9.99315960e+00   -8.07387434e-03   -1.76774259e-01
3795     1.25352170e-08    4.47602628e+00    9.98673306e+00   -1.37722174e-02   -1.77103470e-01
3796     1.25385504e-08    4.49717018e+00    9.98517080e+00   -1.43955498e-02   -1.77567511e-01
3797     1.25418837e-08    4.50183171e+00    9.98957191e+00   -9.20766312e-03   -1.77987533e-01
3798     1.25452170e-08    4.48821460e+00    9.99835443e+00   -1.14410417e-04   -1.78191484e-01
3799     1.25485504e-08    4.46150841e+00    1.00076902e+01    8.92760149e-03   -1.78096082e-01
3800     1.25518837e-08    4.43192253e+00    1.00136477e+01    1.41169440e-02   -1.77746367e-01
3801     1.25552170e-08    4.41077395e+00    1.00142151e+01    1.37552307e-02   -1.77286217e-01
3802     1.25585504e-08    4.40614263e+00    1.00096675e+01    8.46688387e-03   -1.76889101e-01
3803     1.25618837e-08    4.41978308e+00    1.00017897e+01    2.97037810e-04   -1.76695420e-01
3804     1.25652170e-08    4.44647349e+00    9.99315960e+00   -8.07387876e-03   -1.76774259e-01
3805     1.25685504e-08    4.47602627e+00    9.98673306e+00   -1.37722145e-02   -1.77103471e-01
3806     1.25718837e-08    4.49717018e+00    9.98517081e+00   -1.43955394e-02   -1.77567511e-01
3807     1.25752170e-08    4.50183170e+00    9.98957193e+00   -9.20764827e-03   -1.77987533e-01
3808     1.25785504e-08    4.48821460e+00    9.99835444e+00   -1.14397737e-04   -1.78191484e-01
3809     1.25818837e-08    4.46150841e+00    1.00076902e+01    8.92760565e-03   -1.78096081e-01
3810     1.25852170e-08    4.43192253e+00    1.00136477e+01    1.41169382e-02   -1.77746366e-01
3811     1.25885504e-08    4.41077395e+00    1.00142151e+01    1.37552187e-02   -1.77286217e-01
3812     1.25918837e-08    4.40614263e+00    1.00096674e+01    8.46687096e-03   -1.76889101e-01
3813     1.25952170e-08    4.41978308e+00    1.00017897e+01    2.97027870e-04   -1.76695420e-01
3814     1.25985504e-08    4.44647348e+00    9.99315959e+00   -8.07388318e-03   -1.76774260e-01
3815     1.26018837e-08    4.47602627e+00    9.98673306e+00   -1.37722116e-02   -1.77103472e-01
3816     1.26052170e-08    4.49717018e+00    9.98517082e+00   -1.43955289e-02   -1.77567512e-01
3817     1.26085504e-08    4.50183170e+00    9.98957194e+00   -9.20763342e-03   -1.77987534e-01
3818     1.26118837e-08    4.48821460e+00    9.99835446e+00   -1.14385055e-04   -1.78191484e-01
3819     1.26152170e-08    4.46150841e+00    1.00076902e+01    8.92760982e-03   -1.78096080e-01
3820     1.26185504e-08    4.43192253e+00    1.00136477e+01    1.41169325e-02   -1.77746365e-01
3821     1.26218837e-08    4.41077395e+00    1.00142150e+01    1.37552068e-02   -1.77286216e-01
3822     1.26252170e-08    4.40614263e+00    1.00096674e+01    8.46685805e-03   -1.76889101e-01
3823     1.26285504e-08    4.41978308e+00    1.00017897e+01    2.97017928e-04   -1.76695421e-01
3824     1.26318837e-08    4.44647348e+00    9.99315959e+00   -8.07388760e-03   -1.76774261e-01
3825     1.26352170e-08    4.47602627e+00    9.98673306e+00   -1.37722087e-02   -1.77103473e-01
3826     1.26385504e-08    4.49717017e+00    9.98517083e+00   -1.43955185e-02   -1.77567512e-01
3827     1.26418837e-08    4.50183170e+00    9.98957196e+00   -9.20761856e-03   -1.77987534e-01
3828     1.26452170e-08    4.48821460e+00    9.99835447e+00   -1.14372370e-04   -1.78191483e-01
3829     1.26485504e-08    4.46150841e+00    1.00076902e+01    8.92761399e-03   -1.78096080e-01
3830     1.26518837e-08    4.43192253e+00    1.00136477e+01    1.41169267e-02   -1.77746365e-01
3831     1.26552170e-08    4.41077395e+00    1.00142150e+01    1.37551948e-02   -1.77286216e-01
3832     1.26585504e-08    4.40614262e+00    1.00096674e+01    8.46684514e-03   -1.76889101e-01
3833     1.26618837e-08    4.41978308e+00    1.00017897e+01    2.97007984e-04   -1.76695421e-01
3834     1.26652170e-08    4.44647348e+00    9.99315958e+00   -8.07389201e-03   -1.76774261e-01
3835     1.26685504e-08    4.47602627e+00    9.98673306e+00   -1.37722058e-02   -1.77103473e-01
3836     1.26718837e-08    4.49717017e+00    9.98517084e+00   -1.43955081e-02   -1.77567513e-01
3837     1.26752170e-08    4.50183170e+00    9.98957197e+00   -9.20760371e-03   -1.77987534e-01
3838     1.26785504e-08    4.48821460e+00    9.99835448e+00   -1.14359682e-04   -1.78191483e-01
3839     1.26818837e-08    4.46150841e+00    1.00076902e+01    8.92761816e-03   -1.78096079e-01
3840     1.26852170e-08    4.43192253e+00    1.00136477e+01    1.41169209e-02   -1.77746364e-01
3841     1.26885504e-08    4.41077395e+00    1.00142150e+01    1.37551829e-02   -1.77286215e-01
3842     1.26918837e-08    4.40614262e+00    1.00096674e+01    8.46683222e-03   -1.76889101e-01
3843     1.26952170e-08    4.41978308e+00    1.00017897e+01    2.96998038e-04   -1.76695421e-01
3844     1.26985504e-08    4.44647348e+00    9.99315957e+00   -8.07389643e-03   -1.76774262e-01
3845     1.27018837e-08    4.47602627e+00    9.98673306e+00   -1.37722030e-02   -1.77103474e-01
3846     1.27052170e-08    4.49717017e+00    9.98517085e+00   -1.43954976e-02   -1.77567514e-01
3847     1.27085504e-08    4.50183170e+00    9.98957199e+00   -9.20758884e-03   -1.77987534e-01
3848     1.27118837e-08    4.48821460e+00    9.99835450e+00   -1.14346992e-04   -1.78191483e-01
3849     1.27152170e-08    4.46150841e+00    1.00076902e+01    8.92762233e-03   -1.78096079e-01
3850     1.27185504e-08    4.43192253e+00    1.00136477e+01    1.41169151e-02   -1.77746364e-01
3851     1.27218837e-08    4.41077395e+00    1.00142150e+01    1.37551709e-02   -1.77286215e-01
3852     1.27252170e-08    4.40614262e+00    1.00096674e+01    8.46681930e-03   -1.76889101e-01
3853     1.27285504e-08    4.41978308e+00    1.00017897e+01    2.96988090e-04   -1.76695422e-01
3854     1.27318837e-08    4.44647348e+00    9.99315957e+00   -8.07390086e-03   -1.76774263e-01
3855     1.27352170e-08    4.47602627e+00    9.98673307e+00   -1.37722001e-02   -1.77103475e-01
3856     1.27385504e-08    4.49717017e+00    9.98517086e+00   -1.43954872e-02   -1.77567514e-01
3857     1.27418837e-08    4.50183170e+00    9.98957200e+00   -9.20757398e-03   -1.77987534e-01
3858     1.27452170e-08    4.48821460e+00    9.99835451e+00   -1.14334300e-04   -1.78191483e-01
3859     1.27485504e-08    4.46150841e+00    1.00076902e+01    8.92762650e-03   -1.78096078e-01
3860     1.27518837e-08    4.43192253e+00    1.00136477e+01    1.41169094e-02   -1.77746363e-01
3861     1.27552170e-08    4.41077395e+00    1.00142150e+01    1.37551589e-02   -1.77286215e-01
3862     1.27585504e-08    4.40614262e+00    1.00096674e+01    8.46680638e-03   -1.76889101e-01
3863     1.27618837e-08    4.41978307e+00    1.00017897e+01    2.96978140e-04   -1.76695422e-01
3864     1.27652170e-08    4.44647348e+00    9.99315956e+00   -8.07390528e-03   -1.76774264e-01
3865     1.27685504e-08    4.47602627e+00    9.98673307e+00   -1.37721972e-02   -1.77103476e-01
3866     1.27718837e-08    4.49717017e+00    9.98517087e+00   -1.43954768e-02   -1.77567515e-01
3867     1.27752170e-08    4.50183170e+00    9.98957201e+00   -9.20755911e-03   -1.77987535e-01
3868     1.27785504e-08    4.48821460e+00    9.99835452e+00   -1.14321605e-04   -1.78191482e-01
3869     1.27818837e-08    4.46150841e+00    1.00076903e+01    8.92763067e-03   -1.78096077e-01
3870     1.27852170e-08    4.43192253e+00    1.00136477e+01    1.41169036e-02   -1.77746362e-01
3871     1.27885504e-08    4.41077395e+00    1.00142150e+01    1.37551469e-02   -1.77286214e-01
3872     1.27918837e-08    4.40614262e+00    1.00096674e+01    8.46679345e-03   -1.76889101e-01
3873     1.27952170e-08    4.41978307e+00    1.00017897e+01    2.96968188e-04   -1.76695423e-01
3874     1.27985504e-08    4.44647348e+00    9.99315956e+00   -8.07390970e-03   -1.76774264e-01
3875     1.28018837e-08    4.47602626e+00    9.98673307e+00   -1.37721943e-02   -1.77103477e-01
3876     1.28052170e-08    4.49717017e+00    9.98517087e+00   -1.43954664e-02   -1.77567515e-01
3877     1.28085504e-08    4.50183170e+00    9.98957203e+00   -9.20754424e-03   -1.77987535e-01
3878     1.28118837e-08    4.48821460e+00    9.99835454e+00   -1.14308907e-04   -1.78191482e-01
3879     1.28152170e-08    4.46150841e+00    1.00076903e+01    8.92763484e-03   -1.78096077e-01
3880     1.28185504e-08    4.43192253e+00    1.00136477e+01    1.41168978e-02   -1.77746362e-01
3881     1.28218837e-08    4.41077395e+00    1.00142150e+01    1.37551350e-02   -1.77286214e-01
3882     1.28252170e-08    4.40614262e+00    1.00096674e+01    8.46678053e-03   -1.76889101e-01
3883     1.28285504e-08    4.41978307e+00    1.00017897e+01    2.96958234e-04   -1.76695423e-01
3884     1.28318837e-08    4.44647347e+00    9.99315955e+00   -8.07391412e-03   -1.76774265e-01
3885     1.28352170e-08    4.47602626e+00    9.98673307e+00   -1.37721914e-02   -1.77103477e-01
3886     1.28385504e-08    4.49717017e+00    9.98517088e+00   -1.43954559e-02   -1.77567516e-01
3887     1.28418837e-08    4.50183170e+00    9.98957204e+00   -9.20752937e-03   -1.77987535e-01
3888     1.28452170e-08    4.48821460e+00    9.99835455e+00   -1.14296207e-04   -1.78191482e-01
3889     1.28485504e-08    4.46150841e+00    1.00076903e+01    8.92763902e-03   -1.78096076e-01
3890     1.28518837e-08    4.43192254e+00    1.00136477e+01    1.41168920e-02   -1.77746361e-01
3891     1.28552170e-08    4.41077395e+00    1.00142150e+01    1.37551230e-02   -1.77286214e-01
3892     1.28585504e-08    4.40614262e+00    1.00096673e+01    8.46676760e-03   -1.76889101e-01
3893     1.28618837e-08    4.41978307e+00    1.00017896e+01    2.96948279e-04   -1.76695424e-01
3894     1.28652170e-08    4.44647347e+00    9.99315955e+00   -8.07391855e-03   -1.76774266e-01
3895     1.28685504e-08    4.47602626e+00    9.98673307e+00   -1.37721885e-02   -1.77103478e-01
3896     1.28718837e-08    4.49717016e+00    9.98517089e+00   -1.43954455e-02   -1.77567517e-01
3897     1.28752170e-08    4.50183170e+00    9.98957206e+00   -9.20751450e-03   -1.77987535e-01
3898     1.28785504e-08    4.48821460e+00    9.99835456e+00   -1.14283504e-04   -1.78191481e-01
3899     1.28818837e-08    4.46150841e+00    1.00076903e+01    8.92764319e-03   -1.78096075e-01
3900     1.28852170e-08    4.43192254e+00    1.00136477e+01    1.41168862e-02   -1.77746360e-01
3901     1.28885504e-08    4.41077395e+00    1.00142150e+01    1.37551110e-02   -1.77286213e-01
3902     1.28918837e-08    4.40614262e+00    1.00096673e+01    8.46675466e-03   -1.76889101e-01
3903     1.28952170e-08    4.41978307e+00    1.00017896e+01    2.96938321e-04   -1.76695424e-01
3904     1.28985504e-08    4.44647347e+00    9.99315954e+00   -8.07392297e-03   -1.76774266e-01
3905     1.29018837e-08    4.47602626e+00    9.98673307e+00   -1.37721856e-02   -1.77103479e-01
3906     1.29052170e-08    4.49717016e+00    9.98517090e+00   -1.43954350e-02   -1.77567517e-01
3907     1.29085504e-08    4.50183170e+00    9.98957207e+00   -9.20749962e-03   -1.77987535e-01
3908     1.29118837e-08    4.48821460e+00    9.99835458e+00   -1.14270799e-04   -1.78191481e-01
3909     1.29152170e-08    4.46150841e+00    1.00076903e+01    8.92764737e-03   -1.78096075e-01
3910     1.29185504e-08    4.43192254e+00    1.00136477e+01    1.41168804e-02   -1.77746360e-01
3911     1.29218837e-08    4.41077395e+00    1.00142149e+01    1.37550990e-02   -1.77286213e-01
3912     1.29252170e-08    4.40614262e+00    1.00096673e+01    8.46674173e-03   -1.76889101e-01
3913     1.29285504e-08    4.41978307e+00    1.00017896e+01    2.96928361e-04   -1.76695424e-01
3914     1.29318837e-08    4.44647347e+00    9.99315953e+00   -8.07392740e-03   -1.76774267e-01
3915     1.29352170e-08    4.47602626e+00    9.98673307e+00   -1.37721828e-02   -1.77103480e-01
3916     1.29385504e-08    4.49717016e+00    9.98517091e+00   -1.43954246e-02   -1.77567518e-01
3917     1.29418837e-08    4.50183170e+00    9.98957209e+00   -9.20748473e-03   -1.77987535e-01
3918     1.29452170e-08    4.48821460e+00    9.99835459e+00   -1.14258091e-04   -1.78191481e-01
3919     1.29485504e-08    4.46150841e+00    1.00076903e+01    8.92765154e-03   -1.78096074e-01
3920     1.29518837e-08    4.43192254e+00    1.00136477e+01    1.41168746e-02   -1.77746359e-01
3921     1.29552170e-08    4.41077395e+00    1.00142149e+01    1.37550870e-02   -1.77286212e-01
3922     1.29585504e-08    4.40614262e+00    1.00096673e+01    8.46672879e-03   -1.76889101e-01
3923     1.29618837e-08    4.41978307e+00    1.00017896e+01    2.96918399e-04   -1.76695425e-01
3924     1.29652170e-08    4.44647347e+00    9.99315953e+00   -8.07393183e-03   -1.76774268e-01
3925     1.29685504e-08    4.47602626e+00    9.98673308e+00   -1.37721799e-02   -1.77103480e-01
3926     1.29718837e-08    4.49717016e+00    9.98517092e+00   -1.43954141e-02   -1.77567518e-01
3927     1.29752170e-08    4.50183170e+00    9.98957210e+00   -9.20746985e-03   -1.77987536e-01
3928     1.29785504e-08    4.48821460e+00    9.99835460e+00   -1.14245381e-04   -1.78191481e-01
3929     1.29818837e-08    4.46150841e+00    1.00076903e+01    8.92765572e-03   -1.78096074e-01
3930     1.29852170e-08    4.43192254e+00    1.00136476e+01    1.41168688e-02   -1.77746359e-01
3931     1.29885504e-08    4.41077395e+00    1.00142149e+01    1.37550751e-02   -1.77286212e-01
3932     1.29918837e-08    4.40614262e+00    1.00096673e+01    8.46671585e-03   -1.76889102e-01
3933     1.29952170e-08    4.41978307e+00    1.00017896e+01    2.96908435e-04   -1.76695425e-01
3934     1.29985504e-08    4.44647347e+00    9.99315952e+00   -8.07393625e-03   -1.76774268e-01
3935     1.30018837e-08    4.47602626e+00    9.98673308e+00   -1.37721770e-02   -1.77103481e-01
3936     1.30052170e-08    4.49717016e+00    9.98517093e+00   -1.43954037e-02   -1.77567519e-01
3937     1.30085504e-08    4.50183170e+00    9.98957212e+00   -9.20745496e-03   -1.77987536e-01
3938     1.30118837e-08    4.48821460e+00    9.99835462e+00   -1.14232668e-04   -1.78191480e-01
3939     1.30152170e-08    4.46150841e+00    1.00076903e+01    8.92765989e-03   -1.78096073e-01
3940     1.30185504e-08    4.43192254e+00    1.00136476e+01    1.41168631e-02   -1.77746358e-01
3941     1.30218837e-08    4.41077395e+00    1.00142149e+01    1.37550631e-02   -1.77286212e-01
3942     1.30252170e-08    4.40614262e+00    1.00096673e+01    8.46670291e-03   -1.76889102e-01
3943     1.30285504e-08    4.41978307e+00    1.00017896e+01    2.96898469e-04   -1.76695426e-01
3944     1.30318837e-08    4.44647347e+00    9.99315952e+00   -8.07394068e-03   -1.76774269e-01
3945     1.30352170e-08    4.47602625e+00    9.98673308e+00   -1.37721741e-02   -1.77103482e-01
3946     1.30385504e-08    4.49717016e+00    9.98517094e+00   -1.43953932e-02   -1.77567520e-01
3947     1.30418837e-08    4.50183170e+00    9.98957213e+00   -9.20744007e-03   -1.77987536e-01
3948     1.30452170e-08    4.48821460e+00    9.99835463e+00   -1.14219952e-04   -1.78191480e-01
3949     1.30485504e-08    4.46150841e+00    1.00076903e+01    8.92766407e-03   -1.78096072e-01
3950     1.30518837e-08    4.43192254e+00    1.00136476e+01    1.41168573e-02   -1.77746357e-01
3951     1.30552170e-08    4.41077395e+00    1.00142149e+01    1.37550511e-02   -1.77286211e-01
3952     1.30585504e-08    4.40614262e+00    1.00096673e+01    8.46668996e-03   -1.76889102e-01
3953     1.30618837e-08    4.41978307e+00    1.00017896e+01    2.96888502e-04   -1.76695426e-01
3954     1.30652170e-08    4.44647346e+00    9.99315951e+00   -8.07394511e-03   -1.76774270e-01
3955     1.30685504e-08    4.47602625e+00    9.98673308e+00   -1.37721712e-02   -1.77103483e-01
3956     1.30718837e-08    4.49717016e+00    9.98517095e+00   -1.43953828e-02   -1.77567520e-01
3957     1.30752170e-08    4.50183169e+00    9.98957215e+00   -9.20742518e-03   -1.77987536e-01
3958     1.30785504e-08    4.48821460e+00    9.99835465e+00   -1.14207234e-04   -1.78191480e-01
3959     1.30818837e-08    4.46150842e+00    1.00076903e+01    8.92766825e-03   -1.78096072e-01
3960     1.30852170e-08    4.43192254e+00    1.00136476e+01    1.41168515e-02   -1.77746357e-01
3961     1.30885504e-08    4.41077395e+00    1.00142149e+01    1.37550391e-02   -1.77286211e-01
3962     1.30918837e-08    4.40614262e+00    1.00096672e+01    8.46667701e-03   -1.76889102e-01
3963     1.30952170e-08    4.41978306e+00    1.00017896e+01    2.96878532e-04   -1.76695427e-01
3964     1.30985504e-08    4.44647346e+00    9.99315951e+00   -8.07394954e-03   -1.76774271e-01
3965     1.31018837e-08    4.47602625e+00    9.98673308e+00   -1.37721683e-02   -1.77103484e-01
3966     1.31052170e-08    4.49717016e+00    9.98517096e+00   -1.43953723e-02   -1.77567521e-01
3967     1.31085504e-08    4.50183169e+00    9.98957216e+00   -9.20741028e-03   -1.77987536e-01
3968     1.31118837e-08    4.48821460e+00    9.99835466e+00   -1.14194514e-04   -1.78191479e-01
3969     1.31152170e-08    4.46150842e+00    1.00076903e+01    8.92767243e-03   -1.78096071e-01
3970     1.31185504e-08    4.43192254e+00    1.00136476e+01    1.41168457e-02   -1.77746356e-01
3971     1.31218837e-08    4.41077395e+00    1.00142149e+01    1.37550271e-02   -1.77286211e-01
3972     1.31252170e-08    4.40614262e+00    1.00096672e+01    8.46666406e-03   -1.76889102e-01
3973     1.31285504e-08    4.41978306e+00    1.00017896e+01    2.96868560e-04   -1.76695427e-01
3974     1.31318837e-08    4.44647346e+00    9.99315950e+00   -8.07395397e-03   -1.76774271e-01
3975     1.31352170e-08    4.47602625e+00    9.98673308e+00   -1.37721654e-02   -1.77103484e-01
3976     1.31385504e-08    4.49717015e+00    9.98517097e+00   -1.43953619e-02   -1.77567521e-01
3977     1.31418837e-08    4.50183169e+00    9.98957218e+00   -9.20739538e-03   -1.77987537e-01
3978     1.31452170e-08    4.48821460e+00    9.99835467e+00   -1.14181791e-04   -1.78191479e-01
3979     1.31485504e-08    4.46150842e+00    1.00076903e+01    8.92767661e-03   -1.78096071e-01
3980     1.31518837e-08    4.43192254e+00    1.00136476e+01    1.41168399e-02   -1.77746355e-01
3981     1.31552170e-08    4.41077395e+00    1.00142149e+01    1.37550151e-02   -1.77286210e-01
3982     1.31585504e-08    4.40614262e+00    1.00096672e+01    8.46665111e-03   -1.76889102e-01
3983     1.31618837e-08    4.41978306e+00    1.00017895e+01    2.96858586e-04   -1.76695427e-01
3984     1.31652170e-08    4.44647346e+00    9.99315949e+00   -8.07395841e-03   -1.76774272e-01
3985     1.31685504e-08    4.47602625e+00    9.98673309e+00   -1.37721625e-02   -1.77103485e-01
3986     1.31718837e-08    4.49717015e+00    9.98517098e+00   -1.43953514e-02   -1.77567522e-01
3987     1.31752170e-08    4.50183169e+00    9.98957219e+00   -9.20738048e-03   -1.77987537e-01
3988     1.31785504e-08    4.48821460e+00    9.99835469e+00   -1.14169065e-04   -1.78191479e-01
3989     1.31818837e-08    4.46150842e+00    1.00076903e+01    8.92768079e-03   -1.78096070e-01
3990     1.31852170e-08    4.43192254e+00    1.00136476e+01    1.41168341e-02   -1.77746355e-01
3991     1.31885504e-08    4.41077395e+00    1.00142149e+01    1.37550031e-02   -1.77286210e-01
3992     1.31918837e-08    4.40614262e+00    1.00096672e+01    8.46663815e-03   -1.76889102e-01
3993     1.31952170e-08    4.41978306e+00    1.00017895e+01    2.96848611e-04   -1.76695428e-01
3994     1.31985504e-08    4.44647346e+00    9.99315949e+00   -8.07396284e-03   -1.76774273e-01
3995     1.32018837e-08    4.47602625e+00    9.98673309e+00   -1.37721596e-02   -1.77103486e-01
3996     1.32052170e-08    4.49717015e+00    9.98517099e+00   -1.43953410e-02   -1.77567522e-01
3997     1.32085504e-08    4.50183169e+00    9.98957221e+00   -9.20736557e-03   -1.77987537e-01
3998     1.32118837e-08    4.48821460e+00    9.99835470e+00   -1.14156337e-04   -1.78191479e-01
3999     1.32152170e-08    4.46150842e+00    1.00076903e+01    8.92768498e-03   -1.78096069e-01
4000     1.32185504e-08    4.43192254e+00    1.00136476e+01    1.41168283e-02   -1.77746354e-01
4001     1.32218837e-08    4.41077395e+00    1.00142148e+01    1.37549911e-02   -1.77286209e-01
4002     1.32252170e-08    4.40614262e+00    1.00096672e+01    8.46662519e-03   -1.76889102e-01
4003     1.32285504e-08    4.41978306e+00    1.00017895e+01    2.96838633e-04   -1.76695428e-01
4004     1.32318837e-08    4.44647346e+00    9.99315948e+00   -8.07396727e-03   -1.76774273e-01
4005     1.32352170e-08    4.47602624e+00    9.98673309e+00   -1.37721567e-02   -1.77103487e-01
4006     1.32385504e-08    4.49717015e+00    9.98517100e+00   -1.43953305e-02   -1.77567523e-01
4007     1.32418837e-08    4.50183169e+00    9.98957222e+00   -9.20735066e-03   -1.77987537e-01
4008     1.32452170e-08    4.48821460e+00    9.99835471e+00   -1.14143607e-04   -1.78191478e-01
4009     1.32485504e-08    4.46150842e+00    1.00076903e+01    8.92768916e-03   -1.78096069e-01
4010     1.32518837e-08    4.43192254e+00    1.00136476e+01    1.41168225e-02   -1.77746353e-01
4011     1.32552170e-08    4.41077395e+00    1.00142148e+01    1.37549791e-02   -1.77286209e-01
4012     1.32585504e-08    4.40614262e+00    1.00096672e+01    8.46661223e-03   -1.76889102e-01
4013     1.32618837e-08    4.41978306e+00    1.00017895e+01    2.96828653e-04   -1.76695429e-01
4014     1.32652170e-08    4.44647346e+00    9.99315948e+00   -8.07397171e-03   -1.76774274e-01
4015     1.32685504e-08    4.47602624e+00    9.98673309e+00   -1.37721539e-02   -1.77103487e-01
4016     1.32718837e-08    4.49717015e+00    9.98517101e+00   -1.43953200e-02   -1.77567524e-01
4017     1.32752170e-08    4.50183169e+00    9.98957224e+00   -9.20733575e-03   -1.77987537e-01
4018     1.32785504e-08    4.48821460e+00    9.99835473e+00   -1.14130874e-04   -1.78191478e-01
4019     1.32818837e-08    4.46150842e+00    1.00076903e+01    8.92769334e-03   -1.78096068e-01
4020     1.32852170e-08    4.43192254e+00    1.00136476e+01    1.41168167e-02   -1.77746353e-01
4021     1.32885504e-08    4.41077395e+00    1.00142148e+01    1.37549671e-02   -1.77286209e-01
4022     1.32918837e-08    4.40614262e+00    1.00096672e+01    8.46659927e-03   -1.76889102e-01
4023     1.32952170e-08    4.41978306e+00    1.00017895e+01    2.96818671e-04   -1.76695429e-01
4024     1.32985504e-08    4.44647345e+00    9.99315947e+00   -8.07397614e-03   -1.76774275e-01
4025     1.33018837e-08    4.47602624e+00    9.98673309e+00   -1.37721510e-02   -1.77103488e-01
4026     1.33052170e-08    4.49717015e+00    9.98517102e+00   -1.43953096e-02   -1.77567524e-01
4027     1.33085504e-08    4.50183169e+00    9.98957225e+00   -9.20732084e-03   -1.77987537e-01
4028     1.33118837e-08    4.48821460e+00    9.99835474e+00   -1.14118138e-04   -1.78191478e-01
4029     1.33152170e-08    4.46150842e+00    1.00076903e+01    8.92769753e-03   -1.78096068e-01
4030     1.33185504e-08    4.43192254e+00    1.00136476e+01    1.41168109e-02   -1.77746352e-01
4031     1.33218837e-08    4.41077395e+00    1.00142148e+01    1.37549550e-02   -1.77286208e-01
4032     1.33252170e-08    4.40614262e+00    1.00096672e+01    8.46658630e-03   -1.76889102e-01
4033     1.33285504e-08    4.41978306e+00    1.00017895e+01    2.96808688e-04   -1.76695430e-01
4034     1.33318837e-08    4.44647345e+00    9.99315947e+00   -8.07398058e-03   -1.76774276e-01
4035     1.33352170e-08    4.47602624e+00    9.98673309e+00   -1.37721481e-02   -1.77103489e-01
4036     1.33385504e-08    4.49717015e+00    9.98517103e+00   -1.43952991e-02   -1.77567525e-01
4037     1.33418837e-08    4.50183169e+00    9.98957227e+00   -9.20730592e-03   -1.77987538e-01
4038     1.33452170e-08    4.48821460e+00    9.99835475e+00   -1.14105400e-04   -1.78191477e-01
4039     1.33485504e-08    4.46150842e+00    1.00076903e+01    8.92770171e-03   -1.78096067e-01
4040     1.33518837e-08    4.43192254e+00    1.00136476e+01    1.41168051e-02   -1.77746352e-01
4041     1.33552170e-08    4.41077395e+00    1.00142148e+01    1.37549430e-02   -1.77286208e-01
4042     1.33585504e-08    4.40614262e+00    1.00096671e+01    8.46657333e-03   -1.76889102e-01
4043     1.33618837e-08    4.41978306e+00    1.00017895e+01    2.96798702e-04   -1.76695430e-01
4044     1.33652170e-08    4.44647345e+00    9.99315946e+00   -8.07398502e-03   -1.76774276e-01
4045     1.33685504e-08    4.47602624e+00    9.98673310e+00   -1.37721452e-02   -1.77103490e-01
4046     1.33718837e-08    4.49717015e+00    9.98517104e+00   -1.43952886e-02   -1.77567525e-01
4047     1.33752170e-08    4.50183169e+00    9.98957228e+00   -9.20729100e-03   -1.77987538e-01
4048     1.33785504e-08    4.48821460e+00    9.99835477e+00   -1.14092659e-04   -1.78191477e-01
4049     1.33818837e-08    4.46150842e+00    1.00076904e+01    8.92770590e-03   -1.78096066e-01
4050     1.33852170e-08    4.43192254e+00    1.00136476e+01    1.41167993e-02   -1.77746351e-01
4051     1.33885504e-08    4.41077395e+00    1.00142148e+01    1.37549310e-02   -1.77286208e-01
4052     1.33918837e-08    4.40614262e+00    1.00096671e+01    8.46656036e-03   -1.76889102e-01
4053     1.33952170e-08    4.41978306e+00    1.00017895e+01    2.96788714e-04   -1.76695430e-01
4054     1.33985504e-08    4.44647345e+00    9.99315945e+00   -8.07398946e-03   -1.76774277e-01
4055     1.34018837e-08    4.47602624e+00    9.98673310e+00   -1.37721423e-02   -1.77103491e-01
4056     1.34052170e-08    4.49717014e+00    9.98517105e+00   -1.43952782e-02   -1.77567526e-01
4057     1.34085504e-08    4.50183169e+00    9.98957230e+00   -9.20727607e-03   -1.77987538e-01
4058     1.34118837e-08    4.48821460e+00    9.99835478e+00   -1.14079916e-04   -1.78191477e-01
4059     1.34152170e-08    4.46150842e+00    1.00076904e+01    8.92771009e-03   -1.78096066e-01
4060     1.34185504e-08    4.43192254e+00    1.00136476e+01    1.41167935e-02   -1.77746350e-01
4061     1.34218837e-08    4.41077395e+00    1.00142148e+01    1.37549190e-02   -1.77286207e-01
4062     1.34252170e-08    4.40614261e+00    1.00096671e+01    8.46654739e-03   -1.76889102e-01
4063     1.34285504e-08    4.41978305e+00    1.00017895e+01    2.96778724e-04   -1.76695431e-01
4064     1.34318837e-08    4.44647345e+00    9.99315945e+00   -8.07399390e-03   -1.76774278e-01
4065     1.34352170e-08    4.47602624e+00    9.98673310e+00   -1.37721394e-02   -1.77103491e-01
4066     1.34385504e-08    4.49717014e+00    9.98517106e+00   -1.43952677e-02   -1.77567527e-01
4067     1.34418837e-08    4.50183169e+00    9.98957231e+00   -9.20726115e-03   -1.77987538e-01
4068     1.34452170e-08    4.48821460e+00    9.99835479e+00   -1.14067170e-04   -1.78191476e-01
4069     1.34485504e-08    4.46150842e+00    1.00076904e+01    8.92771427e-03   -1.78096065e-01
4070     1.34518837e-08    4.43192254e+00    1.00136476e+01    1.41167877e-02   -1.77746350e-01
4071     1.34552170e-08    4.41077395e+00    1.00142148e+01    1.37549070e-02   -1.77286207e-01
4072     1.34585504e-08    4.40614261e+00    1.00096671e+01    8.46653441e-03   -1.76889102e-01
4073     1.34618837e-08    4.41978305e+00    1.00017895e+01    2.96768733e-04   -1.76695431e-01
4074     1.34652170e-08    4.44647345e+00    9.99315944e+00   -8.07399834e-03   -1.76774278e-01
4075     1.34685504e-08    4.47602623e+00    9.98673310e+00   -1.37721365e-02   -1.77103492e-01
4076     1.34718837e-08    4.49717014e+00    9.98517107e+00   -1.43952572e-02   -1.77567527e-01
4077     1.34752170e-08    4.50183169e+00    9.98957233e+00   -9.20724622e-03   -1.77987538e-01
4078     1.34785504e-08    4.48821460e+00    9.99835481e+00   -1.14054422e-04   -1.78191476e-01
4079     1.34818837e-08    4.46150842e+00    1.00076904e+01    8.92771846e-03   -1.78096064e-01
4080     1.34852170e-08    4.43192254e+00    1.00136476e+01    1.41167819e-02   -1.77746349e-01
4081     1.34885504e-08    4.41077395e+00    1.00142148e+01    1.37548949e-02   -1.77286207e-01
4082     1.34918837e-08    4.40614261e+00    1.00096671e+01    8.46652143e-03   -1.76889102e-01
4083     1.34952170e-08    4.41978305e+00    1.00017894e+01    2.96758739e-04   -1.76695432e-01
4084     1.34985504e-08    4.44647345e+00    9.99315944e+00   -8.07400278e-03   -1.76774279e-01
4085     1.35018837e-08    4.47602623e+00    9.98673310e+00   -1.37721336e-02   -1.77103493e-01
4086     1.35052170e-08    4.49717014e+00    9.98517108e+00   -1.43952467e-02   -1.77567528e-01
4087     1.35085504e-08    4.50183169e+00    9.98957234e+00   -9.20723128e-03   -1.77987539e-01
4088     1.35118837e-08    4.48821460e+00    9.99835482e+00   -1.14041671e-04   -1.78191476e-01
4089     1.35152170e-08    4.46150842e+00    1.00076904e+01    8.92772265e-03   -1.78096064e-01
4090     1.35185504e-08    4.43192254e+00    1.00136476e+01    1.41167760e-02   -1.77746348e-01
4091     1.35218837e-08    4.41077395e+00    1.00142147e+01    1.37548829e-02   -1.77286206e-01
4092     1.35252170e-08    4.40614261e+00    1.00096671e+01    8.46650845e-03   -1.76889102e-01
4093     1.35285504e-08    4.41978305e+00    1.00017894e+01    2.96748743e-04   -1.76695432e-01
4094     1.35318837e-08    4.44647345e+00    9.99315943e+00   -8.07400722e-03   -1.76774280e-01
4095     1.35352170e-08    4.47602623e+00    9.98673310e+00   -1.37721307e-02   -1.77103494e-01
4096     1.35385504e-08    4.49717014e+00    9.98517108e+00   -1.43952362e-02   -1.77567528e-01
4097     1.35418837e-08    4.50183168e+00    9.98957236e+00   -9.20721635e-03   -1.77987539e-01
4098     1.35452170e-08    4.48821460e+00    9.99835484e+00   -1.14028918e-04   -1.78191476e-01
4099     1.35485504e-08    4.46150842e+00    1.00076904e+01    8.92772684e-03   -1.78096063e-01
4100     1.35518837e-08    4.43192254e+00    1.00136476e+01    1.41167702e-02   -1.77746348e-01
4101     1.35552170e-08    4.41077395e+00    1.00142147e+01    1.37548709e-02   -1.77286206e-01
4102     1.35585504e-08    4.40614261e+00    1.00096671e+01    8.46649547e-03   -1.76889102e-01
4103     1.35618837e-08    4.41978305e+00    1.00017894e+01    2.96738746e-04   -1.76695433e-01
4104     1.35652170e-08    4.44647344e+00    9.99315943e+00   -8.07401166e-03   -1.76774280e-01
4105     1.35685504e-08    4.47602623e+00    9.98673310e+00   -1.37721278e-02   -1.77103494e-01
4106     1.35718837e-08    4.49717014e+00    9.98517109e+00   -1.43952258e-02   -1.77567529e-01
4107     1.35752170e-08    4.50183168e+00    9.98957237e+00   -9.20720141e-03   -1.77987539e-01
4108     1.35785504e-08    4.48821460e+00    9.99835485e+00   -1.14016162e-04   -1.78191475e-01
4109     1.35818837e-08    4.46150842e+00    1.00076904e+01    8.92773103e-03   -1.78096063e-01
4110     1.35852170e-08    4.43192255e+00    1.00136476e+01    1.41167644e-02   -1.77746347e-01
4111     1.35885504e-08    4.41077395e+00    1.00142147e+01    1.37548589e-02   -1.77286205e-01
4112     1.35918837e-08    4.40614261e+00    1.00096671e+01    8.46648248e-03   -1.76889102e-01
4113     1.35952170e-08    4.41978305e+00    1.00017894e+01    2.96728746e-04   -1.76695433e-01
4114     1.35985504e-08    4.44647344e+00    9.99315942e+00   -8.07401610e-03   -1.76774281e-01
4115     1.36018837e-08    4.47602623e+00    9.98673311e+00   -1.37721249e-02   -1.77103495e-01
4116     1.36052170e-08    4.49717014e+00    9.98517110e+00   -1.43952153e-02   -1.77567530e-01
4117     1.36085504e-08    4.50183168e+00    9.98957239e+00   -9.20718647e-03   -1.77987539e-01
4118     1.36118837e-08    4.48821460e+00    9.99835486e+00   -1.14003404e-04   -1.78191475e-01
4119     1.36152170e-08    4.46150842e+00    1.00076904e+01    8.92773522e-03   -1.78096062e-01
4120     1.36185504e-08    4.43192255e+00    1.00136476e+01    1.41167586e-02   -1.77746347e-01
4121     1.36218837e-08    4.41077395e+00    1.00142147e+01    1.37548468e-02   -1.77286205e-01
4122     1.36252170e-08    4.40614261e+00    1.00096670e+01    8.46646949e-03   -1.76889102e-01
4123     1.36285504e-08    4.41978305e+00    1.00017894e+01    2.96718745e-04   -1.76695433e-01
4124     1.36318837e-08    4.44647344e+00    9.99315941e+00   -8.07402055e-03   -1.76774282e-01
4125     1.36352170e-08    4.47602623e+00    9.98673311e+00   -1.37721220e-02   -1.77103496e-01
4126     1.36385504e-08    4.49717014e+00    9.98517111e+00   -1.43952048e-02   -1.77567530e-01
4127     1.36418837e-08    4.50183168e+00    9.98957240e+00   -9.20717152e-03   -1.77987539e-01
4128     1.36452170e-08    4.48821460e+00    9.99835488e+00   -1.13990643e-04   -1.78191475e-01
4129     1.36485504e-08    4.46150842e+00    1.00076904e+01    8.92773942e-03   -1.78096061e-01
4130     1.36518837e-08    4.43192255e+00    1.00136476e+01    1.41167528e-02   -1.77746346e-01
4131     1.36552170e-08    4.41077395e+00    1.00142147e+01    1.37548348e-02   -1.77286205e-01
4132     1.36585504e-08    4.40614261e+00    1.00096670e+01    8.46645650e-03   -1.76889102e-01
4133     1.36618837e-08    4.41978305e+00    1.00017894e+01    2.96708741e-04   -1.76695434e-01
4134     1.36652170e-08    4.44647344e+00    9.99315941e+00   -8.07402499e-03   -1.76774283e-01
4135     1.36685504e-08    4.47602622e+00    9.98673311e+00   -1.37721191e-02   -1.77103497e-01
4136     1.36718837e-08    4.49717013e+00    9.98517112e+00   -1.43951943e-02   -1.77567531e-01
4137     1.36752170e-08    4.50183168e+00    9.98957242e+00   -9.20715658e-03   -1.77987539e-01
4138     1.36785504e-08    4.48821460e+00    9.99835489e+00   -1.13977880e-04   -1.78191474e-01
4139     1.36818837e-08    4.46150842e+00    1.00076904e+01    8.92774361e-03   -1.78096061e-01
4140     1.36852170e-08    4.43192255e+00    1.00136476e+01    1.41167470e-02   -1.77746345e-01
4141     1.36885504e-08    4.41077395e+00    1.00142147e+01    1.37548228e-02   -1.77286204e-01
4142     1.36918837e-08    4.40614261e+00    1.00096670e+01    8.46644350e-03   -1.76889102e-01
4143     1.36952170e-08    4.41978305e+00    1.00017894e+01    2.96698735e-04   -1.76695434e-01
4144     1.36985504e-08    4.44647344e+00    9.99315940e+00   -8.07402944e-03   -1.76774283e-01
4145     1.37018837e-08    4.47602622e+00    9.98673311e+00   -1.37721162e-02   -1.77103498e-01
4146     1.37052170e-08    4.49717013e+00    9.98517113e+00   -1.43951838e-02   -1.77567531e-01
4147     1.37085504e-08    4.50183168e+00    9.98957243e+00   -9.20714163e-03   -1.77987540e-01
4148     1.37118837e-08    4.48821460e+00    9.99835490e+00   -1.13965114e-04   -1.78191474e-01
4149     1.37152170e-08    4.46150842e+00    1.00076904e+01    8.92774780e-03   -1.78096060e-01
4150     1.37185504e-08    4.43192255e+00    1.00136476e+01    1.41167412e-02   -1.77746345e-01
4151     1.37218837e-08    4.41077395e+00    1.00142147e+01    1.37548107e-02   -1.77286204e-01
4152     1.37252170e-08    4.40614261e+00    1.00096670e+01    8.46643051e-03   -1.76889102e-01
4153     1.37285504e-08    4.41978305e+00    1.00017894e+01    2.96688728e-04   -1.76695435e-01
4154     1.37318837e-08    4.44647344e+00    9.99315940e+00   -8.07403389e-03   -1.76774284e-01
4155     1.37352170e-08    4.47602622e+00    9.98673311e+00   -1.37721133e-02   -1.77103498e-01
4156     1.37385504e-08    4.49717013e+00    9.98517114e+00   -1.43951733e-02   -1.77567532e-01
4157     1.37418837e-08    4.50183168e+00    9.98957245e+00   -9.20712667e-03   -1.77987540e-01
4158     1.37452170e-08    4.48821460e+00    9.99835492e+00   -1.13952345e-04   -1.78191474e-01
4159     1.37485504e-08    4.46150842e+00    1.00076904e+01    8.92775200e-03   -1.78096060e-01
4160     1.37518837e-08    4.43192255e+00    1.00136475e+01    1.41167354e-02   -1.77746344e-01
4161     1.37552170e-08    4.41077395e+00    1.00142147e+01    1.37547987e-02   -1.77286204e-01
4162     1.37585504e-08    4.40614261e+00    1.00096670e+01    8.46641751e-03   -1.76889102e-01
4163     1.37618837e-08    4.41978304e+00    1.00017894e+01    2.96678718e-04   -1.76695435e-01
4164     1.37652170e-08    4.44647344e+00    9.99315939e+00   -8.07403834e-03   -1.76774285e-01
4165     1.37685504e-08    4.47602622e+00    9.98673311e+00   -1.37721104e-02   -1.77103499e-01
4166     1.37718837e-08    4.49717013e+00    9.98517115e+00   -1.43951628e-02   -1.77567533e-01
4167     1.37752170e-08    4.50183168e+00    9.98957246e+00   -9.20711172e-03   -1.77987540e-01
4168     1.37785504e-08    4.48821459e+00    9.99835493e+00   -1.13939574e-04   -1.78191474e-01
4169     1.37818837e-08    4.46150842e+00    1.00076904e+01    8.92775620e-03   -1.78096059e-01
4170     1.37852170e-08    4.43192255e+00    1.00136475e+01    1.41167295e-02   -1.77746343e-01
4171     1.37885504e-08    4.41077395e+00    1.00142147e+01    1.37547866e-02   -1.77286203e-01
4172     1.37918837e-08    4.40614261e+00    1.00096670e+01    8.46640450e-03   -1.76889102e-01
4173     1.37952170e-08    4.41978304e+00    1.00017893e+01    2.96668707e-04   -1.76695436e-01
4174     1.37985504e-08    4.44647343e+00    9.99315938e+00   -8.07404278e-03   -1.76774285e-01
4175     1.38018837e-08    4.47602622e+00    9.98673312e+00   -1.37721075e-02   -1.77103500e-01
4176     1.38052170e-08    4.49717013e+00    9.98517116e+00   -1.43951523e-02   -1.77567533e-01
4177     1.38085504e-08    4.50183168e+00    9.98957248e+00   -9.20709676e-03   -1.77987540e-01
4178     1.38118837e-08    4.48821459e+00    9.99835494e+00   -1.13926801e-04   -1.78191473e-01
4179     1.38152170e-08    4.46150842e+00    1.00076904e+01    8.92776039e-03   -1.78096058e-01
4180     1.38185504e-08    4.43192255e+00    1.00136475e+01    1.41167237e-02   -1.77746343e-01
4181     1.38218837e-08    4.41077395e+00    1.00142146e+01    1.37547746e-02   -1.77286203e-01
4182     1.38252170e-08    4.40614261e+00    1.00096670e+01    8.46639150e-03   -1.76889102e-01
4183     1.38285504e-08    4.41978304e+00    1.00017893e+01    2.96658693e-04   -1.76695436e-01
4184     1.38318837e-08    4.44647343e+00    9.99315938e+00   -8.07404723e-03   -1.76774286e-01
4185     1.38352170e-08    4.47602622e+00    9.98673312e+00   -1.37721046e-02   -1.77103501e-01
4186     1.38385504e-08    4.49717013e+00    9.98517117e+00   -1.43951418e-02   -1.77567534e-01
4187     1.38418837e-08    4.50183168e+00    9.98957249e+00   -9.20708179e-03   -1.77987540e-01
4188     1.38452170e-08    4.48821459e+00    9.99835496e+00   -1.13914025e-04   -1.78191473e-01
4189     1.38485504e-08    4.46150842e+00    1.00076904e+01    8.92776459e-03   -1.78096058e-01
4190     1.38518837e-08    4.43192255e+00    1.00136475e+01    1.41167179e-02   -1.77746342e-01
4191     1.38552170e-08    4.41077395e+00    1.00142146e+01    1.37547625e-02   -1.77286202e-01
4192     1.38585504e-08    4.40614261e+00    1.00096669e+01    8.46637849e-03   -1.76889102e-01
4193     1.38618837e-08    4.41978304e+00    1.00017893e+01    2.96648678e-04   -1.76695436e-01
4194     1.38652170e-08    4.44647343e+00    9.99315937e+00   -8.07405168e-03   -1.76774287e-01
4195     1.38685504e-08    4.47602622e+00    9.98673312e+00   -1.37721017e-02   -1.77103501e-01
4196     1.38718837e-08    4.49717013e+00    9.98517118e+00   -1.43951313e-02   -1.77567534e-01
4197     1.38752170e-08    4.50183168e+00    9.98957251e+00   -9.20706683e-03   -1.77987541e-01
4198     1.38785504e-08    4.48821459e+00    9.99835497e+00   -1.13901246e-04   -1.78191473e-01
4199     1.38818837e-08    4.46150843e+00    1.00076904e+01    8.92776879e-03   -1.78096057e-01
4200     1.38852170e-08    4.43192255e+00    1.00136475e+01    1.41167121e-02   -1.77746341e-01
4201     1.38885504e-08    4.41077395e+00    1.00142146e+01    1.37547505e-02   -1.77286202e-01
4202     1.38918837e-08    4.40614261e+00    1.00096669e+01    8.46636548e-03   -1.76889102e-01
4203     1.38952170e-08    4.41978304e+00    1.00017893e+01    2.96638660e-04   -1.76695437e-01
4204     1.38985504e-08    4.44647343e+00    9.99315937e+00   -8.07405614e-03   -1.76774288e-01
4205     1.39018837e-08    4.47602621e+00    9.98673312e+00   -1.37720988e-02   -1.77103502e-01
4206     1.39052170e-08    4.49717013e+00    9.98517119e+00   -1.43951208e-02   -1.77567535e-01
4207     1.39085504e-08    4.50183168e+00    9.98957252e+00   -9.20705186e-03   -1.77987541e-01
4208     1.39118837e-08    4.48821459e+00    9.99835499e+00   -1.13888465e-04   -1.78191472e-01
4209     1.39152170e-08    4.46150843e+00    1.00076904e+01    8.92777299e-03   -1.78096056e-01
4210     1.39185504e-08    4.43192255e+00    1.00136475e+01    1.41167062e-02   -1.77746341e-01
4211     1.39218837e-08    4.41077395e+00    1.00142146e+01    1.37547384e-02   -1.77286202e-01
4212     1.39252170e-08    4.40614261e+00    1.00096669e+01    8.46635247e-03   -1.76889102e-01
4213     1.39285504e-08    4.41978304e+00    1.00017893e+01    2.96628641e-04   -1.76695437e-01
4214     1.39318837e-08    4.44647343e+00    9.99315936e+00   -8.07406059e-03   -1.76774288e-01
4215     1.39352170e-08    4.47602621e+00    9.98673312e+00   -1.37720959e-02   -1.77103503e-01
4216     1.39385504e-08    4.49717012e+00    9.98517120e+00   -1.43951103e-02   -1.77567536e-01
4217     1.39418837e-08    4.50183168e+00    9.98957254e+00   -9.20703689e-03   -1.77987541e-01
4218     1.39452170e-08    4.48821459e+00    9.99835500e+00   -1.13875682e-04   -1.78191472e-01
4219     1.39485504e-08    4.46150843e+00    1.00076904e+01    8.92777719e-03   -1.78096056e-01
4220     1.39518837e-08    4.43192255e+00    1.00136475e+01    1.41167004e-02   -1.77746340e-01
4221     1.39552170e-08    4.41077395e+00    1.00142146e+01    1.37547264e-02   -1.77286201e-01
4222     1.39585504e-08    4.40614261e+00    1.00096669e+01    8.46633945e-03   -1.76889103e-01
4223     1.39618837e-08    4.41978304e+00    1.00017893e+01    2.96618619e-04   -1.76695438e-01
4224     1.39652170e-08    4.44647343e+00    9.99315936e+00   -8.07406504e-03   -1.76774289e-01
4225     1.39685504e-08    4.47602621e+00    9.98673312e+00   -1.37720930e-02   -1.77103504e-01
4226     1.39718837e-08    4.49717012e+00    9.98517121e+00   -1.43950998e-02   -1.77567536e-01
4227     1.39752170e-08    4.50183168e+00    9.98957255e+00   -9.20702191e-03   -1.77987541e-01
4228     1.39785504e-08    4.48821459e+00    9.99835501e+00   -1.13862895e-04   -1.78191472e-01
4229     1.39818837e-08    4.46150843e+00    1.00076905e+01    8.92778139e-03   -1.78096055e-01
4230     1.39852170e-08    4.43192255e+00    1.00136475e+01    1.41166946e-02   -1.77746340e-01
4231     1.39885504e-08    4.41077395e+00    1.00142146e+01    1.37547143e-02   -1.77286201e-01
4232     1.39918837e-08    4.40614261e+00    1.00096669e+01    8.46632643e-03   -1.76889103e-01
4233     1.39952170e-08    4.41978304e+00    1.00017893e+01    2.96608596e-04   -1.76695438e-01
4234     1.39985504e-08    4.44647343e+00    9.99315935e+00   -8.07406950e-03   -1.76774290e-01
4235     1.40018837e-08    4.47602621e+00    9.98673312e+00   -1.37720900e-02   -1.77103505e-01
4236     1.40052170e-08    4.49717012e+00    9.98517122e+00   -1.43950893e-02   -1.77567537e-01
4237     1.40085504e-08    4.50183167e+00    9.98957257e+00   -9.20700694e-03   -1.77987541e-01
4238     1.40118837e-08    4.48821459e+00    9.99835503e+00   -1.13850107e-04   -1.78191472e-01
4239     1.40152170e-08    4.46150843e+00    1.00076905e+01    8.92778559e-03   -1.78096055e-01
4240     1.40185504e-08    4.43192255e+00    1.00136475e+01    1.41166888e-02   -1.77746339e-01
4241     1.40218837e-08    4.41077395e+00    1.00142146e+01    1.37547022e-02   -1.77286201e-01
4242     1.40252170e-08    4.40614261e+00    1.00096669e+01    8.46631341e-03   -1.76889103e-01
4243     1.40285504e-08    4.41978304e+00    1.00017893e+01    2.96598570e-04   -1.76695439e-01
4244     1.40318837e-08    4.44647342e+00    9.99315934e+00   -8.07407395e-03   -1.76774290e-01
4245     1.40352170e-08    4.47602621e+00    9.98673313e+00   -1.37720871e-02   -1.77103505e-01
4246     1.40385504e-08    4.49717012e+00    9.98517123e+00   -1.43950788e-02   -1.77567537e-01
4247     1.40418837e-08    4.50183167e+00    9.98957258e+00   -9.20699196e-03   -1.77987542e-01
4248     1.40452170e-08    4.48821459e+00    9.99835504e+00   -1.13837316e-04   -1.78191471e-01
4249     1.40485504e-08    4.46150843e+00    1.00076905e+01    8.92778979e-03   -1.78096054e-01
4250     1.40518837e-08    4.43192255e+00    1.00136475e+01    1.41166829e-02   -1.77746338e-01
4251     1.40552170e-08    4.41077395e+00    1.00142146e+01    1.37546902e-02   -1.77286200e-01
4252     1.40585504e-08    4.40614261e+00    1.00096669e+01    8.46630039e-03   -1.76889103e-01
4253     1.40618837e-08    4.41978304e+00    1.00017893e+01    2.96588543e-04   -1.76695439e-01
4254     1.40652170e-08    4.44647342e+00    9.99315934e+00   -8.07407841e-03   -1.76774291e-01
4255     1.40685504e-08    4.47602621e+00    9.98673313e+00   -1.37720842e-02   -1.77103506e-01
4256     1.40718837e-08    4.49717012e+00    9.98517124e+00   -1.43950682e-02   -1.77567538e-01
4257     1.40752170e-08    4.50183167e+00    9.98957259e+00   -9.20697697e-03   -1.77987542e-01
4258     1.40785504e-08    4.48821459e+00    9.99835505e+00   -1.13824522e-04   -1.78191471e-01
4259     1.40818837e-08    4.46150843e+00    1.00076905e+01    8.92779399e-03   -1.78096053e-01
4260     1.40852170e-08    4.43192255e+00    1.00136475e+01    1.41166771e-02   -1.77746338e-01
4261     1.40885504e-08    4.41077395e+00    1.00142145e+01    1.37546781e-02   -1.77286200e-01
4262     1.40918837e-08    4.40614261e+00    1.00096669e+01    8.46628736e-03   -1.76889103e-01
4263     1.40952170e-08    4.41978303e+00    1.00017892e+01    2.96578514e-04   -1.76695440e-01
4264     1.40985504e-08    4.44647342e+00    9.99315933e+00   -8.07408286e-03   -1.76774292e-01
4265     1.41018837e-08    4.47602621e+00    9.98673313e+00   -1.37720813e-02   -1.77103507e-01
4266     1.41052170e-08    4.49717012e+00    9.98517125e+00   -1.43950577e-02   -1.77567538e-01
4267     1.41085504e-08    4.50183167e+00    9.98957261e+00   -9.20696199e-03   -1.77987542e-01
4268     1.41118837e-08    4.48821459e+00    9.99835507e+00   -1.13811726e-04   -1.78191471e-01
4269     1.41152170e-08    4.46150843e+00    1.00076905e+01    8.92779820e-03   -1.78096053e-01
4270     1.41185504e-08    4.43192255e+00    1.00136475e+01    1.41166713e-02   -1.77746337e-01
4271     1.41218837e-08    4.41077395e+00    1.00142145e+01    1.37546660e-02   -1.77286199e-01
4272     1.41252170e-08    4.40614261e+00    1.00096668e+01    8.46627434e-03   -1.76889103e-01
4273     1.41285504e-08    4.41978303e+00    1.00017892e+01    2.96568482e-04   -1.76695440e-01
4274     1.41318837e-08    4.44647342e+00    9.99315933e+00   -8.07408732e-03   -1.76774293e-01
4275     1.41352170e-08    4.47602620e+00    9.98673313e+00   -1.37720784e-02   -1.77103508e-01
4276     1.41385504e-08    4.49717012e+00    9.98517126e+00   -1.43950472e-02   -1.77567539e-01
4277     1.41418837e-08    4.50183167e+00    9.98957262e+00   -9.20694700e-03   -1.77987542e-01
4278     1.41452170e-08    4.48821459e+00    9.99835508e+00   -1.13798927e-04   -1.78191470e-01
4279     1.41485504e-08    4.46150843e+00    1.00076905e+01    8.92780240e-03   -1.78096052e-01
4280     1.41518837e-08    4.43192255e+00    1.00136475e+01    1.41166655e-02   -1.77746336e-01
4281     1.41552170e-08    4.41077395e+00    1.00142145e+01    1.37546540e-02   -1.77286199e-01
4282     1.41585504e-08    4.40614261e+00    1.00096668e+01    8.46626130e-03   -1.76889103e-01
4283     1.41618837e-08    4.41978303e+00    1.00017892e+01    2.96558449e-04   -1.76695440e-01
4284     1.41652170e-08    4.44647342e+00    9.99315932e+00   -8.07409178e-03   -1.76774293e-01
4285     1.41685504e-08    4.47602620e+00    9.98673313e+00   -1.37720755e-02   -1.77103508e-01
4286     1.41718837e-08    4.49717012e+00    9.98517127e+00   -1.43950367e-02   -1.77567540e-01
4287     1.41752170e-08    4.50183167e+00    9.98957264e+00   -9.20693200e-03   -1.77987542e-01
4288     1.41785504e-08    4.48821459e+00    9.99835510e+00   -1.13786126e-04   -1.78191470e-01
4289     1.41818837e-08    4.46150843e+00    1.00076905e+01    8.92780661e-03   -1.78096052e-01
4290     1.41852170e-08    4.43192255e+00    1.00136475e+01    1.41166596e-02   -1.77746336e-01
4291     1.41885504e-08    4.41077395e+00    1.00142145e+01    1.37546419e-02   -1.77286199e-01
4292     1.41918837e-08    4.40614260e+00    1.00096668e+01    8.46624827e-03   -1.76889103e-01
4293     1.41952170e-08    4.41978303e+00    1.00017892e+01    2.96548414e-04   -1.76695441e-01
4294     1.41985504e-08    4.44647342e+00    9.99315932e+00   -8.07409624e-03   -1.76774294e-01
4295     1.42018837e-08    4.47602620e+00    9.98673313e+00   -1.37720726e-02   -1.77103509e-01
4296     1.42052170e-08    4.49717011e+00    9.98517128e+00   -1.43950262e-02   -1.77567540e-01
4297     1.42085504e-08    4.50183167e+00    9.98957265e+00   -9.20691701e-03   -1.77987542e-01
4298     1.42118837e-08    4.48821459e+00    9.99835511e+00   -1.13773322e-04   -1.78191470e-01
4299     1.42152170e-08    4.46150843e+00    1.00076905e+01    8.92781081e-03   -1.78096051e-01
4300     1.42185504e-08    4.43192255e+00    1.00136475e+01    1.41166538e-02   -1.77746335e-01
4301     1.42218837e-08    4.41077395e+00    1.00142145e+01    1.37546298e-02   -1.77286198e-01
4302     1.42252170e-08    4.40614260e+00    1.00096668e+01    8.46623524e-03   -1.76889103e-01
4303     1.42285504e-08    4.41978303e+00    1.00017892e+01    2.96538376e-04   -1.76695441e-01
4304     1.42318837e-08    4.44647342e+00    9.99315931e+00   -8.07410070e-03   -1.76774295e-01
4305     1.42352170e-08    4.47602620e+00    9.98673314e+00   -1.37720697e-02   -1.77103510e-01
4306     1.42385504e-08    4.49717011e+00    9.98517129e+00   -1.43950156e-02   -1.77567541e-01
4307     1.42418837e-08    4.50183167e+00    9.98957267e+00   -9.20690201e-03   -1.77987543e-01
4308     1.42452170e-08    4.48821459e+00    9.99835512e+00   -1.13760516e-04   -1.78191469e-01
4309     1.42485504e-08    4.46150843e+00    1.00076905e+01    8.92781502e-03   -1.78096050e-01
4310     1.42518837e-08    4.43192255e+00    1.00136475e+01    1.41166480e-02   -1.77746335e-01
4311     1.42552170e-08    4.41077395e+00    1.00142145e+01    1.37546177e-02   -1.77286198e-01
4312     1.42585504e-08    4.40614260e+00    1.00096668e+01    8.46622220e-03   -1.76889103e-01
4313     1.42618837e-08    4.41978303e+00    1.00017892e+01    2.96528337e-04   -1.76695442e-01
4314     1.42652170e-08    4.44647341e+00    9.99315930e+00   -8.07410516e-03   -1.76774295e-01
4315     1.42685504e-08    4.47602620e+00    9.98673314e+00   -1.37720668e-02   -1.77103511e-01
4316     1.42718837e-08    4.49717011e+00    9.98517130e+00   -1.43950051e-02   -1.77567541e-01
4317     1.42752170e-08    4.50183167e+00    9.98957268e+00   -9.20688701e-03   -1.77987543e-01
4318     1.42785504e-08    4.48821459e+00    9.99835514e+00   -1.13747707e-04   -1.78191469e-01
4319     1.42818837e-08    4.46150843e+00    1.00076905e+01    8.92781923e-03   -1.78096050e-01
4320     1.42852170e-08    4.43192256e+00    1.00136475e+01    1.41166421e-02   -1.77746334e-01
4321     1.42885504e-08    4.41077395e+00    1.00142145e+01    1.37546057e-02   -1.77286198e-01
4322     1.42918837e-08    4.40614260e+00    1.00096668e+01    8.46620916e-03   -1.76889103e-01
4323     1.42952170e-08    4.41978303e+00    1.00017892e+01    2.96518296e-04   -1.76695442e-01
4324     1.42985504e-08    4.44647341e+00    9.99315930e+00   -8.07410962e-03   -1.76774296e-01
4325     1.43018837e-08    4.47602620e+00    9.98673314e+00   -1.37720639e-02   -1.77103512e-01
4326     1.43052170e-08    4.49717011e+00    9.98517131e+00   -1.43949946e-02   -1.77567542e-01
4327     1.43085504e-08    4.50183167e+00    9.98957270e+00   -9.20687200e-03   -1.77987543e-01
4328     1.43118837e-08    4.48821459e+00    9.99835515e+00   -1.13734896e-04   -1.78191469e-01
4329     1.43152170e-08    4.46150843e+00    1.00076905e+01    8.92782344e-03   -1.78096049e-01
4330     1.43185504e-08    4.43192256e+00    1.00136475e+01    1.41166363e-02   -1.77746333e-01
4331     1.43218837e-08    4.41077395e+00    1.00142145e+01    1.37545936e-02   -1.77286197e-01
4332     1.43252170e-08    4.40614260e+00    1.00096668e+01    8.46619611e-03   -1.76889103e-01
4333     1.43285504e-08    4.41978303e+00    1.00017892e+01    2.96508253e-04   -1.76695443e-01
4334     1.43318837e-08    4.44647341e+00    9.99315929e+00   -8.07411408e-03   -1.76774297e-01
4335     1.43352170e-08    4.47602619e+00    9.98673314e+00   -1.37720609e-02   -1.77103512e-01
4336     1.43385504e-08    4.49717011e+00    9.98517132e+00   -1.43949840e-02   -1.77567543e-01
4337     1.43418837e-08    4.50183167e+00    9.98957271e+00   -9.20685700e-03   -1.77987543e-01
4338     1.43452170e-08    4.48821459e+00    9.99835516e+00   -1.13722082e-04   -1.78191469e-01
4339     1.43485504e-08    4.46150843e+00    1.00076905e+01    8.92782765e-03   -1.78096049e-01
4340     1.43518837e-08    4.43192256e+00    1.00136475e+01    1.41166304e-02   -1.77746333e-01
4341     1.43552170e-08    4.41077395e+00    1.00142145e+01    1.37545815e-02   -1.77286197e-01
4342     1.43585504e-08    4.40614260e+00    1.00096668e+01    8.46618306e-03   -1.76889103e-01
4343     1.43618837e-08    4.41978303e+00    1.00017892e+01    2.96498207e-04   -1.76695443e-01
4344     1.43652170e-08    4.44647341e+00    9.99315929e+00   -8.07411855e-03   -1.76774298e-01
4345     1.43685504e-08    4.47602619e+00    9.98673314e+00   -1.37720580e-02   -1.77103513e-01
4346     1.43718837e-08    4.49717011e+00    9.98517133e+00   -1.43949735e-02   -1.77567543e-01
4347     1.43752170e-08    4.50183167e+00    9.98957273e+00   -9.20684199e-03   -1.77987543e-01
4348     1.43785504e-08    4.48821459e+00    9.99835518e+00   -1.13709266e-04   -1.78191468e-01
4349     1.43818837e-08    4.46150843e+00    1.00076905e+01    8.92783186e-03   -1.78096048e-01
4350     1.43852170e-08    4.43192256e+00    1.00136475e+01    1.41166246e-02   -1.77746332e-01
4351     1.43885504e-08    4.41077395e+00    1.00142144e+01    1.37545694e-02   -1.77286196e-01
4352     1.43918837e-08    4.40614260e+00    1.00096667e+01    8.46617002e-03   -1.76889103e-01
4353     1.43952170e-08    4.41978303e+00    1.00017891e+01    2.96488160e-04   -1.76695443e-01
4354     1.43985504e-08    4.44647341e+00    9.99315928e+00   -8.07412301e-03   -1.76774298e-01
4355     1.44018837e-08    4.47602619e+00    9.98673314e+00   -1.37720551e-02   -1.77103514e-01
4356     1.44052170e-08    4.49717011e+00    9.98517133e+00   -1.43949630e-02   -1.77567544e-01
4357     1.44085504e-08    4.50183167e+00    9.98957274e+00   -9.20682697e-03   -1.77987544e-01
4358     1.44118837e-08    4.48821459e+00    9.99835519e+00   -1.13696447e-04   -1.78191468e-01
4359     1.44152170e-08    4.46150843e+00    1.00076905e+01    8.92783607e-03   -1.78096047e-01
4360     1.44185504e-08    4.43192256e+00    1.00136475e+01    1.41166188e-02   -1.77746331e-01
4361     1.44218837e-08    4.41077395e+00    1.00142144e+01    1.37545573e-02   -1.77286196e-01
4362     1.44252170e-08    4.40614260e+00    1.00096667e+01    8.46615696e-03   -1.76889103e-01
4363     1.44285504e-08    4.41978302e+00    1.00017891e+01    2.96478111e-04   -1.76695444e-01
4364     1.44318837e-08    4.44647341e+00    9.99315928e+00   -8.07412748e-03   -1.76774299e-01
4365     1.44352170e-08    4.47602619e+00    9.98673314e+00   -1.37720522e-02   -1.77103515e-01
4366     1.44385504e-08    4.49717011e+00    9.98517134e+00   -1.43949524e-02   -1.77567544e-01
4367     1.44418837e-08    4.50183167e+00    9.98957276e+00   -9.20681196e-03   -1.77987544e-01
4368     1.44452170e-08    4.48821459e+00    9.99835520e+00   -1.13683626e-04   -1.78191468e-01
4369     1.44485504e-08    4.46150843e+00    1.00076905e+01    8.92784028e-03   -1.78096047e-01
4370     1.44518837e-08    4.43192256e+00    1.00136475e+01    1.41166129e-02   -1.77746331e-01
4371     1.44552170e-08    4.41077395e+00    1.00142144e+01    1.37545452e-02   -1.77286196e-01
4372     1.44585504e-08    4.40614260e+00    1.00096667e+01    8.46614391e-03   -1.76889103e-01
4373     1.44618837e-08    4.41978302e+00    1.00017891e+01    2.96468060e-04   -1.76695444e-01
4374     1.44652170e-08    4.44647341e+00    9.99315927e+00   -8.07413194e-03   -1.76774300e-01
4375     1.44685504e-08    4.47602619e+00    9.98673315e+00   -1.37720493e-02   -1.77103515e-01
4376     1.44718837e-08    4.49717010e+00    9.98517135e+00   -1.43949419e-02   -1.77567545e-01
4377     1.44752170e-08    4.50183166e+00    9.98957277e+00   -9.20679694e-03   -1.77987544e-01
4378     1.44785504e-08    4.48821459e+00    9.99835522e+00   -1.13670802e-04   -1.78191467e-01
4379     1.44818837e-08    4.46150843e+00    1.00076905e+01    8.92784449e-03   -1.78096046e-01
4380     1.44852170e-08    4.43192256e+00    1.00136475e+01    1.41166071e-02   -1.77746330e-01
4381     1.44885504e-08    4.41077395e+00    1.00142144e+01    1.37545331e-02   -1.77286195e-01
4382     1.44918837e-08    4.40614260e+00    1.00096667e+01    8.46613085e-03   -1.76889103e-01
4383     1.44952170e-08    4.41978302e+00    1.00017891e+01    2.96458007e-04   -1.76695445e-01
4384     1.44985504e-08    4.44647340e+00    9.99315926e+00   -8.07413641e-03   -1.76774300e-01
4385     1.45018837e-08    4.47602619e+00    9.98673315e+00   -1.37720464e-02   -1.77103516e-01
4386     1.45052170e-08    4.49717010e+00    9.98517136e+00   -1.43949314e-02   -1.77567546e-01
4387     1.45085504e-08    4.50183166e+00    9.98957279e+00   -9.20678192e-03   -1.77987544e-01
4388     1.45118837e-08    4.48821459e+00    9.99835523e+00   -1.13657976e-04   -1.78191467e-01
4389     1.45152170e-08    4.46150843e+00    1.00076905e+01    8.92784871e-03   -1.78096045e-01
4390     1.45185504e-08    4.43192256e+00    1.00136474e+01    1.41166012e-02   -1.77746329e-01
4391     1.45218837e-08    4.41077395e+00    1.00142144e+01    1.37545210e-02   -1.77286195e-01
4392     1.45252170e-08    4.40614260e+00    1.00096667e+01    8.46611779e-03   -1.76889103e-01
4393     1.45285504e-08    4.41978302e+00    1.00017891e+01    2.96447951e-04   -1.76695445e-01
4394     1.45318837e-08    4.44647340e+00    9.99315926e+00   -8.07414088e-03   -1.76774301e-01
4395     1.45352170e-08    4.47602619e+00    9.98673315e+00   -1.37720435e-02   -1.77103517e-01
4396     1.45385504e-08    4.49717010e+00    9.98517137e+00   -1.43949208e-02   -1.77567546e-01
4397     1.45418837e-08    4.50183166e+00    9.98957280e+00   -9.20676689e-03   -1.77987544e-01
4398     1.45452170e-08    4.48821459e+00    9.99835525e+00   -1.13645147e-04   -1.78191467e-01
4399     1.45485504e-08    4.46150843e+00    1.00076906e+01    8.92785292e-03   -1.78096045e-01
4400     1.45518837e-08    4.43192256e+00    1.00136474e+01    1.41165954e-02   -1.77746329e-01
4401     1.45552170e-08    4.41077395e+00    1.00142144e+01    1.37545089e-02   -1.77286195e-01
4402     1.45585504e-08    4.40614260e+00    1.00096667e+01    8.46610473e-03   -1.76889103e-01
4403     1.45618837e-08    4.41978302e+00    1.00017891e+01    2.96437894e-04   -1.76695446e-01
4404     1.45652170e-08    4.44647340e+00    9.99315925e+00   -8.07414534e-03   -1.76774302e-01
4405     1.45685504e-08    4.47602618e+00    9.98673315e+00   -1.37720405e-02   -1.77103518e-01
4406     1.45718837e-08    4.49717010e+00    9.98517138e+00   -1.43949103e-02   -1.77567547e-01
4407     1.45752170e-08    4.50183166e+00    9.98957282e+00   -9.20675186e-03   -1.77987544e-01
4408     1.45785504e-08    4.48821459e+00    9.99835526e+00   -1.13632315e-04   -1.78191467e-01
4409     1.45818837e-08    4.46150843e+00    1.00076906e+01    8.92785713e-03   -1.78096044e-01
4410     1.45852170e-08    4.43192256e+00    1.00136474e+01    1.41165895e-02   -1.77746328e-01
4411     1.45885504e-08    4.41077395e+00    1.00142144e+01    1.37544968e-02   -1.77286194e-01
4412     1.45918837e-08    4.40614260e+00    1.00096667e+01    8.46609167e-03   -1.76889103e-01
4413     1.45952170e-08    4.41978302e+00    1.00017891e+01    2.96427835e-04   -1.76695446e-01
4414     1.45985504e-08    4.44647340e+00    9.99315925e+00   -8.07414981e-03   -1.76774302e-01
4415     1.46018837e-08    4.47602618e+00    9.98673315e+00   -1.37720376e-02   -1.77103519e-01
4416     1.46052170e-08    4.49717010e+00    9.98517139e+00   -1.43948997e-02   -1.77567547e-01
4417     1.46085504e-08    4.50183166e+00    9.98957283e+00   -9.20673683e-03   -1.77987545e-01
4418     1.46118837e-08    4.48821459e+00    9.99835527e+00   -1.13619481e-04   -1.78191466e-01
4419     1.46152170e-08    4.46150843e+00    1.00076906e+01    8.92786135e-03   -1.78096044e-01
4420     1.46185504e-08    4.43192256e+00    1.00136474e+01    1.41165837e-02   -1.77746328e-01
4421     1.46218837e-08    4.41077395e+00    1.00142144e+01    1.37544847e-02   -1.77286194e-01
4422     1.46252170e-08    4.40614260e+00    1.00096666e+01    8.46607860e-03   -1.76889103e-01
4423     1.46285504e-08    4.41978302e+00    1.00017891e+01    2.96417774e-04   -1.76695446e-01
4424     1.46318837e-08    4.44647340e+00    9.99315924e+00   -8.07415428e-03   -1.76774303e-01
4425     1.46352170e-08    4.47602618e+00    9.98673315e+00   -1.37720347e-02   -1.77103519e-01
4426     1.46385504e-08    4.49717010e+00    9.98517140e+00   -1.43948892e-02   -1.77567548e-01
4427     1.46418837e-08    4.50183166e+00    9.98957285e+00   -9.20672180e-03   -1.77987545e-01
4428     1.46452170e-08    4.48821459e+00    9.99835529e+00   -1.13606645e-04   -1.78191466e-01
4429     1.46485504e-08    4.46150843e+00    1.00076906e+01    8.92786557e-03   -1.78096043e-01
4430     1.46518837e-08    4.43192256e+00    1.00136474e+01    1.41165778e-02   -1.77746327e-01
4431     1.46552170e-08    4.41077395e+00    1.00142144e+01    1.37544726e-02   -1.77286194e-01
4432     1.46585504e-08    4.40614260e+00    1.00096666e+01    8.46606553e-03   -1.76889103e-01
4433     1.46618837e-08    4.41978302e+00    1.00017891e+01    2.96407711e-04   -1.76695447e-01
4434     1.46652170e-08    4.44647340e+00    9.99315924e+00   -8.07415876e-03   -1.76774304e-01
4435     1.46685504e-08    4.47602618e+00    9.98673316e+00   -1.37720318e-02   -1.77103520e-01
4436     1.46718837e-08    4.49717010e+00    9.98517141e+00   -1.43948786e-02   -1.77567549e-01
4437     1.46752170e-08    4.50183166e+00    9.98957286e+00   -9.20670676e-03   -1.77987545e-01
4438     1.46785504e-08    4.48821459e+00    9.99835530e+00   -1.13593806e-04   -1.78191466e-01
4439     1.46818837e-08    4.46150843e+00    1.00076906e+01    8.92786978e-03   -1.78096042e-01
4440     1.46852170e-08    4.43192256e+00    1.00136474e+01    1.41165720e-02   -1.77746326e-01
4441     1.46885504e-08    4.41077395e+00    1.00142143e+01    1.37544605e-02   -1.77286193e-01
4442     1.46918837e-08    4.40614260e+00    1.00096666e+01    8.46605246e-03   -1.76889103e-01
4443     1.46952170e-08    4.41978302e+00    1.00017890e+01    2.96397646e-04   -1.76695447e-01
4444     1.46985504e-08    4.44647340e+00    9.99315923e+00   -8.07416323e-03   -1.76774305e-01
4445     1.47018837e-08    4.47602618e+00    9.98673316e+00   -1.37720289e-02   -1.77103521e-01
4446     1.47052170e-08    4.49717010e+00    9.98517142e+00   -1.43948681e-02   -1.77567549e-01
4447     1.47085504e-08    4.50183166e+00    9.98957288e+00   -9.20669172e-03   -1.77987545e-01
4448     1.47118837e-08    4.48821459e+00    9.99835531e+00   -1.13580965e-04   -1.78191465e-01
4449     1.47152170e-08    4.46150844e+00    1.00076906e+01    8.92787400e-03   -1.78096042e-01
4450     1.47185504e-08    4.43192256e+00    1.00136474e+01    1.41165661e-02   -1.77746326e-01
4451     1.47218837e-08    4.41077395e+00    1.00142143e+01    1.37544484e-02   -1.77286193e-01
4452     1.47252170e-08    4.40614260e+00    1.00096666e+01    8.46603938e-03   -1.76889103e-01
4453     1.47285504e-08    4.41978302e+00    1.00017890e+01    2.96387579e-04   -1.76695448e-01
4454     1.47318837e-08    4.44647339e+00    9.99315922e+00   -8.07416770e-03   -1.76774305e-01
4455     1.47352170e-08    4.47602618e+00    9.98673316e+00   -1.37720259e-02   -1.77103522e-01
4456     1.47385504e-08    4.49717009e+00    9.98517143e+00   -1.43948575e-02   -1.77567550e-01
4457     1.47418837e-08    4.50183166e+00    9.98957289e+00   -9.20667668e-03   -1.77987545e-01
4458     1.47452170e-08    4.48821459e+00    9.99835533e+00   -1.13568121e-04   -1.78191465e-01
4459     1.47485504e-08    4.46150844e+00    1.00076906e+01    8.92787822e-03   -1.78096041e-01
4460     1.47518837e-08    4.43192256e+00    1.00136474e+01    1.41165603e-02   -1.77746325e-01
4461     1.47552170e-08    4.41077395e+00    1.00142143e+01    1.37544363e-02   -1.77286192e-01
4462     1.47585504e-08    4.40614260e+00    1.00096666e+01    8.46602631e-03   -1.76889103e-01
4463     1.47618837e-08    4.41978301e+00    1.00017890e+01    2.96377510e-04   -1.76695448e-01
4464     1.47652170e-08    4.44647339e+00    9.99315922e+00   -8.07417217e-03   -1.76774306e-01
4465     1.47685504e-08    4.47602617e+00    9.98673316e+00   -1.37720230e-02   -1.77103523e-01
4466     1.47718837e-08    4.49717009e+00    9.98517144e+00   -1.43948469e-02   -1.77567550e-01
4467     1.47752170e-08    4.50183166e+00    9.98957291e+00   -9.20666163e-03   -1.77987546e-01
4468     1.47785504e-08    4.48821459e+00    9.99835534e+00   -1.13555274e-04   -1.78191465e-01
4469     1.47818837e-08    4.46150844e+00    1.00076906e+01    8.92788244e-03   -1.78096041e-01
4470     1.47852170e-08    4.43192256e+00    1.00136474e+01    1.41165544e-02   -1.77746324e-01
4471     1.47885504e-08    4.41077395e+00    1.00142143e+01    1.37544241e-02   -1.77286192e-01
4472     1.47918837e-08    4.40614260e+00    1.00096666e+01    8.46601323e-03   -1.76889103e-01
4473     1.47952170e-08    4.41978301e+00    1.00017890e+01    2.96367439e-04   -1.76695449e-01
4474     1.47985504e-08    4.44647339e+00    9.99315921e+00   -8.07417665e-03   -1.76774307e-01
4475     1.48018837e-08    4.47602617e+00    9.98673316e+00   -1.37720201e-02   -1.77103523e-01
4476     1.48052170e-08    4.49717009e+00    9.98517145e+00   -1.43948364e-02   -1.77567551e-01
4477     1.48085504e-08    4.50183166e+00    9.98957292e+00   -9.20664658e-03   -1.77987546e-01
4478     1.48118837e-08    4.48821459e+00    9.99835536e+00   -1.13542425e-04   -1.78191465e-01
4479     1.48152170e-08    4.46150844e+00    1.00076906e+01    8.92788666e-03   -1.78096040e-01
4480     1.48185504e-08    4.43192256e+00    1.00136474e+01    1.41165486e-02   -1.77746324e-01
4481     1.48218837e-08    4.41077395e+00    1.00142143e+01    1.37544120e-02   -1.77286192e-01
4482     1.48252170e-08    4.40614260e+00    1.00096666e+01    8.46600014e-03   -1.76889103e-01
4483     1.48285504e-08    4.41978301e+00    1.00017890e+01    2.96357366e-04   -1.76695449e-01
4484     1.48318837e-08    4.44647339e+00    9.99315921e+00   -8.07418113e-03   -1.76774307e-01
4485     1.48352170e-08    4.47602617e+00    9.98673316e+00   -1.37720172e-02   -1.77103524e-01
4486     1.48385504e-08    4.49717009e+00    9.98517146e+00   -1.43948258e-02   -1.77567552e-01
4487     1.48418837e-08    4.50183166e+00    9.98957294e+00   -9.20663153e-03   -1.77987546e-01
4488     1.48452170e-08    4.48821459e+00    9.99835537e+00   -1.13529574e-04   -1.78191464e-01
4489     1.48485504e-08    4.46150844e+00    1.00076906e+01    8.92789088e-03   -1.78096039e-01
4490     1.48518837e-08    4.43192256e+00    1.00136474e+01    1.41165427e-02   -1.77746323e-01
4491     1.48552170e-08    4.41077396e+00    1.00142143e+01    1.37543999e-02   -1.77286191e-01
4492     1.48585504e-08    4.40614260e+00    1.00096666e+01    8.46598706e-03   -1.76889103e-01
4493     1.48618837e-08    4.41978301e+00    1.00017890e+01    2.96347292e-04   -1.76695450e-01
4494     1.48652170e-08    4.44647339e+00    9.99315920e+00   -8.07418560e-03   -1.76774308e-01
4495     1.48685504e-08    4.47602617e+00    9.98673317e+00   -1.37720143e-02   -1.77103525e-01
4496     1.48718837e-08    4.49717009e+00    9.98517147e+00   -1.43948152e-02   -1.77567552e-01
4497     1.48752170e-08    4.50183166e+00    9.98957295e+00   -9.20661648e-03   -1.77987546e-01
4498     1.48785504e-08    4.48821459e+00    9.99835538e+00   -1.13516720e-04   -1.78191464e-01
4499     1.48818837e-08    4.46150844e+00    1.00076906e+01    8.92789511e-03   -1.78096039e-01
4500     1.48852170e-08    4.43192256e+00    1.00136474e+01    1.41165369e-02   -1.77746322e-01
4501     1.48885504e-08    4.41077396e+00    1.00142143e+01    1.37543878e-02   -1.77286191e-01
4502     1.48918837e-08    4.40614260e+00    1.00096665e+01    8.46597397e-03   -1.76889103e-01
4503     1.48952170e-08    4.41978301e+00    1.00017890e+01    2.96337215e-04   -1.76695450e-01
4504     1.48985504e-08    4.44647339e+00    9.99315919e+00   -8.07419008e-03   -1.76774309e-01
4505     1.49018837e-08    4.47602617e+00    9.98673317e+00   -1.37720113e-02   -1.77103526e-01
4506     1.49052170e-08    4.49717009e+00    9.98517148e+00   -1.43948047e-02   -1.77567553e-01
4507     1.49085504e-08    4.50183166e+00    9.98957297e+00   -9.20660142e-03   -1.77987546e-01
4508     1.49118837e-08    4.48821459e+00    9.99835540e+00   -1.13503863e-04   -1.78191464e-01
4509     1.49152170e-08    4.46150844e+00    1.00076906e+01    8.92789933e-03   -1.78096038e-01
4510     1.49185504e-08    4.43192256e+00    1.00136474e+01    1.41165310e-02   -1.77746322e-01
4511     1.49218837e-08    4.41077396e+00    1.00142143e+01    1.37543756e-02   -1.77286191e-01
4512     1.49252170e-08    4.40614260e+00    1.00096665e+01    8.46596088e-03   -1.76889104e-01
4513     1.49285504e-08    4.41978301e+00    1.00017890e+01    2.96327136e-04   -1.76695450e-01
4514     1.49318837e-08    4.44647339e+00    9.99315919e+00   -8.07419456e-03   -1.76774310e-01
4515     1.49352170e-08    4.47602617e+00    9.98673317e+00   -1.37720084e-02   -1.77103526e-01
4516     1.49385504e-08    4.49717009e+00    9.98517149e+00   -1.43947941e-02   -1.77567553e-01
4517     1.49418837e-08    4.50183165e+00    9.98957298e+00   -9.20658636e-03   -1.77987547e-01
4518     1.49452170e-08    4.48821459e+00    9.99835541e+00   -1.13491004e-04   -1.78191463e-01
4519     1.49485504e-08    4.46150844e+00    1.00076906e+01    8.92790355e-03   -1.78096037e-01
4520     1.49518837e-08    4.43192256e+00    1.00136474e+01    1.41165251e-02   -1.77746321e-01
4521     1.49552170e-08    4.41077396e+00    1.00142143e+01    1.37543635e-02   -1.77286190e-01
4522     1.49585504e-08    4.40614259e+00    1.00096665e+01    8.46594779e-03   -1.76889104e-01
4523     1.49618837e-08    4.41978301e+00    1.00017890e+01    2.96317055e-04   -1.76695451e-01
4524     1.49652170e-08    4.44647338e+00    9.99315918e+00   -8.07419904e-03   -1.76774310e-01
4525     1.49685504e-08    4.47602617e+00    9.98673317e+00   -1.37720055e-02   -1.77103527e-01
4526     1.49718837e-08    4.49717009e+00    9.98517150e+00   -1.43947835e-02   -1.77567554e-01
4527     1.49752170e-08    4.50183165e+00    9.98957300e+00   -9.20657129e-03   -1.77987547e-01
4528     1.49785504e-08    4.48821459e+00    9.99835542e+00   -1.13478143e-04   -1.78191463e-01
4529     1.49818837e-08    4.46150844e+00    1.00076906e+01    8.92790778e-03   -1.78096037e-01
4530     1.49852170e-08    4.43192256e+00    1.00136474e+01    1.41165193e-02   -1.77746321e-01
4531     1.49885504e-08    4.41077396e+00    1.00142142e+01    1.37543514e-02   -1.77286190e-01
4532     1.49918837e-08    4.40614259e+00    1.00096665e+01    8.46593469e-03   -1.76889104e-01
4533     1.49952170e-08    4.41978301e+00    1.00017890e+01    2.96306972e-04   -1.76695451e-01
4534     1.49985504e-08    4.44647338e+00    9.99315918e+00   -8.07420352e-03   -1.76774311e-01
4535     1.50018837e-08    4.47602616e+00    9.98673317e+00   -1.37720026e-02   -1.77103528e-01
4536     1.50052170e-08    4.49717008e+00    9.98517151e+00   -1.43947730e-02   -1.77567555e-01
4537     1.50085504e-08    4.50183165e+00    9.98957301e+00   -9.20655623e-03   -1.77987547e-01
4538     1.50118837e-08    4.48821459e+00    9.99835544e+00   -1.13465279e-04   -1.78191463e-01
4539     1.50152170e-08    4.46150844e+00    1.00076906e+01    8.92791200e-03   -1.78096036e-01
4540     1.50185504e-08    4.43192257e+00    1.00136474e+01    1.41165134e-02   -1.77746320e-01
4541     1.50218837e-08    4.41077396e+00    1.00142142e+01    1.37543392e-02   -1.77286189e-01
4542     1.50252170e-08    4.40614259e+00    1.00096665e+01    8.46592159e-03   -1.76889104e-01
4543     1.50285504e-08    4.41978301e+00    1.00017889e+01    2.96296887e-04   -1.76695452e-01
4544     1.50318837e-08    4.44647338e+00    9.99315917e+00   -8.07420800e-03   -1.76774312e-01
4545     1.50352170e-08    4.47602616e+00    9.98673317e+00   -1.37719996e-02   -1.77103529e-01
4546     1.50385504e-08    4.49717008e+00    9.98517152e+00   -1.43947624e-02   -1.77567555e-01
4547     1.50418837e-08    4.50183165e+00    9.98957303e+00   -9.20654116e-03   -1.77987547e-01
4548     1.50452170e-08    4.48821459e+00    9.99835545e+00   -1.13452412e-04   -1.78191462e-01
4549     1.50485504e-08    4.46150844e+00    1.00076906e+01    8.92791623e-03   -1.78096036e-01
4550     1.50518837e-08    4.43192257e+00    1.00136474e+01    1.41165076e-02   -1.77746319e-01
4551     1.50552170e-08    4.41077396e+00    1.00142142e+01    1.37543271e-02   -1.77286189e-01
4552     1.50585504e-08    4.40614259e+00    1.00096665e+01    8.46590849e-03   -1.76889104e-01
4553     1.50618837e-08    4.41978301e+00    1.00017889e+01    2.96286801e-04   -1.76695452e-01
4554     1.50652170e-08    4.44647338e+00    9.99315917e+00   -8.07421248e-03   -1.76774312e-01
4555     1.50685504e-08    4.47602616e+00    9.98673317e+00   -1.37719967e-02   -1.77103530e-01
4556     1.50718837e-08    4.49717008e+00    9.98517153e+00   -1.43947518e-02   -1.77567556e-01
4557     1.50752170e-08    4.50183165e+00    9.98957304e+00   -9.20652609e-03   -1.77987547e-01
4558     1.50785504e-08    4.48821459e+00    9.99835547e+00   -1.13439543e-04   -1.78191462e-01
4559     1.50818837e-08    4.46150844e+00    1.00076906e+01    8.92792046e-03   -1.78096035e-01
4560     1.50852170e-08    4.43192257e+00    1.00136474e+01    1.41165017e-02   -1.77746319e-01
4561     1.50885504e-08    4.41077396e+00    1.00142142e+01    1.37543150e-02   -1.77286189e-01
4562     1.50918837e-08    4.40614259e+00    1.00096665e+01    8.46589539e-03   -1.76889104e-01
4563     1.50952170e-08    4.41978300e+00    1.00017889e+01    2.96276712e-04   -1.76695453e-01
4564     1.50985504e-08    4.44647338e+00    9.99315916e+00   -8.07421696e-03   -1.76774313e-01
4565     1.51018837e-08    4.47602616e+00    9.98673318e+00   -1.37719938e-02   -1.77103530e-01
4566     1.51052170e-08    4.49717008e+00    9.98517154e+00   -1.43947412e-02   -1.77567556e-01
4567     1.51085504e-08    4.50183165e+00    9.98957306e+00   -9.20651101e-03   -1.77987547e-01
4568     1.51118837e-08    4.48821459e+00    9.99835548e+00   -1.13426672e-04   -1.78191462e-01
4569     1.51152170e-08    4.46150844e+00    1.00076906e+01    8.92792468e-03   -1.78096034e-01
4570     1.51185504e-08    4.43192257e+00    1.00136474e+01    1.41164958e-02   -1.77746318e-01
4571     1.51218837e-08    4.41077396e+00    1.00142142e+01    1.37543028e-02   -1.77286188e-01
4572     1.51252170e-08    4.40614259e+00    1.00096665e+01    8.46588228e-03   -1.76889104e-01
4573     1.51285504e-08    4.41978300e+00    1.00017889e+01    2.96266621e-04   -1.76695453e-01
4574     1.51318837e-08    4.44647338e+00    9.99315915e+00   -8.07422144e-03   -1.76774314e-01
4575     1.51352170e-08    4.47602616e+00    9.98673318e+00   -1.37719909e-02   -1.77103531e-01
4576     1.51385504e-08    4.49717008e+00    9.98517155e+00   -1.43947306e-02   -1.77567557e-01
4577     1.51418837e-08    4.50183165e+00    9.98957307e+00   -9.20649593e-03   -1.77987548e-01
4578     1.51452170e-08    4.48821459e+00    9.99835549e+00   -1.13413798e-04   -1.78191462e-01
4579     1.51485504e-08    4.46150844e+00    1.00076907e+01    8.92792891e-03   -1.78096034e-01
4580     1.51518837e-08    4.43192257e+00    1.00136474e+01    1.41164900e-02   -1.77746317e-01
4581     1.51552170e-08    4.41077396e+00    1.00142142e+01    1.37542907e-02   -1.77286188e-01
4582     1.51585504e-08    4.40614259e+00    1.00096664e+01    8.46586918e-03   -1.76889104e-01
4583     1.51618837e-08    4.41978300e+00    1.00017889e+01    2.96256529e-04   -1.76695453e-01
4584     1.51652170e-08    4.44647338e+00    9.99315915e+00   -8.07422593e-03   -1.76774315e-01
4585     1.51685504e-08    4.47602616e+00    9.98673318e+00   -1.37719879e-02   -1.77103532e-01
4586     1.51718837e-08    4.49717008e+00    9.98517156e+00   -1.43947201e-02   -1.77567558e-01
4587     1.51752170e-08    4.50183165e+00    9.98957309e+00   -9.20648085e-03   -1.77987548e-01
4588     1.51785504e-08    4.48821459e+00    9.99835551e+00   -1.13400921e-04   -1.78191461e-01
4589     1.51818837e-08    4.46150844e+00    1.00076907e+01    8.92793314e-03   -1.78096033e-01
4590     1.51852170e-08    4.43192257e+00    1.00136474e+01    1.41164841e-02   -1.77746317e-01
4591     1.51885504e-08    4.41077396e+00    1.00142142e+01    1.37542785e-02   -1.77286188e-01
4592     1.51918837e-08    4.40614259e+00    1.00096664e+01    8.46585607e-03   -1.76889104e-01
4593     1.51952170e-08    4.41978300e+00    1.00017889e+01    2.96246434e-04   -1.76695454e-01
4594     1.51985504e-08    4.44647337e+00    9.99315914e+00   -8.07423041e-03   -1.76774315e-01
4595     1.52018837e-08    4.47602615e+00    9.98673318e+00   -1.37719850e-02   -1.77103533e-01
4596     1.52052170e-08    4.49717008e+00    9.98517157e+00   -1.43947095e-02   -1.77567558e-01
4597     1.52085504e-08    4.50183165e+00    9.98957310e+00   -9.20646576e-03   -1.77987548e-01
4598     1.52118837e-08    4.48821459e+00    9.99835552e+00   -1.13388042e-04   -1.78191461e-01
4599     1.52152170e-08    4.46150844e+00    1.00076907e+01    8.92793737e-03   -1.78096032e-01
4600     1.52185504e-08    4.43192257e+00    1.00136474e+01    1.41164782e-02   -1.77746316e-01
4601     1.52218837e-08    4.41077396e+00    1.00142142e+01    1.37542664e-02   -1.77286187e-01
4602     1.52252170e-08    4.40614259e+00    1.00096664e+01    8.46584295e-03   -1.76889104e-01
4603     1.52285504e-08    4.41978300e+00    1.00017889e+01    2.96236338e-04   -1.76695454e-01
4604     1.52318837e-08    4.44647337e+00    9.99315914e+00   -8.07423490e-03   -1.76774316e-01
4605     1.52352170e-08    4.47602615e+00    9.98673318e+00   -1.37719821e-02   -1.77103534e-01
4606     1.52385504e-08    4.49717007e+00    9.98517158e+00   -1.43946989e-02   -1.77567559e-01
4607     1.52418837e-08    4.50183165e+00    9.98957312e+00   -9.20645068e-03   -1.77987548e-01
4608     1.52452170e-08    4.48821459e+00    9.99835553e+00   -1.13375160e-04   -1.78191461e-01
4609     1.52485504e-08    4.46150844e+00    1.00076907e+01    8.92794160e-03   -1.78096032e-01
4610     1.52518837e-08    4.43192257e+00    1.00136473e+01    1.41164724e-02   -1.77746315e-01
4611     1.52552170e-08    4.41077396e+00    1.00142142e+01    1.37542542e-02   -1.77286187e-01
4612     1.52585504e-08    4.40614259e+00    1.00096664e+01    8.46582984e-03   -1.76889104e-01
4613     1.52618837e-08    4.41978300e+00    1.00017889e+01    2.96226239e-04   -1.76695455e-01
4614     1.52652170e-08    4.44647337e+00    9.99315913e+00   -8.07423939e-03   -1.76774317e-01
4615     1.52685504e-08    4.47602615e+00    9.98673318e+00   -1.37719791e-02   -1.77103534e-01
4616     1.52718837e-08    4.49717007e+00    9.98517159e+00   -1.43946883e-02   -1.77567559e-01
4617     1.52752170e-08    4.50183165e+00    9.98957313e+00   -9.20643559e-03   -1.77987548e-01
4618     1.52785504e-08    4.48821459e+00    9.99835555e+00   -1.13362276e-04   -1.78191460e-01
4619     1.52818837e-08    4.46150844e+00    1.00076907e+01    8.92794583e-03   -1.78096031e-01
4620     1.52852170e-08    4.43192257e+00    1.00136473e+01    1.41164665e-02   -1.77746315e-01
4621     1.52885504e-08    4.41077396e+00    1.00142141e+01    1.37542421e-02   -1.77286186e-01
4622     1.52918837e-08    4.40614259e+00    1.00096664e+01    8.46581672e-03   -1.76889104e-01
4623     1.52952170e-08    4.41978300e+00    1.00017889e+01    2.96216138e-04   -1.76695455e-01
4624     1.52985504e-08    4.44647337e+00    9.99315913e+00   -8.07424387e-03   -1.76774317e-01
4625     1.53018837e-08    4.47602615e+00    9.98673319e+00   -1.37719762e-02   -1.77103535e-01
4626     1.53052170e-08    4.49717007e+00    9.98517160e+00   -1.43946777e-02   -1.77567560e-01
4627     1.53085504e-08    4.50183165e+00    9.98957315e+00   -9.20642049e-03   -1.77987549e-01
4628     1.53118837e-08    4.48821459e+00    9.99835556e+00   -1.13349390e-04   -1.78191460e-01
4629     1.53152170e-08    4.46150844e+00    1.00076907e+01    8.92795007e-03   -1.78096031e-01
4630     1.53185504e-08    4.43192257e+00    1.00136473e+01    1.41164606e-02   -1.77746314e-01
4631     1.53218837e-08    4.41077396e+00    1.00142141e+01    1.37542299e-02   -1.77286186e-01
4632     1.53252170e-08    4.40614259e+00    1.00096664e+01    8.46580360e-03   -1.76889104e-01
4633     1.53285504e-08    4.41978300e+00    1.00017888e+01    2.96206036e-04   -1.76695456e-01
4634     1.53318837e-08    4.44647337e+00    9.99315912e+00   -8.07424836e-03   -1.76774318e-01
4635     1.53352170e-08    4.47602615e+00    9.98673319e+00   -1.37719733e-02   -1.77103536e-01
4636     1.53385504e-08    4.49717007e+00    9.98517161e+00   -1.43946671e-02   -1.77567561e-01
4637     1.53418837e-08    4.50183165e+00    9.98957316e+00   -9.20640540e-03   -1.77987549e-01
4638     1.53452170e-08    4.48821459e+00    9.99835558e+00   -1.13336501e-04   -1.78191460e-01
4639     1.53485504e-08    4.46150844e+00    1.00076907e+01    8.92795430e-03   -1.78096030e-01
4640     1.53518837e-08    4.43192257e+00    1.00136473e+01    1.41164547e-02   -1.77746314e-01
4641     1.53552170e-08    4.41077396e+00    1.00142141e+01    1.37542178e-02   -1.77286186e-01
4642     1.53585504e-08    4.40614259e+00    1.00096664e+01    8.46579047e-03   -1.76889104e-01
4643     1.53618837e-08    4.41978300e+00    1.00017888e+01    2.96195931e-04   -1.76695456e-01
4644     1.53652170e-08    4.44647337e+00    9.99315911e+00   -8.07425285e-03   -1.76774319e-01
4645     1.53685504e-08    4.47602615e+00    9.98673319e+00   -1.37719703e-02   -1.77103537e-01
4646     1.53718837e-08    4.49717007e+00    9.98517161e+00   -1.43946565e-02   -1.77567561e-01
4647     1.53752170e-08    4.50183165e+00    9.98957318e+00   -9.20639030e-03   -1.77987549e-01
4648     1.53785504e-08    4.48821459e+00    9.99835559e+00   -1.13323609e-04   -1.78191460e-01
4649     1.53818837e-08    4.46150844e+00    1.00076907e+01    8.92795853e-03   -1.78096029e-01
4650     1.53852170e-08    4.43192257e+00    1.00136473e+01    1.41164489e-02   -1.77746313e-01
4651     1.53885504e-08    4.41077396e+00    1.00142141e+01    1.37542056e-02   -1.77286185e-01
4652     1.53918837e-08    4.40614259e+00    1.00096663e+01    8.46577735e-03   -1.76889104e-01
4653     1.53952170e-08    4.41978300e+00    1.00017888e+01    2.96185825e-04   -1.76695456e-01
4654     1.53985504e-08    4.44647337e+00    9.99315911e+00   -8.07425734e-03   -1.76774320e-01
4655     1.54018837e-08    4.47602615e+00    9.98673319e+00   -1.37719674e-02   -1.77103537e-01
4656     1.54052170e-08    4.49717007e+00    9.98517162e+00   -1.43946459e-02   -1.77567562e-01
4657     1.54085504e-08    4.50183164e+00    9.98957319e+00   -9.20637520e-03   -1.77987549e-01
4658     1.54118837e-08    4.48821459e+00    9.99835560e+00   -1.13310715e-04   -1.78191459e-01
4659     1.54152170e-08    4.46150844e+00    1.00076907e+01    8.92796277e-03   -1.78096029e-01
4660     1.54185504e-08    4.43192257e+00    1.00136473e+01    1.41164430e-02   -1.77746312e-01
4661     1.54218837e-08    4.41077396e+00    1.00142141e+01    1.37541935e-02   -1.77286185e-01
4662     1.54252170e-08    4.40614259e+00    1.00096663e+01    8.46576422e-03   -1.76889104e-01
4663     1.54285504e-08    4.41978299e+00    1.00017888e+01    2.96175717e-04   -1.76695457e-01
4664     1.54318837e-08    4.44647336e+00    9.99315910e+00   -8.07426183e-03   -1.76774320e-01
4665     1.54352170e-08    4.47602614e+00    9.98673319e+00   -1.37719645e-02   -1.77103538e-01
4666     1.54385504e-08    4.49717007e+00    9.98517163e+00   -1.43946353e-02   -1.77567562e-01
4667     1.54418837e-08    4.50183164e+00    9.98957321e+00   -9.20636009e-03   -1.77987549e-01
4668     1.54452170e-08    4.48821459e+00    9.99835562e+00   -1.13297818e-04   -1.78191459e-01
4669     1.54485504e-08    4.46150844e+00    1.00076907e+01    8.92796701e-03   -1.78096028e-01
4670     1.54518837e-08    4.43192257e+00    1.00136473e+01    1.41164371e-02   -1.77746312e-01
4671     1.54552170e-08    4.41077396e+00    1.00142141e+01    1.37541813e-02   -1.77286185e-01
4672     1.54585504e-08    4.40614259e+00    1.00096663e+01    8.46575109e-03   -1.76889104e-01
4673     1.54618837e-08    4.41978299e+00    1.00017888e+01    2.96165606e-04   -1.76695457e-01
4674     1.54652170e-08    4.44647336e+00    9.99315910e+00   -8.07426632e-03   -1.76774321e-01
4675     1.54685504e-08    4.47602614e+00    9.98673319e+00   -1.37719615e-02   -1.77103539e-01
4676     1.54718837e-08    4.49717007e+00    9.98517164e+00   -1.43946247e-02   -1.77567563e-01
4677     1.54752170e-08    4.50183164e+00    9.98957322e+00   -9.20634498e-03   -1.77987549e-01
4678     1.54785504e-08    4.48821459e+00    9.99835563e+00   -1.13284919e-04   -1.78191459e-01
4679     1.54818837e-08    4.46150844e+00    1.00076907e+01    8.92797124e-03   -1.78096028e-01
4680     1.54852170e-08    4.43192257e+00    1.00136473e+01    1.41164312e-02   -1.77746311e-01
4681     1.54885504e-08    4.41077396e+00    1.00142141e+01    1.37541691e-02   -1.77286184e-01
4682     1.54918837e-08    4.40614259e+00    1.00096663e+01    8.46573795e-03   -1.76889104e-01
4683     1.54952170e-08    4.41978299e+00    1.00017888e+01    2.96155494e-04   -1.76695458e-01
4684     1.54985504e-08    4.44647336e+00    9.99315909e+00   -8.07427082e-03   -1.76774322e-01
4685     1.55018837e-08    4.47602614e+00    9.98673319e+00   -1.37719586e-02   -1.77103540e-01
4686     1.55052170e-08    4.49717006e+00    9.98517165e+00   -1.43946141e-02   -1.77567564e-01
4687     1.55085504e-08    4.50183164e+00    9.98957324e+00   -9.20632987e-03   -1.77987550e-01
4688     1.55118837e-08    4.48821459e+00    9.99835564e+00   -1.13272018e-04   -1.78191458e-01
4689     1.55152170e-08    4.46150845e+00    1.00076907e+01    8.92797548e-03   -1.78096027e-01
4690     1.55185504e-08    4.43192257e+00    1.00136473e+01    1.41164254e-02   -1.77746310e-01
4691     1.55218837e-08    4.41077396e+00    1.00142141e+01    1.37541569e-02   -1.77286184e-01
4692     1.55252170e-08    4.40614259e+00    1.00096663e+01    8.46572482e-03   -1.76889104e-01
4693     1.55285504e-08    4.41978299e+00    1.00017888e+01    2.96145380e-04   -1.76695458e-01
4694     1.55318837e-08    4.44647336e+00    9.99315908e+00   -8.07427531e-03   -1.76774322e-01
4695     1.55352170e-08    4.47602614e+00    9.98673320e+00   -1.37719557e-02   -1.77103541e-01
4696     1.55385504e-08    4.49717006e+00    9.98517166e+00   -1.43946035e-02   -1.77567564e-01
4697     1.55418837e-08    4.50183164e+00    9.98957325e+00   -9.20631476e-03   -1.77987550e-01
4698     1.55452170e-08    4.48821459e+00    9.99835566e+00   -1.13259114e-04   -1.78191458e-01
4699     1.55485504e-08    4.46150845e+00    1.00076907e+01    8.92797972e-03   -1.78096026e-01
4700     1.55518837e-08    4.43192257e+00    1.00136473e+01    1.41164195e-02   -1.77746310e-01
4701     1.55552170e-08    4.41077396e+00    1.00142141e+01    1.37541448e-02   -1.77286183e-01
4702     1.55585504e-08    4.40614259e+00    1.00096663e+01    8.46571168e-03   -1.76889104e-01
4703     1.55618837e-08    4.41978299e+00    1.00017888e+01    2.96135263e-04   -1.76695459e-01
4704     1.55652170e-08    4.44647336e+00    9.99315908e+00   -8.07427981e-03   -1.76774323e-01
4705     1.55685504e-08    4.47602614e+00    9.98673320e+00   -1.37719527e-02   -1.77103541e-01
4706     1.55718837e-08    4.49717006e+00    9.98517167e+00   -1.43945929e-02   -1.77567565e-01
4707     1.55752170e-08    4.50183164e+00    9.98957327e+00   -9.20629964e-03   -1.77987550e-01
4708     1.55785504e-08    4.48821459e+00    9.99835567e+00   -1.13246207e-04   -1.78191458e-01
4709     1.55818837e-08    4.46150845e+00    1.00076907e+01    8.92798396e-03   -1.78096026e-01
4710     1.55852170e-08    4.43192257e+00    1.00136473e+01    1.41164136e-02   -1.77746309e-01
4711     1.55885504e-08    4.41077396e+00    1.00142140e+01    1.37541326e-02   -1.77286183e-01
4712     1.55918837e-08    4.40614259e+00    1.00096663e+01    8.46569853e-03   -1.76889104e-01
4713     1.55952170e-08    4.41978299e+00    1.00017888e+01    2.96125145e-04   -1.76695459e-01
4714     1.55985504e-08    4.44647336e+00    9.99315907e+00   -8.07428430e-03   -1.76774324e-01
4715     1.56018837e-08    4.47602614e+00    9.98673320e+00   -1.37719498e-02   -1.77103542e-01
4716     1.56052170e-08    4.49717006e+00    9.98517168e+00   -1.43945823e-02   -1.77567565e-01
4717     1.56085504e-08    4.50183164e+00    9.98957328e+00   -9.20628452e-03   -1.77987550e-01
4718     1.56118837e-08    4.48821459e+00    9.99835569e+00   -1.13233298e-04   -1.78191457e-01
4719     1.56152170e-08    4.46150845e+00    1.00076907e+01    8.92798820e-03   -1.78096025e-01
4720     1.56185504e-08    4.43192257e+00    1.00136473e+01    1.41164077e-02   -1.77746308e-01
4721     1.56218837e-08    4.41077396e+00    1.00142140e+01    1.37541204e-02   -1.77286183e-01
4722     1.56252170e-08    4.40614259e+00    1.00096663e+01    8.46568539e-03   -1.76889104e-01
4723     1.56285504e-08    4.41978299e+00    1.00017887e+01    2.96115025e-04   -1.76695460e-01
4724     1.56318837e-08    4.44647336e+00    9.99315907e+00   -8.07428880e-03   -1.76774325e-01
4725     1.56352170e-08    4.47602613e+00    9.98673320e+00   -1.37719469e-02   -1.77103543e-01
4726     1.56385504e-08    4.49717006e+00    9.98517169e+00   -1.43945716e-02   -1.77567566e-01
4727     1.56418837e-08    4.50183164e+00    9.98957330e+00   -9.20626940e-03   -1.77987550e-01
4728     1.56452170e-08    4.48821459e+00    9.99835570e+00   -1.13220386e-04   -1.78191457e-01
4729     1.56485504e-08    4.46150845e+00    1.00076907e+01    8.92799244e-03   -1.78096024e-01
4730     1.56518837e-08    4.43192257e+00    1.00136473e+01    1.41164018e-02   -1.77746308e-01
4731     1.56552170e-08    4.41077396e+00    1.00142140e+01    1.37541082e-02   -1.77286182e-01
4732     1.56585504e-08    4.40614259e+00    1.00096662e+01    8.46567224e-03   -1.76889104e-01
4733     1.56618837e-08    4.41978299e+00    1.00017887e+01    2.96104903e-04   -1.76695460e-01
4734     1.56652170e-08    4.44647335e+00    9.99315906e+00   -8.07429329e-03   -1.76774325e-01
4735     1.56685504e-08    4.47602613e+00    9.98673320e+00   -1.37719439e-02   -1.77103544e-01
4736     1.56718837e-08    4.49717006e+00    9.98517170e+00   -1.43945610e-02   -1.77567567e-01
4737     1.56752170e-08    4.50183164e+00    9.98957332e+00   -9.20625427e-03   -1.77987551e-01
4738     1.56785504e-08    4.48821459e+00    9.99835571e+00   -1.13207472e-04   -1.78191457e-01
4739     1.56818837e-08    4.46150845e+00    1.00076907e+01    8.92799668e-03   -1.78096024e-01
4740     1.56852170e-08    4.43192257e+00    1.00136473e+01    1.41163959e-02   -1.77746307e-01
4741     1.56885504e-08    4.41077396e+00    1.00142140e+01    1.37540961e-02   -1.77286182e-01
4742     1.56918837e-08    4.40614259e+00    1.00096662e+01    8.46565909e-03   -1.76889104e-01
4743     1.56952170e-08    4.41978299e+00    1.00017887e+01    2.96094778e-04   -1.76695460e-01
4744     1.56985504e-08    4.44647335e+00    9.99315906e+00   -8.07429779e-03   -1.76774326e-01
4745     1.57018837e-08    4.47602613e+00    9.98673320e+00   -1.37719410e-02   -1.77103545e-01
4746     1.57052170e-08    4.49717006e+00    9.98517171e+00   -1.43945504e-02   -1.77567567e-01
4747     1.57085504e-08    4.50183164e+00    9.98957333e+00   -9.20623914e-03   -1.77987551e-01
4748     1.57118837e-08    4.48821459e+00    9.99835573e+00   -1.13194556e-04   -1.78191457e-01
4749     1.57152170e-08    4.46150845e+00    1.00076907e+01    8.92800092e-03   -1.78096023e-01
4750     1.57185504e-08    4.43192257e+00    1.00136473e+01    1.41163900e-02   -1.77746306e-01
4751     1.57218837e-08    4.41077396e+00    1.00142140e+01    1.37540839e-02   -1.77286182e-01
4752     1.57252170e-08    4.40614258e+00    1.00096662e+01    8.46564594e-03   -1.76889104e-01
4753     1.57285504e-08    4.41978299e+00    1.00017887e+01    2.96084652e-04   -1.76695461e-01
4754     1.57318837e-08    4.44647335e+00    9.99315905e+00   -8.07430229e-03   -1.76774327e-01
4755     1.57352170e-08    4.47602613e+00    9.98673321e+00   -1.37719381e-02   -1.77103545e-01
4756     1.57385504e-08    4.49717006e+00    9.98517172e+00   -1.43945398e-02   -1.77567568e-01
4757     1.57418837e-08    4.50183164e+00    9.98957335e+00   -9.20622401e-03   -1.77987551e-01
4758     1.57452170e-08    4.48821459e+00    9.99835574e+00   -1.13181636e-04   -1.78191456e-01
4759     1.57485504e-08    4.46150845e+00    1.00076908e+01    8.92800516e-03   -1.78096023e-01
4760     1.57518837e-08    4.43192258e+00    1.00136473e+01    1.41163842e-02   -1.77746306e-01
4761     1.57552170e-08    4.41077396e+00    1.00142140e+01    1.37540717e-02   -1.77286181e-01
4762     1.57585504e-08    4.40614258e+00    1.00096662e+01    8.46563279e-03   -1.76889104e-01
4763     1.57618837e-08    4.41978298e+00    1.00017887e+01    2.96074524e-04   -1.76695461e-01
4764     1.57652170e-08    4.44647335e+00    9.99315904e+00   -8.07430679e-03   -1.76774328e-01
4765     1.57685504e-08    4.47602613e+00    9.98673321e+00   -1.37719351e-02   -1.77103546e-01
4766     1.57718837e-08    4.49717005e+00    9.98517173e+00   -1.43945292e-02   -1.77567568e-01
4767     1.57752170e-08    4.50183164e+00    9.98957336e+00   -9.20620887e-03   -1.77987551e-01
4768     1.57785504e-08    4.48821459e+00    9.99835575e+00   -1.13168715e-04   -1.78191456e-01
4769     1.57818837e-08    4.46150845e+00    1.00076908e+01    8.92800941e-03   -1.78096022e-01
4770     1.57852170e-08    4.43192258e+00    1.00136473e+01    1.41163783e-02   -1.77746305e-01
4771     1.57885504e-08    4.41077396e+00    1.00142140e+01    1.37540595e-02   -1.77286181e-01
4772     1.57918837e-08    4.40614258e+00    1.00096662e+01    8.46561963e-03   -1.76889104e-01
4773     1.57952170e-08    4.41978298e+00    1.00017887e+01    2.96064394e-04   -1.76695462e-01
4774     1.57985504e-08    4.44647335e+00    9.99315904e+00   -8.07431129e-03   -1.76774328e-01
4775     1.58018837e-08    4.47602613e+00    9.98673321e+00   -1.37719322e-02   -1.77103547e-01
4776     1.58052170e-08    4.49717005e+00    9.98517174e+00   -1.43945185e-02   -1.77567569e-01
4777     1.58085504e-08    4.50183164e+00    9.98957338e+00   -9.20619374e-03   -1.77987551e-01
4778     1.58118837e-08    4.48821459e+00    9.99835577e+00   -1.13155791e-04   -1.78191456e-01
4779     1.58152170e-08    4.46150845e+00    1.00076908e+01    8.92801365e-03   -1.78096021e-01
4780     1.58185504e-08    4.43192258e+00    1.00136473e+01    1.41163724e-02   -1.77746305e-01
4781     1.58218837e-08    4.41077396e+00    1.00142140e+01    1.37540473e-02   -1.77286180e-01
4782     1.58252170e-08    4.40614258e+00    1.00096662e+01    8.46560647e-03   -1.76889104e-01
4783     1.58285504e-08    4.41978298e+00    1.00017887e+01    2.96054262e-04   -1.76695462e-01
4784     1.58318837e-08    4.44647335e+00    9.99315903e+00   -8.07431579e-03   -1.76774329e-01
4785     1.58352170e-08    4.47602613e+00    9.98673321e+00   -1.37719292e-02   -1.77103548e-01
4786     1.58385504e-08    4.49717005e+00    9.98517175e+00   -1.43945079e-02   -1.77567570e-01
4787     1.58418837e-08    4.50183164e+00    9.98957339e+00   -9.20617860e-03   -1.77987552e-01
4788     1.58452170e-08    4.48821459e+00    9.99835578e+00   -1.13142864e-04   -1.78191455e-01
4789     1.58485504e-08    4.46150845e+00    1.00076908e+01    8.92801790e-03   -1.78096021e-01
4790     1.58518837e-08    4.43192258e+00    1.00136473e+01    1.41163665e-02   -1.77746304e-01
4791     1.58552170e-08    4.41077396e+00    1.00142139e+01    1.37540351e-02   -1.77286180e-01
4792     1.58585504e-08    4.40614258e+00    1.00096662e+01    8.46559331e-03   -1.76889105e-01
4793     1.58618837e-08    4.41978298e+00    1.00017887e+01    2.96044128e-04   -1.76695463e-01
4794     1.58652170e-08    4.44647335e+00    9.99315903e+00   -8.07432030e-03   -1.76774330e-01
4795     1.58685504e-08    4.47602612e+00    9.98673321e+00   -1.37719263e-02   -1.77103548e-01
4796     1.58718837e-08    4.49717005e+00    9.98517176e+00   -1.43944973e-02   -1.77567570e-01
4797     1.58752170e-08    4.50183163e+00    9.98957341e+00   -9.20616345e-03   -1.77987552e-01
4798     1.58785504e-08    4.48821459e+00    9.99835580e+00   -1.13129935e-04   -1.78191455e-01
4799     1.58818837e-08    4.46150845e+00    1.00076908e+01    8.92802214e-03   -1.78096020e-01
4800     1.58852170e-08    4.43192258e+00    1.00136473e+01    1.41163606e-02   -1.77746303e-01
4801     1.58885504e-08    4.41077396e+00    1.00142139e+01    1.37540229e-02   -1.77286180e-01
4802     1.58918837e-08    4.40614258e+00    1.00096661e+01    8.46558014e-03   -1.76889105e-01
4803     1.58952170e-08    4.41978298e+00    1.00017887e+01    2.96033992e-04   -1.76695463e-01
4804     1.58985504e-08    4.44647334e+00    9.99315902e+00   -8.07432480e-03   -1.76774330e-01
4805     1.59018837e-08    4.47602612e+00    9.98673321e+00   -1.37719234e-02   -1.77103549e-01
4806     1.59052170e-08    4.49717005e+00    9.98517177e+00   -1.43944866e-02   -1.77567571e-01
4807     1.59085504e-08    4.50183163e+00    9.98957342e+00   -9.20614831e-03   -1.77987552e-01
4808     1.59118837e-08    4.48821459e+00    9.99835581e+00   -1.13117003e-04   -1.78191455e-01
4809     1.59152170e-08    4.46150845e+00    1.00076908e+01    8.92802639e-03   -1.78096019e-01
4810     1.59185504e-08    4.43192258e+00    1.00136473e+01    1.41163547e-02   -1.77746303e-01
4811     1.59218837e-08    4.41077396e+00    1.00142139e+01    1.37540107e-02   -1.77286179e-01
4812     1.59252170e-08    4.40614258e+00    1.00096661e+01    8.46556698e-03   -1.76889105e-01
4813     1.59285504e-08    4.41978298e+00    1.00017886e+01    2.96023854e-04   -1.76695464e-01
4814     1.59318837e-08    4.44647334e+00    9.99315901e+00   -8.07432930e-03   -1.76774331e-01
4815     1.59352170e-08    4.47602612e+00    9.98673322e+00   -1.37719204e-02   -1.77103550e-01
4816     1.59385504e-08    4.49717005e+00    9.98517178e+00   -1.43944760e-02   -1.77567571e-01
4817     1.59418837e-08    4.50183163e+00    9.98957344e+00   -9.20613316e-03   -1.77987552e-01
4818     1.59452170e-08    4.48821459e+00    9.99835582e+00   -1.13104069e-04   -1.78191455e-01
4819     1.59485504e-08    4.46150845e+00    1.00076908e+01    8.92803064e-03   -1.78096019e-01
4820     1.59518837e-08    4.43192258e+00    1.00136473e+01    1.41163488e-02   -1.77746302e-01
4821     1.59552170e-08    4.41077396e+00    1.00142139e+01    1.37539985e-02   -1.77286179e-01
4822     1.59585504e-08    4.40614258e+00    1.00096661e+01    8.46555381e-03   -1.76889105e-01
4823     1.59618837e-08    4.41978298e+00    1.00017886e+01    2.96013714e-04   -1.76695464e-01
4824     1.59652170e-08    4.44647334e+00    9.99315901e+00   -8.07433381e-03   -1.76774332e-01
4825     1.59685504e-08    4.47602612e+00    9.98673322e+00   -1.37719175e-02   -1.77103551e-01
4826     1.59718837e-08    4.49717005e+00    9.98517179e+00   -1.43944654e-02   -1.77567572e-01
4827     1.59752170e-08    4.50183163e+00    9.98957345e+00   -9.20611800e-03   -1.77987552e-01
4828     1.59785504e-08    4.48821459e+00    9.99835584e+00   -1.13091133e-04   -1.78191454e-01
4829     1.59818837e-08    4.46150845e+00    1.00076908e+01    8.92803489e-03   -1.78096018e-01
4830     1.59852170e-08    4.43192258e+00    1.00136472e+01    1.41163429e-02   -1.77746301e-01
4831     1.59885504e-08    4.41077396e+00    1.00142139e+01    1.37539863e-02   -1.77286179e-01
4832     1.59918837e-08    4.40614258e+00    1.00096661e+01    8.46554063e-03   -1.76889105e-01
4833     1.59952170e-08    4.41978298e+00    1.00017886e+01    2.96003572e-04   -1.76695464e-01
4834     1.59985504e-08    4.44647334e+00    9.99315900e+00   -8.07433831e-03   -1.76774333e-01
4835     1.60018837e-08    4.47602612e+00    9.98673322e+00   -1.37719145e-02   -1.77103552e-01
4836     1.60052170e-08    4.49717005e+00    9.98517180e+00   -1.43944547e-02   -1.77567573e-01
4837     1.60085504e-08    4.50183163e+00    9.98957347e+00   -9.20610285e-03   -1.77987552e-01
4838     1.60118837e-08    4.48821459e+00    9.99835585e+00   -1.13078194e-04   -1.78191454e-01
4839     1.60152170e-08    4.46150845e+00    1.00076908e+01    8.92803913e-03   -1.78096018e-01
4840     1.60185504e-08    4.43192258e+00    1.00136472e+01    1.41163370e-02   -1.77746301e-01
4841     1.60218837e-08    4.41077396e+00    1.00142139e+01    1.37539741e-02   -1.77286178e-01
4842     1.60252170e-08    4.40614258e+00    1.00096661e+01    8.46552746e-03   -1.76889105e-01
4843     1.60285504e-08    4.41978298e+00    1.00017886e+01    2.95993429e-04   -1.76695465e-01
4844     1.60318837e-08    4.44647334e+00    9.99315900e+00   -8.07434282e-03   -1.76774333e-01
4845     1.60352170e-08    4.47602612e+00    9.98673322e+00   -1.37719116e-02   -1.77103552e-01
4846     1.60385504e-08    4.49717004e+00    9.98517181e+00   -1.43944441e-02   -1.77567573e-01
4847     1.60418837e-08    4.50183163e+00    9.98957348e+00   -9.20608769e-03   -1.77987553e-01
4848     1.60452170e-08    4.48821459e+00    9.99835586e+00   -1.13065252e-04   -1.78191454e-01
4849     1.60485504e-08    4.46150845e+00    1.00076908e+01    8.92804338e-03   -1.78096017e-01
4850     1.60518837e-08    4.43192258e+00    1.00136472e+01    1.41163311e-02   -1.77746300e-01
4851     1.60552170e-08    4.41077396e+00    1.00142139e+01    1.37539619e-02   -1.77286178e-01
4852     1.60585504e-08    4.40614258e+00    1.00096661e+01    8.46551428e-03   -1.76889105e-01
4853     1.60618837e-08    4.41978298e+00    1.00017886e+01    2.95983283e-04   -1.76695465e-01
4854     1.60652170e-08    4.44647334e+00    9.99315899e+00   -8.07434733e-03   -1.76774334e-01
4855     1.60685504e-08    4.47602611e+00    9.98673322e+00   -1.37719086e-02   -1.77103553e-01
4856     1.60718837e-08    4.49717004e+00    9.98517182e+00   -1.43944335e-02   -1.77567574e-01
4857     1.60752170e-08    4.50183163e+00    9.98957350e+00   -9.20607253e-03   -1.77987553e-01
4858     1.60785504e-08    4.48821459e+00    9.99835588e+00   -1.13052308e-04   -1.78191453e-01
4859     1.60818837e-08    4.46150845e+00    1.00076908e+01    8.92804764e-03   -1.78096016e-01
4860     1.60852170e-08    4.43192258e+00    1.00136472e+01    1.41163252e-02   -1.77746299e-01
4861     1.60885504e-08    4.41077396e+00    1.00142139e+01    1.37539497e-02   -1.77286177e-01
4862     1.60918837e-08    4.40614258e+00    1.00096661e+01    8.46550110e-03   -1.76889105e-01
4863     1.60952170e-08    4.41978297e+00    1.00017886e+01    2.95973135e-04   -1.76695466e-01
4864     1.60985504e-08    4.44647334e+00    9.99315899e+00   -8.07435184e-03   -1.76774335e-01
4865     1.61018837e-08    4.47602611e+00    9.98673322e+00   -1.37719057e-02   -1.77103554e-01
4866     1.61052170e-08    4.49717004e+00    9.98517183e+00   -1.43944228e-02   -1.77567574e-01
4867     1.61085504e-08    4.50183163e+00    9.98957351e+00   -9.20605736e-03   -1.77987553e-01
4868     1.61118837e-08    4.48821459e+00    9.99835589e+00   -1.13039361e-04   -1.78191453e-01
4869     1.61152170e-08    4.46150845e+00    1.00076908e+01    8.92805189e-03   -1.78096016e-01
4870     1.61185504e-08    4.43192258e+00    1.00136472e+01    1.41163193e-02   -1.77746299e-01
4871     1.61218837e-08    4.41077396e+00    1.00142139e+01    1.37539375e-02   -1.77286177e-01
4872     1.61252170e-08    4.40614258e+00    1.00096661e+01    8.46548792e-03   -1.76889105e-01
4873     1.61285504e-08    4.41978297e+00    1.00017886e+01    2.95962985e-04   -1.76695466e-01
4874     1.61318837e-08    4.44647333e+00    9.99315898e+00   -8.07435634e-03   -1.76774335e-01
4875     1.61352170e-08    4.47602611e+00    9.98673322e+00   -1.37719028e-02   -1.77103555e-01
4876     1.61385504e-08    4.49717004e+00    9.98517184e+00   -1.43944122e-02   -1.77567575e-01
4877     1.61418837e-08    4.50183163e+00    9.98957353e+00   -9.20604220e-03   -1.77987553e-01
4878     1.61452170e-08    4.48821459e+00    9.99835591e+00   -1.13026412e-04   -1.78191453e-01
4879     1.61485504e-08    4.46150845e+00    1.00076908e+01    8.92805614e-03   -1.78096015e-01
4880     1.61518837e-08    4.43192258e+00    1.00136472e+01    1.41163134e-02   -1.77746298e-01
4881     1.61552170e-08    4.41077396e+00    1.00142138e+01    1.37539253e-02   -1.77286177e-01
4882     1.61585504e-08    4.40614258e+00    1.00096660e+01    8.46547473e-03   -1.76889105e-01
4883     1.61618837e-08    4.41978297e+00    1.00017886e+01    2.95952834e-04   -1.76695467e-01
4884     1.61652170e-08    4.44647333e+00    9.99315897e+00   -8.07436085e-03   -1.76774336e-01
4885     1.61685504e-08    4.47602611e+00    9.98673323e+00   -1.37718998e-02   -1.77103556e-01
4886     1.61718837e-08    4.49717004e+00    9.98517185e+00   -1.43944015e-02   -1.77567576e-01
4887     1.61752170e-08    4.50183163e+00    9.98957354e+00   -9.20602703e-03   -1.77987553e-01
4888     1.61785504e-08    4.48821459e+00    9.99835592e+00   -1.13013461e-04   -1.78191452e-01
4889     1.61818837e-08    4.46150845e+00    1.00076908e+01    8.92806039e-03   -1.78096015e-01
4890     1.61852170e-08    4.43192258e+00    1.00136472e+01    1.41163075e-02   -1.77746298e-01
4891     1.61885504e-08    4.41077396e+00    1.00142138e+01    1.37539130e-02   -1.77286176e-01
4892     1.61918837e-08    4.40614258e+00    1.00096660e+01    8.46546155e-03   -1.76889105e-01
4893     1.61952170e-08    4.41978297e+00    1.00017886e+01    2.95942680e-04   -1.76695467e-01
4894     1.61985504e-08    4.44647333e+00    9.99315897e+00   -8.07436537e-03   -1.76774337e-01
4895     1.62018837e-08    4.47602611e+00    9.98673323e+00   -1.37718969e-02   -1.77103556e-01
4896     1.62052170e-08    4.49717004e+00    9.98517186e+00   -1.43943909e-02   -1.77567576e-01
4897     1.62085504e-08    4.50183163e+00    9.98957356e+00   -9.20601185e-03   -1.77987554e-01
4898     1.62118837e-08    4.48821459e+00    9.99835593e+00   -1.13000507e-04   -1.78191452e-01
4899     1.62152170e-08    4.46150845e+00    1.00076908e+01    8.92806465e-03   -1.78096014e-01
4900     1.62185504e-08    4.43192258e+00    1.00136472e+01    1.41163016e-02   -1.77746297e-01
4901     1.62218837e-08    4.41077396e+00    1.00142138e+01    1.37539008e-02   -1.77286176e-01
4902     1.62252170e-08    4.40614258e+00    1.00096660e+01    8.46544836e-03   -1.76889105e-01
4903     1.62285504e-08    4.41978297e+00    1.00017885e+01    2.95932525e-04   -1.76695467e-01
4904     1.62318837e-08    4.44647333e+00    9.99315896e+00   -8.07436988e-03   -1.76774338e-01
4905     1.62352170e-08    4.47602611e+00    9.98673323e+00   -1.37718939e-02   -1.77103557e-01
4906     1.62385504e-08    4.49717004e+00    9.98517187e+00   -1.43943802e-02   -1.77567577e-01
4907     1.62418837e-08    4.50183163e+00    9.98957357e+00   -9.20599668e-03   -1.77987554e-01
4908     1.62452170e-08    4.48821459e+00    9.99835595e+00   -1.12987550e-04   -1.78191452e-01
4909     1.62485504e-08    4.46150845e+00    1.00076908e+01    8.92806890e-03   -1.78096013e-01
4910     1.62518837e-08    4.43192258e+00    1.00136472e+01    1.41162957e-02   -1.77746296e-01
4911     1.62552170e-08    4.41077396e+00    1.00142138e+01    1.37538886e-02   -1.77286176e-01
4912     1.62585504e-08    4.40614258e+00    1.00096660e+01    8.46543516e-03   -1.76889105e-01
4913     1.62618837e-08    4.41978297e+00    1.00017885e+01    2.95922367e-04   -1.76695468e-01
4914     1.62652170e-08    4.44647333e+00    9.99315896e+00   -8.07437439e-03   -1.76774338e-01
4915     1.62685504e-08    4.47602611e+00    9.98673323e+00   -1.37718910e-02   -1.77103558e-01
4916     1.62718837e-08    4.49717004e+00    9.98517188e+00   -1.43943696e-02   -1.77567577e-01
4917     1.62752170e-08    4.50183163e+00    9.98957359e+00   -9.20598150e-03   -1.77987554e-01
4918     1.62785504e-08    4.48821459e+00    9.99835596e+00   -1.12974591e-04   -1.78191452e-01
4919     1.62818837e-08    4.46150845e+00    1.00076908e+01    8.92807316e-03   -1.78096013e-01
4920     1.62852170e-08    4.43192258e+00    1.00136472e+01    1.41162898e-02   -1.77746296e-01
4921     1.62885504e-08    4.41077396e+00    1.00142138e+01    1.37538764e-02   -1.77286175e-01
4922     1.62918837e-08    4.40614258e+00    1.00096660e+01    8.46542197e-03   -1.76889105e-01
4923     1.62952170e-08    4.41978297e+00    1.00017885e+01    2.95912207e-04   -1.76695468e-01
4924     1.62985504e-08    4.44647333e+00    9.99315895e+00   -8.07437890e-03   -1.76774339e-01
4925     1.63018837e-08    4.47602610e+00    9.98673323e+00   -1.37718880e-02   -1.77103559e-01
4926     1.63052170e-08    4.49717003e+00    9.98517189e+00   -1.43943589e-02   -1.77567578e-01
4927     1.63085504e-08    4.50183163e+00    9.98957360e+00   -9.20596632e-03   -1.77987554e-01
4928     1.63118837e-08    4.48821459e+00    9.99835598e+00   -1.12961630e-04   -1.78191451e-01
4929     1.63152170e-08    4.46150845e+00    1.00076909e+01    8.92807741e-03   -1.78096012e-01
4930     1.63185504e-08    4.43192258e+00    1.00136472e+01    1.41162839e-02   -1.77746295e-01
4931     1.63218837e-08    4.41077396e+00    1.00142138e+01    1.37538641e-02   -1.77286175e-01
4932     1.63252170e-08    4.40614258e+00    1.00096660e+01    8.46540877e-03   -1.76889105e-01
4933     1.63285504e-08    4.41978297e+00    1.00017885e+01    2.95902046e-04   -1.76695469e-01
4934     1.63318837e-08    4.44647333e+00    9.99315894e+00   -8.07438342e-03   -1.76774340e-01
4935     1.63352170e-08    4.47602610e+00    9.98673323e+00   -1.37718851e-02   -1.77103560e-01
4936     1.63385504e-08    4.49717003e+00    9.98517190e+00   -1.43943483e-02   -1.77567579e-01
4937     1.63418837e-08    4.50183162e+00    9.98957362e+00   -9.20595113e-03   -1.77987554e-01
4938     1.63452170e-08    4.48821459e+00    9.99835599e+00   -1.12948666e-04   -1.78191451e-01
4939     1.63485504e-08    4.46150846e+00    1.00076909e+01    8.92808167e-03   -1.78096011e-01
4940     1.63518837e-08    4.43192258e+00    1.00136472e+01    1.41162780e-02   -1.77746294e-01
4941     1.63552170e-08    4.41077396e+00    1.00142138e+01    1.37538519e-02   -1.77286174e-01
4942     1.63585504e-08    4.40614258e+00    1.00096660e+01    8.46539557e-03   -1.76889105e-01
4943     1.63618837e-08    4.41978297e+00    1.00017885e+01    2.95891883e-04   -1.76695469e-01
4944     1.63652170e-08    4.44647332e+00    9.99315894e+00   -8.07438793e-03   -1.76774340e-01
4945     1.63685504e-08    4.47602610e+00    9.98673324e+00   -1.37718821e-02   -1.77103560e-01
4946     1.63718837e-08    4.49717003e+00    9.98517191e+00   -1.43943376e-02   -1.77567579e-01
4947     1.63752170e-08    4.50183162e+00    9.98957363e+00   -9.20593594e-03   -1.77987555e-01
4948     1.63785504e-08    4.48821459e+00    9.99835600e+00   -1.12935699e-04   -1.78191451e-01
4949     1.63818837e-08    4.46150846e+00    1.00076909e+01    8.92808593e-03   -1.78096011e-01
4950     1.63852170e-08    4.43192258e+00    1.00136472e+01    1.41162721e-02   -1.77746294e-01
4951     1.63885504e-08    4.41077396e+00    1.00142138e+01    1.37538397e-02   -1.77286174e-01
4952     1.63918837e-08    4.40614258e+00    1.00096659e+01    8.46538237e-03   -1.76889105e-01
4953     1.63952170e-08    4.41978296e+00    1.00017885e+01    2.95881717e-04   -1.76695470e-01
4954     1.63985504e-08    4.44647332e+00    9.99315893e+00   -8.07439245e-03   -1.76774341e-01
4955     1.64018837e-08    4.47602610e+00    9.98673324e+00   -1.37718792e-02   -1.77103561e-01
4956     1.64052170e-08    4.49717003e+00    9.98517192e+00   -1.43943269e-02   -1.77567580e-01
4957     1.64085504e-08    4.50183162e+00    9.98957365e+00   -9.20592075e-03   -1.77987555e-01
4958     1.64118837e-08    4.48821459e+00    9.99835602e+00   -1.12922730e-04   -1.78191450e-01
4959     1.64152170e-08    4.46150846e+00    1.00076909e+01    8.92809019e-03   -1.78096010e-01
4960     1.64185504e-08    4.43192258e+00    1.00136472e+01    1.41162662e-02   -1.77746293e-01
4961     1.64218837e-08    4.41077396e+00    1.00142138e+01    1.37538274e-02   -1.77286174e-01
4962     1.64252170e-08    4.40614258e+00    1.00096659e+01    8.46536916e-03   -1.76889105e-01
4963     1.64285504e-08    4.41978296e+00    1.00017885e+01    2.95871550e-04   -1.76695470e-01
4964     1.64318837e-08    4.44647332e+00    9.99315893e+00   -8.07439696e-03   -1.76774342e-01
4965     1.64352170e-08    4.47602610e+00    9.98673324e+00   -1.37718762e-02   -1.77103562e-01
4966     1.64385504e-08    4.49717003e+00    9.98517193e+00   -1.43943163e-02   -1.77567580e-01
4967     1.64418837e-08    4.50183162e+00    9.98957366e+00   -9.20590556e-03   -1.77987555e-01
4968     1.64452170e-08    4.48821459e+00    9.99835603e+00   -1.12909759e-04   -1.78191450e-01
4969     1.64485504e-08    4.46150846e+00    1.00076909e+01    8.92809445e-03   -1.78096010e-01
4970     1.64518837e-08    4.43192259e+00    1.00136472e+01    1.41162602e-02   -1.77746292e-01
4971     1.64552170e-08    4.41077396e+00    1.00142137e+01    1.37538152e-02   -1.77286173e-01
4972     1.64585504e-08    4.40614258e+00    1.00096659e+01    8.46535595e-03   -1.76889105e-01
4973     1.64618837e-08    4.41978296e+00    1.00017885e+01    2.95861380e-04   -1.76695471e-01
4974     1.64652170e-08    4.44647332e+00    9.99315892e+00   -8.07440148e-03   -1.76774343e-01
4975     1.64685504e-08    4.47602610e+00    9.98673324e+00   -1.37718733e-02   -1.77103563e-01
4976     1.64718837e-08    4.49717003e+00    9.98517194e+00   -1.43943056e-02   -1.77567581e-01
4977     1.64752170e-08    4.50183162e+00    9.98957368e+00   -9.20589036e-03   -1.77987555e-01
4978     1.64785504e-08    4.48821459e+00    9.99835604e+00   -1.12896785e-04   -1.78191450e-01
4979     1.64818837e-08    4.46150846e+00    1.00076909e+01    8.92809871e-03   -1.78096009e-01
4980     1.64852170e-08    4.43192259e+00    1.00136472e+01    1.41162543e-02   -1.77746292e-01
4981     1.64885504e-08    4.41077396e+00    1.00142137e+01    1.37538030e-02   -1.77286173e-01
4982     1.64918837e-08    4.40614257e+00    1.00096659e+01    8.46534274e-03   -1.76889105e-01
4983     1.64952170e-08    4.41978296e+00    1.00017885e+01    2.95851209e-04   -1.76695471e-01
4984     1.64985504e-08    4.44647332e+00    9.99315892e+00   -8.07440600e-03   -1.76774343e-01
4985     1.65018837e-08    4.47602609e+00    9.98673324e+00   -1.37718703e-02   -1.77103563e-01
4986     1.65052170e-08    4.49717003e+00    9.98517195e+00   -1.43942949e-02   -1.77567582e-01
4987     1.65085504e-08    4.50183162e+00    9.98957369e+00   -9.20587516e-03   -1.77987555e-01
4988     1.65118837e-08    4.48821459e+00    9.99835606e+00   -1.12883808e-04   -1.78191450e-01
4989     1.65152170e-08    4.46150846e+00    1.00076909e+01    8.92810297e-03   -1.78096008e-01
4990     1.65185504e-08    4.43192259e+00    1.00136472e+01    1.41162484e-02   -1.77746291e-01
4991     1.65218837e-08    4.41077396e+00    1.00142137e+01    1.37537907e-02   -1.77286173e-01
4992     1.65252170e-08    4.40614257e+00    1.00096659e+01    8.46532953e-03   -1.76889105e-01
4993     1.65285504e-08    4.41978296e+00    1.00017884e+01    2.95841036e-04   -1.76695471e-01
4994     1.65318837e-08    4.44647332e+00    9.99315891e+00   -8.07441052e-03   -1.76774344e-01
4995     1.65352170e-08    4.47602609e+00    9.98673324e+00   -1.37718674e-02   -1.77103564e-01
4996     1.65385504e-08    4.49717002e+00    9.98517196e+00   -1.43942843e-02   -1.77567582e-01
4997     1.65418837e-08    4.50183162e+00    9.98957371e+00   -9.20585996e-03   -1.77987555e-01
4998     1.65452170e-08    4.48821459e+00    9.99835607e+00   -1.12870829e-04   -1.78191449e-01
4999     1.65485504e-08    4.46150846e+00    1.00076909e+01    8.92810723e-03   -1.78096008e-01
5000     1.65518837e-08    4.43192259e+00    1.00136472e+01    1.41162425e-02   -1.77746290e-01
5001     1.65552170e-08    4.41077396e+00    1.00142137e+01    1.37537785e-02   -1.77286172e-01
5002     1.65585504e-08    4.40614257e+00    1.00096659e+01    8.46531631e-03   -1.76889105e-01
5003     1.65618837e-08    4.41978296e+00    1.00017884e+01    2.95830861e-04   -1.76695472e-01
5004     1.65652170e-08    4.44647332e+00    9.99315890e+00   -8.07441504e-03   -1.76774345e-01
5005     1.65685504e-08    4.47602609e+00    9.98673325e+00   -1.37718644e-02   -1.77103565e-01
5006     1.65718837e-08    4.49717002e+00    9.98517196e+00   -1.43942736e-02   -1.77567583e-01
5007     1.65752170e-08    4.50183162e+00    9.98957372e+00   -9.20584475e-03   -1.77987556e-01
5008     1.65785504e-08    4.48821459e+00    9.99835609e+00   -1.12857848e-04   -1.78191449e-01
5009     1.65818837e-08    4.46150846e+00    1.00076909e+01    8.92811149e-03   -1.78096007e-01
5010     1.65852170e-08    4.43192259e+00    1.00136472e+01    1.41162366e-02   -1.77746290e-01
5011     1.65885504e-08    4.41077396e+00    1.00142137e+01    1.37537662e-02   -1.77286172e-01
5012     1.65918837e-08    4.40614257e+00    1.00096659e+01    8.46530309e-03   -1.76889105e-01
5013     1.65952170e-08    4.41978296e+00    1.00017884e+01    2.95820684e-04   -1.76695472e-01
5014     1.65985504e-08    4.44647331e+00    9.99315890e+00   -8.07441956e-03   -1.76774346e-01
5015     1.66018837e-08    4.47602609e+00    9.98673325e+00   -1.37718615e-02   -1.77103566e-01
5016     1.66052170e-08    4.49717002e+00    9.98517197e+00   -1.43942629e-02   -1.77567583e-01
5017     1.66085504e-08    4.50183162e+00    9.98957374e+00   -9.20582954e-03   -1.77987556e-01
5018     1.66118837e-08    4.48821459e+00    9.99835610e+00   -1.12844864e-04   -1.78191449e-01
5019     1.66152170e-08    4.46150846e+00    1.00076909e+01    8.92811576e-03   -1.78096006e-01
5020     1.66185504e-08    4.43192259e+00    1.00136472e+01    1.41162307e-02   -1.77746289e-01
5021     1.66218837e-08    4.41077396e+00    1.00142137e+01    1.37537540e-02   -1.77286171e-01
5022     1.66252170e-08    4.40614257e+00    1.00096659e+01    8.46528987e-03   -1.76889105e-01
5023     1.66285504e-08    4.41978296e+00    1.00017884e+01    2.95810504e-04   -1.76695473e-01
5024     1.66318837e-08    4.44647331e+00    9.99315889e+00   -8.07442408e-03   -1.76774346e-01
5025     1.66352170e-08    4.47602609e+00    9.98673325e+00   -1.37718585e-02   -1.77103567e-01
5026     1.66385504e-08    4.49717002e+00    9.98517198e+00   -1.43942522e-02   -1.77567584e-01
5027     1.66418837e-08    4.50183162e+00    9.98957375e+00   -9.20581433e-03   -1.77987556e-01
5028     1.66452170e-08    4.48821459e+00    9.99835611e+00   -1.12831878e-04   -1.78191448e-01
5029     1.66485504e-08    4.46150846e+00    1.00076909e+01    8.92812002e-03   -1.78096006e-01
5030     1.66518837e-08    4.43192259e+00    1.00136472e+01    1.41162247e-02   -1.77746289e-01
5031     1.66552170e-08    4.41077396e+00    1.00142137e+01    1.37537417e-02   -1.77286171e-01
5032     1.66585504e-08    4.40614257e+00    1.00096658e+01    8.46527665e-03   -1.76889105e-01
5033     1.66618837e-08    4.41978296e+00    1.00017884e+01    2.95800323e-04   -1.76695473e-01
5034     1.66652170e-08    4.44647331e+00    9.99315889e+00   -8.07442861e-03   -1.76774347e-01
5035     1.66685504e-08    4.47602609e+00    9.98673325e+00   -1.37718555e-02   -1.77103567e-01
5036     1.66718837e-08    4.49717002e+00    9.98517199e+00   -1.43942416e-02   -1.77567585e-01
5037     1.66752170e-08    4.50183162e+00    9.98957377e+00   -9.20579912e-03   -1.77987556e-01
5038     1.66785504e-08    4.48821459e+00    9.99835613e+00   -1.12818889e-04   -1.78191448e-01
5039     1.66818837e-08    4.46150846e+00    1.00076909e+01    8.92812429e-03   -1.78096005e-01
5040     1.66852170e-08    4.43192259e+00    1.00136472e+01    1.41162188e-02   -1.77746288e-01
5041     1.66885504e-08    4.41077396e+00    1.00142137e+01    1.37537295e-02   -1.77286171e-01
5042     1.66918837e-08    4.40614257e+00    1.00096658e+01    8.46526342e-03   -1.76889105e-01
5043     1.66952170e-08    4.41978296e+00    1.00017884e+01    2.95790140e-04   -1.76695474e-01
5044     1.66985504e-08    4.44647331e+00    9.99315888e+00   -8.07443313e-03   -1.76774348e-01
5045     1.67018837e-08    4.47602609e+00    9.98673325e+00   -1.37718526e-02   -1.77103568e-01
5046     1.67052170e-08    4.49717002e+00    9.98517200e+00   -1.43942309e-02   -1.77567585e-01
5047     1.67085504e-08    4.50183162e+00    9.98957378e+00   -9.20578390e-03   -1.77987556e-01
5048     1.67118837e-08    4.48821459e+00    9.99835614e+00   -1.12805897e-04   -1.78191448e-01
5049     1.67152170e-08    4.46150846e+00    1.00076909e+01    8.92812855e-03   -1.78096005e-01
5050     1.67185504e-08    4.43192259e+00    1.00136471e+01    1.41162129e-02   -1.77746287e-01
5051     1.67218837e-08    4.41077396e+00    1.00142137e+01    1.37537172e-02   -1.77286170e-01
5052     1.67252170e-08    4.40614257e+00    1.00096658e+01    8.46525019e-03   -1.76889105e-01
5053     1.67285504e-08    4.41978295e+00    1.00017884e+01    2.95779955e-04   -1.76695474e-01
5054     1.67318837e-08    4.44647331e+00    9.99315887e+00   -8.07443765e-03   -1.76774348e-01
5055     1.67352170e-08    4.47602608e+00    9.98673325e+00   -1.37718496e-02   -1.77103569e-01
5056     1.67385504e-08    4.49717002e+00    9.98517201e+00   -1.43942202e-02   -1.77567586e-01
5057     1.67418837e-08    4.50183162e+00    9.98957380e+00   -9.20576868e-03   -1.77987557e-01
5058     1.67452170e-08    4.48821459e+00    9.99835616e+00   -1.12792903e-04   -1.78191447e-01
5059     1.67485504e-08    4.46150846e+00    1.00076909e+01    8.92813282e-03   -1.78096004e-01
5060     1.67518837e-08    4.43192259e+00    1.00136471e+01    1.41162070e-02   -1.77746287e-01
5061     1.67552170e-08    4.41077396e+00    1.00142136e+01    1.37537050e-02   -1.77286170e-01
5062     1.67585504e-08    4.40614257e+00    1.00096658e+01    8.46523696e-03   -1.76889105e-01
5063     1.67618837e-08    4.41978295e+00    1.00017884e+01    2.95769768e-04   -1.76695475e-01
5064     1.67652170e-08    4.44647331e+00    9.99315887e+00   -8.07444218e-03   -1.76774349e-01
5065     1.67685504e-08    4.47602608e+00    9.98673325e+00   -1.37718467e-02   -1.77103570e-01
5066     1.67718837e-08    4.49717002e+00    9.98517202e+00   -1.43942095e-02   -1.77567586e-01
5067     1.67752170e-08    4.50183162e+00    9.98957381e+00   -9.20575346e-03   -1.77987557e-01
5068     1.67785504e-08    4.48821459e+00    9.99835617e+00   -1.12779907e-04   -1.78191447e-01
5069     1.67818837e-08    4.46150846e+00    1.00076909e+01    8.92813709e-03   -1.78096003e-01
5070     1.67852170e-08    4.43192259e+00    1.00136471e+01    1.41162011e-02   -1.77746286e-01
5071     1.67885504e-08    4.41077396e+00    1.00142136e+01    1.37536927e-02   -1.77286170e-01
5072     1.67918837e-08    4.40614257e+00    1.00096658e+01    8.46522373e-03   -1.76889106e-01
5073     1.67952170e-08    4.41978295e+00    1.00017884e+01    2.95759579e-04   -1.76695475e-01
5074     1.67985504e-08    4.44647331e+00    9.99315886e+00   -8.07444671e-03   -1.76774350e-01
5075     1.68018837e-08    4.47602608e+00    9.98673326e+00   -1.37718437e-02   -1.77103571e-01
5076     1.68052170e-08    4.49717001e+00    9.98517203e+00   -1.43941988e-02   -1.77567587e-01
5077     1.68085504e-08    4.50183161e+00    9.98957383e+00   -9.20573823e-03   -1.77987557e-01
5078     1.68118837e-08    4.48821459e+00    9.99835618e+00   -1.12766908e-04   -1.78191447e-01
5079     1.68152170e-08    4.46150846e+00    1.00076909e+01    8.92814135e-03   -1.78096003e-01
5080     1.68185504e-08    4.43192259e+00    1.00136471e+01    1.41161951e-02   -1.77746285e-01
5081     1.68218837e-08    4.41077396e+00    1.00142136e+01    1.37536804e-02   -1.77286169e-01
5082     1.68252170e-08    4.40614257e+00    1.00096658e+01    8.46521049e-03   -1.76889106e-01
5083     1.68285504e-08    4.41978295e+00    1.00017883e+01    2.95749389e-04   -1.76695475e-01
5084     1.68318837e-08    4.44647330e+00    9.99315886e+00   -8.07445123e-03   -1.76774351e-01
5085     1.68352170e-08    4.47602608e+00    9.98673326e+00   -1.37718408e-02   -1.77103571e-01
5086     1.68385504e-08    4.49717001e+00    9.98517204e+00   -1.43941881e-02   -1.77567588e-01
5087     1.68418837e-08    4.50183161e+00    9.98957384e+00   -9.20572300e-03   -1.77987557e-01
5088     1.68452170e-08    4.48821459e+00    9.99835620e+00   -1.12753907e-04   -1.78191447e-01
5089     1.68485504e-08    4.46150846e+00    1.00076909e+01    8.92814562e-03   -1.78096002e-01
5090     1.68518837e-08    4.43192259e+00    1.00136471e+01    1.41161892e-02   -1.77746285e-01
5091     1.68552170e-08    4.41077396e+00    1.00142136e+01    1.37536682e-02   -1.77286169e-01
5092     1.68585504e-08    4.40614257e+00    1.00096658e+01    8.46519725e-03   -1.76889106e-01
5093     1.68618837e-08    4.41978295e+00    1.00017883e+01    2.95739196e-04   -1.76695476e-01
5094     1.68652170e-08    4.44647330e+00    9.99315885e+00   -8.07445576e-03   -1.76774351e-01
5095     1.68685504e-08    4.47602608e+00    9.98673326e+00   -1.37718378e-02   -1.77103572e-01
5096     1.68718837e-08    4.49717001e+00    9.98517205e+00   -1.43941774e-02   -1.77567588e-01
5097     1.68752170e-08    4.50183161e+00    9.98957386e+00   -9.20570777e-03   -1.77987557e-01
5098     1.68785504e-08    4.48821459e+00    9.99835621e+00   -1.12740903e-04   -1.78191446e-01
5099     1.68818837e-08    4.46150846e+00    1.00076909e+01    8.92814989e-03   -1.78096001e-01
5100     1.68852170e-08    4.43192259e+00    1.00136471e+01    1.41161833e-02   -1.77746284e-01
5101     1.68885504e-08    4.41077396e+00    1.00142136e+01    1.37536559e-02   -1.77286168e-01
5102     1.68918837e-08    4.40614257e+00    1.00096658e+01    8.46518401e-03   -1.76889106e-01
5103     1.68952170e-08    4.41978295e+00    1.00017883e+01    2.95729001e-04   -1.76695476e-01
5104     1.68985504e-08    4.44647330e+00    9.99315885e+00   -8.07446029e-03   -1.76774352e-01
5105     1.69018837e-08    4.47602608e+00    9.98673326e+00   -1.37718348e-02   -1.77103573e-01
5106     1.69052170e-08    4.49717001e+00    9.98517206e+00   -1.43941667e-02   -1.77567589e-01
5107     1.69085504e-08    4.50183161e+00    9.98957387e+00   -9.20569253e-03   -1.77987558e-01
5108     1.69118837e-08    4.48821459e+00    9.99835623e+00   -1.12727897e-04   -1.78191446e-01
5109     1.69152170e-08    4.46150846e+00    1.00076910e+01    8.92815416e-03   -1.78096001e-01
5110     1.69185504e-08    4.43192259e+00    1.00136471e+01    1.41161773e-02   -1.77746283e-01
5111     1.69218837e-08    4.41077396e+00    1.00142136e+01    1.37536436e-02   -1.77286168e-01
5112     1.69252170e-08    4.40614257e+00    1.00096657e+01    8.46517077e-03   -1.76889106e-01
5113     1.69285504e-08    4.41978295e+00    1.00017883e+01    2.95718804e-04   -1.76695477e-01
5114     1.69318837e-08    4.44647330e+00    9.99315884e+00   -8.07446482e-03   -1.76774353e-01
5115     1.69352170e-08    4.47602607e+00    9.98673326e+00   -1.37718319e-02   -1.77103574e-01
5116     1.69385504e-08    4.49717001e+00    9.98517207e+00   -1.43941560e-02   -1.77567589e-01
5117     1.69418837e-08    4.50183161e+00    9.98957389e+00   -9.20567729e-03   -1.77987558e-01
5118     1.69452170e-08    4.48821459e+00    9.99835624e+00   -1.12714888e-04   -1.78191446e-01
5119     1.69485504e-08    4.46150846e+00    1.00076910e+01    8.92815843e-03   -1.78096000e-01
5120     1.69518837e-08    4.43192259e+00    1.00136471e+01    1.41161714e-02   -1.77746283e-01
5121     1.69552170e-08    4.41077396e+00    1.00142136e+01    1.37536314e-02   -1.77286168e-01
5122     1.69585504e-08    4.40614257e+00    1.00096657e+01    8.46515752e-03   -1.76889106e-01
5123     1.69618837e-08    4.41978295e+00    1.00017883e+01    2.95708606e-04   -1.76695477e-01
5124     1.69652170e-08    4.44647330e+00    9.99315883e+00   -8.07446935e-03   -1.76774353e-01
5125     1.69685504e-08    4.47602607e+00    9.98673326e+00   -1.37718289e-02   -1.77103575e-01
5126     1.69718837e-08    4.49717001e+00    9.98517208e+00   -1.43941453e-02   -1.77567590e-01
5127     1.69752170e-08    4.50183161e+00    9.98957391e+00   -9.20566205e-03   -1.77987558e-01
5128     1.69785504e-08    4.48821459e+00    9.99835625e+00   -1.12701877e-04   -1.78191445e-01
5129     1.69818837e-08    4.46150846e+00    1.00076910e+01    8.92816271e-03   -1.78096000e-01
5130     1.69852170e-08    4.43192259e+00    1.00136471e+01    1.41161655e-02   -1.77746282e-01
5131     1.69885504e-08    4.41077396e+00    1.00142136e+01    1.37536191e-02   -1.77286167e-01
5132     1.69918837e-08    4.40614257e+00    1.00096657e+01    8.46514427e-03   -1.76889106e-01
5133     1.69952170e-08    4.41978295e+00    1.00017883e+01    2.95698405e-04   -1.76695478e-01
5134     1.69985504e-08    4.44647330e+00    9.99315883e+00   -8.07447388e-03   -1.76774354e-01
5135     1.70018837e-08    4.47602607e+00    9.98673327e+00   -1.37718260e-02   -1.77103575e-01
5136     1.70052170e-08    4.49717001e+00    9.98517209e+00   -1.43941346e-02   -1.77567591e-01
5137     1.70085504e-08    4.50183161e+00    9.98957392e+00   -9.20564681e-03   -1.77987558e-01
5138     1.70118837e-08    4.48821459e+00    9.99835627e+00   -1.12688863e-04   -1.78191445e-01
5139     1.70152170e-08    4.46150846e+00    1.00076910e+01    8.92816698e-03   -1.78095999e-01
5140     1.70185504e-08    4.43192259e+00    1.00136471e+01    1.41161596e-02   -1.77746281e-01
5141     1.70218837e-08    4.41077396e+00    1.00142135e+01    1.37536068e-02   -1.77286167e-01
5142     1.70252170e-08    4.40614257e+00    1.00096657e+01    8.46513102e-03   -1.76889106e-01
5143     1.70285504e-08    4.41978295e+00    1.00017883e+01    2.95688202e-04   -1.76695478e-01
5144     1.70318837e-08    4.44647330e+00    9.99315882e+00   -8.07447841e-03   -1.76774355e-01
5145     1.70352170e-08    4.47602607e+00    9.98673327e+00   -1.37718230e-02   -1.77103576e-01
5146     1.70385504e-08    4.49717001e+00    9.98517210e+00   -1.43941239e-02   -1.77567591e-01
5147     1.70418837e-08    4.50183161e+00    9.98957394e+00   -9.20563156e-03   -1.77987558e-01
5148     1.70452170e-08    4.48821459e+00    9.99835628e+00   -1.12675847e-04   -1.78191445e-01
5149     1.70485504e-08    4.46150846e+00    1.00076910e+01    8.92817125e-03   -1.78095998e-01
5150     1.70518837e-08    4.43192259e+00    1.00136471e+01    1.41161536e-02   -1.77746281e-01
5151     1.70552170e-08    4.41077396e+00    1.00142135e+01    1.37535945e-02   -1.77286167e-01
5152     1.70585504e-08    4.40614257e+00    1.00096657e+01    8.46511777e-03   -1.76889106e-01
5153     1.70618837e-08    4.41978294e+00    1.00017883e+01    2.95677998e-04   -1.76695478e-01
5154     1.70652170e-08    4.44647329e+00    9.99315882e+00   -8.07448295e-03   -1.76774356e-01
5155     1.70685504e-08    4.47602607e+00    9.98673327e+00   -1.37718200e-02   -1.77103577e-01
5156     1.70718837e-08    4.49717000e+00    9.98517211e+00   -1.43941132e-02   -1.77567592e-01
5157     1.70752170e-08    4.50183161e+00    9.98957395e+00   -9.20561631e-03   -1.77987559e-01
5158     1.70785504e-08    4.48821459e+00    9.99835629e+00   -1.12662828e-04   -1.78191444e-01
5159     1.70818837e-08    4.46150846e+00    1.00076910e+01    8.92817553e-03   -1.78095998e-01
5160     1.70852170e-08    4.43192259e+00    1.00136471e+01    1.41161477e-02   -1.77746280e-01
5161     1.70885504e-08    4.41077396e+00    1.00142135e+01    1.37535823e-02   -1.77286166e-01
5162     1.70918837e-08    4.40614257e+00    1.00096657e+01    8.46510451e-03   -1.76889106e-01
5163     1.70952170e-08    4.41978294e+00    1.00017883e+01    2.95667791e-04   -1.76695479e-01
5164     1.70985504e-08    4.44647329e+00    9.99315881e+00   -8.07448748e-03   -1.76774356e-01
5165     1.71018837e-08    4.47602607e+00    9.98673327e+00   -1.37718171e-02   -1.77103578e-01
5166     1.71052170e-08    4.49717000e+00    9.98517212e+00   -1.43941025e-02   -1.77567592e-01
5167     1.71085504e-08    4.50183161e+00    9.98957397e+00   -9.20560106e-03   -1.77987559e-01
5168     1.71118837e-08    4.48821459e+00    9.99835631e+00   -1.12649807e-04   -1.78191444e-01
5169     1.71152170e-08    4.46150846e+00    1.00076910e+01    8.92817980e-03   -1.78095997e-01
5170     1.71185504e-08    4.43192259e+00    1.00136471e+01    1.41161417e-02   -1.77746280e-01
5171     1.71218837e-08    4.41077396e+00    1.00142135e+01    1.37535700e-02   -1.77286166e-01
5172     1.71252170e-08    4.40614257e+00    1.00096657e+01    8.46509125e-03   -1.76889106e-01
5173     1.71285504e-08    4.41978294e+00    1.00017882e+01    2.95657583e-04   -1.76695479e-01
5174     1.71318837e-08    4.44647329e+00    9.99315880e+00   -8.07449202e-03   -1.76774357e-01
5175     1.71352170e-08    4.47602607e+00    9.98673327e+00   -1.37718141e-02   -1.77103579e-01
5176     1.71385504e-08    4.49717000e+00    9.98517213e+00   -1.43940918e-02   -1.77567593e-01
5177     1.71418837e-08    4.50183161e+00    9.98957398e+00   -9.20558580e-03   -1.77987559e-01
5178     1.71452170e-08    4.48821459e+00    9.99835632e+00   -1.12636783e-04   -1.78191444e-01
5179     1.71485504e-08    4.46150847e+00    1.00076910e+01    8.92818408e-03   -1.78095996e-01
5180     1.71518837e-08    4.43192259e+00    1.00136471e+01    1.41161358e-02   -1.77746279e-01
5181     1.71552170e-08    4.41077396e+00    1.00142135e+01    1.37535577e-02   -1.77286165e-01
5182     1.71585504e-08    4.40614257e+00    1.00096656e+01    8.46507799e-03   -1.76889106e-01
5183     1.71618837e-08    4.41978294e+00    1.00017882e+01    2.95647372e-04   -1.76695480e-01
5184     1.71652170e-08    4.44647329e+00    9.99315880e+00   -8.07449655e-03   -1.76774358e-01
5185     1.71685504e-08    4.47602606e+00    9.98673327e+00   -1.37718111e-02   -1.77103579e-01
5186     1.71718837e-08    4.49717000e+00    9.98517214e+00   -1.43940811e-02   -1.77567594e-01
5187     1.71752170e-08    4.50183161e+00    9.98957400e+00   -9.20557055e-03   -1.77987559e-01
5188     1.71785504e-08    4.48821459e+00    9.99835634e+00   -1.12623757e-04   -1.78191444e-01
5189     1.71818837e-08    4.46150847e+00    1.00076910e+01    8.92818836e-03   -1.78095996e-01
5190     1.71852170e-08    4.43192260e+00    1.00136471e+01    1.41161299e-02   -1.77746278e-01
5191     1.71885504e-08    4.41077396e+00    1.00142135e+01    1.37535454e-02   -1.77286165e-01
5192     1.71918837e-08    4.40614257e+00    1.00096656e+01    8.46506472e-03   -1.76889106e-01
5193     1.71952170e-08    4.41978294e+00    1.00017882e+01    2.95637160e-04   -1.76695480e-01
5194     1.71985504e-08    4.44647329e+00    9.99315879e+00   -8.07450109e-03   -1.76774359e-01
5195     1.72018837e-08    4.47602606e+00    9.98673328e+00   -1.37718082e-02   -1.77103580e-01
5196     1.72052170e-08    4.49717000e+00    9.98517215e+00   -1.43940704e-02   -1.77567594e-01
5197     1.72085504e-08    4.50183161e+00    9.98957401e+00   -9.20555528e-03   -1.77987559e-01
5198     1.72118837e-08    4.48821459e+00    9.99835635e+00   -1.12610728e-04   -1.78191443e-01
5199     1.72152170e-08    4.46150847e+00    1.00076910e+01    8.92819263e-03   -1.78095995e-01
5200     1.72185504e-08    4.43192260e+00    1.00136471e+01    1.41161239e-02   -1.77746278e-01
5201     1.72218837e-08    4.41077396e+00    1.00142135e+01    1.37535331e-02   -1.77286165e-01
5202     1.72252170e-08    4.40614256e+00    1.00096656e+01    8.46505146e-03   -1.76889106e-01
5203     1.72285504e-08    4.41978294e+00    1.00017882e+01    2.95626946e-04   -1.76695481e-01
5204     1.72318837e-08    4.44647329e+00    9.99315879e+00   -8.07450563e-03   -1.76774359e-01
5205     1.72352170e-08    4.47602606e+00    9.98673328e+00   -1.37718052e-02   -1.77103581e-01
5206     1.72385504e-08    4.49717000e+00    9.98517216e+00   -1.43940597e-02   -1.77567595e-01
5207     1.72418837e-08    4.50183161e+00    9.98957403e+00   -9.20554002e-03   -1.77987559e-01
5208     1.72452170e-08    4.48821459e+00    9.99835636e+00   -1.12597697e-04   -1.78191443e-01
5209     1.72485504e-08    4.46150847e+00    1.00076910e+01    8.92819691e-03   -1.78095995e-01
5210     1.72518837e-08    4.43192260e+00    1.00136471e+01    1.41161180e-02   -1.77746277e-01
5211     1.72552170e-08    4.41077396e+00    1.00142135e+01    1.37535208e-02   -1.77286164e-01
5212     1.72585504e-08    4.40614256e+00    1.00096656e+01    8.46503819e-03   -1.76889106e-01
5213     1.72618837e-08    4.41978294e+00    1.00017882e+01    2.95616730e-04   -1.76695481e-01
5214     1.72652170e-08    4.44647329e+00    9.99315878e+00   -8.07451016e-03   -1.76774360e-01
5215     1.72685504e-08    4.47602606e+00    9.98673328e+00   -1.37718023e-02   -1.77103582e-01
5216     1.72718837e-08    4.49717000e+00    9.98517217e+00   -1.43940490e-02   -1.77567595e-01
5217     1.72752170e-08    4.50183160e+00    9.98957404e+00   -9.20552475e-03   -1.77987560e-01
5218     1.72785504e-08    4.48821459e+00    9.99835638e+00   -1.12584663e-04   -1.78191443e-01
5219     1.72818837e-08    4.46150847e+00    1.00076910e+01    8.92820119e-03   -1.78095994e-01
5220     1.72852170e-08    4.43192260e+00    1.00136471e+01    1.41161120e-02   -1.77746276e-01
5221     1.72885504e-08    4.41077396e+00    1.00142135e+01    1.37535085e-02   -1.77286164e-01
5222     1.72918837e-08    4.40614256e+00    1.00096656e+01    8.46502492e-03   -1.76889106e-01
5223     1.72952170e-08    4.41978294e+00    1.00017882e+01    2.95606511e-04   -1.76695482e-01
5224     1.72985504e-08    4.44647328e+00    9.99315878e+00   -8.07451470e-03   -1.76774361e-01
5225     1.73018837e-08    4.47602606e+00    9.98673328e+00   -1.37717993e-02   -1.77103583e-01
5226     1.73052170e-08    4.49717000e+00    9.98517218e+00   -1.43940382e-02   -1.77567596e-01
5227     1.73085504e-08    4.50183160e+00    9.98957406e+00   -9.20550948e-03   -1.77987560e-01
5228     1.73118837e-08    4.48821459e+00    9.99835639e+00   -1.12571627e-04   -1.78191442e-01
5229     1.73152170e-08    4.46150847e+00    1.00076910e+01    8.92820547e-03   -1.78095993e-01
5230     1.73185504e-08    4.43192260e+00    1.00136471e+01    1.41161061e-02   -1.77746276e-01
5231     1.73218837e-08    4.41077396e+00    1.00142134e+01    1.37534962e-02   -1.77286164e-01
5232     1.73252170e-08    4.40614256e+00    1.00096656e+01    8.46501164e-03   -1.76889106e-01
5233     1.73285504e-08    4.41978294e+00    1.00017882e+01    2.95596291e-04   -1.76695482e-01
5234     1.73318837e-08    4.44647328e+00    9.99315877e+00   -8.07451924e-03   -1.76774361e-01
5235     1.73352170e-08    4.47602606e+00    9.98673328e+00   -1.37717963e-02   -1.77103583e-01
5236     1.73385504e-08    4.49716999e+00    9.98517219e+00   -1.43940275e-02   -1.77567597e-01
5237     1.73418837e-08    4.50183160e+00    9.98957407e+00   -9.20549421e-03   -1.77987560e-01
5238     1.73452170e-08    4.48821459e+00    9.99835641e+00   -1.12558589e-04   -1.78191442e-01
5239     1.73485504e-08    4.46150847e+00    1.00076910e+01    8.92820975e-03   -1.78095993e-01
5240     1.73518837e-08    4.43192260e+00    1.00136471e+01    1.41161002e-02   -1.77746275e-01
5241     1.73552170e-08    4.41077396e+00    1.00142134e+01    1.37534839e-02   -1.77286163e-01
5242     1.73585504e-08    4.40614256e+00    1.00096656e+01    8.46499836e-03   -1.76889106e-01
5243     1.73618837e-08    4.41978294e+00    1.00017882e+01    2.95586069e-04   -1.76695482e-01
5244     1.73652170e-08    4.44647328e+00    9.99315876e+00   -8.07452378e-03   -1.76774362e-01
5245     1.73685504e-08    4.47602605e+00    9.98673328e+00   -1.37717934e-02   -1.77103584e-01
5246     1.73718837e-08    4.49716999e+00    9.98517220e+00   -1.43940168e-02   -1.77567597e-01
5247     1.73752170e-08    4.50183160e+00    9.98957409e+00   -9.20547893e-03   -1.77987560e-01
5248     1.73785504e-08    4.48821459e+00    9.99835642e+00   -1.12545548e-04   -1.78191442e-01
5249     1.73818837e-08    4.46150847e+00    1.00076910e+01    8.92821403e-03   -1.78095992e-01
5250     1.73852170e-08    4.43192260e+00    1.00136471e+01    1.41160942e-02   -1.77746274e-01
5251     1.73885504e-08    4.41077396e+00    1.00142134e+01    1.37534716e-02   -1.77286163e-01
5252     1.73918837e-08    4.40614256e+00    1.00096656e+01    8.46498508e-03   -1.76889106e-01
5253     1.73952170e-08    4.41978293e+00    1.00017882e+01    2.95575845e-04   -1.76695483e-01
5254     1.73985504e-08    4.44647328e+00    9.99315876e+00   -8.07452832e-03   -1.76774363e-01
5255     1.74018837e-08    4.47602605e+00    9.98673328e+00   -1.37717904e-02   -1.77103585e-01
5256     1.74052170e-08    4.49716999e+00    9.98517221e+00   -1.43940061e-02   -1.77567598e-01
5257     1.74085504e-08    4.50183160e+00    9.98957410e+00   -9.20546365e-03   -1.77987560e-01
5258     1.74118837e-08    4.48821459e+00    9.99835643e+00   -1.12532504e-04   -1.78191442e-01
5259     1.74152170e-08    4.46150847e+00    1.00076910e+01    8.92821832e-03   -1.78095991e-01
5260     1.74185504e-08    4.43192260e+00    1.00136471e+01    1.41160883e-02   -1.77746274e-01
5261     1.74218837e-08    4.41077396e+00    1.00142134e+01    1.37534593e-02   -1.77286162e-01
5262     1.74252170e-08    4.40614256e+00    1.00096655e+01    8.46497180e-03   -1.76889106e-01
5263     1.74285504e-08    4.41978293e+00    1.00017881e+01    2.95565619e-04   -1.76695483e-01
5264     1.74318837e-08    4.44647328e+00    9.99315875e+00   -8.07453287e-03   -1.76774364e-01
5265     1.74352170e-08    4.47602605e+00    9.98673329e+00   -1.37717874e-02   -1.77103586e-01
5266     1.74385504e-08    4.49716999e+00    9.98517222e+00   -1.43939953e-02   -1.77567599e-01
5267     1.74418837e-08    4.50183160e+00    9.98957412e+00   -9.20544837e-03   -1.77987561e-01
5268     1.74452170e-08    4.48821459e+00    9.99835645e+00   -1.12519458e-04   -1.78191441e-01
5269     1.74485504e-08    4.46150847e+00    1.00076910e+01    8.92822260e-03   -1.78095991e-01
5270     1.74518837e-08    4.43192260e+00    1.00136471e+01    1.41160823e-02   -1.77746273e-01
5271     1.74552170e-08    4.41077396e+00    1.00142134e+01    1.37534470e-02   -1.77286162e-01
5272     1.74585504e-08    4.40614256e+00    1.00096655e+01    8.46495852e-03   -1.76889106e-01
5273     1.74618837e-08    4.41978293e+00    1.00017881e+01    2.95555391e-04   -1.76695484e-01
5274     1.74652170e-08    4.44647328e+00    9.99315875e+00   -8.07453741e-03   -1.76774364e-01
5275     1.74685504e-08    4.47602605e+00    9.98673329e+00   -1.37717844e-02   -1.77103587e-01
5276     1.74718837e-08    4.49716999e+00    9.98517223e+00   -1.43939846e-02   -1.77567599e-01
5277     1.74752170e-08    4.50183160e+00    9.98957413e+00   -9.20543309e-03   -1.77987561e-01
5278     1.74785504e-08    4.48821459e+00    9.99835646e+00   -1.12506410e-04   -1.78191441e-01
5279     1.74818837e-08    4.46150847e+00    1.00076911e+01    8.92822688e-03   -1.78095990e-01
5280     1.74852170e-08    4.43192260e+00    1.00136470e+01    1.41160764e-02   -1.77746272e-01
5281     1.74885504e-08    4.41077396e+00    1.00142134e+01    1.37534347e-02   -1.77286162e-01
5282     1.74918837e-08    4.40614256e+00    1.00096655e+01    8.46494523e-03   -1.76889106e-01
5283     1.74952170e-08    4.41978293e+00    1.00017881e+01    2.95545161e-04   -1.76695484e-01
5284     1.74985504e-08    4.44647328e+00    9.99315874e+00   -8.07454195e-03   -1.76774365e-01
5285     1.75018837e-08    4.47602605e+00    9.98673329e+00   -1.37717815e-02   -1.77103587e-01
5286     1.75052170e-08    4.49716999e+00    9.98517224e+00   -1.43939739e-02   -1.77567600e-01
5287     1.75085504e-08    4.50183160e+00    9.98957415e+00   -9.20541780e-03   -1.77987561e-01
5288     1.75118837e-08    4.48821459e+00    9.99835648e+00   -1.12493359e-04   -1.78191441e-01
5289     1.75152170e-08    4.46150847e+00    1.00076911e+01    8.92823117e-03   -1.78095990e-01
5290     1.75185504e-08    4.43192260e+00    1.00136470e+01    1.41160704e-02   -1.77746272e-01
5291     1.75218837e-08    4.41077396e+00    1.00142134e+01    1.37534224e-02   -1.77286161e-01
5292     1.75252170e-08    4.40614256e+00    1.00096655e+01    8.46493194e-03   -1.76889106e-01
5293     1.75285504e-08    4.41978293e+00    1.00017881e+01    2.95534929e-04   -1.76695485e-01
5294     1.75318837e-08    4.44647327e+00    9.99315873e+00   -8.07454650e-03   -1.76774366e-01
5295     1.75352170e-08    4.47602605e+00    9.98673329e+00   -1.37717785e-02   -1.77103588e-01
5296     1.75385504e-08    4.49716999e+00    9.98517225e+00   -1.43939632e-02   -1.77567600e-01
5297     1.75418837e-08    4.50183160e+00    9.98957416e+00   -9.20540251e-03   -1.77987561e-01
5298     1.75452170e-08    4.48821459e+00    9.99835649e+00   -1.12480305e-04   -1.78191440e-01
5299     1.75485504e-08    4.46150847e+00    1.00076911e+01    8.92823545e-03   -1.78095989e-01
5300     1.75518837e-08    4.43192260e+00    1.00136470e+01    1.41160645e-02   -1.77746271e-01
5301     1.75552170e-08    4.41077396e+00    1.00142134e+01    1.37534101e-02   -1.77286161e-01
5302     1.75585504e-08    4.40614256e+00    1.00096655e+01    8.46491865e-03   -1.76889106e-01
5303     1.75618837e-08    4.41978293e+00    1.00017881e+01    2.95524695e-04   -1.76695485e-01
5304     1.75652170e-08    4.44647327e+00    9.99315873e+00   -8.07455105e-03   -1.76774367e-01
5305     1.75685504e-08    4.47602604e+00    9.98673329e+00   -1.37717755e-02   -1.77103589e-01
5306     1.75718837e-08    4.49716998e+00    9.98517226e+00   -1.43939524e-02   -1.77567601e-01
5307     1.75752170e-08    4.50183160e+00    9.98957418e+00   -9.20538721e-03   -1.77987561e-01
5308     1.75785504e-08    4.48821459e+00    9.99835650e+00   -1.12467249e-04   -1.78191440e-01
5309     1.75818837e-08    4.46150847e+00    1.00076911e+01    8.92823974e-03   -1.78095988e-01
5310     1.75852170e-08    4.43192260e+00    1.00136470e+01    1.41160585e-02   -1.77746271e-01
5311     1.75885504e-08    4.41077397e+00    1.00142134e+01    1.37533977e-02   -1.77286160e-01
5312     1.75918837e-08    4.40614256e+00    1.00096655e+01    8.46490535e-03   -1.76889106e-01
5313     1.75952170e-08    4.41978293e+00    1.00017881e+01    2.95514460e-04   -1.76695486e-01
5314     1.75985504e-08    4.44647327e+00    9.99315872e+00   -8.07455559e-03   -1.76774367e-01
5315     1.76018837e-08    4.47602604e+00    9.98673329e+00   -1.37717726e-02   -1.77103590e-01
5316     1.76052170e-08    4.49716998e+00    9.98517227e+00   -1.43939417e-02   -1.77567602e-01
5317     1.76085504e-08    4.50183160e+00    9.98957419e+00   -9.20537192e-03   -1.77987562e-01
5318     1.76118837e-08    4.48821459e+00    9.99835652e+00   -1.12454191e-04   -1.78191440e-01
5319     1.76152170e-08    4.46150847e+00    1.00076911e+01    8.92824403e-03   -1.78095988e-01
5320     1.76185504e-08    4.43192260e+00    1.00136470e+01    1.41160526e-02   -1.77746270e-01
5321     1.76218837e-08    4.41077397e+00    1.00142133e+01    1.37533854e-02   -1.77286160e-01
5322     1.76252170e-08    4.40614256e+00    1.00096655e+01    8.46489206e-03   -1.76889106e-01
5323     1.76285504e-08    4.41978293e+00    1.00017881e+01    2.95504222e-04   -1.76695486e-01
5324     1.76318837e-08    4.44647327e+00    9.99315872e+00   -8.07456014e-03   -1.76774368e-01
5325     1.76352170e-08    4.47602604e+00    9.98673330e+00   -1.37717696e-02   -1.77103591e-01
5326     1.76385504e-08    4.49716998e+00    9.98517228e+00   -1.43939309e-02   -1.77567602e-01
5327     1.76418837e-08    4.50183160e+00    9.98957421e+00   -9.20535662e-03   -1.77987562e-01
5328     1.76452170e-08    4.48821459e+00    9.99835653e+00   -1.12441130e-04   -1.78191439e-01
5329     1.76485504e-08    4.46150847e+00    1.00076911e+01    8.92824832e-03   -1.78095987e-01
5330     1.76518837e-08    4.43192260e+00    1.00136470e+01    1.41160466e-02   -1.77746269e-01
5331     1.76552170e-08    4.41077397e+00    1.00142133e+01    1.37533731e-02   -1.77286160e-01
5332     1.76585504e-08    4.40614256e+00    1.00096654e+01    8.46487876e-03   -1.76889106e-01
5333     1.76618837e-08    4.41978293e+00    1.00017881e+01    2.95493982e-04   -1.76695486e-01
5334     1.76652170e-08    4.44647327e+00    9.99315871e+00   -8.07456469e-03   -1.76774369e-01
5335     1.76685504e-08    4.47602604e+00    9.98673330e+00   -1.37717666e-02   -1.77103591e-01
5336     1.76718837e-08    4.49716998e+00    9.98517229e+00   -1.43939202e-02   -1.77567603e-01
5337     1.76752170e-08    4.50183160e+00    9.98957422e+00   -9.20534131e-03   -1.77987562e-01
5338     1.76785504e-08    4.48821459e+00    9.99835655e+00   -1.12428067e-04   -1.78191439e-01
5339     1.76818837e-08    4.46150847e+00    1.00076911e+01    8.92825260e-03   -1.78095986e-01
5340     1.76852170e-08    4.43192260e+00    1.00136470e+01    1.41160407e-02   -1.77746269e-01
5341     1.76885504e-08    4.41077397e+00    1.00142133e+01    1.37533608e-02   -1.77286159e-01
5342     1.76918837e-08    4.40614256e+00    1.00096654e+01    8.46486545e-03   -1.76889106e-01
5343     1.76952170e-08    4.41978293e+00    1.00017881e+01    2.95483741e-04   -1.76695487e-01
5344     1.76985504e-08    4.44647327e+00    9.99315870e+00   -8.07456924e-03   -1.76774369e-01
5345     1.77018837e-08    4.47602604e+00    9.98673330e+00   -1.37717636e-02   -1.77103592e-01
5346     1.77052170e-08    4.49716998e+00    9.98517230e+00   -1.43939095e-02   -1.77567603e-01
5347     1.77085504e-08    4.50183160e+00    9.98957424e+00   -9.20532601e-03   -1.77987562e-01
5348     1.77118837e-08    4.48821459e+00    9.99835656e+00   -1.12415001e-04   -1.78191439e-01
5349     1.77152170e-08    4.46150847e+00    1.00076911e+01    8.92825689e-03   -1.78095986e-01
5350     1.77185504e-08    4.43192260e+00    1.00136470e+01    1.41160347e-02   -1.77746268e-01
5351     1.77218837e-08    4.41077397e+00    1.00142133e+01    1.37533484e-02   -1.77286159e-01
5352     1.77252170e-08    4.40614256e+00    1.00096654e+01    8.46485215e-03   -1.76889107e-01
5353     1.77285504e-08    4.41978292e+00    1.00017880e+01    2.95473497e-04   -1.76695487e-01
5354     1.77318837e-08    4.44647327e+00    9.99315870e+00   -8.07457379e-03   -1.76774370e-01
5355     1.77352170e-08    4.47602604e+00    9.98673330e+00   -1.37717607e-02   -1.77103593e-01
5356     1.77385504e-08    4.49716998e+00    9.98517231e+00   -1.43938987e-02   -1.77567604e-01
5357     1.77418837e-08    4.50183159e+00    9.98957426e+00   -9.20531070e-03   -1.77987562e-01
5358     1.77452170e-08    4.48821459e+00    9.99835657e+00   -1.12401933e-04   -1.78191439e-01
5359     1.77485504e-08    4.46150847e+00    1.00076911e+01    8.92826118e-03   -1.78095985e-01
5360     1.77518837e-08    4.43192260e+00    1.00136470e+01    1.41160287e-02   -1.77746267e-01
5361     1.77552170e-08    4.41077397e+00    1.00142133e+01    1.37533361e-02   -1.77286159e-01
5362     1.77585504e-08    4.40614256e+00    1.00096654e+01    8.46483884e-03   -1.76889107e-01
5363     1.77618837e-08    4.41978292e+00    1.00017880e+01    2.95463252e-04   -1.76695488e-01
5364     1.77652170e-08    4.44647326e+00    9.99315869e+00   -8.07457834e-03   -1.76774371e-01
5365     1.77685504e-08    4.47602604e+00    9.98673330e+00   -1.37717577e-02   -1.77103594e-01
5366     1.77718837e-08    4.49716998e+00    9.98517232e+00   -1.43938880e-02   -1.77567605e-01
5367     1.77752170e-08    4.50183159e+00    9.98957427e+00   -9.20529539e-03   -1.77987562e-01
5368     1.77785504e-08    4.48821459e+00    9.99835659e+00   -1.12388862e-04   -1.78191438e-01
5369     1.77818837e-08    4.46150847e+00    1.00076911e+01    8.92826547e-03   -1.78095985e-01
5370     1.77852170e-08    4.43192260e+00    1.00136470e+01    1.41160228e-02   -1.77746267e-01
5371     1.77885504e-08    4.41077397e+00    1.00142133e+01    1.37533238e-02   -1.77286158e-01
5372     1.77918837e-08    4.40614256e+00    1.00096654e+01    8.46482553e-03   -1.76889107e-01
5373     1.77952170e-08    4.41978292e+00    1.00017880e+01    2.95453004e-04   -1.76695488e-01
5374     1.77985504e-08    4.44647326e+00    9.99315869e+00   -8.07458289e-03   -1.76774372e-01
5375     1.78018837e-08    4.47602603e+00    9.98673330e+00   -1.37717547e-02   -1.77103595e-01
5376     1.78052170e-08    4.49716998e+00    9.98517233e+00   -1.43938772e-02   -1.77567605e-01
5377     1.78085504e-08    4.50183159e+00    9.98957429e+00   -9.20528007e-03   -1.77987563e-01
5378     1.78118837e-08    4.48821459e+00    9.99835660e+00   -1.12375789e-04   -1.78191438e-01
5379     1.78152170e-08    4.46150847e+00    1.00076911e+01    8.92826977e-03   -1.78095984e-01
5380     1.78185504e-08    4.43192260e+00    1.00136470e+01    1.41160168e-02   -1.77746266e-01
5381     1.78218837e-08    4.41077397e+00    1.00142133e+01    1.37533115e-02   -1.77286158e-01
5382     1.78252170e-08    4.40614256e+00    1.00096654e+01    8.46481222e-03   -1.76889107e-01
5383     1.78285504e-08    4.41978292e+00    1.00017880e+01    2.95442755e-04   -1.76695489e-01
5384     1.78318837e-08    4.44647326e+00    9.99315868e+00   -8.07458744e-03   -1.76774372e-01
5385     1.78352170e-08    4.47602603e+00    9.98673331e+00   -1.37717517e-02   -1.77103595e-01
5386     1.78385504e-08    4.49716997e+00    9.98517234e+00   -1.43938665e-02   -1.77567606e-01
5387     1.78418837e-08    4.50183159e+00    9.98957430e+00   -9.20526476e-03   -1.77987563e-01
5388     1.78452170e-08    4.48821459e+00    9.99835662e+00   -1.12362713e-04   -1.78191438e-01
5389     1.78485504e-08    4.46150847e+00    1.00076911e+01    8.92827406e-03   -1.78095983e-01
5390     1.78518837e-08    4.43192260e+00    1.00136470e+01    1.41160109e-02   -1.77746265e-01
5391     1.78552170e-08    4.41077397e+00    1.00142133e+01    1.37532991e-02   -1.77286157e-01
5392     1.78585504e-08    4.40614256e+00    1.00096654e+01    8.46479890e-03   -1.76889107e-01
5393     1.78618837e-08    4.41978292e+00    1.00017880e+01    2.95432503e-04   -1.76695489e-01
5394     1.78652170e-08    4.44647326e+00    9.99315868e+00   -8.07459200e-03   -1.76774373e-01
5395     1.78685504e-08    4.47602603e+00    9.98673331e+00   -1.37717488e-02   -1.77103596e-01
5396     1.78718837e-08    4.49716997e+00    9.98517235e+00   -1.43938557e-02   -1.77567606e-01
5397     1.78752170e-08    4.50183159e+00    9.98957432e+00   -9.20524944e-03   -1.77987563e-01
5398     1.78785504e-08    4.48821459e+00    9.99835663e+00   -1.12349635e-04   -1.78191437e-01
5399     1.78818837e-08    4.46150847e+00    1.00076911e+01    8.92827835e-03   -1.78095983e-01
5400     1.78852170e-08    4.43192261e+00    1.00136470e+01    1.41160049e-02   -1.77746265e-01
5401     1.78885504e-08    4.41077397e+00    1.00142132e+01    1.37532868e-02   -1.77286157e-01
5402     1.78918837e-08    4.40614256e+00    1.00096654e+01    8.46478558e-03   -1.76889107e-01
5403     1.78952170e-08    4.41978292e+00    1.00017880e+01    2.95422250e-04   -1.76695490e-01
5404     1.78985504e-08    4.44647326e+00    9.99315867e+00   -8.07459655e-03   -1.76774374e-01
5405     1.79018837e-08    4.47602603e+00    9.98673331e+00   -1.37717458e-02   -1.77103597e-01
5406     1.79052170e-08    4.49716997e+00    9.98517236e+00   -1.43938449e-02   -1.77567607e-01
5407     1.79085504e-08    4.50183159e+00    9.98957433e+00   -9.20523411e-03   -1.77987563e-01
5408     1.79118837e-08    4.48821459e+00    9.99835664e+00   -1.12336554e-04   -1.78191437e-01
5409     1.79152170e-08    4.46150847e+00    1.00076911e+01    8.92828265e-03   -1.78095982e-01
5410     1.79185504e-08    4.43192261e+00    1.00136470e+01    1.41159989e-02   -1.77746264e-01
5411     1.79218837e-08    4.41077397e+00    1.00142132e+01    1.37532744e-02   -1.77286157e-01
5412     1.79252170e-08    4.40614256e+00    1.00096653e+01    8.46477226e-03   -1.76889107e-01
5413     1.79285504e-08    4.41978292e+00    1.00017880e+01    2.95411995e-04   -1.76695490e-01
5414     1.79318837e-08    4.44647326e+00    9.99315866e+00   -8.07460111e-03   -1.76774375e-01
5415     1.79352170e-08    4.47602603e+00    9.98673331e+00   -1.37717428e-02   -1.77103598e-01
5416     1.79385504e-08    4.49716997e+00    9.98517237e+00   -1.43938342e-02   -1.77567608e-01
5417     1.79418837e-08    4.50183159e+00    9.98957435e+00   -9.20521879e-03   -1.77987563e-01
5418     1.79452170e-08    4.48821459e+00    9.99835666e+00   -1.12323471e-04   -1.78191437e-01
5419     1.79485504e-08    4.46150847e+00    1.00076911e+01    8.92828694e-03   -1.78095981e-01
5420     1.79518837e-08    4.43192261e+00    1.00136470e+01    1.41159930e-02   -1.77746263e-01
5421     1.79552170e-08    4.41077397e+00    1.00142132e+01    1.37532621e-02   -1.77286156e-01
5422     1.79585504e-08    4.40614255e+00    1.00096653e+01    8.46475894e-03   -1.76889107e-01
5423     1.79618837e-08    4.41978292e+00    1.00017880e+01    2.95401738e-04   -1.76695490e-01
5424     1.79652170e-08    4.44647326e+00    9.99315866e+00   -8.07460566e-03   -1.76774375e-01
5425     1.79685504e-08    4.47602603e+00    9.98673331e+00   -1.37717398e-02   -1.77103599e-01
5426     1.79718837e-08    4.49716997e+00    9.98517238e+00   -1.43938234e-02   -1.77567608e-01
5427     1.79752170e-08    4.50183159e+00    9.98957436e+00   -9.20520346e-03   -1.77987564e-01
5428     1.79785504e-08    4.48821459e+00    9.99835667e+00   -1.12310385e-04   -1.78191436e-01
5429     1.79818837e-08    4.46150848e+00    1.00076911e+01    8.92829124e-03   -1.78095981e-01
5430     1.79852170e-08    4.43192261e+00    1.00136470e+01    1.41159870e-02   -1.77746263e-01
5431     1.79885504e-08    4.41077397e+00    1.00142132e+01    1.37532497e-02   -1.77286156e-01
5432     1.79918837e-08    4.40614255e+00    1.00096653e+01    8.46474562e-03   -1.76889107e-01
5433     1.79952170e-08    4.41978292e+00    1.00017880e+01    2.95391479e-04   -1.76695491e-01
5434     1.79985504e-08    4.44647325e+00    9.99315865e+00   -8.07461022e-03   -1.76774376e-01
5435     1.80018837e-08    4.47602602e+00    9.98673331e+00   -1.37717369e-02   -1.77103599e-01
5436     1.80052170e-08    4.49716997e+00    9.98517239e+00   -1.43938127e-02   -1.77567609e-01
5437     1.80085504e-08    4.50183159e+00    9.98957438e+00   -9.20518813e-03   -1.77987564e-01
5438     1.80118837e-08    4.48821459e+00    9.99835669e+00   -1.12297297e-04   -1.78191436e-01
5439     1.80152170e-08    4.46150848e+00    1.00076911e+01    8.92829553e-03   -1.78095980e-01
5440     1.80185504e-08    4.43192261e+00    1.00136470e+01    1.41159810e-02   -1.77746262e-01
5441     1.80218837e-08    4.41077397e+00    1.00142132e+01    1.37532374e-02   -1.77286156e-01
5442     1.80252170e-08    4.40614255e+00    1.00096653e+01    8.46473229e-03   -1.76889107e-01
5443     1.80285504e-08    4.41978291e+00    1.00017879e+01    2.95381217e-04   -1.76695491e-01
5444     1.80318837e-08    4.44647325e+00    9.99315865e+00   -8.07461478e-03   -1.76774377e-01
5445     1.80352170e-08    4.47602602e+00    9.98673332e+00   -1.37717339e-02   -1.77103600e-01
5446     1.80385504e-08    4.49716997e+00    9.98517240e+00   -1.43938019e-02   -1.77567609e-01
5447     1.80418837e-08    4.50183159e+00    9.98957439e+00   -9.20517279e-03   -1.77987564e-01
5448     1.80452170e-08    4.48821459e+00    9.99835670e+00   -1.12284207e-04   -1.78191436e-01
5449     1.80485504e-08    4.46150848e+00    1.00076912e+01    8.92829983e-03   -1.78095980e-01
5450     1.80518837e-08    4.43192261e+00    1.00136470e+01    1.41159751e-02   -1.77746261e-01
5451     1.80552170e-08    4.41077397e+00    1.00142132e+01    1.37532250e-02   -1.77286155e-01
5452     1.80585504e-08    4.40614255e+00    1.00096653e+01    8.46471896e-03   -1.76889107e-01
5453     1.80618837e-08    4.41978291e+00    1.00017879e+01    2.95370954e-04   -1.76695492e-01
5454     1.80652170e-08    4.44647325e+00    9.99315864e+00   -8.07461933e-03   -1.76774377e-01
5455     1.80685504e-08    4.47602602e+00    9.98673332e+00   -1.37717309e-02   -1.77103601e-01
5456     1.80718837e-08    4.49716997e+00    9.98517241e+00   -1.43937911e-02   -1.77567610e-01
5457     1.80752170e-08    4.50183159e+00    9.98957441e+00   -9.20515745e-03   -1.77987564e-01
5458     1.80785504e-08    4.48821459e+00    9.99835671e+00   -1.12271114e-04   -1.78191436e-01
5459     1.80818837e-08    4.46150848e+00    1.00076912e+01    8.92830413e-03   -1.78095979e-01
5460     1.80852170e-08    4.43192261e+00    1.00136470e+01    1.41159691e-02   -1.77746261e-01
5461     1.80885504e-08    4.41077397e+00    1.00142132e+01    1.37532127e-02   -1.77286155e-01
5462     1.80918837e-08    4.40614255e+00    1.00096653e+01    8.46470562e-03   -1.76889107e-01
5463     1.80952170e-08    4.41978291e+00    1.00017879e+01    2.95360689e-04   -1.76695492e-01
5464     1.80985504e-08    4.44647325e+00    9.99315863e+00   -8.07462389e-03   -1.76774378e-01
5465     1.81018837e-08    4.47602602e+00    9.98673332e+00   -1.37717279e-02   -1.77103602e-01
5466     1.81052170e-08    4.49716996e+00    9.98517242e+00   -1.43937804e-02   -1.77567611e-01
5467     1.81085504e-08    4.50183159e+00    9.98957442e+00   -9.20514211e-03   -1.77987564e-01
5468     1.81118837e-08    4.48821459e+00    9.99835673e+00   -1.12258018e-04   -1.78191435e-01
5469     1.81152170e-08    4.46150848e+00    1.00076912e+01    8.92830843e-03   -1.78095978e-01
5470     1.81185504e-08    4.43192261e+00    1.00136470e+01    1.41159631e-02   -1.77746260e-01
5471     1.81218837e-08    4.41077397e+00    1.00142132e+01    1.37532003e-02   -1.77286154e-01
5472     1.81252170e-08    4.40614255e+00    1.00096653e+01    8.46469229e-03   -1.76889107e-01
5473     1.81285504e-08    4.41978291e+00    1.00017879e+01    2.95350423e-04   -1.76695493e-01
5474     1.81318837e-08    4.44647325e+00    9.99315863e+00   -8.07462845e-03   -1.76774379e-01
5475     1.81352170e-08    4.47602602e+00    9.98673332e+00   -1.37717249e-02   -1.77103603e-01
5476     1.81385504e-08    4.49716996e+00    9.98517243e+00   -1.43937696e-02   -1.77567611e-01
5477     1.81418837e-08    4.50183159e+00    9.98957444e+00   -9.20512677e-03   -1.77987565e-01
5478     1.81452170e-08    4.48821459e+00    9.99835674e+00   -1.12244920e-04   -1.78191435e-01
5479     1.81485504e-08    4.46150848e+00    1.00076912e+01    8.92831273e-03   -1.78095978e-01
5480     1.81518837e-08    4.43192261e+00    1.00136470e+01    1.41159572e-02   -1.77746260e-01
5481     1.81552170e-08    4.41077397e+00    1.00142132e+01    1.37531880e-02   -1.77286154e-01
5482     1.81585504e-08    4.40614255e+00    1.00096652e+01    8.46467895e-03   -1.76889107e-01
5483     1.81618837e-08    4.41978291e+00    1.00017879e+01    2.95340154e-04   -1.76695493e-01
5484     1.81652170e-08    4.44647325e+00    9.99315862e+00   -8.07463302e-03   -1.76774380e-01
5485     1.81685504e-08    4.47602602e+00    9.98673332e+00   -1.37717220e-02   -1.77103603e-01
5486     1.81718837e-08    4.49716996e+00    9.98517244e+00   -1.43937588e-02   -1.77567612e-01
5487     1.81752170e-08    4.50183158e+00    9.98957445e+00   -9.20511142e-03   -1.77987565e-01
5488     1.81785504e-08    4.48821459e+00    9.99835676e+00   -1.12231820e-04   -1.78191435e-01
5489     1.81818837e-08    4.46150848e+00    1.00076912e+01    8.92831703e-03   -1.78095977e-01
5490     1.81852170e-08    4.43192261e+00    1.00136469e+01    1.41159512e-02   -1.77746259e-01
5491     1.81885504e-08    4.41077397e+00    1.00142131e+01    1.37531756e-02   -1.77286154e-01
5492     1.81918837e-08    4.40614255e+00    1.00096652e+01    8.46466561e-03   -1.76889107e-01
5493     1.81952170e-08    4.41978291e+00    1.00017879e+01    2.95329883e-04   -1.76695494e-01
5494     1.81985504e-08    4.44647325e+00    9.99315862e+00   -8.07463758e-03   -1.76774380e-01
5495     1.82018837e-08    4.47602602e+00    9.98673332e+00   -1.37717190e-02   -1.77103604e-01
5496     1.82052170e-08    4.49716996e+00    9.98517245e+00   -1.43937480e-02   -1.77567613e-01
5497     1.82085504e-08    4.50183158e+00    9.98957447e+00   -9.20509607e-03   -1.77987565e-01
5498     1.82118837e-08    4.48821459e+00    9.99835677e+00   -1.12218717e-04   -1.78191434e-01
5499     1.82152170e-08    4.46150848e+00    1.00076912e+01    8.92832133e-03   -1.78095976e-01
5500     1.82185504e-08    4.43192261e+00    1.00136469e+01    1.41159452e-02   -1.77746258e-01
5501     1.82218837e-08    4.41077397e+00    1.00142131e+01    1.37531633e-02   -1.77286153e-01
5502     1.82252170e-08    4.40614255e+00    1.00096652e+01    8.46465227e-03   -1.76889107e-01
5503     1.82285504e-08    4.41978291e+00    1.00017879e+01    2.95319610e-04   -1.76695494e-01
5504     1.82318837e-08    4.44647324e+00    9.99315861e+00   -8.07464214e-03   -1.76774381e-01
5505     1.82352170e-08    4.47602601e+00    9.98673332e+00   -1.37717160e-02   -1.77103605e-01
5506     1.82385504e-08    4.49716996e+00    9.98517246e+00   -1.43937373e-02   -1.77567613e-01
5507     1.82418837e-08    4.50183158e+00    9.98957448e+00   -9.20508072e-03   -1.77987565e-01
5508     1.82452170e-08    4.48821459e+00    9.99835678e+00   -1.12205612e-04   -1.78191434e-01
5509     1.82485504e-08    4.46150848e+00    1.00076912e+01    8.92832563e-03   -1.78095976e-01
5510     1.82518837e-08    4.43192261e+00    1.00136469e+01    1.41159392e-02   -1.77746258e-01
5511     1.82552170e-08    4.41077397e+00    1.00142131e+01    1.37531509e-02   -1.77286153e-01
5512     1.82585504e-08    4.40614255e+00    1.00096652e+01    8.46463892e-03   -1.76889107e-01
5513     1.82618837e-08    4.41978291e+00    1.00017879e+01    2.95309336e-04   -1.76695494e-01
5514     1.82652170e-08    4.44647324e+00    9.99315860e+00   -8.07464670e-03   -1.76774382e-01
5515     1.82685504e-08    4.47602601e+00    9.98673333e+00   -1.37717130e-02   -1.77103606e-01
5516     1.82718837e-08    4.49716996e+00    9.98517246e+00   -1.43937265e-02   -1.77567614e-01
5517     1.82752170e-08    4.50183158e+00    9.98957450e+00   -9.20506537e-03   -1.77987565e-01
5518     1.82785504e-08    4.48821459e+00    9.99835680e+00   -1.12192504e-04   -1.78191434e-01
5519     1.82818837e-08    4.46150848e+00    1.00076912e+01    8.92832993e-03   -1.78095975e-01
5520     1.82852170e-08    4.43192261e+00    1.00136469e+01    1.41159333e-02   -1.77746257e-01
5521     1.82885504e-08    4.41077397e+00    1.00142131e+01    1.37531385e-02   -1.77286153e-01
5522     1.82918837e-08    4.40614255e+00    1.00096652e+01    8.46462557e-03   -1.76889107e-01
5523     1.82952170e-08    4.41978291e+00    1.00017879e+01    2.95299059e-04   -1.76695495e-01
5524     1.82985504e-08    4.44647324e+00    9.99315860e+00   -8.07465127e-03   -1.76774383e-01
5525     1.83018837e-08    4.47602601e+00    9.98673333e+00   -1.37717100e-02   -1.77103607e-01
5526     1.83052170e-08    4.49716996e+00    9.98517247e+00   -1.43937157e-02   -1.77567614e-01
5527     1.83085504e-08    4.50183158e+00    9.98957451e+00   -9.20505001e-03   -1.77987566e-01
5528     1.83118837e-08    4.48821459e+00    9.99835681e+00   -1.12179394e-04   -1.78191433e-01
5529     1.83152170e-08    4.46150848e+00    1.00076912e+01    8.92833424e-03   -1.78095975e-01
5530     1.83185504e-08    4.43192261e+00    1.00136469e+01    1.41159273e-02   -1.77746256e-01
5531     1.83218837e-08    4.41077397e+00    1.00142131e+01    1.37531262e-02   -1.77286152e-01
5532     1.83252170e-08    4.40614255e+00    1.00096652e+01    8.46461222e-03   -1.76889107e-01
5533     1.83285504e-08    4.41978291e+00    1.00017878e+01    2.95288780e-04   -1.76695495e-01
5534     1.83318837e-08    4.44647324e+00    9.99315859e+00   -8.07465583e-03   -1.76774383e-01
5535     1.83352170e-08    4.47602601e+00    9.98673333e+00   -1.37717070e-02   -1.77103607e-01
5536     1.83385504e-08    4.49716995e+00    9.98517248e+00   -1.43937049e-02   -1.77567615e-01
5537     1.83418837e-08    4.50183158e+00    9.98957453e+00   -9.20503465e-03   -1.77987566e-01
5538     1.83452170e-08    4.48821459e+00    9.99835683e+00   -1.12166281e-04   -1.78191433e-01
5539     1.83485504e-08    4.46150848e+00    1.00076912e+01    8.92833854e-03   -1.78095974e-01
5540     1.83518837e-08    4.43192261e+00    1.00136469e+01    1.41159213e-02   -1.77746256e-01
5541     1.83552170e-08    4.41077397e+00    1.00142131e+01    1.37531138e-02   -1.77286152e-01
5542     1.83585504e-08    4.40614255e+00    1.00096652e+01    8.46459887e-03   -1.76889107e-01
5543     1.83618837e-08    4.41978290e+00    1.00017878e+01    2.95278500e-04   -1.76695496e-01
5544     1.83652170e-08    4.44647324e+00    9.99315859e+00   -8.07466040e-03   -1.76774384e-01
5545     1.83685504e-08    4.47602601e+00    9.98673333e+00   -1.37717040e-02   -1.77103608e-01
5546     1.83718837e-08    4.49716995e+00    9.98517249e+00   -1.43936941e-02   -1.77567616e-01
5547     1.83752170e-08    4.50183158e+00    9.98957455e+00   -9.20501928e-03   -1.77987566e-01
5548     1.83785504e-08    4.48821459e+00    9.99835684e+00   -1.12153166e-04   -1.78191433e-01
5549     1.83818837e-08    4.46150848e+00    1.00076912e+01    8.92834285e-03   -1.78095973e-01
5550     1.83852170e-08    4.43192261e+00    1.00136469e+01    1.41159153e-02   -1.77746255e-01
5551     1.83885504e-08    4.41077397e+00    1.00142131e+01    1.37531014e-02   -1.77286151e-01
5552     1.83918837e-08    4.40614255e+00    1.00096651e+01    8.46458551e-03   -1.76889107e-01
5553     1.83952170e-08    4.41978290e+00    1.00017878e+01    2.95268217e-04   -1.76695496e-01
5554     1.83985504e-08    4.44647324e+00    9.99315858e+00   -8.07466497e-03   -1.76774385e-01
5555     1.84018837e-08    4.47602601e+00    9.98673333e+00   -1.37717011e-02   -1.77103609e-01
5556     1.84052170e-08    4.49716995e+00    9.98517250e+00   -1.43936833e-02   -1.77567616e-01
5557     1.84085504e-08    4.50183158e+00    9.98957456e+00   -9.20500391e-03   -1.77987566e-01
5558     1.84118837e-08    4.48821459e+00    9.99835685e+00   -1.12140048e-04   -1.78191433e-01
5559     1.84152170e-08    4.46150848e+00    1.00076912e+01    8.92834715e-03   -1.78095973e-01
5560     1.84185504e-08    4.43192261e+00    1.00136469e+01    1.41159093e-02   -1.77746254e-01
5561     1.84218837e-08    4.41077397e+00    1.00142131e+01    1.37530890e-02   -1.77286151e-01
5562     1.84252170e-08    4.40614255e+00    1.00096651e+01    8.46457216e-03   -1.76889107e-01
5563     1.84285504e-08    4.41978290e+00    1.00017878e+01    2.95257933e-04   -1.76695497e-01
5564     1.84318837e-08    4.44647324e+00    9.99315858e+00   -8.07466954e-03   -1.76774385e-01
5565     1.84352170e-08    4.47602600e+00    9.98673333e+00   -1.37716981e-02   -1.77103610e-01
5566     1.84385504e-08    4.49716995e+00    9.98517251e+00   -1.43936726e-02   -1.77567617e-01
5567     1.84418837e-08    4.50183158e+00    9.98957458e+00   -9.20498854e-03   -1.77987566e-01
5568     1.84452170e-08    4.48821459e+00    9.99835687e+00   -1.12126928e-04   -1.78191432e-01
5569     1.84485504e-08    4.46150848e+00    1.00076912e+01    8.92835146e-03   -1.78095972e-01
5570     1.84518837e-08    4.43192261e+00    1.00136469e+01    1.41159034e-02   -1.77746254e-01
5571     1.84552170e-08    4.41077397e+00    1.00142131e+01    1.37530767e-02   -1.77286151e-01
5572     1.84585504e-08    4.40614255e+00    1.00096651e+01    8.46455879e-03   -1.76889107e-01
5573     1.84618837e-08    4.41978290e+00    1.00017878e+01    2.95247647e-04   -1.76695497e-01
5574     1.84652170e-08    4.44647323e+00    9.99315857e+00   -8.07467410e-03   -1.76774386e-01
5575     1.84685504e-08    4.47602600e+00    9.98673334e+00   -1.37716951e-02   -1.77103611e-01
5576     1.84718837e-08    4.49716995e+00    9.98517252e+00   -1.43936618e-02   -1.77567617e-01
5577     1.84752170e-08    4.50183158e+00    9.98957459e+00   -9.20497317e-03   -1.77987566e-01
5578     1.84785504e-08    4.48821459e+00    9.99835688e+00   -1.12113805e-04   -1.78191432e-01
5579     1.84818837e-08    4.46150848e+00    1.00076912e+01    8.92835577e-03   -1.78095971e-01
5580     1.84852170e-08    4.43192261e+00    1.00136469e+01    1.41158974e-02   -1.77746253e-01
5581     1.84885504e-08    4.41077397e+00    1.00142130e+01    1.37530643e-02   -1.77286150e-01
5582     1.84918837e-08    4.40614255e+00    1.00096651e+01    8.46454543e-03   -1.76889107e-01
5583     1.84952170e-08    4.41978290e+00    1.00017878e+01    2.95237359e-04   -1.76695498e-01
5584     1.84985504e-08    4.44647323e+00    9.99315856e+00   -8.07467867e-03   -1.76774387e-01
5585     1.85018837e-08    4.47602600e+00    9.98673334e+00   -1.37716921e-02   -1.77103611e-01
5586     1.85052170e-08    4.49716995e+00    9.98517253e+00   -1.43936510e-02   -1.77567618e-01
5587     1.85085504e-08    4.50183158e+00    9.98957461e+00   -9.20495780e-03   -1.77987567e-01
5588     1.85118837e-08    4.48821459e+00    9.99835690e+00   -1.12100680e-04   -1.78191432e-01
5589     1.85152170e-08    4.46150848e+00    1.00076912e+01    8.92836008e-03   -1.78095971e-01
5590     1.85185504e-08    4.43192261e+00    1.00136469e+01    1.41158914e-02   -1.77746252e-01
5591     1.85218837e-08    4.41077397e+00    1.00142130e+01    1.37530519e-02   -1.77286150e-01
5592     1.85252170e-08    4.40614255e+00    1.00096651e+01    8.46453207e-03   -1.76889107e-01
5593     1.85285504e-08    4.41978290e+00    1.00017878e+01    2.95227068e-04   -1.76695498e-01
5594     1.85318837e-08    4.44647323e+00    9.99315856e+00   -8.07468324e-03   -1.76774388e-01
5595     1.85352170e-08    4.47602600e+00    9.98673334e+00   -1.37716891e-02   -1.77103612e-01
5596     1.85385504e-08    4.49716995e+00    9.98517254e+00   -1.43936402e-02   -1.77567619e-01
5597     1.85418837e-08    4.50183158e+00    9.98957462e+00   -9.20494242e-03   -1.77987567e-01
5598     1.85452170e-08    4.48821459e+00    9.99835691e+00   -1.12087553e-04   -1.78191431e-01
5599     1.85485504e-08    4.46150848e+00    1.00076912e+01    8.92836438e-03   -1.78095970e-01
5600     1.85518837e-08    4.43192261e+00    1.00136469e+01    1.41158854e-02   -1.77746252e-01
5601     1.85552170e-08    4.41077397e+00    1.00142130e+01    1.37530395e-02   -1.77286150e-01
5602     1.85585504e-08    4.40614255e+00    1.00096651e+01    8.46451870e-03   -1.76889107e-01
5603     1.85618837e-08    4.41978290e+00    1.00017878e+01    2.95216776e-04   -1.76695498e-01
5604     1.85652170e-08    4.44647323e+00    9.99315855e+00   -8.07468782e-03   -1.76774388e-01
5605     1.85685504e-08    4.47602600e+00    9.98673334e+00   -1.37716861e-02   -1.77103613e-01
5606     1.85718837e-08    4.49716995e+00    9.98517255e+00   -1.43936294e-02   -1.77567619e-01
5607     1.85752170e-08    4.50183158e+00    9.98957464e+00   -9.20492704e-03   -1.77987567e-01
5608     1.85785504e-08    4.48821459e+00    9.99835692e+00   -1.12074423e-04   -1.78191431e-01
5609     1.85818837e-08    4.46150848e+00    1.00076912e+01    8.92836869e-03   -1.78095970e-01
5610     1.85852170e-08    4.43192261e+00    1.00136469e+01    1.41158794e-02   -1.77746251e-01
5611     1.85885504e-08    4.41077397e+00    1.00142130e+01    1.37530271e-02   -1.77286149e-01
5612     1.85918837e-08    4.40614255e+00    1.00096651e+01    8.46450533e-03   -1.76889107e-01
5613     1.85952170e-08    4.41978290e+00    1.00017878e+01    2.95206482e-04   -1.76695499e-01
5614     1.85985504e-08    4.44647323e+00    9.99315855e+00   -8.07469239e-03   -1.76774389e-01
5615     1.86018837e-08    4.47602600e+00    9.98673334e+00   -1.37716831e-02   -1.77103614e-01
5616     1.86052170e-08    4.49716994e+00    9.98517256e+00   -1.43936186e-02   -1.77567620e-01
5617     1.86085504e-08    4.50183158e+00    9.98957465e+00   -9.20491165e-03   -1.77987567e-01
5618     1.86118837e-08    4.48821459e+00    9.99835694e+00   -1.12061290e-04   -1.78191431e-01
5619     1.86152170e-08    4.46150848e+00    1.00076912e+01    8.92837300e-03   -1.78095969e-01
5620     1.86185504e-08    4.43192262e+00    1.00136469e+01    1.41158734e-02   -1.77746250e-01
5621     1.86218837e-08    4.41077397e+00    1.00142130e+01    1.37530147e-02   -1.77286149e-01
5622     1.86252170e-08    4.40614255e+00    1.00096651e+01    8.46449195e-03   -1.76889108e-01
5623     1.86285504e-08    4.41978290e+00    1.00017877e+01    2.95196186e-04   -1.76695499e-01
5624     1.86318837e-08    4.44647323e+00    9.99315854e+00   -8.07469696e-03   -1.76774390e-01
5625     1.86352170e-08    4.47602599e+00    9.98673334e+00   -1.37716801e-02   -1.77103615e-01
5626     1.86385504e-08    4.49716994e+00    9.98517257e+00   -1.43936078e-02   -1.77567620e-01
5627     1.86418837e-08    4.50183157e+00    9.98957467e+00   -9.20489626e-03   -1.77987567e-01
5628     1.86452170e-08    4.48821459e+00    9.99835695e+00   -1.12048155e-04   -1.78191431e-01
5629     1.86485504e-08    4.46150848e+00    1.00076913e+01    8.92837732e-03   -1.78095968e-01
5630     1.86518837e-08    4.43192262e+00    1.00136469e+01    1.41158674e-02   -1.77746250e-01
5631     1.86552170e-08    4.41077397e+00    1.00142130e+01    1.37530023e-02   -1.77286148e-01
5632     1.86585504e-08    4.40614255e+00    1.00096650e+01    8.46447858e-03   -1.76889108e-01
5633     1.86618837e-08    4.41978290e+00    1.00017877e+01    2.95185888e-04   -1.76695500e-01
5634     1.86652170e-08    4.44647323e+00    9.99315853e+00   -8.07470153e-03   -1.76774391e-01
5635     1.86685504e-08    4.47602599e+00    9.98673335e+00   -1.37716772e-02   -1.77103615e-01
5636     1.86718837e-08    4.49716994e+00    9.98517258e+00   -1.43935970e-02   -1.77567621e-01
5637     1.86752170e-08    4.50183157e+00    9.98957468e+00   -9.20488087e-03   -1.77987568e-01
5638     1.86785504e-08    4.48821459e+00    9.99835697e+00   -1.12035018e-04   -1.78191430e-01
5639     1.86818837e-08    4.46150848e+00    1.00076913e+01    8.92838163e-03   -1.78095968e-01
5640     1.86852170e-08    4.43192262e+00    1.00136469e+01    1.41158614e-02   -1.77746249e-01
5641     1.86885504e-08    4.41077397e+00    1.00142130e+01    1.37529899e-02   -1.77286148e-01
5642     1.86918837e-08    4.40614254e+00    1.00096650e+01    8.46446520e-03   -1.76889108e-01
5643     1.86952170e-08    4.41978289e+00    1.00017877e+01    2.95175588e-04   -1.76695500e-01
5644     1.86985504e-08    4.44647322e+00    9.99315853e+00   -8.07470611e-03   -1.76774391e-01
5645     1.87018837e-08    4.47602599e+00    9.98673335e+00   -1.37716742e-02   -1.77103616e-01
5646     1.87052170e-08    4.49716994e+00    9.98517259e+00   -1.43935862e-02   -1.77567622e-01
5647     1.87085504e-08    4.50183157e+00    9.98957470e+00   -9.20486548e-03   -1.77987568e-01
5648     1.87118837e-08    4.48821459e+00    9.99835698e+00   -1.12021878e-04   -1.78191430e-01
5649     1.87152170e-08    4.46150848e+00    1.00076913e+01    8.92838594e-03   -1.78095967e-01
5650     1.87185504e-08    4.43192262e+00    1.00136469e+01    1.41158555e-02   -1.77746249e-01
5651     1.87218837e-08    4.41077397e+00    1.00142130e+01    1.37529775e-02   -1.77286148e-01
5652     1.87252170e-08    4.40614254e+00    1.00096650e+01    8.46445182e-03   -1.76889108e-01
5653     1.87285504e-08    4.41978289e+00    1.00017877e+01    2.95165286e-04   -1.76695501e-01
5654     1.87318837e-08    4.44647322e+00    9.99315852e+00   -8.07471068e-03   -1.76774392e-01
5655     1.87352170e-08    4.47602599e+00    9.98673335e+00   -1.37716712e-02   -1.77103617e-01
5656     1.87385504e-08    4.49716994e+00    9.98517260e+00   -1.43935754e-02   -1.77567622e-01
5657     1.87418837e-08    4.50183157e+00    9.98957471e+00   -9.20485008e-03   -1.77987568e-01
5658     1.87452170e-08    4.48821459e+00    9.99835699e+00   -1.12008736e-04   -1.78191430e-01
5659     1.87485504e-08    4.46150848e+00    1.00076913e+01    8.92839025e-03   -1.78095966e-01
5660     1.87518837e-08    4.43192262e+00    1.00136469e+01    1.41158495e-02   -1.77746248e-01
5661     1.87552170e-08    4.41077397e+00    1.00142129e+01    1.37529651e-02   -1.77286147e-01
5662     1.87585504e-08    4.40614254e+00    1.00096650e+01    8.46443843e-03   -1.76889108e-01
5663     1.87618837e-08    4.41978289e+00    1.00017877e+01    2.95154983e-04   -1.76695501e-01
5664     1.87652170e-08    4.44647322e+00    9.99315852e+00   -8.07471526e-03   -1.76774393e-01
5665     1.87685504e-08    4.47602599e+00    9.98673335e+00   -1.37716682e-02   -1.77103618e-01
5666     1.87718837e-08    4.49716994e+00    9.98517261e+00   -1.43935645e-02   -1.77567623e-01
5667     1.87752170e-08    4.50183157e+00    9.98957473e+00   -9.20483469e-03   -1.77987568e-01
5668     1.87785504e-08    4.48821459e+00    9.99835701e+00   -1.11995591e-04   -1.78191429e-01
5669     1.87818837e-08    4.46150849e+00    1.00076913e+01    8.92839457e-03   -1.78095966e-01
5670     1.87852170e-08    4.43192262e+00    1.00136469e+01    1.41158435e-02   -1.77746247e-01
5671     1.87885504e-08    4.41077397e+00    1.00142129e+01    1.37529527e-02   -1.77286147e-01
5672     1.87918837e-08    4.40614254e+00    1.00096650e+01    8.46442505e-03   -1.76889108e-01
5673     1.87952170e-08    4.41978289e+00    1.00017877e+01    2.95144677e-04   -1.76695502e-01
5674     1.87985504e-08    4.44647322e+00    9.99315851e+00   -8.07471984e-03   -1.76774393e-01
5675     1.88018837e-08    4.47602599e+00    9.98673335e+00   -1.37716652e-02   -1.77103619e-01
5676     1.88052170e-08    4.49716994e+00    9.98517262e+00   -1.43935537e-02   -1.77567624e-01
5677     1.88085504e-08    4.50183157e+00    9.98957474e+00   -9.20481928e-03   -1.77987568e-01
5678     1.88118837e-08    4.48821459e+00    9.99835702e+00   -1.11982444e-04   -1.78191429e-01
5679     1.88152170e-08    4.46150849e+00    1.00076913e+01    8.92839888e-03   -1.78095965e-01
5680     1.88185504e-08    4.43192262e+00    1.00136469e+01    1.41158375e-02   -1.77746247e-01
5681     1.88218837e-08    4.41077397e+00    1.00142129e+01    1.37529403e-02   -1.77286146e-01
5682     1.88252170e-08    4.40614254e+00    1.00096650e+01    8.46441166e-03   -1.76889108e-01
5683     1.88285504e-08    4.41978289e+00    1.00017877e+01    2.95134369e-04   -1.76695502e-01
5684     1.88318837e-08    4.44647322e+00    9.99315850e+00   -8.07472442e-03   -1.76774394e-01
5685     1.88352170e-08    4.47602599e+00    9.98673335e+00   -1.37716622e-02   -1.77103619e-01
5686     1.88385504e-08    4.49716994e+00    9.98517263e+00   -1.43935429e-02   -1.77567624e-01
5687     1.88418837e-08    4.50183157e+00    9.98957476e+00   -9.20480388e-03   -1.77987569e-01
5688     1.88452170e-08    4.48821459e+00    9.99835704e+00   -1.11969294e-04   -1.78191429e-01
5689     1.88485504e-08    4.46150849e+00    1.00076913e+01    8.92840320e-03   -1.78095965e-01
5690     1.88518837e-08    4.43192262e+00    1.00136469e+01    1.41158315e-02   -1.77746246e-01
5691     1.88552170e-08    4.41077397e+00    1.00142129e+01    1.37529279e-02   -1.77286146e-01
5692     1.88585504e-08    4.40614254e+00    1.00096650e+01    8.46439827e-03   -1.76889108e-01
5693     1.88618837e-08    4.41978289e+00    1.00017877e+01    2.95124060e-04   -1.76695503e-01
5694     1.88652170e-08    4.44647322e+00    9.99315850e+00   -8.07472899e-03   -1.76774395e-01
5695     1.88685504e-08    4.47602598e+00    9.98673336e+00   -1.37716592e-02   -1.77103620e-01
5696     1.88718837e-08    4.49716993e+00    9.98517264e+00   -1.43935321e-02   -1.77567625e-01
5697     1.88752170e-08    4.50183157e+00    9.98957478e+00   -9.20478847e-03   -1.77987569e-01
5698     1.88785504e-08    4.48821459e+00    9.99835705e+00   -1.11956142e-04   -1.78191428e-01
5699     1.88818837e-08    4.46150849e+00    1.00076913e+01    8.92840752e-03   -1.78095964e-01
5700     1.88852170e-08    4.43192262e+00    1.00136469e+01    1.41158255e-02   -1.77746245e-01
5701     1.88885504e-08    4.41077397e+00    1.00142129e+01    1.37529155e-02   -1.77286146e-01
5702     1.88918837e-08    4.40614254e+00    1.00096649e+01    8.46438487e-03   -1.76889108e-01
5703     1.88952170e-08    4.41978289e+00    1.00017877e+01    2.95113748e-04   -1.76695503e-01
5704     1.88985504e-08    4.44647321e+00    9.99315849e+00   -8.07473357e-03   -1.76774396e-01
5705     1.89018837e-08    4.47602598e+00    9.98673336e+00   -1.37716562e-02   -1.77103621e-01
5706     1.89052170e-08    4.49716993e+00    9.98517265e+00   -1.43935213e-02   -1.77567625e-01
5707     1.89085504e-08    4.50183157e+00    9.98957479e+00   -9.20477306e-03   -1.77987569e-01
5708     1.89118837e-08    4.48821459e+00    9.99835706e+00   -1.11942987e-04   -1.78191428e-01
5709     1.89152170e-08    4.46150849e+00    1.00076913e+01    8.92841183e-03   -1.78095963e-01
5710     1.89185504e-08    4.43192262e+00    1.00136468e+01    1.41158195e-02   -1.77746245e-01
5711     1.89218837e-08    4.41077397e+00    1.00142129e+01    1.37529031e-02   -1.77286145e-01
5712     1.89252170e-08    4.40614254e+00    1.00096649e+01    8.46437148e-03   -1.76889108e-01
5713     1.89285504e-08    4.41978289e+00    1.00017876e+01    2.95103435e-04   -1.76695503e-01
5714     1.89318837e-08    4.44647321e+00    9.99315849e+00   -8.07473816e-03   -1.76774396e-01
5715     1.89352170e-08    4.47602598e+00    9.98673336e+00   -1.37716532e-02   -1.77103622e-01
5716     1.89385504e-08    4.49716993e+00    9.98517266e+00   -1.43935105e-02   -1.77567626e-01
5717     1.89418837e-08    4.50183157e+00    9.98957481e+00   -9.20475765e-03   -1.77987569e-01
5718     1.89452170e-08    4.48821459e+00    9.99835708e+00   -1.11929830e-04   -1.78191428e-01
5719     1.89485504e-08    4.46150849e+00    1.00076913e+01    8.92841615e-03   -1.78095963e-01
5720     1.89518837e-08    4.43192262e+00    1.00136468e+01    1.41158135e-02   -1.77746244e-01
5721     1.89552170e-08    4.41077397e+00    1.00142129e+01    1.37528907e-02   -1.77286145e-01
5722     1.89585504e-08    4.40614254e+00    1.00096649e+01    8.46435808e-03   -1.76889108e-01
5723     1.89618837e-08    4.41978289e+00    1.00017876e+01    2.95093119e-04   -1.76695504e-01
5724     1.89652170e-08    4.44647321e+00    9.99315848e+00   -8.07474274e-03   -1.76774397e-01
5725     1.89685504e-08    4.47602598e+00    9.98673336e+00   -1.37716502e-02   -1.77103623e-01
5726     1.89718837e-08    4.49716993e+00    9.98517267e+00   -1.43934996e-02   -1.77567627e-01
5727     1.89752170e-08    4.50183157e+00    9.98957482e+00   -9.20474223e-03   -1.77987569e-01
5728     1.89785504e-08    4.48821459e+00    9.99835709e+00   -1.11916671e-04   -1.78191428e-01
5729     1.89818837e-08    4.46150849e+00    1.00076913e+01    8.92842047e-03   -1.78095962e-01
5730     1.89852170e-08    4.43192262e+00    1.00136468e+01    1.41158075e-02   -1.77746243e-01
5731     1.89885504e-08    4.41077397e+00    1.00142129e+01    1.37528783e-02   -1.77286145e-01
5732     1.89918837e-08    4.40614254e+00    1.00096649e+01    8.46434468e-03   -1.76889108e-01
5733     1.89952170e-08    4.41978288e+00    1.00017876e+01    2.95082802e-04   -1.76695504e-01
5734     1.89985504e-08    4.44647321e+00    9.99315847e+00   -8.07474732e-03   -1.76774398e-01
5735     1.90018837e-08    4.47602598e+00    9.98673336e+00   -1.37716472e-02   -1.77103623e-01
5736     1.90052170e-08    4.49716993e+00    9.98517268e+00   -1.43934888e-02   -1.77567627e-01
5737     1.90085504e-08    4.50183157e+00    9.98957484e+00   -9.20472681e-03   -1.77987570e-01
5738     1.90118837e-08    4.48821459e+00    9.99835711e+00   -1.11903509e-04   -1.78191427e-01
5739     1.90152170e-08    4.46150849e+00    1.00076913e+01    8.92842479e-03   -1.78095961e-01
5740     1.90185504e-08    4.43192262e+00    1.00136468e+01    1.41158015e-02   -1.77746243e-01
5741     1.90218837e-08    4.41077397e+00    1.00142129e+01    1.37528658e-02   -1.77286144e-01
5742     1.90252170e-08    4.40614254e+00    1.00096649e+01    8.46433127e-03   -1.76889108e-01
5743     1.90285504e-08    4.41978288e+00    1.00017876e+01    2.95072483e-04   -1.76695505e-01
5744     1.90318837e-08    4.44647321e+00    9.99315847e+00   -8.07475190e-03   -1.76774399e-01
5745     1.90352170e-08    4.47602598e+00    9.98673336e+00   -1.37716442e-02   -1.77103624e-01
5746     1.90385504e-08    4.49716993e+00    9.98517269e+00   -1.43934780e-02   -1.77567628e-01
5747     1.90418837e-08    4.50183157e+00    9.98957485e+00   -9.20471139e-03   -1.77987570e-01
5748     1.90452170e-08    4.48821459e+00    9.99835712e+00   -1.11890344e-04   -1.78191427e-01
5749     1.90485504e-08    4.46150849e+00    1.00076913e+01    8.92842911e-03   -1.78095961e-01
5750     1.90518837e-08    4.43192262e+00    1.00136468e+01    1.41157955e-02   -1.77746242e-01
5751     1.90552170e-08    4.41077397e+00    1.00142128e+01    1.37528534e-02   -1.77286144e-01
5752     1.90585504e-08    4.40614254e+00    1.00096649e+01    8.46431787e-03   -1.76889108e-01
5753     1.90618837e-08    4.41978288e+00    1.00017876e+01    2.95062162e-04   -1.76695505e-01
5754     1.90652170e-08    4.44647321e+00    9.99315846e+00   -8.07475649e-03   -1.76774399e-01
5755     1.90685504e-08    4.47602597e+00    9.98673336e+00   -1.37716412e-02   -1.77103625e-01
5756     1.90718837e-08    4.49716993e+00    9.98517270e+00   -1.43934672e-02   -1.77567628e-01
5757     1.90752170e-08    4.50183157e+00    9.98957487e+00   -9.20469596e-03   -1.77987570e-01
5758     1.90785504e-08    4.48821459e+00    9.99835713e+00   -1.11877177e-04   -1.78191427e-01
5759     1.90818837e-08    4.46150849e+00    1.00076913e+01    8.92843343e-03   -1.78095960e-01
5760     1.90852170e-08    4.43192262e+00    1.00136468e+01    1.41157895e-02   -1.77746241e-01
5761     1.90885504e-08    4.41077397e+00    1.00142128e+01    1.37528410e-02   -1.77286143e-01
5762     1.90918837e-08    4.40614254e+00    1.00096649e+01    8.46430446e-03   -1.76889108e-01
5763     1.90952170e-08    4.41978288e+00    1.00017876e+01    2.95051839e-04   -1.76695506e-01
5764     1.90985504e-08    4.44647321e+00    9.99315846e+00   -8.07476107e-03   -1.76774400e-01
5765     1.91018837e-08    4.47602597e+00    9.98673337e+00   -1.37716382e-02   -1.77103626e-01
5766     1.91052170e-08    4.49716992e+00    9.98517271e+00   -1.43934563e-02   -1.77567629e-01
5767     1.91085504e-08    4.50183156e+00    9.98957488e+00   -9.20468053e-03   -1.77987570e-01
5768     1.91118837e-08    4.48821459e+00    9.99835715e+00   -1.11864008e-04   -1.78191426e-01
5769     1.91152170e-08    4.46150849e+00    1.00076913e+01    8.92843776e-03   -1.78095959e-01
5770     1.91185504e-08    4.43192262e+00    1.00136468e+01    1.41157835e-02   -1.77746241e-01
5771     1.91218837e-08    4.41077397e+00    1.00142128e+01    1.37528286e-02   -1.77286143e-01
5772     1.91252170e-08    4.40614254e+00    1.00096649e+01    8.46429105e-03   -1.76889108e-01
5773     1.91285504e-08    4.41978288e+00    1.00017876e+01    2.95041514e-04   -1.76695506e-01
5774     1.91318837e-08    4.44647320e+00    9.99315845e+00   -8.07476566e-03   -1.76774401e-01
5775     1.91352170e-08    4.47602597e+00    9.98673337e+00   -1.37716352e-02   -1.77103627e-01
5776     1.91385504e-08    4.49716992e+00    9.98517272e+00   -1.43934455e-02   -1.77567630e-01
5777     1.91418837e-08    4.50183156e+00    9.98957490e+00   -9.20466510e-03   -1.77987570e-01
5778     1.91452170e-08    4.48821459e+00    9.99835716e+00   -1.11850836e-04   -1.78191426e-01
5779     1.91485504e-08    4.46150849e+00    1.00076913e+01    8.92844208e-03   -1.78095959e-01
5780     1.91518837e-08    4.43192262e+00    1.00136468e+01    1.41157775e-02   -1.77746240e-01
5781     1.91552170e-08    4.41077397e+00    1.00142128e+01    1.37528161e-02   -1.77286143e-01
5782     1.91585504e-08    4.40614254e+00    1.00096648e+01    8.46427763e-03   -1.76889108e-01
5783     1.91618837e-08    4.41978288e+00    1.00017876e+01    2.95031187e-04   -1.76695507e-01
5784     1.91652170e-08    4.44647320e+00    9.99315845e+00   -8.07477024e-03   -1.76774402e-01
5785     1.91685504e-08    4.47602597e+00    9.98673337e+00   -1.37716322e-02   -1.77103627e-01
5786     1.91718837e-08    4.49716992e+00    9.98517273e+00   -1.43934347e-02   -1.77567630e-01
5787     1.91752170e-08    4.50183156e+00    9.98957491e+00   -9.20464967e-03   -1.77987571e-01
5788     1.91785504e-08    4.48821459e+00    9.99835718e+00   -1.11837662e-04   -1.78191426e-01
5789     1.91818837e-08    4.46150849e+00    1.00076913e+01    8.92844640e-03   -1.78095958e-01
5790     1.91852170e-08    4.43192262e+00    1.00136468e+01    1.41157714e-02   -1.77746239e-01
5791     1.91885504e-08    4.41077397e+00    1.00142128e+01    1.37528037e-02   -1.77286142e-01
5792     1.91918837e-08    4.40614254e+00    1.00096648e+01    8.46426422e-03   -1.76889108e-01
5793     1.91952170e-08    4.41978288e+00    1.00017876e+01    2.95020858e-04   -1.76695507e-01
5794     1.91985504e-08    4.44647320e+00    9.99315844e+00   -8.07477483e-03   -1.76774402e-01
5795     1.92018837e-08    4.47602597e+00    9.98673337e+00   -1.37716292e-02   -1.77103628e-01
5796     1.92052170e-08    4.49716992e+00    9.98517274e+00   -1.43934238e-02   -1.77567631e-01
5797     1.92085504e-08    4.50183156e+00    9.98957493e+00   -9.20463423e-03   -1.77987571e-01
5798     1.92118837e-08    4.48821459e+00    9.99835719e+00   -1.11824485e-04   -1.78191425e-01
5799     1.92152170e-08    4.46150849e+00    1.00076914e+01    8.92845073e-03   -1.78095958e-01
5800     1.92185504e-08    4.43192262e+00    1.00136468e+01    1.41157654e-02   -1.77746239e-01
5801     1.92218837e-08    4.41077397e+00    1.00142128e+01    1.37527913e-02   -1.77286142e-01
5802     1.92252170e-08    4.40614254e+00    1.00096648e+01    8.46425080e-03   -1.76889108e-01
5803     1.92285504e-08    4.41978288e+00    1.00017875e+01    2.95010527e-04   -1.76695507e-01
5804     1.92318837e-08    4.44647320e+00    9.99315843e+00   -8.07477942e-03   -1.76774403e-01
5805     1.92352170e-08    4.47602597e+00    9.98673337e+00   -1.37716262e-02   -1.77103629e-01
5806     1.92385504e-08    4.49716992e+00    9.98517275e+00   -1.43934130e-02   -1.77567631e-01
5807     1.92418837e-08    4.50183156e+00    9.98957494e+00   -9.20461879e-03   -1.77987571e-01
5808     1.92452170e-08    4.48821459e+00    9.99835720e+00   -1.11811306e-04   -1.78191425e-01
5809     1.92485504e-08    4.46150849e+00    1.00076914e+01    8.92845505e-03   -1.78095957e-01
5810     1.92518837e-08    4.43192262e+00    1.00136468e+01    1.41157594e-02   -1.77746238e-01
5811     1.92552170e-08    4.41077397e+00    1.00142128e+01    1.37527789e-02   -1.77286142e-01
5812     1.92585504e-08    4.40614254e+00    1.00096648e+01    8.46423738e-03   -1.76889108e-01
5813     1.92618837e-08    4.41978288e+00    1.00017875e+01    2.95000194e-04   -1.76695508e-01
5814     1.92652170e-08    4.44647320e+00    9.99315843e+00   -8.07478401e-03   -1.76774404e-01
5815     1.92685504e-08    4.47602597e+00    9.98673337e+00   -1.37716232e-02   -1.77103630e-01
5816     1.92718837e-08    4.49716992e+00    9.98517276e+00   -1.43934021e-02   -1.77567632e-01
5817     1.92752170e-08    4.50183156e+00    9.98957496e+00   -9.20460335e-03   -1.77987571e-01
5818     1.92785504e-08    4.48821459e+00    9.99835722e+00   -1.11798124e-04   -1.78191425e-01
5819     1.92818837e-08    4.46150849e+00    1.00076914e+01    8.92845938e-03   -1.78095956e-01
5820     1.92852170e-08    4.43192262e+00    1.00136468e+01    1.41157534e-02   -1.77746237e-01
5821     1.92885504e-08    4.41077397e+00    1.00142128e+01    1.37527664e-02   -1.77286141e-01
5822     1.92918837e-08    4.40614254e+00    1.00096648e+01    8.46422395e-03   -1.76889108e-01
5823     1.92952170e-08    4.41978288e+00    1.00017875e+01    2.94989859e-04   -1.76695508e-01
5824     1.92985504e-08    4.44647320e+00    9.99315842e+00   -8.07478860e-03   -1.76774404e-01
5825     1.93018837e-08    4.47602596e+00    9.98673338e+00   -1.37716202e-02   -1.77103631e-01
5826     1.93052170e-08    4.49716992e+00    9.98517277e+00   -1.43933913e-02   -1.77567633e-01
5827     1.93085504e-08    4.50183156e+00    9.98957498e+00   -9.20458790e-03   -1.77987571e-01
5828     1.93118837e-08    4.48821459e+00    9.99835723e+00   -1.11784940e-04   -1.78191425e-01
5829     1.93152170e-08    4.46150849e+00    1.00076914e+01    8.92846371e-03   -1.78095956e-01
5830     1.93185504e-08    4.43192263e+00    1.00136468e+01    1.41157474e-02   -1.77746237e-01
5831     1.93218837e-08    4.41077397e+00    1.00142128e+01    1.37527540e-02   -1.77286141e-01
5832     1.93252170e-08    4.40614254e+00    1.00096648e+01    8.46421053e-03   -1.76889108e-01
5833     1.93285504e-08    4.41978287e+00    1.00017875e+01    2.94979523e-04   -1.76695509e-01
5834     1.93318837e-08    4.44647320e+00    9.99315842e+00   -8.07479319e-03   -1.76774405e-01
5835     1.93352170e-08    4.47602596e+00    9.98673338e+00   -1.37716172e-02   -1.77103631e-01
5836     1.93385504e-08    4.49716992e+00    9.98517278e+00   -1.43933805e-02   -1.77567633e-01
5837     1.93418837e-08    4.50183156e+00    9.98957499e+00   -9.20457245e-03   -1.77987571e-01
5838     1.93452170e-08    4.48821459e+00    9.99835725e+00   -1.11771754e-04   -1.78191424e-01
5839     1.93485504e-08    4.46150849e+00    1.00076914e+01    8.92846803e-03   -1.78095955e-01
5840     1.93518837e-08    4.43192263e+00    1.00136468e+01    1.41157414e-02   -1.77746236e-01
5841     1.93552170e-08    4.41077397e+00    1.00142127e+01    1.37527415e-02   -1.77286140e-01
5842     1.93585504e-08    4.40614254e+00    1.00096648e+01    8.46419710e-03   -1.76889108e-01
5843     1.93618837e-08    4.41978287e+00    1.00017875e+01    2.94969184e-04   -1.76695509e-01
5844     1.93652170e-08    4.44647319e+00    9.99315841e+00   -8.07479778e-03   -1.76774406e-01
5845     1.93685504e-08    4.47602596e+00    9.98673338e+00   -1.37716142e-02   -1.77103632e-01
5846     1.93718837e-08    4.49716991e+00    9.98517279e+00   -1.43933696e-02   -1.77567634e-01
5847     1.93752170e-08    4.50183156e+00    9.98957501e+00   -9.20455700e-03   -1.77987572e-01
5848     1.93785504e-08    4.48821459e+00    9.99835726e+00   -1.11758565e-04   -1.78191424e-01
5849     1.93818837e-08    4.46150849e+00    1.00076914e+01    8.92847236e-03   -1.78095954e-01
5850     1.93852170e-08    4.43192263e+00    1.00136468e+01    1.41157354e-02   -1.77746236e-01
5851     1.93885504e-08    4.41077397e+00    1.00142127e+01    1.37527291e-02   -1.77286140e-01
5852     1.93918837e-08    4.40614254e+00    1.00096647e+01    8.46418367e-03   -1.76889108e-01
5853     1.93952170e-08    4.41978287e+00    1.00017875e+01    2.94958844e-04   -1.76695510e-01
5854     1.93985504e-08    4.44647319e+00    9.99315840e+00   -8.07480237e-03   -1.76774407e-01
5855     1.94018837e-08    4.47602596e+00    9.98673338e+00   -1.37716112e-02   -1.77103633e-01
5856     1.94052170e-08    4.49716991e+00    9.98517280e+00   -1.43933588e-02   -1.77567635e-01
5857     1.94085504e-08    4.50183156e+00    9.98957502e+00   -9.20454155e-03   -1.77987572e-01
5858     1.94118837e-08    4.48821459e+00    9.99835727e+00   -1.11745373e-04   -1.78191424e-01
5859     1.94152170e-08    4.46150849e+00    1.00076914e+01    8.92847669e-03   -1.78095954e-01
5860     1.94185504e-08    4.43192263e+00    1.00136468e+01    1.41157294e-02   -1.77746235e-01
5861     1.94218837e-08    4.41077397e+00    1.00142127e+01    1.37527166e-02   -1.77286140e-01
5862     1.94252170e-08    4.40614253e+00    1.00096647e+01    8.46417023e-03   -1.76889108e-01
5863     1.94285504e-08    4.41978287e+00    1.00017875e+01    2.94948501e-04   -1.76695510e-01
5864     1.94318837e-08    4.44647319e+00    9.99315840e+00   -8.07480697e-03   -1.76774407e-01
5865     1.94352170e-08    4.47602596e+00    9.98673338e+00   -1.37716082e-02   -1.77103634e-01
5866     1.94385504e-08    4.49716991e+00    9.98517281e+00   -1.43933479e-02   -1.77567635e-01
5867     1.94418837e-08    4.50183156e+00    9.98957504e+00   -9.20452609e-03   -1.77987572e-01
5868     1.94452170e-08    4.48821459e+00    9.99835729e+00   -1.11732180e-04   -1.78191423e-01
5869     1.94485504e-08    4.46150849e+00    1.00076914e+01    8.92848102e-03   -1.78095953e-01
5870     1.94518837e-08    4.43192263e+00    1.00136468e+01    1.41157233e-02   -1.77746234e-01
5871     1.94552170e-08    4.41077397e+00    1.00142127e+01    1.37527042e-02   -1.77286139e-01
5872     1.94585504e-08    4.40614253e+00    1.00096647e+01    8.46415680e-03   -1.76889108e-01
5873     1.94618837e-08    4.41978287e+00    1.00017875e+01    2.94938157e-04   -1.76695511e-01
5874     1.94652170e-08    4.44647319e+00    9.99315839e+00   -8.07481156e-03   -1.76774408e-01
5875     1.94685504e-08    4.47602596e+00    9.98673338e+00   -1.37716052e-02   -1.77103635e-01
5876     1.94718837e-08    4.49716991e+00    9.98517282e+00   -1.43933371e-02   -1.77567636e-01
5877     1.94752170e-08    4.50183156e+00    9.98957505e+00   -9.20451063e-03   -1.77987572e-01
5878     1.94785504e-08    4.48821459e+00    9.99835730e+00   -1.11718983e-04   -1.78191423e-01
5879     1.94818837e-08    4.46150849e+00    1.00076914e+01    8.92848535e-03   -1.78095953e-01
5880     1.94852170e-08    4.43192263e+00    1.00136468e+01    1.41157173e-02   -1.77746234e-01
5881     1.94885504e-08    4.41077397e+00    1.00142127e+01    1.37526917e-02   -1.77286139e-01
5882     1.94918837e-08    4.40614253e+00    1.00096647e+01    8.46414336e-03   -1.76889109e-01
5883     1.94952170e-08    4.41978287e+00    1.00017875e+01    2.94927811e-04   -1.76695511e-01
5884     1.94985504e-08    4.44647319e+00    9.99315839e+00   -8.07481615e-03   -1.76774409e-01
5885     1.95018837e-08    4.47602595e+00    9.98673339e+00   -1.37716022e-02   -1.77103635e-01
5886     1.95052170e-08    4.49716991e+00    9.98517283e+00   -1.43933262e-02   -1.77567636e-01
5887     1.95085504e-08    4.50183156e+00    9.98957507e+00   -9.20449517e-03   -1.77987572e-01
5888     1.95118837e-08    4.48821459e+00    9.99835732e+00   -1.11705785e-04   -1.78191423e-01
5889     1.95152170e-08    4.46150849e+00    1.00076914e+01    8.92848968e-03   -1.78095952e-01
5890     1.95185504e-08    4.43192263e+00    1.00136468e+01    1.41157113e-02   -1.77746233e-01
5891     1.95218837e-08    4.41077397e+00    1.00142127e+01    1.37526793e-02   -1.77286138e-01
5892     1.95252170e-08    4.40614253e+00    1.00096647e+01    8.46412991e-03   -1.76889109e-01
5893     1.95285504e-08    4.41978287e+00    1.00017874e+01    2.94917462e-04   -1.76695511e-01
5894     1.95318837e-08    4.44647319e+00    9.99315838e+00   -8.07482075e-03   -1.76774410e-01
5895     1.95352170e-08    4.47602595e+00    9.98673339e+00   -1.37715992e-02   -1.77103636e-01
5896     1.95385504e-08    4.49716991e+00    9.98517284e+00   -1.43933153e-02   -1.77567637e-01
5897     1.95418837e-08    4.50183155e+00    9.98957508e+00   -9.20447970e-03   -1.77987573e-01
5898     1.95452170e-08    4.48821459e+00    9.99835733e+00   -1.11692583e-04   -1.78191422e-01
5899     1.95485504e-08    4.46150849e+00    1.00076914e+01    8.92849402e-03   -1.78095951e-01
5900     1.95518837e-08    4.43192263e+00    1.00136468e+01    1.41157053e-02   -1.77746232e-01
5901     1.95552170e-08    4.41077397e+00    1.00142127e+01    1.37526668e-02   -1.77286138e-01
5902     1.95585504e-08    4.40614253e+00    1.00096647e+01    8.46411647e-03   -1.76889109e-01
5903     1.95618837e-08    4.41978287e+00    1.00017874e+01    2.94907112e-04   -1.76695512e-01
5904     1.95652170e-08    4.44647319e+00    9.99315837e+00   -8.07482535e-03   -1.76774410e-01
5905     1.95685504e-08    4.47602595e+00    9.98673339e+00   -1.37715962e-02   -1.77103637e-01
5906     1.95718837e-08    4.49716991e+00    9.98517285e+00   -1.43933045e-02   -1.77567638e-01
5907     1.95752170e-08    4.50183155e+00    9.98957510e+00   -9.20446423e-03   -1.77987573e-01
5908     1.95785504e-08    4.48821459e+00    9.99835735e+00   -1.11679380e-04   -1.78191422e-01
5909     1.95818837e-08    4.46150850e+00    1.00076914e+01    8.92849835e-03   -1.78095951e-01
5910     1.95852170e-08    4.43192263e+00    1.00136468e+01    1.41156993e-02   -1.77746232e-01
5911     1.95885504e-08    4.41077397e+00    1.00142127e+01    1.37526544e-02   -1.77286138e-01
5912     1.95918837e-08    4.40614253e+00    1.00096647e+01    8.46410302e-03   -1.76889109e-01
5913     1.95952170e-08    4.41978287e+00    1.00017874e+01    2.94896760e-04   -1.76695512e-01
5914     1.95985504e-08    4.44647318e+00    9.99315837e+00   -8.07482994e-03   -1.76774411e-01
5915     1.96018837e-08    4.47602595e+00    9.98673339e+00   -1.37715932e-02   -1.77103638e-01
5916     1.96052170e-08    4.49716990e+00    9.98517286e+00   -1.43932936e-02   -1.77567638e-01
5917     1.96085504e-08    4.50183155e+00    9.98957511e+00   -9.20444876e-03   -1.77987573e-01
5918     1.96118837e-08    4.48821459e+00    9.99835736e+00   -1.11666173e-04   -1.78191422e-01
5919     1.96152170e-08    4.46150850e+00    1.00076914e+01    8.92850268e-03   -1.78095950e-01
5920     1.96185504e-08    4.43192263e+00    1.00136468e+01    1.41156932e-02   -1.77746231e-01
5921     1.96218837e-08    4.41077397e+00    1.00142126e+01    1.37526419e-02   -1.77286137e-01
5922     1.96252170e-08    4.40614253e+00    1.00096647e+01    8.46408958e-03   -1.76889109e-01
5923     1.96285504e-08    4.41978286e+00    1.00017874e+01    2.94886406e-04   -1.76695513e-01
5924     1.96318837e-08    4.44647318e+00    9.99315836e+00   -8.07483454e-03   -1.76774412e-01
5925     1.96352170e-08    4.47602595e+00    9.98673339e+00   -1.37715902e-02   -1.77103639e-01
5926     1.96385504e-08    4.49716990e+00    9.98517287e+00   -1.43932828e-02   -1.77567639e-01
5927     1.96418837e-08    4.50183155e+00    9.98957513e+00   -9.20443329e-03   -1.77987573e-01
5928     1.96452170e-08    4.48821459e+00    9.99835737e+00   -1.11652965e-04   -1.78191422e-01
5929     1.96485504e-08    4.46150850e+00    1.00076914e+01    8.92850702e-03   -1.78095949e-01
5930     1.96518837e-08    4.43192263e+00    1.00136467e+01    1.41156872e-02   -1.77746230e-01
5931     1.96552170e-08    4.41077397e+00    1.00142126e+01    1.37526294e-02   -1.77286137e-01
5932     1.96585504e-08    4.40614253e+00    1.00096646e+01    8.46407612e-03   -1.76889109e-01
5933     1.96618837e-08    4.41978286e+00    1.00017874e+01    2.94876050e-04   -1.76695513e-01
5934     1.96652170e-08    4.44647318e+00    9.99315836e+00   -8.07483914e-03   -1.76774413e-01
5935     1.96685504e-08    4.47602595e+00    9.98673339e+00   -1.37715872e-02   -1.77103640e-01
5936     1.96718837e-08    4.49716990e+00    9.98517288e+00   -1.43932719e-02   -1.77567639e-01
5937     1.96752170e-08    4.50183155e+00    9.98957514e+00   -9.20441781e-03   -1.77987573e-01
5938     1.96785504e-08    4.48821459e+00    9.99835739e+00   -1.11639754e-04   -1.78191421e-01
5939     1.96818837e-08    4.46150850e+00    1.00076914e+01    8.92851135e-03   -1.78095949e-01
5940     1.96852170e-08    4.43192263e+00    1.00136467e+01    1.41156812e-02   -1.77746230e-01
5941     1.96885504e-08    4.41077397e+00    1.00142126e+01    1.37526170e-02   -1.77286137e-01
5942     1.96918837e-08    4.40614253e+00    1.00096646e+01    8.46406267e-03   -1.76889109e-01
5943     1.96952170e-08    4.41978286e+00    1.00017874e+01    2.94865692e-04   -1.76695514e-01
5944     1.96985504e-08    4.44647318e+00    9.99315835e+00   -8.07484374e-03   -1.76774413e-01
5945     1.97018837e-08    4.47602594e+00    9.98673340e+00   -1.37715841e-02   -1.77103640e-01
5946     1.97052170e-08    4.49716990e+00    9.98517289e+00   -1.43932610e-02   -1.77567640e-01
5947     1.97085504e-08    4.50183155e+00    9.98957516e+00   -9.20440233e-03   -1.77987574e-01
5948     1.97118837e-08    4.48821459e+00    9.99835740e+00   -1.11626540e-04   -1.78191421e-01
5949     1.97152170e-08    4.46150850e+00    1.00076914e+01    8.92851569e-03   -1.78095948e-01
5950     1.97185504e-08    4.43192263e+00    1.00136467e+01    1.41156752e-02   -1.77746229e-01
5951     1.97218837e-08    4.41077397e+00    1.00142126e+01    1.37526045e-02   -1.77286136e-01
5952     1.97252170e-08    4.40614253e+00    1.00096646e+01    8.46404921e-03   -1.76889109e-01
5953     1.97285504e-08    4.41978286e+00    1.00017874e+01    2.94855333e-04   -1.76695514e-01
5954     1.97318837e-08    4.44647318e+00    9.99315834e+00   -8.07484834e-03   -1.76774414e-01
5955     1.97352170e-08    4.47602594e+00    9.98673340e+00   -1.37715811e-02   -1.77103641e-01
5956     1.97385504e-08    4.49716990e+00    9.98517290e+00   -1.43932501e-02   -1.77567641e-01
5957     1.97418837e-08    4.50183155e+00    9.98957518e+00   -9.20438685e-03   -1.77987574e-01
5958     1.97452170e-08    4.48821459e+00    9.99835742e+00   -1.11613324e-04   -1.78191421e-01
5959     1.97485504e-08    4.46150850e+00    1.00076914e+01    8.92852003e-03   -1.78095948e-01
5960     1.97518837e-08    4.43192263e+00    1.00136467e+01    1.41156691e-02   -1.77746228e-01
5961     1.97552170e-08    4.41077397e+00    1.00142126e+01    1.37525920e-02   -1.77286136e-01
5962     1.97585504e-08    4.40614253e+00    1.00096646e+01    8.46403575e-03   -1.76889109e-01
5963     1.97618837e-08    4.41978286e+00    1.00017874e+01    2.94844971e-04   -1.76695515e-01
5964     1.97652170e-08    4.44647318e+00    9.99315834e+00   -8.07485294e-03   -1.76774415e-01
5965     1.97685504e-08    4.47602594e+00    9.98673340e+00   -1.37715781e-02   -1.77103642e-01
5966     1.97718837e-08    4.49716990e+00    9.98517291e+00   -1.43932393e-02   -1.77567641e-01
5967     1.97752170e-08    4.50183155e+00    9.98957519e+00   -9.20437136e-03   -1.77987574e-01
5968     1.97785504e-08    4.48821459e+00    9.99835743e+00   -1.11600106e-04   -1.78191420e-01
5969     1.97818837e-08    4.46150850e+00    1.00076915e+01    8.92852437e-03   -1.78095947e-01
5970     1.97852170e-08    4.43192263e+00    1.00136467e+01    1.41156631e-02   -1.77746228e-01
5971     1.97885504e-08    4.41077397e+00    1.00142126e+01    1.37525796e-02   -1.77286135e-01
5972     1.97918837e-08    4.40614253e+00    1.00096646e+01    8.46402229e-03   -1.76889109e-01
5973     1.97952170e-08    4.41978286e+00    1.00017874e+01    2.94834607e-04   -1.76695515e-01
5974     1.97985504e-08    4.44647318e+00    9.99315833e+00   -8.07485755e-03   -1.76774416e-01
5975     1.98018837e-08    4.47602594e+00    9.98673340e+00   -1.37715751e-02   -1.77103643e-01
5976     1.98052170e-08    4.49716990e+00    9.98517292e+00   -1.43932284e-02   -1.77567642e-01
5977     1.98085504e-08    4.50183155e+00    9.98957521e+00   -9.20435587e-03   -1.77987574e-01
5978     1.98118837e-08    4.48821459e+00    9.99835744e+00   -1.11586885e-04   -1.78191420e-01
5979     1.98152170e-08    4.46150850e+00    1.00076915e+01    8.92852870e-03   -1.78095946e-01
5980     1.98185504e-08    4.43192263e+00    1.00136467e+01    1.41156571e-02   -1.77746227e-01
5981     1.98218837e-08    4.41077397e+00    1.00142126e+01    1.37525671e-02   -1.77286135e-01
5982     1.98252170e-08    4.40614253e+00    1.00096646e+01    8.46400883e-03   -1.76889109e-01
5983     1.98285504e-08    4.41978286e+00    1.00017873e+01    2.94824242e-04   -1.76695516e-01
5984     1.98318837e-08    4.44647317e+00    9.99315833e+00   -8.07486215e-03   -1.76774416e-01
5985     1.98352170e-08    4.47602594e+00    9.98673340e+00   -1.37715721e-02   -1.77103644e-01
5986     1.98385504e-08    4.49716990e+00    9.98517293e+00   -1.43932175e-02   -1.77567643e-01
5987     1.98418837e-08    4.50183155e+00    9.98957522e+00   -9.20434038e-03   -1.77987574e-01
5988     1.98452170e-08    4.48821459e+00    9.99835746e+00   -1.11573662e-04   -1.78191420e-01
5989     1.98485504e-08    4.46150850e+00    1.00076915e+01    8.92853304e-03   -1.78095946e-01
5990     1.98518837e-08    4.43192263e+00    1.00136467e+01    1.41156510e-02   -1.77746226e-01
5991     1.98552170e-08    4.41077397e+00    1.00142126e+01    1.37525546e-02   -1.77286135e-01
5992     1.98585504e-08    4.40614253e+00    1.00096646e+01    8.46399536e-03   -1.76889109e-01
5993     1.98618837e-08    4.41978286e+00    1.00017873e+01    2.94813874e-04   -1.76695516e-01
5994     1.98652170e-08    4.44647317e+00    9.99315832e+00   -8.07486675e-03   -1.76774417e-01
5995     1.98685504e-08    4.47602594e+00    9.98673340e+00   -1.37715691e-02   -1.77103644e-01
5996     1.98718837e-08    4.49716989e+00    9.98517294e+00   -1.43932066e-02   -1.77567643e-01
5997     1.98752170e-08    4.50183155e+00    9.98957524e+00   -9.20432488e-03   -1.77987575e-01
5998     1.98785504e-08    4.48821458e+00    9.99835747e+00   -1.11560436e-04   -1.78191419e-01
5999     1.98818837e-08    4.46150850e+00    1.00076915e+01    8.92853738e-03   -1.78095945e-01
6000     1.98852170e-08    4.43192263e+00    1.00136467e+01    1.41156450e-02   -1.77746226e-01
6001     1.98885504e-08    4.41077397e+00    1.00142126e+01    1.37525421e-02   -1.77286134e-01
6002     1.98918837e-08    4.40614253e+00    1.00096645e+01    8.46398189e-03   -1.76889109e-01
6003     1.98952170e-08    4.41978286e+00    1.00017873e+01    2.94803505e-04   -1.76695516e-01
6004     1.98985504e-08    4.44647317e+00    9.99315831e+00   -8.07487136e-03   -1.76774418e-01
6005     1.99018837e-08    4.47602594e+00    9.98673341e+00   -1.37715661e-02   -1.77103645e-01
6006     1.99052170e-08    4.49716989e+00    9.98517295e+00   -1.43931958e-02   -1.77567644e-01
6007     1.99085504e-08    4.50183155e+00    9.98957525e+00   -9.20430939e-03   -1.77987575e-01
6008     1.99118837e-08    4.48821458e+00    9.99835749e+00   -1.11547208e-04   -1.78191419e-01
6009     1.99152170e-08    4.46150850e+00    1.00076915e+01    8.92854172e-03   -1.78095944e-01
6010     1.99185504e-08    4.43192263e+00    1.00136467e+01    1.41156390e-02   -1.77746225e-01
6011     1.99218837e-08    4.41077397e+00    1.00142125e+01    1.37525296e-02   -1.77286134e-01
6012     1.99252170e-08    4.40614253e+00    1.00096645e+01    8.46396842e-03   -1.76889109e-01
6013     1.99285504e-08    4.41978286e+00    1.00017873e+01    2.94793134e-04   -1.76695517e-01
6014     1.99318837e-08    4.44647317e+00    9.99315831e+00   -8.07487596e-03   -1.76774418e-01
6015     1.99352170e-08    4.47602593e+00    9.98673341e+00   -1.37715631e-02   -1.77103646e-01
6016     1.99385504e-08    4.49716989e+00    9.98517296e+00   -1.43931849e-02   -1.77567644e-01
6017     1.99418837e-08    4.50183155e+00    9.98957527e+00   -9.20429388e-03   -1.77987575e-01
6018     1.99452170e-08    4.48821458e+00    9.99835750e+00   -1.11533978e-04   -1.78191419e-01
6019     1.99485504e-08    4.46150850e+00    1.00076915e+01    8.92854607e-03   -1.78095944e-01
6020     1.99518837e-08    4.43192263e+00    1.00136467e+01    1.41156329e-02   -1.77746224e-01
6021     1.99552170e-08    4.41077397e+00    1.00142125e+01    1.37525172e-02   -1.77286134e-01
6022     1.99585504e-08    4.40614253e+00    1.00096645e+01    8.46395495e-03   -1.76889109e-01
6023     1.99618837e-08    4.41978285e+00    1.00017873e+01    2.94782760e-04   -1.76695517e-01
6024     1.99652170e-08    4.44647317e+00    9.99315830e+00   -8.07488057e-03   -1.76774419e-01
6025     1.99685504e-08    4.47602593e+00    9.98673341e+00   -1.37715600e-02   -1.77103647e-01
6026     1.99718837e-08    4.49716989e+00    9.98517297e+00   -1.43931740e-02   -1.77567645e-01
6027     1.99752170e-08    4.50183155e+00    9.98957528e+00   -9.20427838e-03   -1.77987575e-01
6028     1.99785504e-08    4.48821458e+00    9.99835751e+00   -1.11520745e-04   -1.78191419e-01
6029     1.99818837e-08    4.46150850e+00    1.00076915e+01    8.92855041e-03   -1.78095943e-01
6030     1.99852170e-08    4.43192263e+00    1.00136467e+01    1.41156269e-02   -1.77746224e-01
6031     1.99885504e-08    4.41077397e+00    1.00142125e+01    1.37525047e-02   -1.77286133e-01
6032     1.99918837e-08    4.40614253e+00    1.00096645e+01    8.46394147e-03   -1.76889109e-01
6033     1.99952170e-08    4.41978285e+00    1.00017873e+01    2.94772385e-04   -1.76695518e-01
6034     1.99985504e-08    4.44647317e+00    9.99315830e+00   -8.07488518e-03   -1.76774420e-01
6035     2.00000000e-08    4.45965478e+00    9.98983146e+00   -1.11234189e-02   -1.76895076e-01
End of Xyce(TM) Simulation
