Index       TIME              V(IN)            V(BASE)           V(COLL)           V(OUT)            I(VDD)      
0        0.00000000e+00    0.00000000e+00    0.00000000e+00    0.00000000e+00    0.00000000e+00    0.00000000e+00
1        3.33333333e-12    2.93892626e-02    7.39514056e-02    3.13561324e+00    2.93963742e+00   -7.36068919e-02
2        3.54166667e-12    3.09546975e-02    7.77256469e-02    3.25223951e+00    3.04358209e+00   -7.24387421e-02
3        3.71443221e-12    3.22167724e-02    8.05410466e-02    3.32207139e+00    3.10269320e+00   -7.17390156e-02
4        3.86332047e-12    3.32770619e-02    8.27875717e-02    3.36778523e+00    3.13905965e+00   -7.12807539e-02
5        4.01220873e-12    3.43111431e-02    8.49431595e-02    3.40740000e+00    3.16928204e+00   -7.08835285e-02
6        4.30998526e-12    3.62974440e-02    8.88854878e-02    3.45976746e+00    3.20267532e+00   -7.03578826e-02
7        4.60776178e-12    3.81694188e-02    9.24796801e-02    3.49075200e+00    3.21455086e+00   -7.00462402e-02
8        4.90553830e-12    3.99211715e-02    9.58394505e-02    3.51187005e+00    3.21651869e+00   -6.98333798e-02
9        5.50109134e-12    4.30423363e-02    1.02036782e-01    3.54333483e+00    3.20971187e+00   -6.95156333e-02
10       6.09664439e-12    4.56216463e-02    1.07611330e-01    3.56951870e+00    3.19773598e+00   -6.92510073e-02
11       7.28775047e-12    4.90320500e-02    1.16965618e-01    3.61989698e+00    3.17224108e+00   -6.87425474e-02
12       8.47885656e-12    4.99811904e-02    1.23861455e-01    3.66956924e+00    3.14664866e+00   -6.82423768e-02
13       1.08610687e-11    4.44310448e-02    1.30348536e-01    3.76775748e+00    3.09612089e+00   -6.72572509e-02
14       1.41944021e-11    2.24663068e-02    1.25626527e-01    3.90280529e+00    3.02706258e+00   -6.59091338e-02
15       1.75277354e-11   -8.07979689e-03    1.12684844e-01    4.03580751e+00    2.96048004e+00   -6.45855825e-02
16       2.08610687e-11   -3.55396927e-02    1.02882064e-01    4.16693648e+00    2.89638033e+00   -6.32791942e-02
17       2.41944021e-11   -4.94246339e-02    1.06335756e-01    4.29607930e+00    2.83449401e+00   -6.19860391e-02
18       2.75277354e-11   -4.44310448e-02    1.28058705e-01    4.42272162e+00    2.77418051e+00   -6.07087545e-02
19       3.08610687e-11   -2.24663068e-02    1.66043235e-01    4.54628307e+00    2.71477672e+00   -5.94541477e-02
20       3.41944021e-11    8.07979689e-03    2.12026670e-01    4.66628887e+00    2.65576448e+00   -5.82310979e-02
21       3.75277354e-11    3.55396927e-02    2.54650229e-01    4.78261490e+00    2.59699841e+00   -5.70465259e-02
22       4.08610687e-11    4.94246339e-02    2.83800921e-01    4.89553249e+00    2.53872522e+00   -5.59027746e-02
23       4.41944021e-11    4.44310448e-02    2.94475541e-01    5.00564110e+00    2.48149322e+00   -5.47963512e-02
24       4.75277354e-11    2.24663068e-02    2.88689273e-01    5.11365103e+00    2.42592261e+00   -5.37191451e-02
25       5.08610687e-11   -8.07979689e-03    2.74703961e-01    5.22013514e+00    2.37246062e+00   -5.26612966e-02
26       5.41944021e-11   -3.55396927e-02    2.63873761e-01    5.32533081e+00    2.32120091e+00   -5.16147550e-02
27       5.75277354e-11   -4.94246339e-02    2.66311302e-01    5.42907182e+00    2.27184053e+00   -5.05761262e-02
28       6.08610687e-11   -4.44310448e-02    2.87025331e-01    5.53087575e+00    2.22379011e+00   -4.95477298e-02
29       6.41944021e-11   -2.24663068e-02    3.24005189e-01    5.63014463e+00    2.17638644e+00   -4.85365511e-02
30       6.75277354e-11    8.07979689e-03    3.68987645e-01    5.72641294e+00    2.12913729e+00   -4.75513767e-02
31       7.08610687e-11    3.55396927e-02    4.10615808e-01    5.81953946e+00    2.08189603e+00   -4.65992975e-02
32       7.41944021e-11    4.94246339e-02    4.38781300e-01    5.90978302e+00    2.03491264e+00   -4.56827791e-02
33       7.75277354e-11    4.44310448e-02    4.48486622e-01    5.99771741e+00    1.98872574e+00   -4.47985826e-02
34       8.08610687e-11    2.24663068e-02    4.41750840e-01    6.08403162e+00    1.94395074e+00   -4.39388083e-02
35       8.41944021e-11   -8.07979689e-03    4.26835099e-01    6.16927851e+00    1.90103155e+00   -4.30937974e-02
36       8.75277354e-11   -3.55396927e-02    4.15088500e-01    6.25368490e+00    1.86006796e+00   -4.22556068e-02
37       9.08610687e-11   -4.94246339e-02    4.16616959e-01    6.33707921e+00    1.82076775e+00   -4.14208994e-02
38       9.41944021e-11   -4.44310448e-02    4.36423642e-01    6.41897855e+00    1.78255628e+00   -4.05920027e-02
39       9.75277354e-11   -2.24663068e-02    4.72494772e-01    6.49878392e+00    1.74478366e+00   -3.97759134e-02
40       1.00861069e-10    8.07979689e-03    5.16566994e-01    6.57602646e+00    1.70696781e+00   -3.89814519e-02
41       1.04194402e-10    3.55396927e-02    5.57286818e-01    6.65055376e+00    1.66896405e+00   -3.82158190e-02
42       1.07527735e-10    4.94246339e-02    5.84553109e-01    6.72260367e+00    1.63101467e+00   -3.74816868e-02
43       1.10861069e-10    4.44310448e-02    5.93377442e-01    6.79273587e+00    1.59365779e+00   -3.67759526e-02
44       1.14194402e-10    2.24663068e-02    5.85784179e-01    6.86165158e+00    1.55753379e+00   -3.60905921e-02
45       1.17527735e-10   -8.07979689e-03    5.70031859e-01    6.92989429e+00    1.52308906e+00   -3.54160412e-02
46       1.20861069e-10   -3.55396927e-02    5.57461335e-01    6.99765499e+00    1.49040013e+00   -3.47447194e-02
47       1.24194402e-10   -4.94246339e-02    5.58169413e-01    7.06474874e+00    1.45917471e+00   -3.40734279e-02
48       1.27527735e-10   -4.44310448e-02    5.77152435e-01    7.13068996e+00    1.42884849e+00   -3.34045242e-02
49       1.30861069e-10   -2.24663068e-02    6.12394223e-01    7.19485367e+00    1.39875863e+00   -3.27452662e-02
50       1.34194402e-10    8.07979689e-03    6.55639030e-01    7.25661429e+00    1.36828448e+00   -3.21060376e-02
51       1.37527735e-10    3.55396927e-02    6.95576432e-01    7.31507494e+00    1.33658289e+00   -3.15014623e-02
52       1.40861069e-10    4.94246339e-02    7.22235434e-01    7.36882483e+00    1.30236776e+00   -3.09506340e-02
53       1.44194402e-10    4.44310448e-02    7.30778346e-01    7.41936241e+00    1.26725137e+00   -3.04409867e-02
54       1.47527735e-10    2.24663068e-02    7.23142327e-01    7.47282008e+00    1.23722644e+00   -2.99102281e-02
55       1.50861069e-10   -8.07979689e-03    7.07279857e-01    7.53043682e+00    1.21316352e+00   -2.93419918e-02
56       1.54194402e-10   -3.55396927e-02    6.94378809e-01    7.58771515e+00    1.19032554e+00   -2.87756591e-02
57       1.57527735e-10   -4.94246339e-02    6.94612852e-01    7.64266618e+00    1.16670876e+00   -2.82260318e-02
58       1.60861069e-10   -4.44310448e-02    7.13122758e-01    7.69446001e+00    1.14156029e+00   -2.76988385e-02
59       1.64194402e-10   -2.24663068e-02    7.48186494e-01    7.73861124e+00    1.11063824e+00   -2.72397943e-02
60       1.67527735e-10    8.07979689e-03    7.92592610e-01    7.75737059e+00    1.05713836e+00   -2.70299978e-02
61       1.70861069e-10    3.55396927e-02    8.37518251e-01    7.72496074e+00    9.57571522e-01   -2.73316335e-02
62       1.74194402e-10    4.94246339e-02    8.75226977e-01    7.66546148e+00    8.38212782e-01   -2.79077717e-02
63       1.77527735e-10    4.44310448e-02    9.00304114e-01    7.62762755e+00    7.47521059e-01   -2.82735724e-02
64       1.80861069e-10    2.24663068e-02    9.12513858e-01    7.61962026e+00    6.91544906e-01   -2.83475404e-02
65       1.84194402e-10   -8.07979689e-03    9.18314433e-01    7.63028604e+00    6.57250828e-01   -2.82379824e-02
66       1.87527735e-10   -3.55396927e-02    9.28468154e-01    7.63995088e+00    6.24200612e-01   -2.81362572e-02
67       1.90861069e-10   -4.94246339e-02    9.53906651e-01    7.62521850e+00    5.69672472e-01   -2.82708616e-02
68       1.94194402e-10   -4.44310448e-02    1.00152121e+00    7.57104098e+00    4.80489547e-01   -2.87888296e-02
69       1.97527735e-10   -2.24663068e-02    1.07116129e+00    7.48127660e+00    3.62621469e-01   -2.96516533e-02
70       2.00861069e-10    8.07979689e-03    1.15518102e+00    7.37696358e+00    2.38278449e-01   -3.06527737e-02
71       2.04194402e-10    3.55396927e-02    1.24130132e+00    7.27931792e+00    1.28409849e-01   -3.15861701e-02
72       2.07527735e-10    4.94246339e-02    1.31769060e+00    7.19994903e+00    4.33167361e-02   -3.23416644e-02
73       2.10861069e-10    4.44310448e-02    1.37769392e+00    7.14129633e+00   -1.62385644e-02   -3.28981897e-02
74       2.14194402e-10    2.24663068e-02    1.42218204e+00    7.09979468e+00   -5.53538033e-02   -3.32909621e-02
75       2.17527735e-10   -8.07979689e-03    1.45883259e+00    7.06810771e+00   -8.24473993e-02   -3.35895066e-02
76       2.20861069e-10   -3.55396927e-02    1.49883251e+00    7.03742779e+00   -1.06818457e-01   -3.38763058e-02
77       2.24194402e-10   -4.94246339e-02    1.55232282e+00    7.00023255e+00   -1.35922341e-01   -3.42215131e-02
78       2.27527735e-10   -4.44310448e-02    1.62428932e+00    6.95331585e+00   -1.72556414e-01   -3.46546968e-02
79       2.30861069e-10   -2.24663068e-02    1.71245042e+00    6.89874668e+00   -2.14232622e-01   -3.51563080e-02
80       2.34194402e-10    8.07979689e-03    1.80799735e+00    6.84209474e+00   -2.55235618e-01   -3.56750539e-02
81       2.37527735e-10    3.55396927e-02    1.89893268e+00    6.78923834e+00   -2.89920156e-01   -3.61581502e-02
82       2.40861069e-10    4.94246339e-02    1.97467309e+00    6.74424362e+00   -3.14758908e-01   -3.65702272e-02
83       2.44194402e-10    4.44310448e-02    2.03007097e+00    6.70861365e+00   -3.28932499e-01   -3.68988280e-02
84       2.47527735e-10    2.24663068e-02    2.06729545e+00    6.68143379e+00   -3.34014135e-01   -3.71520143e-02
85       2.50861069e-10   -8.07979689e-03    2.09489562e+00    6.65973236e+00   -3.33466219e-01   -3.73552285e-02
86       2.54194402e-10   -3.55396927e-02    2.12445046e+00    6.63934584e+00   -3.31681163e-01   -3.75443164e-02
87       2.57527735e-10   -4.94246339e-02    2.16609535e+00    6.61624883e+00   -3.32634326e-01   -3.77544640e-02
88       2.60861069e-10   -4.44310448e-02    2.22461683e+00    6.58812093e+00   -3.38394594e-01   -3.80064823e-02
89       2.64194402e-10   -2.24663068e-02    2.29759862e+00    6.55513722e+00   -3.48482404e-01   -3.82998285e-02
90       2.67527735e-10    8.07979689e-03    2.37634056e+00    6.51962734e+00   -3.60364068e-01   -3.86155563e-02
91       2.70861069e-10    3.55396927e-02    2.44920799e+00    6.48486549e+00   -3.70755271e-01   -3.89267411e-02
92       2.74194402e-10    4.94246339e-02    2.50611298e+00    6.45389838e+00   -3.76803748e-01   -3.92079597e-02
93       2.77527735e-10    4.44310448e-02    2.54238857e+00    6.42861652e+00   -3.76960145e-01   -3.94426405e-02
94       2.80861069e-10    2.24663068e-02    2.56057226e+00    6.40921137e+00   -3.71419312e-01   -3.96276002e-02
95       2.84194402e-10   -8.07979689e-03    2.56943447e+00    6.39401281e+00   -3.62165059e-01   -3.97751546e-02
96       2.87527735e-10   -3.55396927e-02    2.58063713e+00    6.38002187e+00   -3.52339192e-01   -3.99094627e-02
97       2.90861069e-10   -4.94246339e-02    2.60429769e+00    6.36396676e+00   -3.45144837e-01   -4.00581836e-02
98       2.94194402e-10   -4.44310448e-02    2.64514501e+00    6.34359289e+00   -3.42594079e-01   -4.02414986e-02
99       2.97527735e-10   -2.24663068e-02    2.70073231e+00    6.31848834e+00   -3.44785953e-01   -4.04647504e-02
100      3.00861069e-10    8.07979689e-03    2.76239517e+00    6.29018473e+00   -3.49932297e-01   -4.07169552e-02
101      3.04194402e-10    3.55396927e-02    2.81858989e+00    6.26151521e+00   -3.55100714e-01   -4.09755530e-02
102      3.07527735e-10    4.94246339e-02    2.85932851e+00    6.23564676e+00   -3.57224971e-01   -4.12138681e-02
103      3.10861069e-10    4.44310448e-02    2.88001046e+00    6.21492357e+00   -3.54232896e-01   -4.14107590e-02
104      3.14194402e-10    2.24663068e-02    2.88319383e+00    6.19993638e+00   -3.45882899e-01   -4.15590393e-02
105      3.17527735e-10   -8.07979689e-03    2.87763803e+00    6.18917993e+00   -3.33977338e-01   -4.16693817e-02
106      3.20861069e-10   -3.55396927e-02    2.87498219e+00    6.17963260e+00   -3.21669768e-01   -4.17661829e-02
107      3.24194402e-10   -4.94246339e-02    2.88532279e+00    6.16791075e+00   -3.12260608e-01   -4.18782312e-02
108      3.27527735e-10   -4.44310448e-02    2.91337860e+00    6.15156849e+00   -3.07929844e-01   -4.20276258e-02
109      3.30861069e-10   -2.24663068e-02    2.95671055e+00    6.12996718e+00   -3.08967902e-01   -4.22219729e-02
110      3.34194402e-10    8.07979689e-03    3.00667657e+00    6.10453395e+00   -3.13647292e-01   -4.24513222e-02
111      3.37527735e-10    3.55396927e-02    3.05175124e+00    6.07829750e+00   -3.18802094e-01   -4.26911494e-02
112      3.40861069e-10    4.94246339e-02    3.08193632e+00    6.05488425e+00   -3.20892204e-01   -4.29101894e-02
113      3.44194402e-10    4.44310448e-02    3.09258257e+00    6.03709329e+00   -3.17406532e-01   -4.30827758e-02
114      3.47527735e-10    2.24663068e-02    3.08617651e+00    6.02566563e+00   -3.07987721e-01   -4.32002554e-02
115      3.50861069e-10   -8.07979689e-03    3.07141312e+00    6.01887887e+00   -2.94685379e-01   -4.32755048e-02
116      3.54194402e-10   -3.55396927e-02    3.05989704e+00    6.01329903e+00   -2.81073267e-01   -4.33370612e-02
117      3.57527735e-10   -4.94246339e-02    3.06172468e+00    6.00515496e+00   -2.70820863e-01   -4.34175881e-02
118      3.60861069e-10   -4.44310448e-02    3.08164022e+00    5.99174000e+00   -2.66330771e-01   -4.35417799e-02
119      3.64194402e-10   -2.24663068e-02    3.11724169e+00    5.97232333e+00   -2.67938460e-01   -4.37181458e-02
120      3.67527735e-10    8.07979689e-03    3.15991916e+00    5.94846204e+00   -2.73743680e-01   -4.39354200e-02
121      3.70861069e-10    3.55396927e-02    3.19815466e+00    5.92357288e+00   -2.80169083e-01   -4.41651939e-02
122      3.74194402e-10    4.94246339e-02    3.22191758e+00    5.90181357e+00   -2.83151052e-01   -4.43709055e-02
123      3.77527735e-10    4.44310448e-02    3.22648840e+00    5.88640107e+00   -2.79798565e-01   -4.45227451e-02
124      3.80861069e-10    2.24663068e-02    3.21426872e+00    5.87814174e+00   -2.69739952e-01   -4.46114483e-02
125      3.84194402e-10   -8.07979689e-03    3.19388605e+00    5.87500517e+00   -2.55372758e-01   -4.46530053e-02
126      3.87527735e-10   -3.55396927e-02    3.17691703e+00    5.87306352e+00   -2.40776118e-01   -4.46809063e-02
127      3.90861069e-10   -4.94246339e-02    3.17347134e+00    5.86810325e+00   -2.30042429e-01   -4.47322318e-02
128      3.94194402e-10   -4.44310448e-02    3.18833401e+00    5.85715611e+00   -2.25794992e-01   -4.48342719e-02
129      3.97527735e-10   -2.24663068e-02    3.21915217e+00    5.83945279e+00   -2.28359818e-01   -4.49958960e-02
130      4.00861069e-10    8.07979689e-03    3.25735334e+00    5.81674664e+00   -2.35600621e-01   -4.52038569e-02
131      4.04194402e-10    3.55396927e-02    3.29142747e+00    5.79286456e+00   -2.43512267e-01   -4.54256406e-02
132      4.07527735e-10    4.94246339e-02    3.31131238e+00    5.77245583e+00   -2.47552188e-01   -4.56197855e-02
133      4.10861069e-10    4.44310448e-02    3.31222354e+00    5.75909237e+00   -2.44513456e-01   -4.57529645e-02
134      4.14194402e-10    2.24663068e-02    3.29648665e+00    5.75361756e+00   -2.34036599e-01   -4.58155811e-02
135      4.17527735e-10   -8.07979689e-03    3.27267103e+00    5.75371308e+00   -2.18845028e-01   -4.58265337e-02
136      4.20861069e-10   -3.55396927e-02    3.25233209e+00    5.75499576e+00   -2.03484683e-01   -4.58238763e-02
137      4.24194402e-10   -4.94246339e-02    3.24559673e+00    5.75284035e+00   -1.92442522e-01   -4.58487981e-02
138      4.27527735e-10   -4.44310448e-02    3.25729267e+00    5.74404119e+00   -1.88542189e-01   -4.59309417e-02
139      4.30861069e-10   -2.24663068e-02    3.28511606e+00    5.72781079e+00   -1.92085019e-01   -4.60793341e-02
140      4.34194402e-10    8.07979689e-03    3.32053081e+00    5.70609909e+00   -2.00703757e-01   -4.62787437e-02
141      4.37527735e-10    3.55396927e-02    3.35203548e+00    5.68310081e+00   -2.10011531e-01   -4.64929742e-02
142      4.40861069e-10    4.94246339e-02    3.36954203e+00    5.66387789e+00   -2.15065224e-01   -4.66764501e-02
143      4.44194402e-10    4.44310448e-02    3.36821248e+00    5.65228728e+00   -2.12406767e-01   -4.67930209e-02
144      4.47527735e-10    2.24663068e-02    3.35031078e+00    5.64919934e+00   -2.01691438e-01   -4.68328512e-02
145      4.50861069e-10   -8.07979689e-03    3.32435925e+00    5.65206193e+00   -1.85908836e-01   -4.68172011e-02
146      4.54194402e-10   -3.55396927e-02    3.30189693e+00    5.65611362e+00   -1.69993729e-01   -4.67879153e-02
147      4.57527735e-10   -4.94246339e-02    3.29306696e+00    5.65637696e+00   -1.58771546e-01   -4.67896969e-02
148      4.60861069e-10   -4.44310448e-02    3.30273520e+00    5.64944122e+00   -1.55240225e-01   -4.68542202e-02
149      4.64194402e-10   -2.24663068e-02    3.32864119e+00    5.63450757e+00   -1.59676645e-01   -4.69906037e-02
150      4.67527735e-10    8.07979689e-03    3.36228087e+00    5.61369922e+00   -1.69512044e-01   -4.71818674e-02
151      4.70861069e-10    3.55396927e-02    3.39216098e+00    5.59151798e+00   -1.80041496e-01   -4.73887397e-02
152      4.74194402e-10    4.94246339e-02    3.40817342e+00    5.57335532e+00   -1.86002688e-01   -4.75623601e-02
153      4.77527735e-10    4.44310448e-02    3.40543840e+00    5.56328883e+00   -1.83744274e-01   -4.76643925e-02
154      4.80861069e-10    2.24663068e-02    3.38617164e+00    5.56221124e+00   -1.72932638e-01   -4.76848018e-02
155      4.84194402e-10   -8.07979689e-03    3.35885864e+00    5.56739273e+00   -1.56761343e-01   -4.76466433e-02
156      4.87527735e-10   -3.55396927e-02    3.33502560e+00    5.57377344e+00   -1.40472831e-01   -4.75947528e-02
157      4.90861069e-10   -4.94246339e-02    3.32482912e+00    5.57608759e+00   -1.29170566e-01   -4.75767095e-02
158      4.94194402e-10   -4.44310448e-02    3.33316672e+00    5.57075240e+00   -1.26000072e-01   -4.76258927e-02
159      4.97527735e-10   -2.24663068e-02    3.35781407e+00    5.55695972e+00   -1.31218783e-01   -4.77514957e-02
160      5.00861069e-10    8.07979689e-03    3.39029381e+00    5.53697689e+00   -1.42091280e-01   -4.79350842e-02
161      5.04194402e-10    3.55396927e-02    3.41911982e+00    5.51555312e+00   -1.53656784e-01   -4.81349089e-02
162      5.07527735e-10    4.94246339e-02    3.43416875e+00    5.49833602e+00   -1.60405149e-01   -4.82995554e-02
163      5.10861069e-10    4.44310448e-02    3.43052878e+00    5.48957058e+00   -1.58539111e-01   -4.83890298e-02
164      5.14194402e-10    2.24663068e-02    3.41037877e+00    5.49016864e+00   -1.47732020e-01   -4.83931242e-02
165      5.17527735e-10   -8.07979689e-03    3.38217575e+00    5.49726980e+00   -1.31328830e-01   -4.83362141e-02
166      5.20861069e-10   -3.55396927e-02    3.35743577e+00    5.50558497e+00   -1.14809064e-01   -4.82654324e-02
167      5.24194402e-10   -4.94246339e-02    3.34632592e+00    5.50961801e+00   -1.03499089e-01   -4.82306570e-02
168      5.27527735e-10   -4.44310448e-02    3.35376904e+00    5.50564454e+00   -1.00667022e-01   -4.82666701e-02
169      5.30861069e-10   -2.24663068e-02    3.37756995e+00    5.49284776e+00   -1.06556353e-01   -4.83827374e-02
170      5.34194402e-10    8.07979689e-03    3.40927283e+00    5.47361138e+00   -1.18297598e-01   -4.85592498e-02
171      5.37527735e-10    3.55396927e-02    3.43739751e+00    5.45288017e+00   -1.30727954e-01   -4.87524995e-02
172      5.40861069e-10    4.94246339e-02    3.45180910e+00    5.43649829e+00   -1.38147334e-01   -4.89091126e-02
173      5.44194402e-10    4.44310448e-02    3.44757152e+00    5.42883645e+00   -1.36649279e-01   -4.89878497e-02
174      5.47527735e-10    2.24663068e-02    3.42683562e+00    5.43082281e+00   -1.25910914e-01   -4.89783541e-02
175      5.50861069e-10   -8.07979689e-03    3.39803665e+00    5.43950246e+00   -1.09387966e-01   -4.89059570e-02
176      5.54194402e-10   -3.55396927e-02    3.37268255e+00    5.44941250e+00   -9.27403173e-02   -4.88195337e-02
177      5.57527735e-10   -4.94246339e-02    3.36094838e+00    5.45487518e+00   -8.14706064e-02   -4.87707740e-02
178      5.60861069e-10   -4.44310448e-02    3.36777685e+00    5.45205115e+00   -7.89473749e-02   -4.87956001e-02
179      5.64194402e-10   -2.24663068e-02    3.39099584e+00    5.44011540e+00   -8.54047200e-02   -4.89033481e-02
180      5.67527735e-10    8.07979689e-03    3.42216666e+00    5.42154415e+00   -9.78669134e-02   -4.90734751e-02
181      5.70861069e-10    3.55396927e-02    3.44981394e+00    5.40143525e+00   -1.11013147e-01   -4.92607405e-02
182      5.74194402e-10    4.94246339e-02    3.46379407e+00    5.38578282e+00   -1.18998521e-01   -4.94102748e-02
183      5.77527735e-10    4.44310448e-02    3.45915260e+00    5.37905187e+00   -1.17835017e-01   -4.94799050e-02
184      5.80861069e-10    2.24663068e-02    3.43801923e+00    5.38218428e+00   -1.07201399e-01   -4.94591476e-02
185      5.84194402e-10   -8.07979689e-03    3.40881249e+00    5.39215706e+00   -9.06341005e-02   -4.93740232e-02
186      5.87527735e-10   -3.55396927e-02    3.38303390e+00    5.40337614e+00   -7.39295662e-02   -4.92747217e-02
187      5.90861069e-10   -4.94246339e-02    3.37086450e+00    5.41002162e+00   -6.27288021e-02   -4.92143515e-02
188      5.94194402e-10   -4.44310448e-02    3.37726237e+00    5.40816163e+00   -6.04817757e-02   -4.92297525e-02
189      5.97527735e-10   -2.24663068e-02    3.40007355e+00    5.39696358e+00   -6.74165525e-02   -4.93303275e-02
190      6.00861069e-10    8.07979689e-03    3.43087279e+00    5.37897657e+00   -8.04738750e-02   -4.94947979e-02
191      6.04194402e-10    3.55396927e-02    3.45818858e+00    5.35941774e+00   -9.42099167e-02   -4.96767283e-02
192      6.07527735e-10    4.94246339e-02    3.47187068e+00    5.34439555e+00   -1.02669455e-01   -4.98201091e-02
193      6.10861069e-10    4.44310448e-02    3.46695074e+00    5.33844584e+00   -1.01803404e-01   -4.98820662e-02
194      6.14194402e-10    2.24663068e-02    3.44554241e+00    5.34252191e+00   -9.12908593e-02   -4.98520097e-02
195      6.17527735e-10   -8.07979689e-03    3.41605144e+00    5.35355169e+00   -7.47271461e-02   -4.97564574e-02
196      6.20861069e-10   -3.55396927e-02    3.38997425e+00    5.36584210e+00   -5.80120974e-02   -4.96465919e-02
197      6.24194402e-10   -4.94246339e-02    3.37749628e+00    5.37346237e+00   -4.68949246e-02   -4.95766281e-02
198      6.27527735e-10   -4.44310448e-02    3.38358758e+00    5.37240663e+00   -4.48911269e-02   -4.95841399e-02
199      6.30861069e-10   -2.24663068e-02    3.40610833e+00    5.36183550e+00   -5.22250571e-02   -4.96785909e-02
200      6.34194402e-10    8.07979689e-03    3.43664383e+00    5.34435525e+00   -6.57720663e-02   -4.98381256e-02
201      6.37527735e-10    3.55396927e-02    3.46372560e+00    5.32527577e+00   -7.99927205e-02   -5.00153795e-02
202      6.40861069e-10    4.94246339e-02    3.47719838e+00    5.31079286e+00   -8.88476168e-02   -5.01534722e-02
203      6.44194402e-10    4.44310448e-02    3.47208324e+00    5.30549576e+00   -8.82417370e-02   -5.02090007e-02
204      6.47527735e-10    2.24663068e-02    3.45048163e+00    5.31034722e+00   -7.78537664e-02   -5.01712870e-02
205      6.50861069e-10   -8.07979689e-03    3.42078950e+00    5.32223958e+00   -6.13222051e-02   -5.00672094e-02
206      6.54194402e-10   -3.55396927e-02    3.39449922e+00    5.33540487e+00   -4.46253305e-02   -4.99487017e-02
207      6.57527735e-10   -4.94246339e-02    3.38179953e+00    5.34382597e+00   -3.35968253e-02   -4.98708405e-02
208      6.60861069e-10   -4.44310448e-02    3.38766970e+00    5.34343812e+00   -3.18046285e-02   -4.98717840e-02
209      6.64194402e-10   -2.24663068e-02    3.40998094e+00    5.33339598e+00   -3.94709151e-02   -4.99610497e-02
210      6.67527735e-10    8.07979689e-03    3.44032682e+00    5.31635057e+00   -5.34199625e-02   -5.01163309e-02
211      6.70861069e-10    3.55396927e-02    3.46724122e+00    5.29768386e+00   -6.80380713e-02   -5.02895408e-02
212      6.74194402e-10    4.94246339e-02    3.48056505e+00    5.28365850e+00   -7.72214471e-02   -5.04231325e-02
213      6.77527735e-10    4.44310448e-02    3.47531130e+00    5.27890421e+00   -7.68403414e-02   -5.04733022e-02
214      6.80861069e-10    2.24663068e-02    3.45357216e+00    5.28439147e+00   -6.65726506e-02   -5.04292992e-02
215      6.84194402e-10   -8.07979689e-03    3.42373599e+00    5.29698670e+00   -5.00887148e-02   -5.03182651e-02
216      6.87527735e-10   -3.55396927e-02    3.39729197e+00    5.31086506e+00   -3.34265121e-02   -5.01927034e-02
217      6.90861069e-10   -4.94246339e-02    3.38443134e+00    5.31994222e+00   -2.24856109e-02   -5.01083621e-02
218      6.94194402e-10   -4.44310448e-02    3.39014044e+00    5.32010673e+00   -2.08757190e-02   -5.01038624e-02
219      6.97527735e-10   -2.24663068e-02    3.41229912e+00    5.31050819e+00   -2.88178172e-02   -5.01887686e-02
220      7.00861069e-10    8.07979689e-03    3.44250737e+00    5.29383251e+00   -4.30963548e-02   -5.03404212e-02
221      7.04194402e-10    3.55396927e-02    3.46930093e+00    5.27551770e+00   -5.80399572e-02   -5.05101726e-02
222      7.07527735e-10    4.94246339e-02    3.48251778e+00    5.26187768e+00   -6.74954560e-02   -5.06399643e-02
223      7.10861069e-10    4.44310448e-02    3.47716474e+00    5.25757303e+00   -6.73067080e-02   -5.06856874e-02
224      7.14194402e-10    2.24663068e-02    3.45532688e+00    5.26358049e+00   -5.71506658e-02   -5.06365317e-02
225      7.17527735e-10   -8.07979689e-03    3.42538676e+00    5.27674747e+00   -4.07212879e-02   -5.05198319e-02
226      7.20861069e-10   -3.55396927e-02    3.39883101e+00    5.29120586e+00   -2.41021208e-02   -5.03885259e-02
227      7.24194402e-10   -4.94246339e-02    3.38585273e+00    5.30081902e+00   -1.32440840e-02   -5.02988834e-02
228      7.27527735e-10   -4.44310448e-02    3.39144377e+00    5.30143861e+00   -1.17900183e-02   -5.02898920e-02
229      7.30861069e-10   -2.24663068e-02    3.41349067e+00    5.29220997e+00   -1.99603220e-02   -5.03711550e-02
230      7.34194402e-10    8.07979689e-03    3.44359843e+00    5.27584623e+00   -3.45084370e-02   -5.05197385e-02
231      7.37527735e-10    3.55396927e-02    3.47030426e+00    5.25782889e+00   -4.97182203e-02   -5.06865590e-02
232      7.40861069e-10    4.94246339e-02    3.48344386e+00    5.24451130e+00   -5.93985771e-02   -5.08131650e-02
233      7.44194402e-10    4.44310448e-02    3.47801935e+00    5.24057760e+00   -5.93732184e-02   -5.08552143e-02
234      7.47527735e-10    2.24663068e-02    3.45611033e+00    5.24700965e+00   -4.93181265e-02   -5.08018483e-02
235      7.50861069e-10   -8.07979689e-03    3.42609487e+00    5.26064081e+00   -3.29448644e-02   -5.06805444e-02
236      7.54194402e-10   -3.55396927e-02    3.39945761e+00    5.27556995e+00   -1.63718357e-02   -5.05445717e-02
237      7.57527735e-10   -4.94246339e-02    3.38639305e+00    5.28561979e+00   -5.58993757e-03   -5.04506056e-02
238      7.60861069e-10   -4.44310448e-02    3.39189728e+00    5.28661293e+00   -4.26818987e-03   -5.04379220e-02
239      7.64194402e-10   -2.24663068e-02    3.41386206e+00    5.27769118e+00   -1.26267784e-02   -5.05161572e-02
240      7.67527735e-10    8.07979689e-03    3.44389629e+00    5.26158884e+00   -2.73950579e-02   -5.06621635e-02
241      7.70861069e-10    3.55396927e-02    3.47053830e+00    5.24382114e+00   -4.28221787e-02   -5.08265194e-02
242      7.74194402e-10    4.94246339e-02    3.48362207e+00    5.23077176e+00   -5.26878911e-02   -5.09504713e-02
243      7.77527735e-10    4.44310448e-02    3.47814609e+00    5.22714289e+00   -5.28004806e-02   -5.09894980e-02
244      7.80861069e-10    2.24663068e-02    3.45618577e+00    5.23392052e+00   -4.28350006e-02   -5.09327019e-02
245      7.84194402e-10   -8.07979689e-03    3.42611571e+00    5.24792764e+00   -2.65161776e-02   -5.08076657e-02
246      7.87527735e-10   -3.55396927e-02    3.39941899e+00    5.26323787e+00   -9.98910574e-03   -5.06679118e-02
247      7.90861069e-10   -4.94246339e-02    3.38629117e+00    5.27364240e+00    7.24251526e-04   -5.05704304e-02
248      7.94194402e-10   -4.44310448e-02    3.39173161e+00    5.27494104e+00    1.93427477e-03   -5.05547238e-02
249      7.97527735e-10   -2.24663068e-02    3.41363612e+00    5.26627271e+00   -6.57922729e-03   -5.06304549e-02
250      8.00861069e-10    8.07979689e-03    3.44361663e+00    5.25038810e+00   -2.15269575e-02   -5.07743107e-02
251      8.04194402e-10    3.55396927e-02    3.47021234e+00    5.23282857e+00   -3.71312204e-02   -5.09366082e-02
252      8.07527735e-10    4.94246339e-02    3.48325590e+00    5.22000107e+00   -4.71493656e-02   -5.10583614e-02
253      8.10861069e-10    4.44310448e-02    3.47774302e+00    5.21662168e+00   -4.73778441e-02   -5.10949117e-02
254      8.14194402e-10    2.24663068e-02    3.45574589e+00    5.22367972e+00   -3.74908526e-02   -5.10353299e-02
255      8.17527735e-10   -8.07979689e-03    3.42563644e+00    5.23799047e+00   -2.12229700e-02   -5.09072770e-02
256      8.20861069e-10   -3.55396927e-02    3.39889655e+00    5.25360830e+00   -4.73971822e-03   -5.07644687e-02
257      8.24194402e-10   -4.94246339e-02    3.38572254e+00    5.26429999e+00    5.91286341e-03   -5.06641388e-02
258      8.27527735e-10   -4.44310448e-02    3.39111633e+00    5.26584754e+00    7.02901799e-03   -5.06459664e-02
259      8.30861069e-10   -2.24663068e-02    3.41297683e+00    5.25738753e+00   -1.61157553e-03   -5.07196363e-02
260      8.34194402e-10    8.07979689e-03    3.44291832e+00    5.24168330e+00   -1.67052413e-02   -5.08617078e-02
261      8.37527735e-10    3.55396927e-02    3.46948068e+00    5.22429632e+00   -3.24535911e-02   -5.10222964e-02
262      8.40861069e-10    4.94246339e-02    3.48249554e+00    5.21165144e+00   -4.25967966e-02   -5.11422378e-02
263      8.44194402e-10    4.44310448e-02    3.47695648e+00    5.20847538e+00   -4.29222225e-02   -5.11767680e-02
264      8.47527735e-10    2.24663068e-02    3.45493324e+00    5.21576013e+00   -3.31032894e-02   -5.11149321e-02
265      8.50861069e-10   -8.07979689e-03    3.42479568e+00    5.23031531e+00   -1.68819374e-02   -5.09844491e-02
266      8.54194402e-10   -3.55396927e-02    3.39802472e+00    5.24618058e+00   -4.39291159e-04   -5.08391819e-02
267      8.57527735e-10   -4.94246339e-02    3.38481730e+00    5.25710392e+00    1.01600229e-02   -5.07365522e-02
268      8.60861069e-10   -4.44310448e-02    3.39017727e+00    5.25885348e+00    1.11976670e-02   -5.07163765e-02
269      8.64194402e-10   -2.24663068e-02    3.41200594e+00    5.25056396e+00    2.45312174e-03   -5.07883574e-02
270      8.67527735e-10    8.07979689e-03    3.44191941e+00    5.23500840e+00   -1.27589200e-02   -5.09289563e-02
271      8.70861069e-10    3.55396927e-02    3.46845808e+00    5.21776368e+00   -2.86241988e-02   -5.10881342e-02
272      8.74194402e-10    4.94246339e-02    3.48145280e+00    5.20526832e+00   -3.88697589e-02   -5.12065904e-02
273      8.77527735e-10    4.44310448e-02    3.47589551e+00    5.20225723e+00   -3.92759904e-02   -5.12394799e-02
274      8.80861069e-10    2.24663068e-02    3.45385408e+00    5.20972455e+00   -2.95156161e-02   -5.11758274e-02
275      8.84194402e-10   -8.07979689e-03    3.42369680e+00    5.22447573e+00   -1.33360481e-02   -5.10433943e-02
276      8.87527735e-10   -3.55396927e-02    3.39690386e+00    5.24053929e+00    3.06971840e-03   -5.08961552e-02
277      8.90861069e-10   -4.94246339e-02    3.38367262e+00    5.25164876e+00    1.36227777e-02   -5.07916761e-02
278      8.94194402e-10   -4.44310448e-02    3.38900844e+00    5.25356162e+00    1.45950367e-02   -5.07698796e-02
279      8.97527735e-10   -2.24663068e-02    3.41081448e+00    5.24541101e+00    5.76574055e-03   -5.08404826e-02
280      9.00861069e-10    8.07979689e-03    3.44070819e+00    5.22997735e+00   -9.54204484e-03   -5.09798724e-02
281      9.04194402e-10    3.55396927e-02    3.46723039e+00    5.21284929e+00   -2.55019671e-02   -5.11378919e-02
282      9.07527735e-10    4.94246339e-02    3.48021133e+00    5.20047574e+00   -3.58310896e-02   -5.12551370e-02
283      9.10861069e-10    4.44310448e-02    3.47464173e+00    5.19759785e+00   -3.63044556e-02   -5.12867006e-02
284      9.14194402e-10    2.24663068e-02    3.45258803e+00    5.20521153e+00   -2.65941582e-02   -5.12215907e-02
285      9.17527735e-10   -8.07979689e-03    3.42241731e+00    5.22011919e+00   -1.04516399e-02   -5.10875995e-02
286      9.20861069e-10   -3.55396927e-02    3.39560919e+00    5.23634093e+00    5.92112516e-03   -5.09387861e-02
287      9.24194402e-10   -4.94246339e-02    3.38236139e+00    5.24759932e+00    1.64343305e-02   -5.08328261e-02
288      9.27527735e-10   -4.44310448e-02    3.38768036e+00    5.24964358e+00    1.73523626e-02   -5.08097240e-02
289      9.30861069e-10   -2.24663068e-02    3.40947068e+00    5.24160564e+00    8.45421107e-03   -5.08792082e-02
290      9.34194402e-10    8.07979689e-03    3.43935085e+00    5.22627145e+00   -6.93076216e-03   -5.10176100e-02
291      9.37527735e-10    3.55396927e-02    3.46586200e+00    5.20923855e+00   -2.29670694e-02   -5.11746835e-02
292      9.40861069e-10    4.94246339e-02    3.47883393e+00    5.19696367e+00   -3.33642374e-02   -5.12909463e-02
293      9.44194402e-10    4.44310448e-02    3.47325642e+00    5.19419278e+00   -3.38932179e-02   -5.13214440e-02
294      9.47527735e-10    2.24663068e-02    3.45119485e+00    5.20192317e+00   -2.42255307e-02   -5.12551708e-02
295      9.50861069e-10   -8.07979689e-03    3.42101538e+00    5.21695512e+00   -8.11554435e-03   -5.11199411e-02
296      9.54194402e-10   -3.55396927e-02    3.39419721e+00    5.23330245e+00    8.22803115e-03   -5.09698769e-02
297      9.57527735e-10   -4.94246339e-02    3.38093829e+00    5.24467939e+00    1.87071308e-02   -5.08627370e-02
298      9.60861069e-10   -4.44310448e-02    3.38624592e+00    5.24682889e+00    1.95803798e-02   -5.08385882e-02
299      9.64194402e-10   -2.24663068e-02    3.40802574e+00    5.23888190e+00    1.06265006e-02   -5.09071681e-02
300      9.67527735e-10    8.07979689e-03    3.43789706e+00    5.22362846e+00   -4.82047661e-03   -5.10447669e-02
301      9.70861069e-10    3.55396927e-02    3.46440121e+00    5.20667274e+00   -2.09182384e-02   -5.12010720e-02
302      9.74194402e-10    4.94246339e-02    3.47736766e+00    5.19447735e+00   -3.13706709e-02   -5.13165427e-02
303      9.77527735e-10    4.44310448e-02    3.47178553e+00    5.19179187e+00   -3.19456010e-02   -5.13461885e-02
304      9.80861069e-10    2.24663068e-02    3.44971935e+00    5.19961480e+00   -2.23140199e-02   -5.12789923e-02
305      9.84194402e-10   -8.07979689e-03    3.41953465e+00    5.21474490e+00   -6.23237327e-03   -5.11427837e-02
306      9.87527735e-10   -3.55396927e-02    3.39271025e+00    5.23119134e+00    1.00856299e-02   -5.09917314e-02
307      9.90861069e-10   -4.94246339e-02    3.37944431e+00    5.24266215e+00    2.05357253e-02   -5.08836563e-02
308      9.94194402e-10   -4.44310448e-02    3.38474475e+00    5.24489551e+00    2.13721534e-02   -5.08586725e-02
309      9.97527735e-10   -2.24663068e-02    3.40651799e+00    5.23702157e+00    1.23733611e-02   -5.09265253e-02
310      1.00086107e-09    8.07979689e-03    3.43638394e+00    5.22183332e+00   -3.12322416e-03   -5.10634748e-02
311      1.00419440e-09    3.55396927e-02    3.46288411e+00    5.20493984e+00   -1.92702597e-02   -5.12191596e-02
312      1.00752774e-09    4.94246339e-02    3.47584772e+00    5.19280805e+00   -2.97674565e-02   -5.13339957e-02
313      1.01086107e-09    4.44310448e-02    3.47026337e+00    5.19019032e+00   -3.03802593e-02   -5.13629651e-02
314      1.01419440e-09    2.24663068e-02    3.44819502e+00    5.19808610e+00   -2.07791636e-02   -5.12950415e-02
315      1.01752774e-09   -8.07979689e-03    3.41800767e+00    5.21329319e+00   -4.72204027e-03   -5.11580643e-02
316      1.02086107e-09   -3.55396927e-02    3.39117990e+00    5.22981736e+00    1.15737440e-02   -5.10062364e-02
317      1.02419440e-09   -4.94246339e-02    3.37790999e+00    5.24136204e+00    2.19993221e-02   -5.08974246e-02
318      1.02752774e-09   -4.44310448e-02    3.38320633e+00    5.24366184e+00    2.28056193e-02   -5.08717785e-02
319      1.03086107e-09   -2.24663068e-02    3.40497592e+00    5.23584623e+00    1.37707990e-02   -5.09390497e-02
320      1.03419440e-09    8.07979689e-03    3.43483910e+00    5.22071031e+00   -1.76530116e-03   -5.10754773e-02
321      1.03752774e-09    3.55396927e-02    3.46133752e+00    5.20386668e+00   -1.79516994e-02   -5.12306644e-02
322      1.04086107e-09    4.94246339e-02    3.47430021e+00    5.19178543e+00   -2.84850587e-02   -5.13449956e-02
323      1.04419440e-09    4.44310448e-02    3.46871541e+00    5.18922101e+00   -2.91290081e-02   -5.13734322e-02
324      1.04752774e-09    2.24663068e-02    3.44664665e+00    5.19717370e+00   -1.95535712e-02   -5.13049397e-02
325      1.05086107e-09   -8.07979689e-03    3.41645855e+00    5.21244069e+00   -3.51754382e-03   -5.11673639e-02
326      1.05419440e-09   -3.55396927e-02    3.38962951e+00    5.22902536e+00    1.27590803e-02   -5.10149316e-02
327      1.05752774e-09   -4.94246339e-02    3.37635789e+00    5.24062778e+00    2.31640603e-02   -5.09055433e-02
328      1.06086107e-09   -4.44310448e-02    3.38165241e+00    5.24297988e+00    2.39458294e-02   -5.08793750e-02
329      1.06419440e-09   -2.24663068e-02    3.40342051e+00    5.23521058e+00    1.48822601e-02   -5.09461840e-02
330      1.06752774e-09    8.07979689e-03    3.43328282e+00    5.22011639e+00   -6.85162091e-04   -5.10821947e-02
331      1.07086107e-09    3.55396927e-02    3.45978110e+00    5.20331240e+00   -1.69028837e-02   -5.12369854e-02
332      1.07419440e-09    4.94246339e-02    3.47274427e+00    5.19127096e+00   -2.74653800e-02   -5.13509182e-02
333      1.07752774e-09    4.44310448e-02    3.46716029e+00    5.18874811e+00   -2.81348938e-02   -5.13789388e-02
334      1.08086107e-09    2.24663068e-02    3.44509238e+00    5.19674481e+00   -1.85809922e-02   -5.13100057e-02
335      1.08419440e-09   -8.07979689e-03    3.41490491e+00    5.21205799e+00   -2.56301389e-03   -5.11719676e-02
336      1.08752774e-09   -3.55396927e-02    3.38807612e+00    5.22868935e+00    1.36972066e-02   -5.10190684e-02
337      1.09086107e-09   -4.94246339e-02    3.37480443e+00    5.24033654e+00    2.40849920e-02   -5.09092323e-02
338      1.09419440e-09   -4.44310448e-02    3.38009880e+00    5.24272953e+00    2.48469116e-02   -5.08826553e-02
339      1.09752774e-09   -2.24663068e-02    3.40186696e+00    5.23499674e+00    1.57605377e-02   -5.09490992e-02
340      1.10086107e-09    8.07979689e-03    3.43172979e+00    5.21993558e+00    1.68421082e-04   -5.10847793e-02
341      1.10419440e-09    3.55396927e-02    3.45822909e+00    5.20316285e+00   -1.60741256e-02   -5.12392570e-02
342      1.10752774e-09    4.94246339e-02    3.47119371e+00    5.19115246e+00   -2.66600400e-02   -5.13528785e-02
343      1.11086107e-09    4.44310448e-02    3.46561143e+00    5.18866165e+00   -2.73505005e-02   -5.13805778e-02
344      1.11419440e-09    2.24663068e-02    3.44354527e+00    5.19669202e+00   -1.78146262e-02   -5.13113072e-02
345      1.11752774e-09   -8.07979689e-03    3.41335939e+00    5.21204041e+00   -1.81200964e-03   -5.11729162e-02
346      1.12086107e-09   -3.55396927e-02    3.38653193e+00    5.22870743e+00    1.44342684e-02   -5.10196597e-02
347      1.12419440e-09   -4.94246339e-02    3.37326133e+00    5.24038904e+00    2.48078013e-02   -5.09094790e-02
348      1.12752774e-09   -4.44310448e-02    3.37855674e+00    5.24281372e+00    2.55537664e-02   -5.08825844e-02
349      1.13086107e-09   -2.24663068e-02    3.40032607e+00    5.23510949e+00    1.64494262e-02   -5.09487421e-02
350      1.13419440e-09    8.07979689e-03    3.43019037e+00    5.22007426e+00    8.37955410e-04   -5.10841622e-02
351      1.13752774e-09    3.55396927e-02    3.45669149e+00    5.20332591e+00   -1.54241844e-02   -5.12383951e-02
352      1.14086107e-09    4.94246339e-02    3.46965823e+00    5.19133945e+00   -2.60288784e-02   -5.13517764e-02
353      1.14419440e-09    4.44310448e-02    3.46407827e+00    5.18887301e+00   -2.67364781e-02   -5.13792308e-02
354      1.14752774e-09    2.24663068e-02    3.44201445e+00    5.19692875e+00   -1.72156583e-02   -5.13097052e-02
355      1.15086107e-09   -8.07979689e-03    3.41183081e+00    5.21230364e+00   -1.22604788e-03   -5.11710482e-02
356      1.15419440e-09   -3.55396927e-02    3.38500542e+00    5.22899757e+00    1.50084691e-02   -5.10175216e-02
357      1.15752774e-09   -4.94246339e-02    3.37173672e+00    5.24070534e+00    2.53702824e-02   -5.09070782e-02
358      1.16086107e-09   -4.44310448e-02    3.37703397e+00    5.24315438e+00    2.61035259e-02   -5.08799392e-02
359      1.16419440e-09   -2.24663068e-02    3.39880523e+00    5.23547229e+00    1.69851425e-02   -5.09458745e-02
360      1.16752774e-09    8.07979689e-03    3.42867165e+00    5.22045720e+00    1.35860200e-03   -5.10810921e-02
361      1.17086107e-09    3.55396927e-02    3.45517513e+00    5.20372765e+00   -1.49189373e-02   -5.12351359e-02
362      1.17419440e-09    4.94246339e-02    3.46814443e+00    5.19175934e+00   -2.55386637e-02   -5.13483344e-02
363      1.17752774e-09    4.44310448e-02    3.46256715e+00    5.18931110e+00   -2.62602735e-02   -5.13756054e-02
364      1.18086107e-09    2.24663068e-02    3.44050605e+00    5.19738563e+00   -1.67519971e-02   -5.13058906e-02
365      1.18419440e-09   -8.07979689e-03    3.41032507e+00    5.21278011e+00   -7.73338970e-04   -5.11670363e-02
366      1.18752774e-09   -3.55396927e-02    3.38350223e+00    5.22949406e+00    1.54513386e-02   -5.10133083e-02
367      1.19086107e-09   -4.94246339e-02    3.37023597e+00    5.24122149e+00    2.58036044e-02   -5.09026671e-02
368      1.19419440e-09   -4.44310448e-02    3.37553559e+00    5.24368903e+00    2.65268021e-02   -5.08753419e-02
369      1.19752774e-09   -2.24663068e-02    3.39730927e+00    5.23602392e+00    1.73975437e-02   -5.09411062e-02
370      1.20086107e-09    8.07979689e-03    3.42717823e+00    5.22102429e+00    1.75935372e-03   -5.10761679e-02
371      1.20419440e-09    3.55396927e-02    3.45368439e+00    5.20430900e+00   -1.45302406e-02   -5.12300678e-02
372      1.20752774e-09    4.94246339e-02    3.46665649e+00    5.19235418e+00   -2.51619851e-02   -5.13431299e-02
373      1.21086107e-09    4.44310448e-02    3.46108211e+00    5.18991923e+00   -2.58950422e-02   -5.13702667e-02
374      1.21419440e-09    2.24663068e-02    3.43902395e+00    5.19800733e+00   -1.63971949e-02   -5.13004147e-02
375      1.21752774e-09   -8.07979689e-03    3.40884589e+00    5.21341599e+00   -4.27706460e-04   -5.11614171e-02
376      1.22086107e-09   -3.55396927e-02    3.38202587e+00    5.23014455e+00    1.57888155e-02   -5.10075416e-02
377      1.22419440e-09   -4.94246339e-02    3.36876236e+00    5.24188653e+00    2.61333907e-02   -5.08967535e-02
378      1.22752774e-09   -4.44310448e-02    3.37406468e+00    5.24436796e+00    2.68487497e-02   -5.08692880e-02
379      1.23086107e-09   -2.24663068e-02    3.39584107e+00    5.23671571e+00    1.77111638e-02   -5.09349224e-02
380      1.23419440e-09    8.07979689e-03    3.42571279e+00    5.22172776e+00    2.06403942e-03   -5.10698660e-02
381      1.23752774e-09    3.55396927e-02    3.45222180e+00    5.20502306e+00   -1.42349578e-02   -5.12236585e-02
382      1.24086107e-09    4.94246339e-02    3.46519684e+00    5.19307800e+00   -2.48763075e-02   -5.13366216e-02
383      1.24419440e-09    4.44310448e-02    3.45962546e+00    5.19065242e+00   -2.56187205e-02   -5.13636630e-02
384      1.24752774e-09    2.24663068e-02    3.43757033e+00    5.19875001e+00   -1.61295272e-02   -5.12937148e-02
385      1.25086107e-09   -8.07979689e-03    3.40739528e+00    5.21416863e+00   -1.67667378e-04   -5.11546161e-02
386      1.25419440e-09   -3.55396927e-02    3.38057824e+00    5.23090761e+00    1.60421677e-02   -5.10006348e-02
387      1.25752774e-09   -4.94246339e-02    3.36731763e+00    5.24266017e+00    2.63806344e-02   -5.08897395e-02
388      1.26086107e-09   -4.44310448e-02    3.37262281e+00    5.24515186e+00    2.70899698e-02   -5.08621700e-02
389      1.26419440e-09   -2.24663068e-02    3.39440205e+00    5.23750919e+00    1.79460941e-02   -5.09277071e-02
390      1.26752774e-09    8.07979689e-03    3.42427665e+00    5.22252988e+00    2.29217703e-03   -5.10625629e-02
391      1.27086107e-09    3.55396927e-02    3.45078857e+00    5.20583284e+00   -1.40141333e-02   -5.12162773e-02
392      1.27419440e-09    4.94246339e-02    3.46376656e+00    5.19389456e+00   -2.46631672e-02   -5.13291711e-02
393      1.27752774e-09    4.44310448e-02    3.45819818e+00    5.19147528e+00   -2.54132356e-02   -5.13561481e-02
394      1.28086107e-09    2.24663068e-02    3.43614608e+00    5.19957916e+00   -1.59312106e-02   -5.12861354e-02
395      1.28419440e-09   -8.07979689e-03    3.40597407e+00    5.21500448e+00    2.43478826e-05   -5.11469681e-02
396      1.28752774e-09   -3.55396927e-02    3.37916003e+00    5.23175068e+00    1.62287717e-02   -5.09929132e-02
397      1.29086107e-09   -4.94246339e-02    3.36590237e+00    5.24351076e+00    2.65624736e-02   -5.08819413e-02
398      1.29419440e-09   -4.44310448e-02    3.37121046e+00    5.24600988e+00    2.72672728e-02   -5.08542960e-02
399      1.29752774e-09   -2.24663068e-02    3.39299258e+00    5.23837420e+00    1.81187284e-02   -5.09197617e-02
400      1.30086107e-09    8.07979689e-03    3.42287005e+00    5.22340112e+00    2.45969588e-03   -5.10545538e-02
401      1.30419440e-09    3.55396927e-02    3.44938486e+00    5.20670937e+00   -1.38522934e-02   -5.12082138e-02
402      1.30752774e-09    4.94246339e-02    3.46236576e+00    5.19477552e+00   -2.45074910e-02   -5.13210619e-02
403      1.31086107e-09    4.44310448e-02    3.45680033e+00    5.19236013e+00   -2.52638378e-02   -5.13479986e-02
404      1.31419440e-09    2.24663068e-02    3.43475120e+00    5.20046784e+00   -1.57877410e-02   -5.12779460e-02
405      1.31752774e-09   -8.07979689e-03    3.40458217e+00    5.21589740e+00    1.62655277e-04   -5.11387349e-02
406      1.32086107e-09   -3.55396927e-02    3.37777109e+00    5.23264836e+00    1.63627712e-02   -5.09846308e-02
407      1.32419440e-09   -4.94246339e-02    3.36451634e+00    5.24441362e+00    2.66928464e-02   -5.08736056e-02
408      1.32752774e-09   -4.44310448e-02    3.36982730e+00    5.24691801e+00    2.73943236e-02   -5.08459063e-02
409      1.33086107e-09   -2.24663068e-02    3.39161225e+00    5.23928730e+00    1.82423921e-02   -5.09113209e-02
410      1.33419440e-09    8.07979689e-03    3.42149253e+00    5.22431852e+00    2.57954656e-03   -5.10460686e-02
411      1.33752774e-09    3.55396927e-02    3.44801014e+00    5.20763021e+00   -1.37368545e-02   -5.11996929e-02
412      1.34086107e-09    4.94246339e-02    3.46099387e+00    5.19569891e+00   -2.43970205e-02   -5.13125139e-02
413      1.34419440e-09    4.44310448e-02    3.45543128e+00    5.19328554e+00   -2.51585356e-02   -5.13394289e-02
414      1.34752774e-09    2.24663068e-02    3.43338503e+00    5.20139522e+00   -1.56873351e-02   -5.12693553e-02
415      1.35086107e-09   -8.07979689e-03    3.40321888e+00    5.21682714e+00    2.58873413e-04   -5.11301191e-02
416      1.35419440e-09   -3.55396927e-02    3.37641066e+00    5.23358105e+00    1.64556325e-02   -5.09759842e-02
417      1.35752774e-09   -4.94246339e-02    3.36315873e+00    5.24534975e+00    2.67830414e-02   -5.08649231e-02
418      1.36086107e-09   -4.44310448e-02    3.36847245e+00    5.24785773e+00    2.74821844e-02   -5.08371864e-02
419      1.36419440e-09   -2.24663068e-02    3.39026013e+00    5.24023042e+00    1.83278717e-02   -5.09025657e-02
420      1.36752774e-09    8.07979689e-03    3.42014311e+00    5.22526444e+00    2.66221439e-03   -5.10372841e-02
421      1.37086107e-09    3.55396927e-02    3.44666341e+00    5.20857808e+00   -1.36576260e-02   -5.11908875e-02
422      1.37419440e-09    4.94246339e-02    3.45964983e+00    5.19664790e+00   -2.43218281e-02   -5.13036961e-02
423      1.37752774e-09    4.44310448e-02    3.45408996e+00    5.19423512e+00   -2.50876207e-02   -5.13306038e-02
424      1.38086107e-09    2.24663068e-02    3.43204645e+00    5.20234535e+00   -1.56204602e-02   -5.12605233e-02
425      1.38419440e-09   -8.07979689e-03    3.40188305e+00    5.21777826e+00    3.22391388e-04   -5.11212758e-02
426      1.38752774e-09   -3.55396927e-02    3.37507755e+00    5.23453378e+00    1.65166103e-02   -5.09671234e-02
427      1.39086107e-09   -4.94246339e-02    3.36182831e+00    5.24630463e+00    2.68421614e-02   -5.08560396e-02
428      1.39419440e-09   -4.44310448e-02    3.36714467e+00    5.24881496e+00    2.75397696e-02   -5.08282780e-02
429      1.39752774e-09   -2.24663068e-02    3.38893494e+00    5.24118984e+00    1.83838589e-02   -5.08936341e-02
430      1.40086107e-09    8.07979689e-03    3.41882048e+00    5.22622547e+00    2.71615054e-03   -5.10283351e-02
431      1.40419440e-09    3.55396927e-02    3.44534332e+00    5.20953992e+00   -1.36063917e-02   -5.11819292e-02
432      1.40752774e-09    4.94246339e-02    3.45833229e+00    5.19760972e+00   -2.42739092e-02   -5.12947366e-02
433      1.41086107e-09    4.44310448e-02    3.45277499e+00    5.19519646e+00   -2.50432683e-02   -5.13216479e-02
434      1.41419440e-09    2.24663068e-02    3.43073407e+00    5.20330620e+00   -1.55794395e-02   -5.12515710e-02
435      1.41752774e-09   -8.07979689e-03    3.40057327e+00    5.21873911e+00    3.60761210e-04   -5.11123223e-02
436      1.42086107e-09   -3.55396927e-02    3.37377035e+00    5.23549528e+00    1.65531386e-02   -5.09581620e-02
437      1.42419440e-09   -4.94246339e-02    3.36052364e+00    5.24726734e+00    2.68775100e-02   -5.08470648e-02
438      1.42752774e-09   -4.44310448e-02    3.36584247e+00    5.24977912e+00    2.75742280e-02   -5.08192876e-02
439      1.43086107e-09   -2.24663068e-02    3.38763516e+00    5.24215526e+00    1.84173231e-02   -5.08846298e-02
440      1.43419440e-09    8.07979689e-03    3.41752310e+00    5.22719159e+00    2.74813319e-03   -5.10193226e-02
441      1.43752774e-09    3.55396927e-02    3.44404833e+00    5.21050595e+00   -1.35765600e-02   -5.11729163e-02
442      1.44086107e-09    4.94246339e-02    3.45703970e+00    5.19857489e+00   -2.42468417e-02   -5.12857313e-02
443      1.44419440e-09    4.44310448e-02    3.45148481e+00    5.19616032e+00   -2.50192028e-02   -5.13126543e-02
444      1.44752774e-09    2.24663068e-02    3.42944634e+00    5.20426883e+00   -1.55581221e-02   -5.12425886e-02
445      1.45086107e-09   -8.07979689e-03    3.39928798e+00    5.21970104e+00    3.80026065e-04   -5.11033456e-02
446      1.45419440e-09   -3.55396927e-02    3.37248747e+00    5.23645721e+00    1.65711579e-02   -5.09491842e-02
447      1.45752774e-09   -4.94246339e-02    3.35924311e+00    5.24822984e+00    2.68949165e-02   -5.08380801e-02
448      1.46086107e-09   -4.44310448e-02    3.36456424e+00    5.25074239e+00    2.75912608e-02   -5.08102940e-02
449      1.46419440e-09   -2.24663068e-02    3.38635919e+00    5.24311912e+00    1.84338219e-02   -5.08756292e-02
450      1.46752774e-09    8.07979689e-03    3.41624936e+00    5.22815545e+00    2.76356911e-03   -5.10103209e-02
451      1.47086107e-09    3.55396927e-02    3.44277682e+00    5.21146903e+00   -1.35628712e-02   -5.11639213e-02
452      1.47419440e-09    4.94246339e-02    3.45577043e+00    5.19953645e+00   -2.42355008e-02   -5.12767503e-02
453      1.47752774e-09    4.44310448e-02    3.45021781e+00    5.19712000e+00   -2.50104187e-02   -5.13036910e-02
454      1.48086107e-09    2.24663068e-02    3.42818162e+00    5.20522675e+00   -1.55516063e-02   -5.12336417e-02
455      1.48419440e-09   -8.07979689e-03    3.39802554e+00    5.22065780e+00    3.84994221e-04   -5.10944093e-02
456      1.48752774e-09   -3.55396927e-02    3.37122728e+00    5.23741353e+00    1.65753866e-02   -5.09402510e-02
457      1.49086107e-09   -4.94246339e-02    3.35798510e+00    5.24918630e+00    2.68990048e-02   -5.08291445e-02
458      1.49419440e-09   -4.44310448e-02    3.36330835e+00    5.25169916e+00    2.75953873e-02   -5.08013542e-02
459      1.49752774e-09   -2.24663068e-02    3.38510538e+00    5.24407597e+00    1.84377601e-02   -5.08666876e-02
460      1.50086107e-09    8.07979689e-03    3.41499761e+00    5.22911177e+00    2.76674493e-03   -5.10013834e-02
461      1.50419440e-09    3.55396927e-02    3.44152714e+00    5.21242406e+00   -1.35611537e-02   -5.11549958e-02
462      1.50752774e-09    4.94246339e-02    3.45452283e+00    5.20048950e+00   -2.42358217e-02   -5.12678436e-02
463      1.51086107e-09    4.44310448e-02    3.44897232e+00    5.19807074e+00   -2.50129478e-02   -5.12948064e-02
464      1.51419440e-09    2.24663068e-02    3.42693827e+00    5.20617538e+00   -1.55560111e-02   -5.12247771e-02
465      1.51752774e-09   -8.07979689e-03    3.39678431e+00    5.22160497e+00    3.79466921e-04   -5.10855581e-02
466      1.52086107e-09   -3.55396927e-02    3.36998812e+00    5.23836002e+00    1.65695485e-02   -5.09314057e-02
467      1.52419440e-09   -4.94246339e-02    3.35674795e+00    5.25013266e+00    2.68934184e-02   -5.08202994e-02
468      1.52752774e-09   -4.44310448e-02    3.36207315e+00    5.25264552e+00    2.75901650e-02   -5.07925082e-02
469      1.53086107e-09   -2.24663068e-02    3.38387209e+00    5.24502206e+00    1.84326050e-02   -5.08578434e-02
470      1.53419440e-09    8.07979689e-03    3.41376621e+00    5.23005694e+00    2.76103591e-03   -5.09925475e-02
471      1.53752774e-09    3.55396927e-02    3.44029765e+00    5.21336755e+00   -1.35681214e-02   -5.11461757e-02
472      1.54086107e-09    4.94246339e-02    3.45329528e+00    5.20143064e+00   -2.42446022e-02   -5.12590459e-02
473      1.54419440e-09    4.44310448e-02    3.44774674e+00    5.19900931e+00   -2.50236658e-02   -5.12860336e-02
474      1.54752774e-09    2.24663068e-02    3.42571467e+00    5.20711162e+00   -1.55682845e-02   -5.12160264e-02
475      1.55086107e-09   -8.07979689e-03    3.39556269e+00    5.22253960e+00    3.66427459e-04   -5.10768226e-02
476      1.55419440e-09   -3.55396927e-02    3.36876841e+00    5.23929384e+00    1.65565596e-02   -5.09226774e-02
477      1.55752774e-09   -4.94246339e-02    3.35553008e+00    5.25106620e+00    2.68810054e-02   -5.08115729e-02
478      1.56086107e-09   -4.44310448e-02    3.36085706e+00    5.25357888e+00    2.75783725e-02   -5.07837827e-02
479      1.56419440e-09   -2.24663068e-02    3.38265774e+00    5.24595489e+00    1.84210637e-02   -5.08491223e-02
480      1.56752774e-09    8.07979689e-03    3.41255360e+00    5.23098857e+00    2.74907878e-03   -5.09838375e-02
481      1.57086107e-09    3.55396927e-02    3.43908680e+00    5.21429722e+00   -1.35812059e-02   -5.11374844e-02
482      1.57419440e-09    4.94246339e-02    3.45208623e+00    5.20235773e+00   -2.42593392e-02   -5.12503796e-02
483      1.57752774e-09    4.44310448e-02    3.44653952e+00    5.19993362e+00   -2.50401321e-02   -5.12773940e-02
484      1.58086107e-09    2.24663068e-02    3.42450930e+00    5.20803350e+00   -1.55860461e-02   -5.12074103e-02
485      1.58419440e-09   -8.07979689e-03    3.39435914e+00    5.22345982e+00    3.48197595e-04   -5.10682222e-02
486      1.58752774e-09   -3.55396927e-02    3.36756663e+00    5.24021320e+00    1.65386841e-02   -5.09140847e-02
487      1.59086107e-09   -4.94246339e-02    3.35432998e+00    5.25198525e+00    2.68639726e-02   -5.08029825e-02
488      1.59419440e-09   -4.44310448e-02    3.35965857e+00    5.25449764e+00    2.75621597e-02   -5.07751943e-02
489      1.59752774e-09   -2.24663068e-02    3.38146083e+00    5.24687295e+00    1.84052309e-02   -5.08405400e-02
490      1.60086107e-09    8.07979689e-03    3.41135829e+00    5.23190524e+00    2.73291457e-03   -5.09752684e-02
491      1.60419440e-09    3.55396927e-02    3.43789311e+00    5.21521173e+00   -1.35984180e-02   -5.11289362e-02
492      1.60752774e-09    4.94246339e-02    3.45089420e+00    5.20326950e+00   -2.42780941e-02   -5.12418579e-02
493      1.61086107e-09    4.44310448e-02    3.44534920e+00    5.20084252e+00   -2.50604579e-02   -5.12689002e-02
494      1.61419440e-09    2.24663068e-02    3.42332070e+00    5.20893992e+00   -1.56074568e-02   -5.11989404e-02
495      1.61752774e-09   -8.07979689e-03    3.39317223e+00    5.22436458e+00    3.26566540e-04   -5.10597681e-02
496      1.62086107e-09   -3.55396927e-02    3.36638134e+00    5.24111715e+00    1.65176615e-02   -5.09056378e-02
497      1.62419440e-09   -4.94246339e-02    3.35314623e+00    5.25288889e+00    2.68440115e-02   -5.07945380e-02
498      1.62752774e-09   -4.44310448e-02    3.35847629e+00    5.25540096e+00    2.75431723e-02   -5.07667523e-02
499      1.63086107e-09   -2.24663068e-02    3.38027999e+00    5.24777549e+00    1.83867096e-02   -5.08321051e-02
500      1.63419440e-09    8.07979689e-03    3.41017889e+00    5.23280625e+00    2.71410603e-03   -5.09668481e-02
501      1.63752774e-09    3.55396927e-02    3.43671520e+00    5.21611044e+00   -1.36182336e-02   -5.11205380e-02
502      1.64086107e-09    4.94246339e-02    3.44971784e+00    5.20416537e+00   -2.42993811e-02   -5.12334874e-02
503      1.64419440e-09    4.44310448e-02    3.44417443e+00    5.20173547e+00   -2.50831969e-02   -5.12605581e-02
504      1.64752774e-09    2.24663068e-02    3.42214753e+00    5.20983041e+00   -1.56311117e-02   -5.11906221e-02
505      1.65086107e-09   -8.07979689e-03    3.39200063e+00    5.22525348e+00    3.02896969e-04   -5.10514649e-02
506      1.65419440e-09   -3.55396927e-02    3.36521123e+00    5.24200532e+00    1.64948121e-02   -5.08973412e-02
507      1.65752774e-09   -4.94246339e-02    3.35197752e+00    5.25377681e+00    2.68224018e-02   -5.07862431e-02
508      1.66086107e-09   -4.44310448e-02    3.35730890e+00    5.25628857e+00    2.75226534e-02   -5.07584599e-02
509      1.66419440e-09   -2.24663068e-02    3.37911390e+00    5.24866227e+00    1.83667102e-02   -5.08238204e-02
510      1.66752774e-09    8.07979689e-03    3.40901413e+00    5.23369141e+00    2.69383415e-03   -5.09585788e-02
511      1.67086107e-09    3.55396927e-02    3.43555182e+00    5.21699322e+00   -1.36394997e-02   -5.11122919e-02
512      1.67419440e-09    4.94246339e-02    3.44855589e+00    5.20504526e+00   -2.43220764e-02   -5.12252695e-02
513      1.67752774e-09    4.44310448e-02    3.44301395e+00    5.20261244e+00   -2.51072565e-02   -5.12523687e-02
514      1.68086107e-09    2.24663068e-02    3.42098855e+00    5.21070497e+00   -1.56559517e-02   -5.11824561e-02
515      1.68419440e-09   -8.07979689e-03    3.39084310e+00    5.22612654e+00    2.78211862e-04   -5.10433131e-02
516      1.68752774e-09   -3.55396927e-02    3.36405508e+00    5.24287776e+00    1.64711227e-02   -5.08891949e-02
517      1.69086107e-09   -4.94246339e-02    3.35082265e+00    5.25464911e+00    2.68000967e-02   -5.07780976e-02
518      1.69419440e-09   -4.44310448e-02    3.35615523e+00    5.25716059e+00    2.75015266e-02   -5.07503165e-02
519      1.69752774e-09   -2.24663068e-02    3.37796141e+00    5.24953345e+00    1.83461316e-02   -5.08156848e-02
520      1.70086107e-09    8.07979689e-03    3.40786284e+00    5.23456093e+00    2.67297687e-03   -5.09504592e-02
521      1.70419440e-09    3.55396927e-02    3.43440179e+00    5.21786032e+00   -1.36613587e-02   -5.11041959e-02
522      1.70752774e-09    4.94246339e-02    3.44740720e+00    5.20590944e+00   -2.43453437e-02   -5.12172020e-02
523      1.71086107e-09    4.44310448e-02    3.44186665e+00    5.20347373e+00   -2.51318245e-02   -5.12443294e-02
524      1.71419440e-09    2.24663068e-02    3.41984263e+00    5.21156392e+00   -1.56811925e-02   -5.11744395e-02
525      1.71752774e-09   -8.07979689e-03    3.38969855e+00    5.22698412e+00    2.53265368e-04   -5.10353096e-02
526      1.72086107e-09   -3.55396927e-02    3.36291179e+00    5.24373485e+00    1.64473169e-02   -5.08811956e-02
527      1.72419440e-09   -4.94246339e-02    3.34968052e+00    5.25550617e+00    2.67777913e-02   -5.07700981e-02
528      1.72752774e-09   -4.44310448e-02    3.35501418e+00    5.25801745e+00    2.74804637e-02   -5.07423184e-02
529      1.73086107e-09   -2.24663068e-02    3.37682143e+00    5.25038948e+00    1.83256277e-02   -5.08076945e-02
530      1.73419440e-09    8.07979689e-03    3.40672396e+00    5.23541529e+00    2.65217326e-03   -5.09424852e-02
531      1.73752774e-09    3.55396927e-02    3.43326408e+00    5.21871223e+00   -1.36831851e-02   -5.10962457e-02
532      1.74086107e-09    4.94246339e-02    3.44627073e+00    5.20675845e+00   -2.43685730e-02   -5.12092802e-02
533      1.74419440e-09    4.44310448e-02    3.44073148e+00    5.20431988e+00   -2.51563100e-02   -5.12364355e-02
534      1.74752774e-09    2.24663068e-02    3.41870877e+00    5.21240784e+00   -1.57062657e-02   -5.11665672e-02
535      1.75086107e-09   -8.07979689e-03    3.38856595e+00    5.22782678e+00    2.28600400e-04   -5.10274492e-02
536      1.75419440e-09   -3.55396927e-02    3.36178036e+00    5.24457718e+00    1.64239114e-02   -5.08733380e-02
537      1.75752774e-09   -4.94246339e-02    3.34855015e+00    5.25634858e+00    2.67559791e-02   -5.07622392e-02
538      1.76086107e-09   -4.44310448e-02    3.35388480e+00    5.25885973e+00    2.74599397e-02   -5.07344603e-02
539      1.76419440e-09   -2.24663068e-02    3.37569301e+00    5.25123097e+00    1.83056601e-02   -5.07998438e-02
540      1.76752774e-09    8.07979689e-03    3.40559655e+00    5.23625511e+00    2.63187559e-03   -5.09346507e-02
541      1.77086107e-09    3.55396927e-02    3.43213775e+00    5.21954961e+00   -1.37045355e-02   -5.10884351e-02
542      1.77419440e-09    4.94246339e-02    3.44514556e+00    5.20759295e+00   -2.43913319e-02   -5.12014977e-02
543      1.77752774e-09    4.44310448e-02    3.43960753e+00    5.20515160e+00   -2.51802949e-02   -5.12286803e-02
544      1.78086107e-09    2.24663068e-02    3.41758605e+00    5.21323742e+00   -1.57307716e-02   -5.11588328e-02
545      1.78419440e-09   -8.07979689e-03    3.38744441e+00    5.22865525e+00    2.04595260e-04   -5.10197253e-02
546      1.78752774e-09   -3.55396927e-02    3.36065990e+00    5.24540544e+00    1.64012626e-02   -5.08656156e-02
547      1.79086107e-09   -4.94246339e-02    3.34743065e+00    5.25717705e+00    2.67349970e-02   -5.07545141e-02
548      1.79419440e-09   -4.44310448e-02    3.35276619e+00    5.25968817e+00    2.74402770e-02   -5.07267352e-02
549      1.79752774e-09   -2.24663068e-02    3.37457528e+00    5.25205867e+00    1.82865420e-02   -5.07921257e-02
550      1.80086107e-09    8.07979689e-03    3.40447975e+00    5.23708115e+00    2.61239127e-03   -5.09269486e-02
551      1.80419440e-09    3.55396927e-02    3.43102196e+00    5.22037322e+00   -1.37251078e-02   -5.10807568e-02
552      1.80752774e-09    4.94246339e-02    3.44403085e+00    5.20841373e+00   -2.44133254e-02   -5.11938473e-02
553      1.81086107e-09    4.44310448e-02    3.43849397e+00    5.20596966e+00   -2.52034952e-02   -5.12210564e-02
554      1.81419440e-09    2.24663068e-02    3.41647365e+00    5.21405345e+00   -1.57544409e-02   -5.11512287e-02
555      1.81752774e-09   -8.07979689e-03    3.38633312e+00    5.22947030e+00    1.81501188e-04   -5.10121305e-02
556      1.82086107e-09   -3.55396927e-02    3.35954961e+00    5.24622043e+00    1.63796030e-02   -5.08580208e-02
557      1.82419440e-09   -4.94246339e-02    3.34632125e+00    5.25799238e+00    2.67150615e-02   -5.07469156e-02
558      1.82752774e-09   -4.44310448e-02    3.35165760e+00    5.26050356e+00    2.74216810e-02   -5.07191356e-02
559      1.83086107e-09   -2.24663068e-02    3.37346748e+00    5.25287336e+00    1.82684728e-02   -5.07845327e-02
560      1.83419440e-09    8.07979689e-03    3.40337280e+00    5.23789421e+00    2.59391662e-03   -5.09193715e-02
561      1.83752774e-09    3.55396927e-02    3.42991595e+00    5.22118390e+00   -1.37447081e-02   -5.10732031e-02
562      1.84086107e-09    4.94246339e-02    3.44292587e+00    5.20922160e+00   -2.44343642e-02   -5.11863210e-02
563      1.84419440e-09    4.44310448e-02    3.43739007e+00    5.20677490e+00   -2.52257296e-02   -5.12135559e-02
564      1.84752774e-09    2.24663068e-02    3.41537085e+00    5.21485677e+00   -1.57771046e-02   -5.11437469e-02
565      1.85086107e-09   -8.07979689e-03    3.38523136e+00    5.23027275e+00    1.59472471e-04   -5.10046568e-02
566      1.85419440e-09   -3.55396927e-02    3.35844879e+00    5.24702297e+00    1.63590716e-02   -5.08505459e-02
567      1.85752774e-09   -4.94246339e-02    3.34522124e+00    5.25879538e+00    2.66962983e-02   -5.07394356e-02
568      1.86086107e-09   -4.44310448e-02    3.35055833e+00    5.26130670e+00    2.74042684e-02   -5.07116538e-02
569      1.86419440e-09   -2.24663068e-02    3.37236894e+00    5.25367586e+00    1.82515653e-02   -5.07770569e-02
570      1.86752774e-09    8.07979689e-03    3.40227504e+00    5.23869513e+00    2.57656384e-03   -5.09119112e-02
571      1.87086107e-09    3.55396927e-02    3.42881906e+00    5.22198245e+00   -1.37632246e-02   -5.10657660e-02
572      1.87419440e-09    4.94246339e-02    3.44182995e+00    5.21001742e+00   -2.44543391e-02   -5.11789109e-02
573      1.87752774e-09    4.44310448e-02    3.43629518e+00    5.20756815e+00   -2.52468947e-02   -5.12061709e-02
574      1.88086107e-09    2.24663068e-02    3.41427701e+00    5.21564819e+00   -1.57986689e-02   -5.11363796e-02
575      1.88419440e-09   -8.07979689e-03    3.38413850e+00    5.23106345e+00    1.38590435e-04   -5.09972962e-02
576      1.88752774e-09   -3.55396927e-02    3.35735681e+00    5.24781387e+00    1.63397365e-02   -5.08431828e-02
577      1.89086107e-09   -4.94246339e-02    3.34413002e+00    5.25958685e+00    2.66787647e-02   -5.07320665e-02
578      1.89419440e-09   -4.44310448e-02    3.34946777e+00    5.26209841e+00    2.73880903e-02   -5.07042820e-02
579      1.89752774e-09   -2.24663068e-02    3.37127905e+00    5.25446698e+00    1.82358683e-02   -5.07696906e-02
580      1.90086107e-09    8.07979689e-03    3.40118587e+00    5.23948471e+00    2.56038240e-03   -5.09045600e-02
581      1.90419440e-09    3.55396927e-02    3.42773072e+00    5.22276971e+00   -1.37806068e-02   -5.10584375e-02
582      1.90752774e-09    4.94246339e-02    3.44074253e+00    5.21080199e+00   -2.44732006e-02   -5.11716088e-02
583      1.91086107e-09    4.44310448e-02    3.43520874e+00    5.20835024e+00   -2.52669454e-02   -5.11988932e-02
584      1.91419440e-09    2.24663068e-02    3.41319156e+00    5.21642855e+00   -1.58190960e-02   -5.11291187e-02
585      1.91752774e-09   -8.07979689e-03    3.38305399e+00    5.23184319e+00    1.18882448e-04   -5.09900411e-02
586      1.92086107e-09   -3.55396927e-02    3.35627312e+00    5.24859394e+00    1.63216143e-02   -5.08359240e-02
587      1.92419440e-09   -4.94246339e-02    3.34304702e+00    5.26036760e+00    2.66624685e-02   -5.07248005e-02
588      1.92752774e-09   -4.44310448e-02    3.34838539e+00    5.26287947e+00    2.73731493e-02   -5.06970127e-02
589      1.93086107e-09   -2.24663068e-02    3.37019728e+00    5.25524752e+00    1.82213838e-02   -5.07624262e-02
590      1.93419440e-09    8.07979689e-03    3.40010478e+00    5.24026373e+00    2.54537595e-03   -5.08973103e-02
591      1.93752774e-09    3.55396927e-02    3.42665040e+00    5.22354646e+00   -1.37968492e-02   -5.10512102e-02
592      1.94086107e-09    4.94246339e-02    3.43966308e+00    5.21157611e+00   -2.44909429e-02   -5.11644074e-02
593      1.94419440e-09    4.44310448e-02    3.43413024e+00    5.20912194e+00   -2.52858787e-02   -5.11917154e-02
594      1.94752774e-09    2.24663068e-02    3.41211402e+00    5.21719862e+00   -1.58383893e-02   -5.11219567e-02
595      1.95086107e-09   -8.07979689e-03    3.38197733e+00    5.23261275e+00    1.00336874e-04   -5.09828838e-02
596      1.95419440e-09   -3.55396927e-02    3.35519724e+00    5.24936393e+00    1.63046843e-02   -5.08287621e-02
597      1.95752774e-09   -4.94246339e-02    3.34197179e+00    5.26113836e+00    2.66473817e-02   -5.07176305e-02
598      1.96086107e-09   -4.44310448e-02    3.34731072e+00    5.26365062e+00    2.73594139e-02   -5.06898384e-02
599      1.96419440e-09   -2.24663068e-02    3.36912317e+00    5.25601820e+00    1.82080803e-02   -5.07552564e-02
600      1.96752774e-09    8.07979689e-03    3.39903131e+00    5.24103296e+00    2.53151555e-03   -5.08901547e-02
601      1.97086107e-09    3.55396927e-02    3.42557766e+00    5.22431345e+00   -1.38119781e-02   -5.10440767e-02
602      1.97419440e-09    4.94246339e-02    3.43859118e+00    5.21234052e+00   -2.45075914e-02   -5.11572992e-02
603      1.97752774e-09    4.44310448e-02    3.43305924e+00    5.20988401e+00   -2.53037218e-02   -5.11846303e-02
604      1.98086107e-09    2.24663068e-02    3.41104393e+00    5.21795914e+00   -1.58565807e-02   -5.11148866e-02
605      1.98419440e-09   -8.07979689e-03    3.38090810e+00    5.23337285e+00    8.29147337e-05   -5.09758175e-02
606      1.98752774e-09   -3.55396927e-02    3.35412874e+00    5.25012456e+00    1.62888999e-02   -5.08216900e-02
607      1.99086107e-09   -4.94246339e-02    3.34090389e+00    5.26189986e+00    2.66334521e-02   -5.07105495e-02
608      1.99419440e-09   -4.44310448e-02    3.34624336e+00    5.26441258e+00    2.73468292e-02   -5.06827525e-02
609      1.99752774e-09   -2.24663068e-02    3.36805633e+00    5.25677974e+00    1.81959038e-02   -5.07481744e-02
610      2.00086107e-09    8.07979689e-03    3.39796505e+00    5.24179308e+00    2.51874994e-03   -5.08830867e-02
611      2.00419440e-09    3.55396927e-02    3.42451210e+00    5.22507138e+00   -1.38260416e-02   -5.10370302e-02
612      2.00752774e-09    4.94246339e-02    3.43752643e+00    5.21309592e+00   -2.45231929e-02   -5.11502776e-02
613      2.01086107e-09    4.44310448e-02    3.43199536e+00    5.21063713e+00   -2.53205225e-02   -5.11776310e-02
614      2.01419440e-09    2.24663068e-02    3.40998093e+00    5.21871079e+00   -1.58737217e-02   -5.11079016e-02
615      2.01752774e-09   -8.07979689e-03    3.37984592e+00    5.23412417e+00    6.65587190e-05   -5.09688354e-02
616      2.02086107e-09   -3.55396927e-02    3.35306726e+00    5.25087650e+00    1.62741978e-02   -5.08147014e-02
617      2.02419440e-09   -4.94246339e-02    3.33984298e+00    5.26265274e+00    2.66206114e-02   -5.07035511e-02
618      2.02752774e-09   -4.44310448e-02    3.34518293e+00    5.26516598e+00    2.73353251e-02   -5.06757487e-02
619      2.03086107e-09   -2.24663068e-02    3.36699639e+00    5.25753278e+00    1.81847854e-02   -5.07411740e-02
620      2.03419440e-09    8.07979689e-03    3.39690567e+00    5.24254473e+00    2.50701343e-03   -5.08760998e-02
621      2.03752774e-09    3.55396927e-02    3.42345339e+00    5.22582088e+00   -1.38391024e-02   -5.10300645e-02
622      2.04086107e-09    4.94246339e-02    3.43646849e+00    5.21384295e+00   -2.45378082e-02   -5.11433363e-02
623      2.04419440e-09    4.44310448e-02    3.43093827e+00    5.21138194e+00   -2.53363422e-02   -5.11707115e-02
624      2.04752774e-09    2.24663068e-02    3.40892469e+00    5.21945420e+00   -1.58898765e-02   -5.11009957e-02
625      2.05086107e-09   -8.07979689e-03    3.37879047e+00    5.23486732e+00    5.12000874e-05   -5.09619316e-02
626      2.05419440e-09   -3.55396927e-02    3.35201247e+00    5.25162035e+00    1.62605039e-02   -5.08077903e-02
627      2.05752774e-09   -4.94246339e-02    3.33878873e+00    5.26339760e+00    2.66087820e-02   -5.06966296e-02
628      2.06086107e-09   -4.44310448e-02    3.34412913e+00    5.26591143e+00    2.73248230e-02   -5.06688211e-02
629      2.06419440e-09   -2.24663068e-02    3.36594305e+00    5.25827790e+00    1.81746478e-02   -5.07342495e-02
630      2.06752774e-09    8.07979689e-03    3.39585286e+00    5.24328852e+00    2.49623189e-03   -5.08691884e-02
631      2.07086107e-09    3.55396927e-02    3.42240122e+00    5.22656255e+00   -1.38512312e-02   -5.10231739e-02
632      2.07419440e-09    4.94246339e-02    3.43541706e+00    5.21458219e+00   -2.45515062e-02   -5.11364696e-02
633      2.07752774e-09    4.44310448e-02    3.42988766e+00    5.21211902e+00   -2.53512497e-02   -5.11638660e-02
634      2.08086107e-09    2.24663068e-02    3.40787491e+00    5.22018994e+00   -1.59051162e-02   -5.10941632e-02
635      2.08419440e-09   -8.07979689e-03    3.37774146e+00    5.23560287e+00    3.67638577e-05   -5.09551005e-02
636      2.08752774e-09   -3.55396927e-02    3.35096410e+00    5.25235667e+00    1.62477393e-02   -5.08009513e-02
637      2.09086107e-09   -4.94246339e-02    3.33774087e+00    5.26413500e+00    2.65978817e-02   -5.06897796e-02
638      2.09419440e-09   -4.44310448e-02    3.34308170e+00    5.26664946e+00    2.73152398e-02   -5.06619646e-02
639      2.09752774e-09   -2.24663068e-02    3.36489604e+00    5.25901565e+00    1.81654099e-02   -5.07273955e-02
640      2.10086107e-09    8.07979689e-03    3.39480635e+00    5.24402496e+00    2.48632721e-03   -5.08623472e-02
641      2.10419440e-09    3.55396927e-02    3.42135533e+00    5.22729692e+00   -1.38625031e-02   -5.10163531e-02
642      2.10752774e-09    4.94246339e-02    3.43437190e+00    5.21531417e+00   -2.45643597e-02   -5.11296723e-02
643      2.11086107e-09    4.44310448e-02    3.42884330e+00    5.21284889e+00   -2.53653177e-02   -5.11570895e-02
644      2.11419440e-09    2.24663068e-02    3.40683135e+00    5.22091853e+00   -1.59195151e-02   -5.10873990e-02
645      2.11752774e-09   -8.07979689e-03    3.37669864e+00    5.23633134e+00    2.31726645e-05   -5.09483373e-02
646      2.12086107e-09   -3.55396927e-02    3.34992190e+00    5.25308596e+00    1.62358230e-02   -5.07941795e-02
647      2.12419440e-09   -4.94246339e-02    3.33669915e+00    5.26486542e+00    2.65878274e-02   -5.06829963e-02
648      2.12752774e-09   -4.44310448e-02    3.34204038e+00    5.26738056e+00    2.73064922e-02   -5.06551742e-02
649      2.13086107e-09   -2.24663068e-02    3.36385513e+00    5.25974651e+00    1.81569899e-02   -5.07206074e-02
650      2.13419440e-09    8.07979689e-03    3.39376593e+00    5.24475454e+00    2.47722062e-03   -5.08555716e-02
651      2.13752774e-09    3.55396927e-02    3.42031549e+00    5.22802447e+00   -1.38729937e-02   -5.10095975e-02
652      2.14086107e-09    4.94246339e-02    3.43333278e+00    5.21603937e+00   -2.45764426e-02   -5.11229399e-02
653      2.14419440e-09    4.44310448e-02    3.42780495e+00    5.21357203e+00   -2.53786196e-02   -5.11503772e-02
654      2.14752774e-09    2.24663068e-02    3.40579380e+00    5.22164044e+00   -1.59331477e-02   -5.10806987e-02
655      2.15086107e-09   -8.07979689e-03    3.37566180e+00    5.23705318e+00    1.03495554e-05   -5.09416373e-02
656      2.15419440e-09   -3.55396927e-02    3.34888565e+00    5.25380867e+00    1.62246754e-02   -5.07874705e-02
657      2.15752774e-09   -4.94246339e-02    3.33566337e+00    5.26558931e+00    2.65785376e-02   -5.06762752e-02
658      2.16086107e-09   -4.44310448e-02    3.34100499e+00    5.26810517e+00    2.72984983e-02   -5.06484458e-02
659      2.16419440e-09   -2.24663068e-02    3.36282012e+00    5.26047091e+00    1.81493077e-02   -5.07138809e-02
660      2.16752774e-09    8.07979689e-03    3.39273138e+00    5.24547770e+00    2.46883497e-03   -5.08488573e-02
661      2.17086107e-09    3.55396927e-02    3.41928152e+00    5.22874563e+00   -1.38827774e-02   -5.10029030e-02
662      2.17419440e-09    4.94246339e-02    3.43229949e+00    5.21675822e+00   -2.45878271e-02   -5.11162680e-02
663      2.17752774e-09    4.44310448e-02    3.42677243e+00    5.21428886e+00   -2.53912270e-02   -5.11437252e-02
664      2.18086107e-09    2.24663068e-02    3.40476205e+00    5.22235609e+00   -1.59460867e-02   -5.10740581e-02
665      2.18419440e-09   -8.07979689e-03    3.37463075e+00    5.23776880e+00   -1.78003785e-06   -5.09349967e-02
666      2.18752774e-09   -3.55396927e-02    3.34785519e+00    5.25452521e+00    1.62142197e-02   -5.07808203e-02
667      2.19086107e-09   -4.94246339e-02    3.33463335e+00    5.26630706e+00    2.65699338e-02   -5.06696127e-02
668      2.19419440e-09   -4.44310448e-02    3.33997533e+00    5.26882368e+00    2.72911801e-02   -5.06417755e-02
669      2.19752774e-09   -2.24663068e-02    3.36179083e+00    5.26118924e+00    1.81422869e-02   -5.07072122e-02
670      2.20086107e-09    8.07979689e-03    3.39170254e+00    5.24619483e+00    2.46109640e-03   -5.08422005e-02
671      2.20419440e-09    3.55396927e-02    3.41825325e+00    5.22946078e+00   -1.38919254e-02   -5.09962656e-02
672      2.20752774e-09    4.94246339e-02    3.43127189e+00    5.21747110e+00   -2.45985826e-02   -5.11096530e-02
673      2.21086107e-09    4.44310448e-02    3.42574558e+00    5.21499975e+00   -2.54032087e-02   -5.11371297e-02
674      2.21419440e-09    2.24663068e-02    3.40373595e+00    5.22306584e+00   -1.59584013e-02   -5.10674737e-02
675      2.21752774e-09   -8.07979689e-03    3.37360534e+00    5.23847856e+00   -1.32869671e-05   -5.09284117e-02
676      2.22086107e-09   -3.55396927e-02    3.34683034e+00    5.25523593e+00    1.62043832e-02   -5.07742255e-02
677      2.22419440e-09   -4.94246339e-02    3.33360893e+00    5.26701904e+00    2.65619425e-02   -5.06630052e-02
678      2.22752774e-09   -4.44310448e-02    3.33895127e+00    5.26953644e+00    2.72844640e-02   -5.06351600e-02
679      2.23086107e-09   -2.24663068e-02    3.36076712e+00    5.26190184e+00    1.81358556e-02   -5.07005980e-02
680      2.23419440e-09    8.07979689e-03    3.39067925e+00    5.24690625e+00    2.45393539e-03   -5.08355979e-02
681      2.23752774e-09    3.55396927e-02    3.41723051e+00    5.23017026e+00   -1.39005047e-02   -5.09896822e-02
682      2.24086107e-09    4.94246339e-02    3.43024982e+00    5.21817834e+00   -2.46087745e-02   -5.11030917e-02
683      2.24419440e-09    4.44310448e-02    3.42472423e+00    5.21570504e+00   -2.54146292e-02   -5.11305875e-02
684      2.24752774e-09    2.24663068e-02    3.40271535e+00    5.22377002e+00   -1.59701566e-02   -5.10609421e-02
685      2.25086107e-09   -8.07979689e-03    3.37258542e+00    5.23918279e+00   -2.42375250e-05   -5.09218793e-02
686      2.25419440e-09   -3.55396927e-02    3.34581097e+00    5.25594116e+00    1.61950983e-02   -5.07676829e-02
687      2.25752774e-09   -4.94246339e-02    3.33258998e+00    5.26772554e+00    2.65544950e-02   -5.06564496e-02
688      2.26086107e-09   -4.44310448e-02    3.33793265e+00    5.27024375e+00    2.72782817e-02   -5.06285961e-02
689      2.26419440e-09   -2.24663068e-02    3.35974884e+00    5.26260903e+00    1.81299470e-02   -5.06940353e-02
690      2.26752774e-09    8.07979689e-03    3.38966139e+00    5.24761228e+00    2.44728736e-03   -5.08290465e-02
691      2.27086107e-09    3.55396927e-02    3.41621319e+00    5.23087437e+00   -1.39085778e-02   -5.09831497e-02
692      2.27419440e-09    4.94246339e-02    3.42923314e+00    5.21888025e+00   -2.46184635e-02   -5.10965810e-02
693      2.27752774e-09    4.44310448e-02    3.42370829e+00    5.21640503e+00   -2.54255487e-02   -5.11240956e-02
694      2.28086107e-09    2.24663068e-02    3.40170013e+00    5.22446893e+00   -1.59814129e-02   -5.10544606e-02
695      2.28419440e-09   -8.07979689e-03    3.37157087e+00    5.23988178e+00   -3.46929721e-05   -5.09153968e-02
696      2.28752774e-09   -3.55396927e-02    3.34479695e+00    5.25664116e+00    1.61863024e-02   -5.07611899e-02
697      2.29086107e-09   -4.94246339e-02    3.33157637e+00    5.26842685e+00    2.65475283e-02   -5.06499433e-02
698      2.29419440e-09   -4.44310448e-02    3.33691936e+00    5.27094590e+00    2.72725706e-02   -5.06220814e-02
699      2.29752774e-09   -2.24663068e-02    3.35873588e+00    5.26331106e+00    1.81244998e-02   -5.06875214e-02
700      2.30086107e-09    8.07979689e-03    3.38864885e+00    5.24831317e+00    2.44109300e-03   -5.08225438e-02
701      2.30419440e-09    3.55396927e-02    3.41520117e+00    5.23157338e+00   -1.39162020e-02   -5.09766657e-02
702      2.30752774e-09    4.94246339e-02    3.42822176e+00    5.21957708e+00   -2.46277055e-02   -5.10901184e-02
703      2.31086107e-09    4.44310448e-02    3.42269762e+00    5.21709997e+00   -2.54360224e-02   -5.11176515e-02
704      2.31419440e-09    2.24663068e-02    3.40069018e+00    5.22516282e+00   -1.59922255e-02   -5.10480267e-02
705      2.31752774e-09   -8.07979689e-03    3.37056157e+00    5.24057577e+00   -4.47093382e-05   -5.09089615e-02
706      2.32086107e-09   -3.55396927e-02    3.34378819e+00    5.25733620e+00    1.61779387e-02   -5.07547439e-02
707      2.32419440e-09   -4.94246339e-02    3.33056800e+00    5.26912321e+00    2.65409851e-02   -5.06434839e-02
708      2.32752774e-09   -4.44310448e-02    3.33591131e+00    5.27164310e+00    2.72672737e-02   -5.06156133e-02
709      2.33086107e-09   -2.24663068e-02    3.35772815e+00    5.26400818e+00    1.81194583e-02   -5.06810541e-02
710      2.33419440e-09    8.07979689e-03    3.38764152e+00    5.24900918e+00    2.43529836e-03   -5.08160875e-02
711      2.33752774e-09    3.55396927e-02    3.41419436e+00    5.23226751e+00   -1.39234294e-02   -5.09702277e-02
712      2.34086107e-09    4.94246339e-02    3.42721558e+00    5.22026906e+00   -2.46365514e-02   -5.10837016e-02
713      2.34419440e-09    4.44310448e-02    3.42169214e+00    5.21779009e+00   -2.54461004e-02   -5.11112531e-02
714      2.34752774e-09    2.24663068e-02    3.39968542e+00    5.22585192e+00   -1.60026447e-02   -5.10416381e-02
715      2.35086107e-09   -8.07979689e-03    3.36955745e+00    5.24126499e+00   -5.43374250e-05   -5.09025713e-02
716      2.35419440e-09   -3.55396927e-02    3.34278458e+00    5.25802647e+00    1.61699557e-02   -5.07483430e-02
717      2.35752774e-09   -4.94246339e-02    3.32956479e+00    5.26981482e+00    2.65348134e-02   -5.06370694e-02
718      2.36086107e-09   -4.44310448e-02    3.33490840e+00    5.27233559e+00    2.72623395e-02   -5.06091899e-02
719      2.36419440e-09   -2.24663068e-02    3.35672556e+00    5.26470059e+00    1.81147722e-02   -5.06746313e-02
720      2.36752774e-09    8.07979689e-03    3.38663931e+00    5.24970049e+00    2.42985473e-03   -5.08096754e-02
721      2.37086107e-09    3.55396927e-02    3.41319266e+00    5.23295698e+00   -1.39303073e-02   -5.09638338e-02
722      2.37419440e-09    4.94246339e-02    3.42621451e+00    5.22095640e+00   -2.46450471e-02   -5.10773288e-02
723      2.37752774e-09    4.44310448e-02    3.42069176e+00    5.21847559e+00   -2.54558281e-02   -5.11048982e-02
724      2.38086107e-09    2.24663068e-02    3.39868574e+00    5.22653642e+00   -1.60127157e-02   -5.10352930e-02
725      2.38419440e-09   -8.07979689e-03    3.36855841e+00    5.24194963e+00   -6.36229494e-05   -5.08962245e-02
726      2.38752774e-09   -3.55396927e-02    3.34178606e+00    5.25871218e+00    1.61623072e-02   -5.07419851e-02
727      2.39086107e-09   -4.94246339e-02    3.32856664e+00    5.27050189e+00    2.65289670e-02   -5.06306978e-02
728      2.39419440e-09   -4.44310448e-02    3.33391056e+00    5.27302353e+00    2.72577221e-02   -5.06028094e-02
729      2.39752774e-09   -2.24663068e-02    3.35572802e+00    5.26538848e+00    1.81103964e-02   -5.06682512e-02
730      2.40086107e-09    8.07979689e-03    3.38564215e+00    5.25038730e+00    2.42471848e-03   -5.08033059e-02
731      2.40419440e-09    3.55396927e-02    3.41219601e+00    5.23364197e+00   -1.39368779e-02   -5.09574823e-02
732      2.40752774e-09    4.94246339e-02    3.42521847e+00    5.22163927e+00   -2.46532339e-02   -5.10709980e-02
733      2.41086107e-09    4.44310448e-02    3.41969641e+00    5.21915665e+00   -2.54652463e-02   -5.10985853e-02
734      2.41419440e-09    2.24663068e-02    3.39769109e+00    5.22721649e+00   -1.60224791e-02   -5.10289896e-02
735      2.41752774e-09   -8.07979689e-03    3.36756439e+00    5.24262986e+00   -7.26067843e-05   -5.08899192e-02
736      2.42086107e-09   -3.55396927e-02    3.34079254e+00    5.25939349e+00    1.61549519e-02   -5.07356688e-02
737      2.42419440e-09   -4.94246339e-02    3.32757350e+00    5.27118456e+00    2.65234044e-02   -5.06243677e-02
738      2.42752774e-09   -4.44310448e-02    3.33291771e+00    5.27370709e+00    2.72533804e-02   -5.05964702e-02
739      2.43086107e-09   -2.24663068e-02    3.35473546e+00    5.26607199e+00    1.81062910e-02   -5.06619123e-02
740      2.43419440e-09    8.07979689e-03    3.38464998e+00    5.25106976e+00    2.41985070e-03   -5.07969774e-02
741      2.43752774e-09    3.55396927e-02    3.41120433e+00    5.23432262e+00   -1.39431788e-02   -5.09511716e-02
742      2.44086107e-09    4.94246339e-02    3.42422740e+00    5.22231784e+00   -2.46611486e-02   -5.10647079e-02
743      2.44419440e-09    4.44310448e-02    3.41870603e+00    5.21983341e+00   -2.54743910e-02   -5.10923129e-02
744      2.44752774e-09    2.24663068e-02    3.39670140e+00    5.22789229e+00   -1.60319712e-02   -5.10227265e-02
745      2.45086107e-09   -8.07979689e-03    3.36657532e+00    5.24330582e+00   -8.13252602e-05   -5.08836541e-02
746      2.45419440e-09   -3.55396927e-02    3.33980397e+00    5.26007055e+00    1.61478532e-02   -5.07293925e-02
747      2.45752774e-09   -4.94246339e-02    3.32658529e+00    5.27186298e+00    2.65180889e-02   -5.06180775e-02
748      2.46086107e-09   -4.44310448e-02    3.33192979e+00    5.27438642e+00    2.72492781e-02   -5.05901709e-02
749      2.46419440e-09   -2.24663068e-02    3.35374784e+00    5.26675128e+00    1.81024204e-02   -5.06556132e-02
750      2.46752774e-09    8.07979689e-03    3.38366273e+00    5.25174800e+00    2.41521696e-03   -5.07906886e-02
751      2.47086107e-09    3.55396927e-02    3.41021757e+00    5.23499907e+00   -1.39492436e-02   -5.09449005e-02
752      2.47419440e-09    4.94246339e-02    3.42324125e+00    5.22299223e+00   -2.46688237e-02   -5.10584571e-02
753      2.47752774e-09    4.44310448e-02    3.41772055e+00    5.22050602e+00   -2.54832945e-02   -5.10860796e-02
754      2.48086107e-09    2.24663068e-02    3.39571660e+00    5.22856394e+00   -1.60412239e-02   -5.10165023e-02
755      2.48419440e-09   -8.07979689e-03    3.36559114e+00    5.24397765e+00   -8.98105037e-05   -5.08774279e-02
756      2.48752774e-09   -3.55396927e-02    3.33882028e+00    5.26074348e+00    1.61409788e-02   -5.07231551e-02
757      2.49086107e-09   -4.94246339e-02    3.32560197e+00    5.27253729e+00    2.65129883e-02   -5.06118262e-02
758      2.49419440e-09   -4.44310448e-02    3.33094675e+00    5.27506163e+00    2.72453833e-02   -5.05839104e-02
759      2.49752774e-09   -2.24663068e-02    3.35276509e+00    5.26742647e+00    1.80987532e-02   -5.06493528e-02
760      2.50086107e-09    8.07979689e-03    3.38268035e+00    5.25242215e+00    2.41078687e-03   -5.07844383e-02
761      2.50419440e-09    3.55396927e-02    3.40923567e+00    5.23567145e+00   -1.39551016e-02   -5.09386676e-02
762      2.50752774e-09    4.94246339e-02    3.42225995e+00    5.22366255e+00   -2.46762880e-02   -5.10522445e-02
763      2.51086107e-09    4.44310448e-02    3.41673992e+00    5.22117458e+00   -2.54919850e-02   -5.10798842e-02
764      2.51419440e-09    2.24663068e-02    3.39473665e+00    5.22923156e+00   -1.60502653e-02   -5.10103161e-02
765      2.51752774e-09   -8.07979689e-03    3.36461180e+00    5.24464546e+00   -9.80907902e-05   -5.08712395e-02
766      2.52086107e-09   -3.55396927e-02    3.33784144e+00    5.26141239e+00    1.61343002e-02   -5.07169554e-02
767      2.52419440e-09   -4.94246339e-02    3.32462348e+00    5.27320757e+00    2.65080740e-02   -5.06056125e-02
768      2.52752774e-09   -4.44310448e-02    3.32996854e+00    5.27573283e+00    2.72416679e-02   -5.05776875e-02
769      2.53086107e-09   -2.24663068e-02    3.35178716e+00    5.26809765e+00    1.80952622e-02   -5.06431299e-02
770      2.53419440e-09    8.07979689e-03    3.38170279e+00    5.25309232e+00    2.40653379e-03   -5.07782255e-02
771      2.53752774e-09    3.55396927e-02    3.40825860e+00    5.23633986e+00   -1.39607788e-02   -5.09324721e-02
772      2.54086107e-09    4.94246339e-02    3.42128346e+00    5.22432893e+00   -2.46835669e-02   -5.10460690e-02
773      2.54419440e-09    4.44310448e-02    3.41576410e+00    5.22183921e+00   -2.55004876e-02   -5.10737259e-02
774      2.54752774e-09    2.24663068e-02    3.39376150e+00    5.22989525e+00   -1.60591203e-02   -5.10041667e-02
775      2.55086107e-09   -8.07979689e-03    3.36363726e+00    5.24530934e+00   -1.06190900e-04   -5.08650880e-02
776      2.55419440e-09   -3.55396927e-02    3.33686738e+00    5.26207738e+00    1.61277927e-02   -5.07107926e-02
777      2.55752774e-09   -4.94246339e-02    3.32364978e+00    5.27387394e+00    2.65033215e-02   -5.05994357e-02
778      2.56086107e-09   -4.44310448e-02    3.32899512e+00    5.27640011e+00    2.72381073e-02   -5.05715014e-02
779      2.56419440e-09   -2.24663068e-02    3.35081402e+00    5.26876493e+00    1.80919233e-02   -5.06369437e-02
780      2.56752774e-09    8.07979689e-03    3.38073001e+00    5.25375858e+00    2.40243440e-03   -5.07720492e-02
781      2.57086107e-09    3.55396927e-02    3.40728629e+00    5.23700439e+00   -1.39662978e-02   -5.09263130e-02
782      2.57419440e-09    4.94246339e-02    3.42031175e+00    5.22499144e+00   -2.46906824e-02   -5.10399298e-02
783      2.57752774e-09    4.44310448e-02    3.41479304e+00    5.22249998e+00   -2.55088240e-02   -5.10676037e-02
784      2.58086107e-09    2.24663068e-02    3.39279112e+00    5.23055510e+00   -1.60678105e-02   -5.09980534e-02
785      2.58419440e-09   -8.07979689e-03    3.36266748e+00    5.24596938e+00   -1.14132465e-04   -5.08589724e-02
786      2.58752774e-09   -3.55396927e-02    3.33589808e+00    5.26273853e+00    1.61214346e-02   -5.07046657e-02
787      2.59086107e-09   -4.94246339e-02    3.32268083e+00    5.27453647e+00    2.64987090e-02   -5.05932949e-02
788      2.59419440e-09   -4.44310448e-02    3.32802644e+00    5.27706356e+00    2.72346804e-02   -5.05653512e-02
789      2.59752774e-09   -2.24663068e-02    3.34984562e+00    5.26942837e+00    1.80887156e-02   -5.06307935e-02
790      2.60086107e-09    8.07979689e-03    3.37976196e+00    5.25442103e+00    2.39846842e-03   -5.07659087e-02
791      2.60419440e-09    3.55396927e-02    3.40631872e+00    5.23766511e+00   -1.39716784e-02   -5.09201895e-02
792      2.60752774e-09    4.94246339e-02    3.41934476e+00    5.22565016e+00   -2.46976538e-02   -5.10338260e-02
793      2.61086107e-09    4.44310448e-02    3.41382671e+00    5.22315698e+00   -2.55170132e-02   -5.10615169e-02
794      2.61419440e-09    2.24663068e-02    3.39182545e+00    5.23121119e+00   -1.60763548e-02   -5.09919754e-02
795      2.61752774e-09   -8.07979689e-03    3.36170241e+00    5.24662567e+00   -1.21934300e-04   -5.08528921e-02
796      2.62086107e-09   -3.55396927e-02    3.33493349e+00    5.26339592e+00    1.61152070e-02   -5.06985741e-02
797      2.62419440e-09   -4.94246339e-02    3.32171658e+00    5.27519524e+00    2.64942178e-02   -5.05871893e-02
798      2.62752774e-09   -4.44310448e-02    3.32706247e+00    5.27772325e+00    2.72313685e-02   -5.05592363e-02
799      2.63086107e-09   -2.24663068e-02    3.34888192e+00    5.27008806e+00    1.80856211e-02   -5.06246784e-02
800      2.63419440e-09    8.07979689e-03    3.37879862e+00    5.25507974e+00    2.39461825e-03   -5.07598033e-02
801      2.63752774e-09    3.55396927e-02    3.40535585e+00    5.23832210e+00   -1.39769377e-02   -5.09141010e-02
802      2.64086107e-09    4.94246339e-02    3.41838247e+00    5.22630516e+00   -2.47044980e-02   -5.10277571e-02
803      2.64419440e-09    4.44310448e-02    3.41286507e+00    5.22381027e+00   -2.55250718e-02   -5.10554648e-02
804      2.64752774e-09    2.24663068e-02    3.39086447e+00    5.23186358e+00   -1.60847695e-02   -5.09859320e-02
805      2.65086107e-09   -8.07979689e-03    3.36074203e+00    5.24727825e+00   -1.29612713e-04   -5.08468464e-02
806      2.65419440e-09   -3.55396927e-02    3.33397357e+00    5.26404961e+00    1.61090938e-02   -5.06925171e-02
807      2.65752774e-09   -4.94246339e-02    3.32075702e+00    5.27585031e+00    2.64898319e-02   -5.05811184e-02
808      2.66086107e-09   -4.44310448e-02    3.32610317e+00    5.27837924e+00    2.72281558e-02   -5.05531561e-02
809      2.66419440e-09   -2.24663068e-02    3.34792289e+00    5.27074406e+00    1.80826241e-02   -5.06185979e-02
810      2.66752774e-09    8.07979689e-03    3.37783994e+00    5.25573476e+00    2.39086867e-03   -5.07537325e-02
811      2.67086107e-09    3.55396927e-02    3.40439764e+00    5.23897542e+00   -1.39820905e-02   -5.09080469e-02
812      2.67419440e-09    4.94246339e-02    3.41742484e+00    5.22695651e+00   -2.47112294e-02   -5.10217225e-02
813      2.67752774e-09    4.44310448e-02    3.41190809e+00    5.22445992e+00   -2.55330139e-02   -5.10494468e-02
814      2.68086107e-09    2.24663068e-02    3.38990814e+00    5.23251232e+00   -1.60930688e-02   -5.09799227e-02
815      2.68419440e-09   -8.07979689e-03    3.35978629e+00    5.24792720e+00   -1.37181797e-04   -5.08408348e-02
816      2.68752774e-09   -3.55396927e-02    3.33301831e+00    5.26469966e+00    1.61030808e-02   -5.06864942e-02
817      2.69086107e-09   -4.94246339e-02    3.31980209e+00    5.27650174e+00    2.64855372e-02   -5.05750816e-02
818      2.69419440e-09   -4.44310448e-02    3.32514851e+00    5.27903158e+00    2.72250284e-02   -5.05471099e-02
819      2.69752774e-09   -2.24663068e-02    3.34696851e+00    5.27139642e+00    1.80797113e-02   -5.06125515e-02
820      2.70086107e-09    8.07979689e-03    3.37688590e+00    5.25638615e+00    2.38720655e-03   -5.07476956e-02
821      2.70419440e-09    3.55396927e-02    3.40344406e+00    5.23962513e+00   -1.39871496e-02   -5.09020267e-02
822      2.70752774e-09    4.94246339e-02    3.41647184e+00    5.22760425e+00   -2.47178607e-02   -5.10157216e-02
823      2.71086107e-09    4.44310448e-02    3.41095574e+00    5.22510597e+00   -2.55408520e-02   -5.10434624e-02
824      2.71419440e-09    2.24663068e-02    3.38895644e+00    5.23315749e+00   -1.61012650e-02   -5.09739469e-02
825      2.71752774e-09   -8.07979689e-03    3.35883518e+00    5.24857257e+00   -1.44653690e-04   -5.08348568e-02
826      2.72086107e-09   -3.55396927e-02    3.33206766e+00    5.26534613e+00    1.60971560e-02   -5.06805049e-02
827      2.72419440e-09   -4.94246339e-02    3.31885179e+00    5.27714957e+00    2.64813217e-02   -5.05690784e-02
828      2.72752774e-09   -4.44310448e-02    3.32419846e+00    5.27968034e+00    2.72219747e-02   -5.05410974e-02
829      2.73086107e-09   -2.24663068e-02    3.34601873e+00    5.27204519e+00    1.80768710e-02   -5.06065387e-02
830      2.73419440e-09    8.07979689e-03    3.37593647e+00    5.25703396e+00    2.38362064e-03   -5.07416922e-02
831      2.73752774e-09    3.55396927e-02    3.40249510e+00    5.24027126e+00   -1.39921261e-02   -5.08960398e-02
832      2.74086107e-09    4.94246339e-02    3.41552344e+00    5.22824844e+00   -2.47244025e-02   -5.10097539e-02
833      2.74419440e-09    4.44310448e-02    3.41000798e+00    5.22574848e+00   -2.55485967e-02   -5.10375113e-02
834      2.74752774e-09    2.24663068e-02    3.38800933e+00    5.23379911e+00   -1.61093684e-02   -5.09680043e-02
835      2.75086107e-09   -8.07979689e-03    3.35788865e+00    5.24921439e+00   -1.52038821e-04   -5.08289118e-02
836      2.75419440e-09   -3.55396927e-02    3.33112160e+00    5.26598904e+00    1.60913090e-02   -5.06745488e-02
837      2.75752774e-09   -4.94246339e-02    3.31790606e+00    5.27779386e+00    2.64771753e-02   -5.05631084e-02
838      2.76086107e-09   -4.44310448e-02    3.32325300e+00    5.28032554e+00    2.72189845e-02   -5.05351181e-02
839      2.76419440e-09   -2.24663068e-02    3.34507354e+00    5.27269042e+00    1.80740934e-02   -5.06005590e-02
840      2.76752774e-09    8.07979689e-03    3.37499162e+00    5.25767823e+00    2.38010126e-03   -5.07357218e-02
841      2.77086107e-09    3.55396927e-02    3.40155070e+00    5.24091387e+00   -1.39970294e-02   -5.08900859e-02
842      2.77419440e-09    4.94246339e-02    3.41457961e+00    5.22888911e+00   -2.47308642e-02   -5.10038191e-02
843      2.77752774e-09    4.44310448e-02    3.40906479e+00    5.22638748e+00   -2.55562572e-02   -5.10315928e-02
844      2.78086107e-09    2.24663068e-02    3.38706679e+00    5.23443723e+00   -1.61173882e-02   -5.09620944e-02
845      2.78419440e-09   -8.07979689e-03    3.35694669e+00    5.24985271e+00   -1.59346122e-04   -5.08229996e-02
846      2.78752774e-09   -3.55396927e-02    3.33018010e+00    5.26662846e+00    1.60855311e-02   -5.06686254e-02
847      2.79086107e-09   -4.94246339e-02    3.31696490e+00    5.27843464e+00    2.64730892e-02   -5.05571712e-02
848      2.79419440e-09   -4.44310448e-02    3.32231210e+00    5.28096724e+00    2.72160492e-02   -5.05291716e-02
849      2.79752774e-09   -2.24663068e-02    3.34413290e+00    5.27333214e+00    1.80713701e-02   -5.05946122e-02
850      2.80086107e-09    8.07979689e-03    3.37405133e+00    5.25831901e+00    2.37664016e-03   -5.07297843e-02
851      2.80419440e-09    3.55396927e-02    3.40061086e+00    5.24155299e+00   -1.40018676e-02   -5.08841646e-02
852      2.80752774e-09    4.94246339e-02    3.41364034e+00    5.22952630e+00   -2.47372537e-02   -5.09979168e-02
853      2.81086107e-09    4.44310448e-02    3.40812615e+00    5.22702301e+00   -2.55638413e-02   -5.10257068e-02
854      2.81419440e-09    2.24663068e-02    3.38612879e+00    5.23507188e+00   -1.61253322e-02   -5.09562168e-02
855      2.81752774e-09   -8.07979689e-03    3.35600927e+00    5.25048757e+00   -1.66583227e-04   -5.08171197e-02
856      2.82086107e-09   -3.55396927e-02    3.32924314e+00    5.26726441e+00    1.60798146e-02   -5.06627344e-02
857      2.82419440e-09   -4.94246339e-02    3.31602827e+00    5.27907194e+00    2.64690560e-02   -5.05512664e-02
858      2.82752774e-09   -4.44310448e-02    3.32137573e+00    5.28160546e+00    2.72131616e-02   -5.05232576e-02
859      2.83086107e-09   -2.24663068e-02    3.34319679e+00    5.27397038e+00    1.80686939e-02   -5.05886978e-02
860      2.83419440e-09    8.07979689e-03    3.37311556e+00    5.25895632e+00    2.37323031e-03   -5.07238790e-02
861      2.83752774e-09    3.55396927e-02    3.39967555e+00    5.24218866e+00   -1.40066476e-02   -5.08782756e-02
862      2.84086107e-09    4.94246339e-02    3.41270558e+00    5.23016005e+00   -2.47435778e-02   -5.09920467e-02
863      2.84419440e-09    4.44310448e-02    3.40719203e+00    5.22765511e+00   -2.55713556e-02   -5.10198529e-02
864      2.84752774e-09    2.24663068e-02    3.38519531e+00    5.23570311e+00   -1.61332068e-02   -5.09503713e-02
865      2.85086107e-09   -8.07979689e-03    3.35507636e+00    5.25111899e+00   -1.73756642e-04   -5.08112719e-02
866      2.85419440e-09   -3.55396927e-02    3.32831069e+00    5.26789692e+00    1.60741531e-02   -5.06568755e-02
867      2.85752774e-09   -4.94246339e-02    3.31509615e+00    5.27970581e+00    2.64650694e-02   -5.05453939e-02
868      2.86086107e-09   -4.44310448e-02    3.32044386e+00    5.28224023e+00    2.72103154e-02   -5.05173757e-02
869      2.86419440e-09   -2.24663068e-02    3.34226519e+00    5.27460519e+00    1.80660587e-02   -5.05828155e-02
870      2.86752774e-09    8.07979689e-03    3.37218429e+00    5.25959019e+00    2.36986574e-03   -5.07180059e-02
871      2.87086107e-09    3.55396927e-02    3.39874474e+00    5.24282090e+00   -1.40113753e-02   -5.08724186e-02
872      2.87419440e-09    4.94246339e-02    3.41177533e+00    5.23079039e+00   -2.47498424e-02   -5.09862084e-02
873      2.87752774e-09    4.44310448e-02    3.40626240e+00    5.22828381e+00   -2.55788060e-02   -5.10140307e-02
874      2.88086107e-09    2.24663068e-02    3.38426632e+00    5.23633094e+00   -1.61410178e-02   -5.09445575e-02
875      2.88419440e-09   -8.07979689e-03    3.35414794e+00    5.25174702e+00   -1.80871898e-04   -5.08054558e-02
876      2.88752774e-09   -3.55396927e-02    3.32738272e+00    5.26852602e+00    1.60685413e-02   -5.06510484e-02
877      2.89086107e-09   -4.94246339e-02    3.31416852e+00    5.28033626e+00    2.64611240e-02   -5.05395532e-02
878      2.89419440e-09   -4.44310448e-02    3.31951648e+00    5.28287159e+00    2.72075053e-02   -5.05115258e-02
879      2.89752774e-09   -2.24663068e-02    3.34133807e+00    5.27523658e+00    1.80634593e-02   -5.05769652e-02
880      2.90086107e-09    8.07979689e-03    3.37125751e+00    5.26022066e+00    2.36654139e-03   -5.07121646e-02
881      2.90419440e-09    3.55396927e-02    3.39781840e+00    5.24344975e+00   -1.40160557e-02   -5.08665933e-02
882      2.90752774e-09    4.94246339e-02    3.41084955e+00    5.23141735e+00   -2.47560524e-02   -5.09804017e-02
883      2.91086107e-09    4.44310448e-02    3.40533725e+00    5.22890913e+00   -2.55861972e-02   -5.10082401e-02
884      2.91419440e-09    2.24663068e-02    3.38334179e+00    5.23695539e+00   -1.61487699e-02   -5.09387752e-02
885      2.91752774e-09   -8.07979689e-03    3.35322399e+00    5.25237167e+00   -1.87933688e-04   -5.07996713e-02
886      2.92086107e-09   -3.55396927e-02    3.32645922e+00    5.26915175e+00    1.60629745e-02   -5.06452529e-02
887      2.92419440e-09   -4.94246339e-02    3.31324535e+00    5.28096333e+00    2.64572153e-02   -5.05337441e-02
888      2.92752774e-09   -4.44310448e-02    3.31859357e+00    5.28349957e+00    2.72047271e-02   -5.05057075e-02
889      2.93086107e-09   -2.24663068e-02    3.34041540e+00    5.27586459e+00    1.80608915e-02   -5.05711464e-02
890      2.93419440e-09    8.07979689e-03    3.37033518e+00    5.26084775e+00    2.36325297e-03   -5.07063549e-02
891      2.93752774e-09    3.55396927e-02    3.39689652e+00    5.24407523e+00   -1.40206929e-02   -5.08607995e-02
892      2.94086107e-09    4.94246339e-02    3.40992822e+00    5.23204094e+00   -2.47622119e-02   -5.09746264e-02
893      2.94419440e-09    4.44310448e-02    3.40441654e+00    5.22953110e+00   -2.55935335e-02   -5.10024807e-02
894      2.94752774e-09    2.24663068e-02    3.38242172e+00    5.23757650e+00   -1.61564672e-02   -5.09330242e-02
895      2.95086107e-09   -8.07979689e-03    3.35230448e+00    5.25299297e+00   -1.94945985e-04   -5.07939180e-02
896      2.95419440e-09   -3.55396927e-02    3.32554016e+00    5.26977412e+00    1.60574488e-02   -5.06394888e-02
897      2.95752774e-09   -4.94246339e-02    3.31232661e+00    5.28158703e+00    2.64533396e-02   -5.05279664e-02
898      2.96086107e-09   -4.44310448e-02    3.31767508e+00    5.28412418e+00    2.72019769e-02   -5.04999206e-02
899      2.96419440e-09   -2.24663068e-02    3.33949718e+00    5.27648923e+00    1.80583516e-02   -5.05653591e-02
900      2.96752774e-09    8.07979689e-03    3.36941729e+00    5.26147149e+00    2.35999688e-03   -5.07005764e-02
901      2.97086107e-09    3.55396927e-02    3.39597908e+00    5.24469736e+00   -1.40252907e-02   -5.08550369e-02
902      2.97419440e-09    4.94246339e-02    3.40901133e+00    5.23266121e+00   -2.47683246e-02   -5.09688823e-02
903      2.97752774e-09    4.44310448e-02    3.40350026e+00    5.23014974e+00   -2.56008183e-02   -5.09967525e-02
904      2.98086107e-09    2.24663068e-02    3.38150607e+00    5.23819428e+00   -1.61641131e-02   -5.09273042e-02
905      2.98419440e-09   -8.07979689e-03    3.35138939e+00    5.25361095e+00   -2.01912145e-04   -5.07881958e-02
906      2.98752774e-09   -3.55396927e-02    3.32462552e+00    5.27039316e+00    1.60519611e-02   -5.06337557e-02
907      2.99086107e-09   -4.94246339e-02    3.31141230e+00    5.28220740e+00    2.64494938e-02   -5.05222198e-02
908      2.99419440e-09   -4.44310448e-02    3.31676102e+00    5.28474545e+00    2.71992518e-02   -5.04941650e-02
909      2.99752774e-09   -2.24663068e-02    3.33858337e+00    5.27711054e+00    1.80558365e-02   -5.05596029e-02
910      3.00086107e-09    8.07979689e-03    3.36850382e+00    5.26209190e+00    2.35677007e-03   -5.06948291e-02
911      3.00419440e-09    3.55396927e-02    3.39506604e+00    5.24531617e+00   -1.40298520e-02   -5.08493053e-02
912      3.00752774e-09    4.94246339e-02    3.40809884e+00    5.23327815e+00   -2.47743934e-02   -5.09631690e-02
913      3.01086107e-09    4.44310448e-02    3.40258839e+00    5.23076508e+00   -2.56080547e-02   -5.09910550e-02
914      3.01419440e-09    2.24663068e-02    3.38059482e+00    5.23880876e+00   -1.61717106e-02   -5.09216150e-02
915      3.01752774e-09   -8.07979689e-03    3.35047871e+00    5.25422562e+00   -2.08834995e-04   -5.07825044e-02
916      3.02086107e-09   -3.55396927e-02    3.32371528e+00    5.27100889e+00    1.60465085e-02   -5.06280535e-02
917      3.02419440e-09   -4.94246339e-02    3.31050238e+00    5.28282446e+00    2.64456751e-02   -5.05165042e-02
918      3.02752774e-09   -4.44310448e-02    3.31585135e+00    5.28536341e+00    2.71965490e-02   -5.04884403e-02
919      3.03086107e-09   -2.24663068e-02    3.33767396e+00    5.27772853e+00    1.80533438e-02   -5.05538777e-02
920      3.03419440e-09    8.07979689e-03    3.36759473e+00    5.26270899e+00    2.35357002e-03   -5.06891127e-02
921      3.03752774e-09    3.55396927e-02    3.39415740e+00    5.24593168e+00   -1.40343795e-02   -5.08436045e-02
922      3.04086107e-09    4.94246339e-02    3.40719074e+00    5.23389181e+00   -2.47804210e-02   -5.09574865e-02
923      3.04419440e-09    4.44310448e-02    3.40168090e+00    5.23137713e+00   -2.56152451e-02   -5.09853882e-02
924      3.04752774e-09    2.24663068e-02    3.37968795e+00    5.23941996e+00   -1.61792622e-02   -5.09159564e-02
925      3.05086107e-09   -8.07979689e-03    3.34957240e+00    5.25483701e+00   -2.15716917e-04   -5.07768437e-02
926      3.05419440e-09   -3.55396927e-02    3.32280942e+00    5.27162133e+00    1.60410888e-02   -5.06223820e-02
927      3.05752774e-09   -4.94246339e-02    3.30959684e+00    5.28343822e+00    2.64418813e-02   -5.05108194e-02
928      3.06086107e-09   -4.44310448e-02    3.31494606e+00    5.28597806e+00    2.71938665e-02   -5.04827463e-02
929      3.06419440e-09   -2.24663068e-02    3.33676892e+00    5.27834323e+00    1.80508712e-02   -5.05481833e-02
930      3.06752774e-09    8.07979689e-03    3.36669002e+00    5.26332279e+00    2.35039458e-03   -5.06834271e-02
931      3.07086107e-09    3.55396927e-02    3.39325312e+00    5.24654391e+00   -1.40388751e-02   -5.08379344e-02
932      3.07419440e-09    4.94246339e-02    3.40628701e+00    5.23450219e+00   -2.47864094e-02   -5.09518345e-02
933      3.07752774e-09    4.44310448e-02    3.40077778e+00    5.23198592e+00   -2.56223917e-02   -5.09797519e-02
934      3.08086107e-09    2.24663068e-02    3.37878545e+00    5.24002790e+00   -1.61867698e-02   -5.09103283e-02
935      3.08419440e-09   -8.07979689e-03    3.34867045e+00    5.25544513e+00   -2.22559908e-04   -5.07712134e-02
936      3.08752774e-09   -3.55396927e-02    3.32190791e+00    5.27223050e+00    1.60357001e-02   -5.06167411e-02
937      3.09086107e-09   -4.94246339e-02    3.30869565e+00    5.28404870e+00    2.64381107e-02   -5.05051651e-02
938      3.09419440e-09   -4.44310448e-02    3.31404511e+00    5.28658944e+00    2.71912025e-02   -5.04770831e-02
939      3.09752774e-09   -2.24663068e-02    3.33586822e+00    5.27895464e+00    1.80484170e-02   -5.05425195e-02
940      3.10086107e-09    8.07979689e-03    3.36578965e+00    5.26393332e+00    2.34724198e-03   -5.06777720e-02
941      3.10419440e-09    3.55396927e-02    3.39235319e+00    5.24715287e+00   -1.40433408e-02   -5.08322947e-02
942      3.10752774e-09    4.94246339e-02    3.40538762e+00    5.23510933e+00   -2.47923605e-02   -5.09462129e-02
943      3.11086107e-09    4.44310448e-02    3.39987900e+00    5.23259146e+00   -2.56294964e-02   -5.09741459e-02
944      3.11419440e-09    2.24663068e-02    3.37788728e+00    5.24063260e+00   -1.61942354e-02   -5.09047304e-02
945      3.11752774e-09   -8.07979689e-03    3.34777283e+00    5.25605001e+00   -2.29365645e-04   -5.07656134e-02
946      3.12086107e-09   -3.55396927e-02    3.32101073e+00    5.27283642e+00    1.60303407e-02   -5.06111304e-02
947      3.12419440e-09   -4.94246339e-02    3.30779879e+00    5.28465593e+00    2.64343617e-02   -5.04995413e-02
948      3.12752774e-09   -4.44310448e-02    3.31314850e+00    5.28719755e+00    2.71885556e-02   -5.04714502e-02
949      3.13086107e-09   -2.24663068e-02    3.33497186e+00    5.27956280e+00    1.80459798e-02   -5.05368861e-02
950      3.13419440e-09    8.07979689e-03    3.36489362e+00    5.26454060e+00    2.34411075e-03   -5.06721472e-02
951      3.13752774e-09    3.55396927e-02    3.39145759e+00    5.24775859e+00   -1.40477780e-02   -5.08266853e-02
952      3.14086107e-09    4.94246339e-02    3.40449256e+00    5.23571322e+00   -2.47982759e-02   -5.09406215e-02
953      3.14419440e-09    4.44310448e-02    3.39898454e+00    5.23319377e+00   -2.56365605e-02   -5.09685700e-02
954      3.14752774e-09    2.24663068e-02    3.37699343e+00    5.24123407e+00   -1.62016603e-02   -5.08991626e-02
955      3.15086107e-09   -8.07979689e-03    3.34687954e+00    5.25665167e+00   -2.36135531e-04   -5.07600436e-02
956      3.15419440e-09   -3.55396927e-02    3.32011787e+00    5.27343911e+00    1.60250095e-02   -5.06055500e-02
957      3.15752774e-09   -4.94246339e-02    3.30690625e+00    5.28525992e+00    2.64306332e-02   -5.04939477e-02
958      3.16086107e-09   -4.44310448e-02    3.31225621e+00    5.28780243e+00    2.71859244e-02   -5.04658476e-02
959      3.16419440e-09   -2.24663068e-02    3.33407982e+00    5.28016771e+00    1.80435583e-02   -5.05312830e-02
960      3.16752774e-09    8.07979689e-03    3.36400189e+00    5.26514464e+00    2.34099966e-03   -5.06665527e-02
961      3.17086107e-09    3.55396927e-02    3.39056630e+00    5.24836108e+00   -1.40521881e-02   -5.08211061e-02
962      3.17419440e-09    4.94246339e-02    3.40360180e+00    5.23631390e+00   -2.48041568e-02   -5.09350601e-02
963      3.17752774e-09    4.44310448e-02    3.39809438e+00    5.23379288e+00   -2.56435856e-02   -5.09630240e-02
964      3.18086107e-09    2.24663068e-02    3.37610388e+00    5.24183233e+00   -1.62090459e-02   -5.08936248e-02
965      3.18419440e-09   -8.07979689e-03    3.34599053e+00    5.25725011e+00   -2.42870739e-04   -5.07545037e-02
966      3.18752774e-09   -3.55396927e-02    3.31922931e+00    5.27403858e+00    1.60197053e-02   -5.05999996e-02
967      3.19086107e-09   -4.94246339e-02    3.30601800e+00    5.28586068e+00    2.64269240e-02   -5.04883842e-02
968      3.19419440e-09   -4.44310448e-02    3.31136820e+00    5.28840408e+00    2.71833082e-02   -5.04602751e-02
969      3.19752774e-09   -2.24663068e-02    3.33319206e+00    5.28076940e+00    1.80411517e-02   -5.05257100e-02
970      3.20086107e-09    8.07979689e-03    3.36311446e+00    5.26574546e+00    2.33790769e-03   -5.06609882e-02
971      3.20419440e-09    3.55396927e-02    3.38967929e+00    5.24896036e+00   -1.40565720e-02   -5.08155568e-02
972      3.20752774e-09    4.94246339e-02    3.40271532e+00    5.23691137e+00   -2.48100044e-02   -5.09295286e-02
973      3.21086107e-09    4.44310448e-02    3.39720850e+00    5.23438878e+00   -2.56505726e-02   -5.09575079e-02
974      3.21419440e-09    2.24663068e-02    3.37521861e+00    5.24242740e+00   -1.62163931e-02   -5.08881167e-02
975      3.21752774e-09   -8.07979689e-03    3.34510581e+00    5.25784535e+00   -2.49572250e-04   -5.07489936e-02
976      3.22086107e-09   -3.55396927e-02    3.31834502e+00    5.27463485e+00    1.60144271e-02   -5.05944790e-02
977      3.22419440e-09   -4.94246339e-02    3.30513402e+00    5.28645824e+00    2.64232334e-02   -5.04828506e-02
978      3.22752774e-09   -4.44310448e-02    3.31048446e+00    5.28900251e+00    2.71807060e-02   -5.04547326e-02
979      3.23086107e-09   -2.24663068e-02    3.33230857e+00    5.28136788e+00    1.80387590e-02   -5.05201669e-02
980      3.23419440e-09    8.07979689e-03    3.36223129e+00    5.26634308e+00    2.33483402e-03   -5.06554536e-02
981      3.23752774e-09    3.55396927e-02    3.38879655e+00    5.24955644e+00   -1.40609307e-02   -5.08100373e-02
982      3.24086107e-09    4.94246339e-02    3.40183311e+00    5.23750566e+00   -2.48158195e-02   -5.09240268e-02
983      3.24419440e-09    4.44310448e-02    3.39632689e+00    5.23498151e+00   -2.56575224e-02   -5.09520214e-02
984      3.24752774e-09    2.24663068e-02    3.37433760e+00    5.24301929e+00   -1.62237029e-02   -5.08826383e-02
985      3.25086107e-09   -8.07979689e-03    3.34422534e+00    5.25843742e+00   -2.56240881e-04   -5.07435131e-02
986      3.25419440e-09   -3.55396927e-02    3.31746498e+00    5.27522794e+00    1.60091744e-02   -5.05889881e-02
987      3.25752774e-09   -4.94246339e-02    3.30425430e+00    5.28705261e+00    2.64195607e-02   -5.04773467e-02
988      3.26086107e-09   -4.44310448e-02    3.30960498e+00    5.28959776e+00    2.71781172e-02   -5.04492199e-02
989      3.26419440e-09   -2.24663068e-02    3.33142933e+00    5.28196317e+00    1.80363797e-02   -5.05146536e-02
990      3.26752774e-09    8.07979689e-03    3.36135237e+00    5.26693751e+00    2.33177795e-03   -5.06499487e-02
991      3.27086107e-09    3.55396927e-02    3.38791805e+00    5.25014935e+00   -1.40652649e-02   -5.08045475e-02
992      3.27419440e-09    4.94246339e-02    3.40095514e+00    5.23809678e+00   -2.48216030e-02   -5.09185546e-02
993      3.27752774e-09    4.44310448e-02    3.39544951e+00    5.23557108e+00   -2.56644360e-02   -5.09465644e-02
994      3.28086107e-09    2.24663068e-02    3.37346083e+00    5.24360803e+00   -1.62309761e-02   -5.08771893e-02
995      3.28419440e-09   -8.07979689e-03    3.34334911e+00    5.25902633e+00   -2.62877317e-04   -5.07380621e-02
996      3.28752774e-09   -3.55396927e-02    3.31658918e+00    5.27581786e+00    1.60039464e-02   -5.05835268e-02
997      3.29086107e-09   -4.94246339e-02    3.30337880e+00    5.28764381e+00    2.64159054e-02   -5.04718725e-02
998      3.29419440e-09   -4.44310448e-02    3.30872973e+00    5.29018983e+00    2.71755414e-02   -5.04437368e-02
999      3.29752774e-09   -2.24663068e-02    3.33055432e+00    5.28255529e+00    1.80340133e-02   -5.05091700e-02
1000     3.30086107e-09    8.07979689e-03    3.36047768e+00    5.26752877e+00    2.32873891e-03   -5.06444735e-02
1001     3.30419440e-09    3.55396927e-02    3.38704379e+00    5.25073910e+00   -1.40695753e-02   -5.07990872e-02
1002     3.30752774e-09    4.94246339e-02    3.40008140e+00    5.23868475e+00   -2.48273555e-02   -5.09131118e-02
1003     3.31086107e-09    4.44310448e-02    3.39457636e+00    5.23615750e+00   -2.56713139e-02   -5.09411368e-02
1004     3.31419440e-09    2.24663068e-02    3.37258827e+00    5.24419362e+00   -1.62382132e-02   -5.08717697e-02
1005     3.31752774e-09   -8.07979689e-03    3.34247709e+00    5.25961209e+00   -2.69482126e-04   -5.07326405e-02
1006     3.32086107e-09   -3.55396927e-02    3.31571759e+00    5.27640463e+00    1.59987427e-02   -5.05780949e-02
1007     3.32419440e-09   -4.94246339e-02    3.30250752e+00    5.28823185e+00    2.64122671e-02   -5.04664277e-02
1008     3.32752774e-09   -4.44310448e-02    3.30785868e+00    5.29077874e+00    2.71729782e-02   -5.04382833e-02
1009     3.33086107e-09   -2.24663068e-02    3.32968352e+00    5.28314424e+00    1.80316593e-02   -5.05037158e-02
1010     3.33419440e-09    8.07979689e-03    3.35960719e+00    5.26811688e+00    2.32571646e-03   -5.06390276e-02
1011     3.33752774e-09    3.55396927e-02    3.38617373e+00    5.25132569e+00   -1.40738623e-02   -5.07936562e-02
1012     3.34086107e-09    4.94246339e-02    3.39921186e+00    5.23926958e+00   -2.48330776e-02   -5.09076983e-02
1013     3.34419440e-09    4.44310448e-02    3.39370741e+00    5.23674079e+00   -2.56781567e-02   -5.09357384e-02
1014     3.34752774e-09    2.24663068e-02    3.37171992e+00    5.24477608e+00   -1.62454148e-02   -5.08663792e-02
1015     3.35086107e-09   -8.07979689e-03    3.34160927e+00    5.26019473e+00   -2.76055786e-04   -5.07272481e-02
1016     3.35419440e-09   -3.55396927e-02    3.31485019e+00    5.27698826e+00    1.59935629e-02   -5.05726923e-02
1017     3.35752774e-09   -4.94246339e-02    3.30164044e+00    5.28881675e+00    2.64086453e-02   -5.04610123e-02
1018     3.36086107e-09   -4.44310448e-02    3.30699184e+00    5.29136450e+00    2.71704271e-02   -5.04328591e-02
1019     3.36419440e-09   -2.24663068e-02    3.32881692e+00    5.28373005e+00    1.80293174e-02   -5.04982910e-02
1020     3.36752774e-09    8.07979689e-03    3.35874090e+00    5.26870184e+00    2.32271021e-03   -5.06336111e-02
1021     3.37086107e-09    3.55396927e-02    3.38530785e+00    5.25190916e+00   -1.40781264e-02   -5.07882545e-02
1022     3.37419440e-09    4.94246339e-02    3.39834651e+00    5.23985129e+00   -2.48387698e-02   -5.09023139e-02
1023     3.37752774e-09    4.44310448e-02    3.39284264e+00    5.23732097e+00   -2.56849649e-02   -5.09303690e-02
1024     3.38086107e-09    2.24663068e-02    3.37085574e+00    5.24535543e+00   -1.62525815e-02   -5.08610178e-02
1025     3.38419440e-09   -8.07979690e-03    3.34074563e+00    5.26077424e+00   -2.82598696e-04   -5.07218848e-02
1026     3.38752774e-09   -3.55396927e-02    3.31398697e+00    5.27756878e+00    1.59884066e-02   -5.05673188e-02
1027     3.39086107e-09   -4.94246339e-02    3.30077753e+00    5.28939852e+00    2.64050399e-02   -5.04556260e-02
1028     3.39419440e-09   -4.44310448e-02    3.30612916e+00    5.29194714e+00    2.71678881e-02   -5.04274641e-02
1029     3.39752774e-09   -2.24663068e-02    3.32795448e+00    5.28431273e+00    1.80269873e-02   -5.04928954e-02
1030     3.40086107e-09    8.07979690e-03    3.35787878e+00    5.26928369e+00    2.31971986e-03   -5.06282237e-02
1031     3.40419440e-09    3.55396927e-02    3.38444615e+00    5.25248951e+00   -1.40823680e-02   -5.07828818e-02
1032     3.40752774e-09    4.94246339e-02    3.39748532e+00    5.24042989e+00   -2.48444325e-02   -5.08969585e-02
1033     3.41086107e-09    4.44310448e-02    3.39198204e+00    5.23789804e+00   -2.56917390e-02   -5.09250286e-02
1034     3.41419440e-09    2.24663068e-02    3.36999572e+00    5.24593168e+00   -1.62597135e-02   -5.08556853e-02
1035     3.41752774e-09   -8.07979690e-03    3.33988615e+00    5.26135066e+00   -2.89111189e-04   -5.07165503e-02
1036     3.42086107e-09   -3.55396927e-02    3.31312791e+00    5.27814618e+00    1.59832736e-02   -5.05619742e-02
1037     3.42419440e-09   -4.94246339e-02    3.29991877e+00    5.28997718e+00    2.64014507e-02   -5.04502688e-02
1038     3.42752774e-09   -4.44310448e-02    3.30527064e+00    5.29252665e+00    2.71653608e-02   -5.04220981e-02
1039     3.43086107e-09   -2.24663068e-02    3.32709620e+00    5.28489230e+00    1.80246689e-02   -5.04875289e-02
1040     3.43419440e-09    8.07979690e-03    3.35702081e+00    5.26986242e+00    2.31674516e-03   -5.06228654e-02
1041     3.43752774e-09    3.55396927e-02    3.38358859e+00    5.25306676e+00   -1.40865873e-02   -5.07775381e-02
1042     3.44086107e-09    4.94246339e-02    3.39662828e+00    5.24100539e+00   -2.48500660e-02   -5.08916319e-02
1043     3.44419440e-09    4.44310448e-02    3.39112558e+00    5.23847203e+00   -2.56984793e-02   -5.09197169e-02
1044     3.44752774e-09    2.24663068e-02    3.36913985e+00    5.24650485e+00   -1.62668112e-02   -5.08503815e-02
1045     3.45086107e-09   -8.07979690e-03    3.33903080e+00    5.26192399e+00   -2.95593549e-04   -5.07112447e-02
1046     3.45419440e-09   -3.55396927e-02    3.31227298e+00    5.27872050e+00    1.59781638e-02   -5.05566585e-02
1047     3.45752774e-09   -4.94246339e-02    3.29906414e+00    5.29055275e+00    2.63978774e-02   -5.04449404e-02
1048     3.46086107e-09   -4.44310448e-02    3.30441625e+00    5.29310307e+00    2.71628453e-02   -5.04167611e-02
1049     3.46419440e-09   -2.24663068e-02    3.32624205e+00    5.28546876e+00    1.80223620e-02   -5.04821913e-02
1050     3.46752774e-09    8.07979690e-03    3.35616697e+00    5.27043806e+00    2.31378591e-03   -5.06175359e-02
1051     3.47086107e-09    3.55396927e-02    3.38273517e+00    5.25364092e+00   -1.40907846e-02   -5.07722232e-02
1052     3.47419440e-09    4.94246339e-02    3.39577537e+00    5.24157782e+00   -2.48556707e-02   -5.08863341e-02
1053     3.47752774e-09    4.44310448e-02    3.39027324e+00    5.23904294e+00   -2.57051861e-02   -5.09144339e-02
1054     3.48086107e-09    2.24663068e-02    3.36828810e+00    5.24707495e+00   -1.62738750e-02   -5.08451064e-02
1055     3.48419440e-09   -8.07979690e-03    3.33817957e+00    5.26249425e+00   -3.02046015e-04   -5.07059677e-02
1056     3.48752774e-09   -3.55396927e-02    3.31142217e+00    5.27929174e+00    1.59730768e-02   -5.05513715e-02
1057     3.49086107e-09   -4.94246339e-02    3.29821364e+00    5.29112523e+00    2.63943201e-02   -5.04396409e-02
1058     3.49419440e-09   -4.44310448e-02    3.30356597e+00    5.29367641e+00    2.71603413e-02   -5.04114529e-02
1059     3.49752774e-09   -2.24663068e-02    3.32539201e+00    5.28604215e+00    1.80200665e-02   -5.04768825e-02
1060     3.50086107e-09    8.07979690e-03    3.35531724e+00    5.27101062e+00    2.31084196e-03   -5.06122352e-02
1061     3.50419440e-09    3.55396927e-02    3.38188585e+00    5.25421201e+00   -1.40949602e-02   -5.07669369e-02
1062     3.50752774e-09    4.94246339e-02    3.39492656e+00    5.24214719e+00   -2.48612468e-02   -5.08810649e-02
1063     3.51086107e-09    4.44310448e-02    3.38942501e+00    5.23961080e+00   -2.57118598e-02   -5.09091795e-02
1064     3.51419440e-09    2.24663068e-02    3.36744045e+00    5.24764200e+00   -1.62809051e-02   -5.08398598e-02
1065     3.51752774e-09   -8.07979690e-03    3.33733245e+00    5.26306146e+00   -3.08468789e-04   -5.07007192e-02
1066     3.52086107e-09   -3.55396927e-02    3.31057546e+00    5.27985992e+00    1.59680127e-02   -5.05461130e-02
1067     3.52419440e-09   -4.94246339e-02    3.29736723e+00    5.29169465e+00    2.63907785e-02   -5.04343699e-02
1068     3.52752774e-09   -4.44310448e-02    3.30271979e+00    5.29424667e+00    2.71578489e-02   -5.04061734e-02
1069     3.53086107e-09   -2.24663068e-02    3.32454607e+00    5.28661246e+00    1.80177823e-02   -5.04716024e-02
1070     3.53419440e-09    8.07979690e-03    3.35447160e+00    5.27158011e+00    2.30791317e-03   -5.06069631e-02
1071     3.53752774e-09    3.55396927e-02    3.38104062e+00    5.25478005e+00   -1.40991143e-02   -5.07616792e-02
1072     3.54086107e-09    4.94246339e-02    3.39408185e+00    5.24271350e+00   -2.48667945e-02   -5.08758240e-02
1073     3.54419440e-09    4.44310448e-02    3.38858086e+00    5.24017562e+00   -2.57185006e-02   -5.09039534e-02
1074     3.54752774e-09    2.24663068e-02    3.36659688e+00    5.24820601e+00   -1.62879017e-02   -5.08346415e-02
1075     3.55086107e-09   -8.07979690e-03    3.33648940e+00    5.26362562e+00   -3.14862049e-04   -5.06954991e-02
1076     3.55419440e-09   -3.55396927e-02    3.30973283e+00    5.28042506e+00    1.59629712e-02   -5.05408830e-02
1077     3.55752774e-09   -4.94246339e-02    3.29652489e+00    5.29226101e+00    2.63872528e-02   -5.04291274e-02
1078     3.56086107e-09   -4.44310448e-02    3.30187769e+00    5.29481388e+00    2.71553680e-02   -5.04009223e-02
1079     3.56419440e-09   -2.24663068e-02    3.32370420e+00    5.28717972e+00    1.80155094e-02   -5.04663507e-02
1080     3.56752774e-09    8.07979690e-03    3.35363004e+00    5.27214656e+00    2.30499944e-03   -5.06017194e-02
1081     3.57086107e-09    3.55396927e-02    3.38019947e+00    5.25534504e+00   -1.41032469e-02   -5.07564499e-02
1082     3.57419440e-09    4.94246339e-02    3.39324120e+00    5.24327679e+00   -2.48723142e-02   -5.08706115e-02
1083     3.57752774e-09    4.44310448e-02    3.38774078e+00    5.24073741e+00   -2.57251087e-02   -5.08987555e-02
1084     3.58086107e-09    2.24663068e-02    3.36575738e+00    5.24876699e+00   -1.62948650e-02   -5.08294514e-02
1085     3.58419440e-09   -8.07979690e-03    3.33565042e+00    5.26418676e+00   -3.21225945e-04   -5.06903072e-02
1086     3.58752774e-09   -3.55396927e-02    3.30889426e+00    5.28098716e+00    1.59579524e-02   -5.05356813e-02
1087     3.59086107e-09   -4.94246339e-02    3.29568662e+00    5.29282434e+00    2.63837427e-02   -5.04239133e-02
1088     3.59419440e-09   -4.44310448e-02    3.30103965e+00    5.29537805e+00    2.71528985e-02   -5.03956997e-02
1089     3.59752774e-09   -2.24663068e-02    3.32286639e+00    5.28774394e+00    1.80132477e-02   -5.04611274e-02
1090     3.60086107e-09    8.07979690e-03    3.35279253e+00    5.27270997e+00    2.30210069e-03   -5.05965040e-02
1091     3.60419440e-09    3.55396927e-02    3.37936237e+00    5.25590700e+00   -1.41073583e-02   -5.07512488e-02
1092     3.60752774e-09    4.94246339e-02    3.39240460e+00    5.24383705e+00   -2.48778060e-02   -5.08654272e-02
1093     3.61086107e-09    4.44310448e-02    3.38690475e+00    5.24129619e+00   -2.57316843e-02   -5.08935857e-02
1094     3.61419440e-09    2.24663068e-02    3.36492192e+00    5.24932496e+00   -1.63017952e-02   -5.08242894e-02
1095     3.61752774e-09   -8.07979690e-03    3.33481547e+00    5.26474488e+00   -3.27560612e-04   -5.06851434e-02
1096     3.62086107e-09   -3.55396927e-02    3.30805973e+00    5.28154625e+00    1.59529560e-02   -5.05305077e-02
1097     3.62419440e-09   -4.94246339e-02    3.29485238e+00    5.29338465e+00    2.63802484e-02   -5.04187273e-02
1098     3.62752774e-09   -4.44310448e-02    3.30020564e+00    5.29593919e+00    2.71504406e-02   -5.03905052e-02
1099     3.63086107e-09   -2.24663068e-02    3.32203261e+00    5.28830513e+00    1.80109972e-02   -5.04559324e-02
1100     3.63419440e-09    8.07979690e-03    3.35195906e+00    5.27327036e+00    2.29921685e-03   -5.05913169e-02
1101     3.63752774e-09    3.55396927e-02    3.37852930e+00    5.25646595e+00   -1.41114485e-02   -5.07460758e-02
1102     3.64086107e-09    4.94246339e-02    3.39157203e+00    5.24439431e+00   -2.48832700e-02   -5.08602709e-02
1103     3.64419440e-09    4.44310448e-02    3.38607275e+00    5.24185197e+00   -2.57382277e-02   -5.08884440e-02
1104     3.64752774e-09    2.24663068e-02    3.36409049e+00    5.24987994e+00   -1.63086926e-02   -5.08191554e-02
1105     3.65086107e-09   -8.07979690e-03    3.33398456e+00    5.26530001e+00   -3.33866169e-04   -5.06800076e-02
1106     3.65419440e-09   -3.55396927e-02    3.30722922e+00    5.28210233e+00    1.59479822e-02   -5.05253621e-02
1107     3.65752774e-09   -4.94246339e-02    3.29402217e+00    5.29394194e+00    2.63767697e-02   -5.04135695e-02
1108     3.66086107e-09   -4.44310448e-02    3.29937565e+00    5.29649733e+00    2.71479941e-02   -5.03853389e-02
1109     3.66419440e-09   -2.24663068e-02    3.32120286e+00    5.28886332e+00    1.80087580e-02   -5.04507654e-02
1110     3.66752774e-09    8.07979690e-03    3.35112961e+00    5.27382774e+00    2.29634786e-03   -5.05861578e-02
1111     3.67086107e-09    3.55396927e-02    3.37770025e+00    5.25702190e+00   -1.41155178e-02   -5.07409308e-02
1112     3.67419440e-09    4.94246339e-02    3.39074348e+00    5.24494857e+00   -2.48887064e-02   -5.08551425e-02
1113     3.67752774e-09    4.44310448e-02    3.38524476e+00    5.24240476e+00   -2.57447390e-02   -5.08833300e-02
1114     3.68086107e-09    2.24663068e-02    3.36326306e+00    5.25043193e+00   -1.63155572e-02   -5.08140491e-02
1115     3.68419440e-09   -8.07979690e-03    3.33315764e+00    5.26585216e+00   -3.40142723e-04   -5.06748996e-02
1116     3.68752774e-09   -3.55396927e-02    3.30640271e+00    5.28265543e+00    1.59430307e-02   -5.05202444e-02
1117     3.69086107e-09   -4.94246339e-02    3.29319596e+00    5.29449625e+00    2.63733068e-02   -5.04084395e-02
1118     3.69419440e-09   -4.44310448e-02    3.29854966e+00    5.29705246e+00    2.71455592e-02   -5.03802005e-02
1119     3.69752774e-09   -2.24663068e-02    3.32037710e+00    5.28941850e+00    1.80065299e-02   -5.04456264e-02
1120     3.70086107e-09    8.07979690e-03    3.35030415e+00    5.27438213e+00    2.29349369e-03   -5.05810266e-02
1121     3.70419440e-09    3.55396927e-02    3.37687519e+00    5.25757487e+00   -1.41195661e-02   -5.07358137e-02
1122     3.70752774e-09    4.94246339e-02    3.38991892e+00    5.24549987e+00   -2.48941154e-02   -5.08500419e-02
1123     3.71086107e-09    4.44310448e-02    3.38442076e+00    5.24295459e+00   -2.57512183e-02   -5.08782438e-02
1124     3.71419440e-09    2.24663068e-02    3.36243963e+00    5.25098096e+00   -1.63223893e-02   -5.08089706e-02
1125     3.71752774e-09   -8.07979690e-03    3.33233472e+00    5.26640133e+00   -3.46390374e-04   -5.06698193e-02
1126     3.72086107e-09   -3.55396927e-02    3.30558019e+00    5.28320555e+00    1.59381017e-02   -5.05151544e-02
1127     3.72419440e-09   -4.94246339e-02    3.29237373e+00    5.29504757e+00    2.63698596e-02   -5.04033374e-02
1128     3.72752774e-09   -4.44310448e-02    3.29772766e+00    5.29760462e+00    2.71431358e-02   -5.03750900e-02
1129     3.73086107e-09   -2.24663068e-02    3.31955533e+00    5.28997071e+00    1.80043131e-02   -5.04405153e-02
1130     3.73419440e-09    8.07979690e-03    3.34948267e+00    5.27493355e+00    2.29065429e-03   -5.05759232e-02
1131     3.73752774e-09    3.55396927e-02    3.37605411e+00    5.25812487e+00   -1.41235936e-02   -5.07307243e-02
1132     3.74086107e-09    4.94246339e-02    3.38909834e+00    5.24604820e+00   -2.48994971e-02   -5.08449689e-02
1133     3.74419440e-09    4.44310448e-02    3.38360073e+00    5.24350145e+00   -2.57576659e-02   -5.08731851e-02
1134     3.74752774e-09    2.24663068e-02    3.36162016e+00    5.25152704e+00   -1.63291888e-02   -5.08039196e-02
1135     3.75086107e-09   -8.07979690e-03    3.33151576e+00    5.26694756e+00   -3.52609212e-04   -5.06647666e-02
1136     3.75419440e-09   -3.55396927e-02    3.30476163e+00    5.28375271e+00    1.59331950e-02   -5.05100920e-02
1137     3.75752774e-09   -4.94246339e-02    3.29155546e+00    5.29559593e+00    2.63664282e-02   -5.03982629e-02
1138     3.76086107e-09   -4.44310448e-02    3.29690962e+00    5.29815380e+00    2.71407241e-02   -5.03700072e-02
1139     3.76419440e-09   -2.24663068e-02    3.31873751e+00    5.29051995e+00    1.80021075e-02   -5.04354318e-02
1140     3.76752774e-09    8.07979690e-03    3.34866515e+00    5.27548200e+00    2.28782964e-03   -5.05708474e-02
1141     3.77086107e-09    3.55396927e-02    3.37523699e+00    5.25867191e+00   -1.41276004e-02   -5.07256624e-02
1142     3.77419440e-09    4.94246339e-02    3.38828171e+00    5.24659358e+00   -2.49048517e-02   -5.08399234e-02
1143     3.77752774e-09    4.44310448e-02    3.38278465e+00    5.24404538e+00   -2.57640819e-02   -5.08681538e-02
1144     3.78086107e-09    2.24663068e-02    3.36080465e+00    5.25207017e+00   -1.63359561e-02   -5.07988959e-02
1145     3.78419440e-09   -8.07979690e-03    3.33070075e+00    5.26749084e+00   -3.58799326e-04   -5.06597412e-02
1146     3.78752774e-09   -3.55396927e-02    3.30394702e+00    5.28429693e+00    1.59283107e-02   -5.05050572e-02
1147     3.79086107e-09   -4.94246339e-02    3.29074114e+00    5.29614135e+00    2.63630125e-02   -5.03932160e-02
1148     3.79419440e-09   -4.44310448e-02    3.29609552e+00    5.29870003e+00    2.71383239e-02   -5.03649519e-02
1149     3.79752774e-09   -2.24663068e-02    3.31792364e+00    5.29106623e+00    1.79999132e-02   -5.04303759e-02
1150     3.80086107e-09    8.07979690e-03    3.34785158e+00    5.27602750e+00    2.28501970e-03   -5.05657992e-02
1151     3.80419440e-09    3.55396927e-02    3.37442381e+00    5.25921601e+00   -1.41315865e-02   -5.07206280e-02
1152     3.80752774e-09    4.94246339e-02    3.38746902e+00    5.24713603e+00   -2.49101792e-02   -5.08349052e-02
1153     3.81086107e-09    4.44310448e-02    3.38197252e+00    5.24458638e+00   -2.57704665e-02   -5.08631499e-02
1154     3.81419440e-09    2.24663068e-02    3.35999307e+00    5.25261039e+00   -1.63426912e-02   -5.07938996e-02
1155     3.81752774e-09   -8.07979690e-03    3.32988967e+00    5.26803120e+00   -3.64960796e-04   -5.06547432e-02
1156     3.82086107e-09   -3.55396927e-02    3.30313634e+00    5.28483822e+00    1.59234486e-02   -5.05000496e-02
1157     3.82419440e-09   -4.94246339e-02    3.28993075e+00    5.29668382e+00    2.63596125e-02   -5.03881964e-02
1158     3.82752774e-09   -4.44310448e-02    3.29528535e+00    5.29924333e+00    2.71359354e-02   -5.03599240e-02
1159     3.83086107e-09   -2.24663068e-02    3.31711370e+00    5.29160958e+00    1.79977302e-02   -5.04253474e-02
1160     3.83419440e-09    8.07979690e-03    3.34704193e+00    5.27657007e+00    2.28222446e-03   -5.05607783e-02
1161     3.83752774e-09    3.55396927e-02    3.37361455e+00    5.25975718e+00   -1.41355521e-02   -5.07156209e-02
1162     3.84086107e-09    4.94246339e-02    3.38666025e+00    5.24767556e+00   -2.49154799e-02   -5.08299143e-02
1163     3.84419440e-09    4.44310448e-02    3.38116429e+00    5.24512447e+00   -2.57768197e-02   -5.08581731e-02
1164     3.84752774e-09    2.24663068e-02    3.35918540e+00    5.25314769e+00   -1.63493943e-02   -5.07889304e-02
1165     3.85086107e-09   -8.07979690e-03    3.32908251e+00    5.26856864e+00   -3.71093704e-04   -5.06497723e-02
1166     3.85419440e-09   -3.55396927e-02    3.30232957e+00    5.28537659e+00    1.59186089e-02   -5.04950693e-02
1167     3.85752774e-09   -4.94246339e-02    3.28912427e+00    5.29722338e+00    2.63562284e-02   -5.03832041e-02
1168     3.86086107e-09   -4.44310448e-02    3.29447909e+00    5.29978370e+00    2.71335586e-02   -5.03549235e-02
1169     3.86419440e-09   -2.24663068e-02    3.31630766e+00    5.29215000e+00    1.79955585e-02   -5.04203461e-02
1170     3.86752774e-09    8.07979690e-03    3.34623618e+00    5.27710972e+00    2.27944389e-03   -5.05557847e-02
1171     3.87086107e-09    3.55396927e-02    3.37280920e+00    5.26029544e+00   -1.41394972e-02   -5.07106410e-02
1172     3.87419440e-09    4.94246339e-02    3.38585538e+00    5.24821218e+00   -2.49207538e-02   -5.08249505e-02
1173     3.87752774e-09    4.44310448e-02    3.38035997e+00    5.24565966e+00   -2.57831417e-02   -5.08532234e-02
1174     3.88086107e-09    2.24663068e-02    3.35838163e+00    5.25368210e+00   -1.63560654e-02   -5.07839882e-02
1175     3.88419440e-09   -8.07979690e-03    3.32827924e+00    5.26910319e+00   -3.77198127e-04   -5.06448285e-02
1176     3.88752774e-09   -3.55396927e-02    3.30152670e+00    5.28591207e+00    1.59137914e-02   -5.04901160e-02
1177     3.89086107e-09   -4.94246339e-02    3.28832168e+00    5.29776002e+00    2.63528601e-02   -5.03782389e-02
1178     3.89419440e-09   -4.44310448e-02    3.29367672e+00    5.30032116e+00    2.71311935e-02   -5.03499501e-02
1179     3.89752774e-09   -2.24663068e-02    3.31550551e+00    5.29268752e+00    1.79933981e-02   -5.04153721e-02
1180     3.90086107e-09    8.07979690e-03    3.34543432e+00    5.27764646e+00    2.27667796e-03   -5.05508182e-02
1181     3.90419440e-09    3.55396927e-02    3.37200773e+00    5.26083081e+00   -1.41434218e-02   -5.07056881e-02
1182     3.90752774e-09    4.94246339e-02    3.38505439e+00    5.24874591e+00   -2.49260010e-02   -5.08200137e-02
1183     3.91086107e-09    4.44310448e-02    3.37955953e+00    5.24619197e+00   -2.57894328e-02   -5.08483006e-02
1184     3.91419440e-09    2.24663068e-02    3.35758174e+00    5.25421362e+00   -1.63627047e-02   -5.07790729e-02
1185     3.91752774e-09   -8.07979690e-03    3.32747984e+00    5.26963486e+00   -3.83274144e-04   -5.06399115e-02
1186     3.92086107e-09   -3.55396927e-02    3.30072769e+00    5.28644465e+00    1.59089961e-02   -5.04851897e-02
1187     3.92419440e-09   -4.94246339e-02    3.28752296e+00    5.29829378e+00    2.63495077e-02   -5.03733007e-02
1188     3.92752774e-09   -4.44310448e-02    3.29287821e+00    5.30085572e+00    2.71288402e-02   -5.03450037e-02
1189     3.93086107e-09   -2.24663068e-02    3.31470723e+00    5.29322213e+00    1.79912491e-02   -5.04104250e-02
1190     3.93419440e-09    8.07979690e-03    3.34463633e+00    5.27818032e+00    2.27392667e-03   -5.05458787e-02
1191     3.93752774e-09    3.55396927e-02    3.37121013e+00    5.26136328e+00   -1.41473262e-02   -5.07007621e-02
1192     3.94086107e-09    4.94246339e-02    3.38425727e+00    5.24927677e+00   -2.49312217e-02   -5.08151037e-02
1193     3.94419440e-09    4.44310448e-02    3.37876295e+00    5.24672140e+00   -2.57956929e-02   -5.08434045e-02
1194     3.94752774e-09    2.24663068e-02    3.35678571e+00    5.25474228e+00   -1.63693123e-02   -5.07741843e-02
1195     3.95086107e-09   -8.07979690e-03    3.32668430e+00    5.27016365e+00   -3.89321829e-04   -5.06350213e-02
1196     3.95419440e-09   -3.55396927e-02    3.29993255e+00    5.28697436e+00    1.59042231e-02   -5.04802901e-02
1197     3.95752774e-09   -4.94246339e-02    3.28672809e+00    5.29882466e+00    2.63461711e-02   -5.03683894e-02
1198     3.96086107e-09   -4.44310448e-02    3.29208356e+00    5.30138741e+00    2.71264987e-02   -5.03400842e-02
1199     3.96419440e-09   -2.24663068e-02    3.31391280e+00    5.29375387e+00    1.79891114e-02   -5.04055049e-02
1200     3.96752774e-09    8.07979690e-03    3.34384219e+00    5.27871129e+00    2.27118998e-03   -5.05409660e-02
1201     3.97086107e-09    3.55396927e-02    3.37041637e+00    5.26189289e+00   -1.41512102e-02   -5.06958629e-02
1202     3.97419440e-09    4.94246339e-02    3.38346400e+00    5.24980477e+00   -2.49364160e-02   -5.08102203e-02
1203     3.97752774e-09    4.44310448e-02    3.37797021e+00    5.24724798e+00   -2.58019222e-02   -5.08385351e-02
1204     3.98086107e-09    2.24663068e-02    3.35599352e+00    5.25526809e+00   -1.63758883e-02   -5.07693224e-02
1205     3.98419440e-09   -8.07979690e-03    3.32589260e+00    5.27068959e+00   -3.95341261e-04   -5.06301578e-02
1206     3.98752774e-09   -3.55396927e-02    3.29914124e+00    5.28750121e+00    1.58994722e-02   -5.04754173e-02
1207     3.99086107e-09   -4.94246339e-02    3.28593706e+00    5.29935267e+00    2.63428504e-02   -5.03635048e-02
1208     3.99419440e-09   -4.44310448e-02    3.29129275e+00    5.30191622e+00    2.71241691e-02   -5.03351914e-02
1209     3.99752774e-09   -2.24663068e-02    3.31312221e+00    5.29428274e+00    1.79869851e-02   -5.04006115e-02
1210     4.00086107e-09    8.07979690e-03    3.34305189e+00    5.27923941e+00    2.26846787e-03   -5.05360800e-02
1211     4.00419440e-09    3.55396927e-02    3.36962645e+00    5.26241964e+00   -1.41550741e-02   -5.06909903e-02
1212     4.00752774e-09    4.94246339e-02    3.38267455e+00    5.25032991e+00   -2.49415840e-02   -5.08053636e-02
1213     4.01086107e-09    4.44310448e-02    3.37718130e+00    5.24777172e+00   -2.58081210e-02   -5.08336922e-02
1214     4.01419440e-09    2.24663068e-02    3.35520515e+00    5.25579106e+00   -1.63824330e-02   -5.07644869e-02
1215     4.01752774e-09   -8.07979690e-03    3.32510472e+00    5.27121270e+00   -4.01332516e-04   -5.06253207e-02
1216     4.02086107e-09   -3.55396927e-02    3.29835374e+00    5.28802522e+00    1.58947435e-02   -5.04705709e-02
1217     4.02419440e-09   -4.94246339e-02    3.28514985e+00    5.29987783e+00    2.63395456e-02   -5.03586468e-02
1218     4.02752774e-09   -4.44310448e-02    3.29050575e+00    5.30244218e+00    2.71218513e-02   -5.03303253e-02
1219     4.03086107e-09   -2.24663068e-02    3.31233543e+00    5.29480876e+00    1.79848702e-02   -5.03957447e-02
1220     4.03419440e-09    8.07979690e-03    3.34226539e+00    5.27976467e+00    2.26576034e-03   -5.05312206e-02
1221     4.03752774e-09    3.55396927e-02    3.36884034e+00    5.26294355e+00   -1.41589178e-02   -5.06861443e-02
1222     4.04086107e-09    4.94246339e-02    3.38188891e+00    5.25085222e+00   -2.49467258e-02   -5.08005333e-02
1223     4.04419440e-09    4.44310448e-02    3.37639620e+00    5.24829263e+00   -2.58142892e-02   -5.08288756e-02
1224     4.04752774e-09    2.24663068e-02    3.35442059e+00    5.25631120e+00   -1.63889462e-02   -5.07596777e-02
1225     4.05086107e-09   -8.07979690e-03    3.32432065e+00    5.27173297e+00   -4.07295671e-04   -5.06205100e-02
1226     4.05419440e-09   -3.55396927e-02    3.29757005e+00    5.28854640e+00    1.58900370e-02   -5.04657510e-02
1227     4.05752774e-09   -4.94246339e-02    3.28436644e+00    5.30040016e+00    2.63362567e-02   -5.03538152e-02
1228     4.06086107e-09   -4.44310448e-02    3.28972255e+00    5.30296531e+00    2.71195454e-02   -5.03254856e-02
1229     4.06419440e-09   -2.24663068e-02    3.31155245e+00    5.29533194e+00    1.79827668e-02   -5.03909044e-02
1230     4.06752774e-09    8.07979690e-03    3.34148270e+00    5.28028710e+00    2.26306734e-03   -5.05263876e-02
1231     4.07086107e-09    3.55396927e-02    3.36805802e+00    5.26346464e+00   -1.41627415e-02   -5.06813246e-02
1232     4.07419440e-09    4.94246339e-02    3.38110707e+00    5.25137172e+00   -2.49518415e-02   -5.07957293e-02
1233     4.07752774e-09    4.44310448e-02    3.37561489e+00    5.24881072e+00   -2.58204270e-02   -5.08240853e-02
1234     4.08086107e-09    2.24663068e-02    3.35363981e+00    5.25682853e+00   -1.63954283e-02   -5.07548948e-02
1235     4.08419440e-09   -8.07979690e-03    3.32354035e+00    5.27225043e+00   -4.13230805e-04   -5.06157255e-02
1236     4.08752774e-09   -3.55396928e-02    3.29679015e+00    5.28906476e+00    1.58853525e-02   -5.04609574e-02
1237     4.09086107e-09   -4.94246339e-02    3.28358681e+00    5.30091966e+00    2.63329838e-02   -5.03490099e-02
1238     4.09419440e-09   -4.44310448e-02    3.28894314e+00    5.30348561e+00    2.71172514e-02   -5.03206724e-02
1239     4.09752774e-09   -2.24663068e-02    3.31077325e+00    5.29585229e+00    1.79806747e-02   -5.03860904e-02
1240     4.10086107e-09    8.07979690e-03    3.34070378e+00    5.28080671e+00    2.26038886e-03   -5.05215810e-02
1241     4.10419440e-09    3.55396928e-02    3.36727948e+00    5.26398290e+00   -1.41665451e-02   -5.06765312e-02
1242     4.10752774e-09    4.94246339e-02    3.38032900e+00    5.25188840e+00   -2.49569313e-02   -5.07909515e-02
1243     4.11086107e-09    4.44310448e-02    3.37483734e+00    5.24932602e+00   -2.58265346e-02   -5.08193212e-02
1244     4.11419440e-09    2.24663068e-02    3.35286281e+00    5.25734306e+00   -1.64018793e-02   -5.07501380e-02
1245     4.11752774e-09   -8.07979690e-03    3.32276383e+00    5.27276510e+00   -4.19137996e-04   -5.06109671e-02
1246     4.12086107e-09   -3.55396928e-02    3.29601401e+00    5.28958031e+00    1.58806902e-02   -5.04561899e-02
1247     4.12419440e-09   -4.94246339e-02    3.28281094e+00    5.30143636e+00    2.63297267e-02   -5.03442309e-02
1248     4.12752774e-09   -4.44310448e-02    3.28816748e+00    5.30400310e+00    2.71149694e-02   -5.03158853e-02
1249     4.13086107e-09   -2.24663068e-02    3.30999781e+00    5.29636984e+00    1.79785942e-02   -5.03813027e-02
1250     4.13419440e-09    8.07979690e-03    3.33992862e+00    5.28132351e+00    2.25772486e-03   -5.05168006e-02
1251     4.13752774e-09    3.55396928e-02    3.36650470e+00    5.26449837e+00   -1.41703289e-02   -5.06717639e-02
1252     4.14086107e-09    4.94246339e-02    3.37955469e+00    5.25240230e+00   -2.49619952e-02   -5.07861997e-02
1253     4.14419440e-09    4.44310448e-02    3.37406356e+00    5.24983853e+00   -2.58326121e-02   -5.08145830e-02
1254     4.14752774e-09    2.24663068e-02    3.35208955e+00    5.25785481e+00   -1.64082993e-02   -5.07454071e-02
1255     4.15086107e-09   -8.07979690e-03    3.32199106e+00    5.27327698e+00   -4.25017325e-04   -5.06062347e-02
1256     4.15419440e-09   -3.55396928e-02    3.29524161e+00    5.29009308e+00    1.58760498e-02   -5.04514484e-02
1257     4.15752774e-09   -4.94246339e-02    3.28203883e+00    5.30195027e+00    2.63264856e-02   -5.03394779e-02
1258     4.16086107e-09   -4.44310448e-02    3.28739557e+00    5.30451779e+00    2.71126994e-02   -5.03111243e-02
1259     4.16419440e-09   -2.24663068e-02    3.30922611e+00    5.29688459e+00    1.79765250e-02   -5.03765411e-02
1260     4.16752774e-09    8.07979690e-03    3.33915720e+00    5.28183752e+00    2.25507534e-03   -5.05120461e-02
1261     4.17086107e-09    3.55396928e-02    3.36573366e+00    5.26501106e+00   -1.41740929e-02   -5.06670226e-02
1262     4.17419440e-09    4.94246339e-02    3.37878411e+00    5.25291341e+00   -2.49670334e-02   -5.07814738e-02
1263     4.17752774e-09    4.44310448e-02    3.37329351e+00    5.25034826e+00   -2.58386596e-02   -5.08098706e-02
1264     4.18086107e-09    2.24663068e-02    3.35132004e+00    5.25836379e+00   -1.64146884e-02   -5.07407021e-02
1265     4.18419440e-09   -8.07979690e-03    3.32122202e+00    5.27378609e+00   -4.30868873e-04   -5.06015281e-02
1266     4.18752774e-09   -3.55396928e-02    3.29447295e+00    5.29060308e+00    1.58714315e-02   -5.04467328e-02
1267     4.19086107e-09   -4.94246339e-02    3.28127044e+00    5.30246139e+00    2.63232605e-02   -5.03347508e-02
1268     4.19419440e-09   -4.44310448e-02    3.28662739e+00    5.30502970e+00    2.71104414e-02   -5.03063893e-02
1269     4.19752774e-09   -2.24663068e-02    3.30845815e+00    5.29739655e+00    1.79744674e-02   -5.03718054e-02
1270     4.20086107e-09    8.07979690e-03    3.33838952e+00    5.28234876e+00    2.25244025e-03   -5.05073177e-02
1271     4.20419440e-09    3.55396928e-02    3.36496635e+00    5.26552097e+00   -1.41778370e-02   -5.06623072e-02
1272     4.20752774e-09    4.94246339e-02    3.37801726e+00    5.25342176e+00   -2.49720459e-02   -5.07767737e-02
1273     4.21086107e-09    4.44310448e-02    3.37252718e+00    5.25085524e+00   -2.58446773e-02   -5.08051840e-02
1274     4.21419440e-09    2.24663068e-02    3.35055423e+00    5.25887001e+00   -1.64210468e-02   -5.07360228e-02
1275     4.21752774e-09   -8.07979690e-03    3.32045669e+00    5.27429244e+00   -4.36692722e-04   -5.05968472e-02
1276     4.22086107e-09   -3.55396928e-02    3.29370800e+00    5.29111031e+00    1.58668352e-02   -5.04420429e-02
1277     4.22419440e-09   -4.94246339e-02    3.28050576e+00    5.30296975e+00    2.63200513e-02   -5.03300496e-02
1278     4.22752774e-09   -4.44310448e-02    3.28586292e+00    5.30553884e+00    2.71081954e-02   -5.03016801e-02
1279     4.23086107e-09   -2.24663068e-02    3.30769389e+00    5.29790575e+00    1.79724212e-02   -5.03670955e-02
1280     4.23419440e-09    8.07979690e-03    3.33762553e+00    5.28285723e+00    2.24981956e-03   -5.05026150e-02
1281     4.23752774e-09    3.55396928e-02    3.36420274e+00    5.26602812e+00   -1.41815615e-02   -5.06576174e-02
1282     4.24086107e-09    4.94246339e-02    3.37725411e+00    5.25392736e+00   -2.49770330e-02   -5.07720993e-02
1283     4.24419440e-09    4.44310448e-02    3.37176455e+00    5.25135947e+00   -2.58506653e-02   -5.08005230e-02
1284     4.24752774e-09    2.24663068e-02    3.34979213e+00    5.25937350e+00   -1.64273746e-02   -5.07313690e-02
1285     4.25086107e-09   -8.07979690e-03    3.31969506e+00    5.27479605e+00   -4.42488956e-04   -5.05921919e-02
1286     4.25419440e-09   -3.55396928e-02    3.29294674e+00    5.29161479e+00    1.58622608e-02   -5.04373787e-02
1287     4.25752774e-09   -4.94246339e-02    3.27974477e+00    5.30347536e+00    2.63168580e-02   -5.03253740e-02
1288     4.26086107e-09   -4.44310448e-02    3.28510214e+00    5.30604523e+00    2.71059614e-02   -5.02969967e-02
1289     4.26419440e-09   -2.24663068e-02    3.30693332e+00    5.29841220e+00    1.79703865e-02   -5.03624114e-02
1290     4.26752774e-09    8.07979690e-03    3.33686524e+00    5.28336294e+00    2.24721325e-03   -5.04979379e-02
1291     4.27086107e-09    3.55396928e-02    3.36344282e+00    5.26653253e+00   -1.41852664e-02   -5.06529533e-02
1292     4.27419440e-09    4.94246339e-02    3.37649465e+00    5.25443023e+00   -2.49819946e-02   -5.07674504e-02
1293     4.27752774e-09    4.44310448e-02    3.37100560e+00    5.25186098e+00   -2.58566236e-02   -5.07958874e-02
1294     4.28086107e-09    2.24663068e-02    3.34903371e+00    5.25987425e+00   -1.64336719e-02   -5.07267406e-02
1295     4.28419440e-09   -8.07979690e-03    3.31893711e+00    5.27529693e+00   -4.48257660e-04   -5.05875621e-02
1296     4.28752774e-09   -3.55396928e-02    3.29218917e+00    5.29211655e+00    1.58577083e-02   -5.04327399e-02
1297     4.29086107e-09   -4.94246339e-02    3.27898746e+00    5.30397823e+00    2.63136807e-02   -5.03207239e-02
1298     4.29419440e-09   -4.44310448e-02    3.28434504e+00    5.30654887e+00    2.71037394e-02   -5.02923388e-02
1299     4.29752774e-09   -2.24663068e-02    3.30617643e+00    5.29891590e+00    1.79683632e-02   -5.03577528e-02
1300     4.30086107e-09    8.07979690e-03    3.33610862e+00    5.28386592e+00    2.24462128e-03   -5.04932864e-02
1301     4.30419440e-09    3.55396928e-02    3.36268656e+00    5.26703421e+00   -1.41889517e-02   -5.06483146e-02
1302     4.30752774e-09    4.94246339e-02    3.37573885e+00    5.25493037e+00   -2.49869310e-02   -5.07628269e-02
1303     4.31086107e-09    4.44310448e-02    3.37025032e+00    5.25235976e+00   -2.58625525e-02   -5.07912772e-02
1304     4.31419440e-09    2.24663068e-02    3.34827895e+00    5.26037229e+00   -1.64399388e-02   -5.07221376e-02
1305     4.31752774e-09   -8.07979690e-03    3.31818282e+00    5.27579510e+00   -4.53998918e-04   -5.05829576e-02
1306     4.32086107e-09   -3.55396928e-02    3.29143525e+00    5.29261558e+00    1.58531777e-02   -5.04281266e-02
1307     4.32419440e-09   -4.94246339e-02    3.27823381e+00    5.30447838e+00    2.63105193e-02   -5.03160993e-02
1308     4.32752774e-09   -4.44310448e-02    3.28359159e+00    5.30704979e+00    2.71015295e-02   -5.02877063e-02
1309     4.33086107e-09   -2.24663068e-02    3.30542319e+00    5.29941688e+00    1.79663514e-02   -5.03531196e-02
1310     4.33419440e-09    8.07979690e-03    3.33535566e+00    5.28436618e+00    2.24204361e-03   -5.04886603e-02
1311     4.33752774e-09    3.55396928e-02    3.36193397e+00    5.26753317e+00   -1.41926176e-02   -5.06437013e-02
1312     4.34086107e-09    4.94246339e-02    3.37498671e+00    5.25542780e+00   -2.49918422e-02   -5.07582287e-02
1313     4.34419440e-09    4.44310448e-02    3.36949869e+00    5.25285584e+00   -2.58684521e-02   -5.07866922e-02
1314     4.34752774e-09    2.24663068e-02    3.34752784e+00    5.26086763e+00   -1.64461755e-02   -5.07175598e-02
1315     4.35086107e-09   -8.07979690e-03    3.31743218e+00    5.27629056e+00   -4.59712819e-04   -5.05783783e-02
1316     4.35419440e-09   -3.55396928e-02    3.29068497e+00    5.29311191e+00    1.58486688e-02   -5.04235384e-02
1317     4.35752774e-09   -4.94246339e-02    3.27748380e+00    5.30497582e+00    2.63073739e-02   -5.03114999e-02
1318     4.36086107e-09   -4.44310448e-02    3.28284179e+00    5.30754800e+00    2.70993316e-02   -5.02830991e-02
1319     4.36419440e-09   -2.24663068e-02    3.30467359e+00    5.29991514e+00    1.79643511e-02   -5.03485118e-02
1320     4.36752774e-09    8.07979690e-03    3.33460633e+00    5.28486373e+00    2.23948022e-03   -5.04840595e-02
1321     4.37086107e-09    3.55396928e-02    3.36118500e+00    5.26802943e+00   -1.41962641e-02   -5.06391132e-02
1322     4.37419440e-09    4.94246339e-02    3.37423820e+00    5.25592253e+00   -2.49967284e-02   -5.07536556e-02
1323     4.37752774e-09    4.44310448e-02    3.36875069e+00    5.25334923e+00   -2.58743225e-02   -5.07821323e-02
1324     4.38086107e-09    2.24663068e-02    3.34678036e+00    5.26136029e+00   -1.64523820e-02   -5.07130070e-02
1325     4.38419440e-09   -8.07979690e-03    3.31668516e+00    5.27678334e+00   -4.65399449e-04   -5.05738240e-02
1326     4.38752774e-09   -3.55396928e-02    3.28993832e+00    5.29360555e+00    1.58441817e-02   -5.04189753e-02
1327     4.39086107e-09   -4.94246339e-02    3.27673742e+00    5.30547056e+00    2.63042444e-02   -5.03069257e-02
1328     4.39419440e-09   -4.44310448e-02    3.28209561e+00    5.30804351e+00    2.70971458e-02   -5.02785171e-02
1329     4.39752774e-09   -2.24663068e-02    3.30392762e+00    5.30041071e+00    1.79623622e-02   -5.03439291e-02
1330     4.40086107e-09    8.07979690e-03    3.33386063e+00    5.28535859e+00    2.23693107e-03   -5.04794838e-02
1331     4.40419440e-09    3.55396928e-02    3.36043966e+00    5.26852300e+00   -1.41998912e-02   -5.06345502e-02
1332     4.40752774e-09    4.94246339e-02    3.37349331e+00    5.25641458e+00   -2.50015896e-02   -5.07491075e-02
1333     4.41086107e-09    4.44310448e-02    3.36800631e+00    5.25383995e+00   -2.58801638e-02   -5.07775973e-02
1334     4.41419440e-09    2.24663068e-02    3.34603649e+00    5.26185027e+00   -1.64585585e-02   -5.07084791e-02
1335     4.41752774e-09   -8.07979690e-03    3.31594175e+00    5.27727344e+00   -4.71058899e-04   -5.05692947e-02
1336     4.42086107e-09   -3.55396928e-02    3.28919528e+00    5.29409651e+00    1.58397164e-02   -5.04144373e-02
1337     4.42419440e-09   -4.94246339e-02    3.27599464e+00    5.30596262e+00    2.63011307e-02   -5.03023765e-02
1338     4.42752774e-09   -4.44310448e-02    3.28135303e+00    5.30853633e+00    2.70949721e-02   -5.02739602e-02
1339     4.43086107e-09   -2.24663068e-02    3.30318524e+00    5.30090359e+00    1.79603848e-02   -5.03393715e-02
1340     4.43419440e-09    8.07979690e-03    3.33311852e+00    5.28585076e+00    2.23439610e-03   -5.04749332e-02
1341     4.43752774e-09    3.55396928e-02    3.35969792e+00    5.26901389e+00   -1.42034992e-02   -5.06300121e-02
1342     4.44086107e-09    4.94246339e-02    3.37275202e+00    5.25690397e+00   -2.50064260e-02   -5.07445843e-02
1343     4.44419440e-09    4.44310448e-02    3.36726552e+00    5.25432800e+00   -2.58859762e-02   -5.07730872e-02
1344     4.44752774e-09    2.24663068e-02    3.34529621e+00    5.26233759e+00   -1.64647052e-02   -5.07039760e-02
1345     4.45086107e-09   -8.07979690e-03    3.31520194e+00    5.27776089e+00   -4.76691258e-04   -5.05647902e-02
1346     4.45419440e-09   -3.55396928e-02    3.28845583e+00    5.29458480e+00    1.58352727e-02   -5.04099241e-02
1347     4.45752774e-09   -4.94246339e-02    3.27525545e+00    5.30645201e+00    2.62980330e-02   -5.02978522e-02
1348     4.46086107e-09   -4.44310448e-02    3.28061404e+00    5.30902648e+00    2.70928103e-02   -5.02694282e-02
1349     4.46419440e-09   -2.24663068e-02    3.30244646e+00    5.30139380e+00    1.79584189e-02   -5.03348388e-02
1350     4.46752774e-09    8.07979690e-03    3.33238001e+00    5.28634026e+00    2.23187530e-03   -5.04704074e-02
1351     4.47086107e-09    3.55396928e-02    3.35895977e+00    5.26950212e+00   -1.42070880e-02   -5.06254989e-02
1352     4.47419440e-09    4.94246339e-02    3.37201431e+00    5.25739070e+00   -2.50112376e-02   -5.07400859e-02
1353     4.47752774e-09    4.44310448e-02    3.36652832e+00    5.25481341e+00   -2.58917598e-02   -5.07686018e-02
1354     4.48086107e-09    2.24663068e-02    3.34455952e+00    5.26282226e+00   -1.64708220e-02   -5.06994976e-02
1355     4.48419440e-09   -8.07979690e-03    3.31446570e+00    5.27824568e+00   -4.82296618e-04   -5.05603103e-02
1356     4.48752774e-09   -3.55396928e-02    3.28771996e+00    5.29507045e+00    1.58308506e-02   -5.04054355e-02
1357     4.49086107e-09   -4.94246339e-02    3.27451984e+00    5.30693874e+00    2.62949511e-02   -5.02933527e-02
1358     4.49419440e-09   -4.44310448e-02    3.27987863e+00    5.30951397e+00    2.70906607e-02   -5.02649210e-02
1359     4.49752774e-09   -2.24663068e-02    3.30171125e+00    5.30188135e+00    1.79564643e-02   -5.03303309e-02
1360     4.50086107e-09    8.07979690e-03    3.33164506e+00    5.28682711e+00    2.22936861e-03   -5.04659064e-02
1361     4.50419440e-09    3.55396928e-02    3.35822518e+00    5.26998771e+00   -1.42106577e-02   -5.06210103e-02
1362     4.50752774e-09    4.94246339e-02    3.37128017e+00    5.25787479e+00   -2.50160247e-02   -5.07356121e-02
1363     4.51086107e-09    4.44310448e-02    3.36579468e+00    5.25529618e+00   -2.58975147e-02   -5.07641409e-02
1364     4.51419440e-09    2.24663068e-02    3.34382638e+00    5.26330430e+00   -1.64769092e-02   -5.06950438e-02
1365     4.51752774e-09   -8.07979690e-03    3.31373302e+00    5.27872784e+00   -4.87875070e-04   -5.05558551e-02
1366     4.52086107e-09   -3.55396928e-02    3.28698764e+00    5.29555345e+00    1.58264501e-02   -5.04009716e-02
1367     4.52419440e-09   -4.94246339e-02    3.27378778e+00    5.30742283e+00    2.62918851e-02   -5.02888778e-02
1368     4.52752774e-09   -4.44310448e-02    3.27914677e+00    5.30999882e+00    2.70885231e-02   -5.02604384e-02
1369     4.53086107e-09   -2.24663068e-02    3.30097959e+00    5.30236625e+00    1.79545212e-02   -5.03258477e-02
1370     4.53419440e-09    8.07979690e-03    3.33091367e+00    5.28731132e+00    2.22687599e-03   -5.04614300e-02
1371     4.53752774e-09    3.55396928e-02    3.35749414e+00    5.27047066e+00   -1.42142085e-02   -5.06165464e-02
1372     4.54086107e-09    4.94246339e-02    3.37054958e+00    5.25835625e+00   -2.50207873e-02   -5.07311628e-02
1373     4.54419440e-09    4.44310448e-02    3.36506458e+00    5.25577632e+00   -2.59032411e-02   -5.07597045e-02
1374     4.54752774e-09    2.24663068e-02    3.34309679e+00    5.26378372e+00   -1.64829669e-02   -5.06906144e-02
1375     4.55086107e-09   -8.07979690e-03    3.31300389e+00    5.27920739e+00   -4.93426709e-04   -5.05514242e-02
1376     4.55419440e-09   -3.55396928e-02    3.28625886e+00    5.29603384e+00    1.58220711e-02   -5.03965322e-02
1377     4.55752774e-09   -4.94246339e-02    3.27305926e+00    5.30790430e+00    2.62888349e-02   -5.02844274e-02
1378     4.56086107e-09   -4.44310448e-02    3.27841845e+00    5.31048104e+00    2.70863975e-02   -5.02559804e-02
1379     4.56419440e-09   -2.24663068e-02    3.30025147e+00    5.30284853e+00    1.79525895e-02   -5.03213890e-02
1380     4.56752774e-09    8.07979690e-03    3.33018581e+00    5.28779290e+00    2.22439740e-03   -5.04569781e-02
1381     4.57086107e-09    3.55396928e-02    3.35676664e+00    5.27095099e+00   -1.42177403e-02   -5.06121068e-02
1382     4.57419440e-09    4.94246339e-02    3.36982251e+00    5.25883509e+00   -2.50255255e-02   -5.07267378e-02
1383     4.57752774e-09    4.44310448e-02    3.36433802e+00    5.25625386e+00   -2.59089390e-02   -5.07552924e-02
1384     4.58086107e-09    2.24663068e-02    3.34237073e+00    5.26426054e+00   -1.64889952e-02   -5.06862092e-02
1385     4.58419440e-09   -8.07979690e-03    3.31227827e+00    5.27968432e+00   -4.98951628e-04   -5.05470177e-02
1386     4.58752774e-09   -3.55396928e-02    3.28553361e+00    5.29651161e+00    1.58177135e-02   -5.03921171e-02
1387     4.59086107e-09   -4.94246339e-02    3.27233427e+00    5.30838315e+00    2.62858005e-02   -5.02800014e-02
1388     4.59419440e-09   -4.44310448e-02    3.27769365e+00    5.31096063e+00    2.70842839e-02   -5.02515468e-02
1389     4.59752774e-09   -2.24663068e-02    3.29952687e+00    5.30332818e+00    1.79506691e-02   -5.03169547e-02
1390     4.60086107e-09    8.07979690e-03    3.32946148e+00    5.28827187e+00    2.22193279e-03   -5.04525506e-02
1391     4.60419440e-09    3.55396928e-02    3.35604265e+00    5.27142871e+00   -1.42212533e-02   -5.06076916e-02
1392     4.60752774e-09    4.94246339e-02    3.36909897e+00    5.25931134e+00   -2.50302395e-02   -5.07223372e-02
1393     4.61086107e-09    4.44310448e-02    3.36361496e+00    5.25672881e+00   -2.59146087e-02   -5.07509045e-02
1394     4.61419440e-09    2.24663068e-02    3.34164818e+00    5.26473477e+00   -1.64949942e-02   -5.06818283e-02
1395     4.61752774e-09   -8.07979690e-03    3.31155617e+00    5.28015866e+00   -5.04449922e-04   -5.05426353e-02
1396     4.62086107e-09   -3.55396928e-02    3.28481187e+00    5.29698679e+00    1.58133774e-02   -5.03877262e-02
1397     4.62419440e-09   -4.94246339e-02    3.27161278e+00    5.30885940e+00    2.62827819e-02   -5.02755996e-02
1398     4.62752774e-09   -4.44310448e-02    3.27697235e+00    5.31143763e+00    2.70821824e-02   -5.02471375e-02
1399     4.63086107e-09   -2.24663068e-02    3.29880577e+00    5.30380524e+00    1.79487602e-02   -5.03125447e-02
1400     4.63419440e-09    8.07979690e-03    3.32874064e+00    5.28874824e+00    2.21948213e-03   -5.04481473e-02
1401     4.63752774e-09    3.55396928e-02    3.35532217e+00    5.27190383e+00   -1.42247475e-02   -5.06033006e-02
1402     4.64086107e-09    4.94246339e-02    3.36837892e+00    5.25978499e+00   -2.50349293e-02   -5.07179606e-02
1403     4.64419440e-09    4.44310448e-02    3.36289541e+00    5.25720117e+00   -2.59202502e-02   -5.07465406e-02
1404     4.64752774e-09    2.24663068e-02    3.34092912e+00    5.26520641e+00   -1.65009641e-02   -5.06774713e-02
1405     4.65086107e-09   -8.07979690e-03    3.31083756e+00    5.28063042e+00   -5.09921686e-04   -5.05382770e-02
1406     4.65419440e-09   -3.55396928e-02    3.28409361e+00    5.29745938e+00    1.58090625e-02   -5.03833594e-02
1407     4.65752774e-09   -4.94246339e-02    3.27089477e+00    5.30933306e+00    2.62797790e-02   -5.02712220e-02
1408     4.66086107e-09   -4.44310448e-02    3.27625454e+00    5.31191203e+00    2.70800929e-02   -5.02427524e-02
1409     4.66419440e-09   -2.24663068e-02    3.29808816e+00    5.30427970e+00    1.79468625e-02   -5.03081589e-02
1410     4.66752774e-09    8.07979690e-03    3.32802329e+00    5.28922202e+00    2.21704535e-03   -5.04437682e-02
1411     4.67086107e-09    3.55396928e-02    3.35460517e+00    5.27237637e+00   -1.42282231e-02   -5.05989337e-02
1412     4.67419440e-09    4.94246339e-02    3.36766235e+00    5.26025607e+00   -2.50395952e-02   -5.07136081e-02
1413     4.67752774e-09    4.44310448e-02    3.36217933e+00    5.25767096e+00   -2.59258637e-02   -5.07422008e-02
1414     4.68086107e-09    2.24663068e-02    3.34021354e+00    5.26567549e+00   -1.65069049e-02   -5.06731383e-02
1415     4.68419440e-09   -8.07979690e-03    3.31012243e+00    5.28109962e+00   -5.15367019e-04   -5.05339426e-02
1416     4.68752774e-09   -3.55396928e-02    3.28337883e+00    5.29792940e+00    1.58047690e-02   -5.03790166e-02
1417     4.69086107e-09   -4.94246339e-02    3.27018025e+00    5.30980414e+00    2.62767919e-02   -5.02668684e-02
1418     4.69419440e-09   -4.44310448e-02    3.27554021e+00    5.31238386e+00    2.70780153e-02   -5.02383913e-02
1419     4.69752774e-09   -2.24663068e-02    3.29737403e+00    5.30475159e+00    1.79449762e-02   -5.03037971e-02
1420     4.70086107e-09    8.07979690e-03    3.32730941e+00    5.28969322e+00    2.21462241e-03   -5.04394131e-02
1421     4.70419440e-09    3.55396928e-02    3.35389164e+00    5.27284635e+00   -1.42316801e-02   -5.05945907e-02
1422     4.70752774e-09    4.94246339e-02    3.36694925e+00    5.26072460e+00   -2.50442371e-02   -5.07092794e-02
1423     4.71086107e-09    4.44310448e-02    3.36146672e+00    5.25813819e+00   -2.59314493e-02   -5.07378847e-02
1424     4.71419440e-09    2.24663068e-02    3.33950142e+00    5.26614202e+00   -1.65128168e-02   -5.06688291e-02
1425     4.71752774e-09   -8.07979690e-03    3.30941075e+00    5.28156626e+00   -5.20786016e-04   -5.05296320e-02
1426     4.72086107e-09   -3.55396928e-02    3.28266750e+00    5.29839687e+00    1.58004966e-02   -5.03746976e-02
1427     4.72419440e-09   -4.94246339e-02    3.26946917e+00    5.31027267e+00    2.62738204e-02   -5.02625387e-02
1428     4.72752774e-09   -4.44310448e-02    3.27482933e+00    5.31285312e+00    2.70759497e-02   -5.02340541e-02
1429     4.73086107e-09   -2.24663068e-02    3.29666334e+00    5.30522091e+00    1.79431012e-02   -5.02994592e-02
1430     4.73419440e-09    8.07979690e-03    3.32659898e+00    5.29016187e+00    2.21221327e-03   -5.04350818e-02
1431     4.73752774e-09    3.55396928e-02    3.35318155e+00    5.27331377e+00   -1.42351186e-02   -5.05902715e-02
1432     4.74086107e-09    4.94246339e-02    3.36623960e+00    5.26119057e+00   -2.50488552e-02   -5.07049745e-02
1433     4.74419440e-09    4.44310448e-02    3.36075755e+00    5.25860289e+00   -2.59370072e-02   -5.07335923e-02
1434     4.74752774e-09    2.24663068e-02    3.33879274e+00    5.26660600e+00   -1.65187000e-02   -5.06645436e-02
1435     4.75086107e-09   -8.07979690e-03    3.30870252e+00    5.28203036e+00   -5.26178777e-04   -5.05253451e-02
1436     4.75419440e-09   -3.55396928e-02    3.28195962e+00    5.29886179e+00    1.57962454e-02   -5.03704023e-02
1437     4.75752774e-09   -4.94246339e-02    3.26876154e+00    5.31073865e+00    2.62708646e-02   -5.02582328e-02
1438     4.76086107e-09   -4.44310448e-02    3.27412188e+00    5.31331984e+00    2.70738960e-02   -5.02297407e-02
1439     4.76419440e-09   -2.24663068e-02    3.29595609e+00    5.30568768e+00    1.79412374e-02   -5.02951451e-02
1440     4.76752774e-09    8.07979690e-03    3.32589199e+00    5.29062796e+00    2.20981788e-03   -5.04307744e-02
1441     4.77086107e-09    3.55396928e-02    3.35247491e+00    5.27377865e+00   -1.42385387e-02   -5.05859760e-02
1442     4.77419440e-09    4.94246339e-02    3.36553338e+00    5.26165401e+00   -2.50534496e-02   -5.07006932e-02
1443     4.77752774e-09    4.44310448e-02    3.36005182e+00    5.25906505e+00   -2.59425374e-02   -5.07293236e-02
1444     4.78086107e-09    2.24663068e-02    3.33808750e+00    5.26706747e+00   -1.65245545e-02   -5.06602816e-02
1445     4.78419440e-09   -8.07979690e-03    3.30799771e+00    5.28249194e+00   -5.31545400e-04   -5.05210818e-02
1446     4.78752774e-09   -3.55396928e-02    3.28125516e+00    5.29932418e+00    1.57920153e-02   -5.03661306e-02
1447     4.79086107e-09   -4.94246339e-02    3.26805733e+00    5.31120209e+00    2.62679244e-02   -5.02539505e-02
1448     4.79419440e-09   -4.44310448e-02    3.27341786e+00    5.31378401e+00    2.70718543e-02   -5.02254510e-02
1449     4.79752774e-09   -2.24663068e-02    3.29525227e+00    5.30615192e+00    1.79393849e-02   -5.02908547e-02
1450     4.80086107e-09    8.07979690e-03    3.32518842e+00    5.29109153e+00    2.20743617e-03   -5.04264905e-02
1451     4.80419440e-09    3.55396928e-02    3.35177168e+00    5.27424100e+00   -1.42419405e-02   -5.05817041e-02
1452     4.80752774e-09    4.94246339e-02    3.36483058e+00    5.26211492e+00   -2.50580204e-02   -5.06964355e-02
1453     4.81086107e-09    4.44310448e-02    3.35934949e+00    5.25952470e+00   -2.59480401e-02   -5.07250782e-02
1454     4.81419440e-09    2.24663068e-02    3.33738566e+00    5.26752641e+00   -1.65303804e-02   -5.06560430e-02
1455     4.81752774e-09   -8.07979690e-03    3.30729632e+00    5.28295100e+00   -5.36885984e-04   -5.05168419e-02
1456     4.82086107e-09   -3.55396928e-02    3.28055411e+00    5.29978406e+00    1.57878062e-02   -5.03618824e-02
1457     4.82419440e-09   -4.94246339e-02    3.26735653e+00    5.31166301e+00    2.62649998e-02   -5.02496916e-02
1458     4.82752774e-09   -4.44310448e-02    3.27271725e+00    5.31424566e+00    2.70698245e-02   -5.02211848e-02
1459     4.83086107e-09   -2.24663068e-02    3.29455184e+00    5.30661363e+00    1.79375436e-02   -5.02865878e-02
1460     4.83419440e-09    8.07979690e-03    3.32448825e+00    5.29155257e+00    2.20506811e-03   -5.04222302e-02
1461     4.83752774e-09    3.55396928e-02    3.35107185e+00    5.27470084e+00   -1.42453240e-02   -5.05774557e-02
1462     4.84086107e-09    4.94246339e-02    3.36413118e+00    5.26257333e+00   -2.50625678e-02   -5.06922011e-02
1463     4.84419440e-09    4.44310448e-02    3.35865057e+00    5.25998185e+00   -2.59535155e-02   -5.07208563e-02
1464     4.84752774e-09    2.24663068e-02    3.33668722e+00    5.26798286e+00   -1.65361780e-02   -5.06518278e-02
1465     4.85086107e-09   -8.07979690e-03    3.30659831e+00    5.28340756e+00   -5.42200630e-04   -5.05126253e-02
1466     4.85419440e-09   -3.55396928e-02    3.27985645e+00    5.30024142e+00    1.57836181e-02   -5.03576575e-02
1467     4.85752774e-09   -4.94246339e-02    3.26665912e+00    5.31212142e+00    2.62620907e-02   -5.02454562e-02
1468     4.86086107e-09   -4.44310448e-02    3.27202002e+00    5.31470480e+00    2.70678065e-02   -5.02169420e-02
1469     4.86419440e-09   -2.24663068e-02    3.29385481e+00    5.30707282e+00    1.79357134e-02   -5.02823444e-02
1470     4.86752774e-09    8.07979690e-03    3.32379147e+00    5.29201111e+00    2.20271363e-03   -5.04179932e-02
1471     4.87086107e-09    3.55396928e-02    3.35037541e+00    5.27515817e+00   -1.42486893e-02   -5.05732306e-02
1472     4.87419440e-09    4.94246339e-02    3.36343516e+00    5.26302924e+00   -2.50670919e-02   -5.06879900e-02
1473     4.87752774e-09    4.44310448e-02    3.35795503e+00    5.26043650e+00   -2.59589636e-02   -5.07166575e-02
1474     4.88086107e-09    2.24663068e-02    3.33599217e+00    5.26843682e+00   -1.65419473e-02   -5.06476357e-02
1475     4.88419440e-09   -8.07979690e-03    3.30590369e+00    5.28386163e+00   -5.47489439e-04   -5.05084319e-02
1476     4.88752774e-09   -3.55396928e-02    3.27916217e+00    5.30069630e+00    1.57794508e-02   -5.03534559e-02
1477     4.89086107e-09   -4.94246339e-02    3.26596508e+00    5.31257734e+00    2.62591971e-02   -5.02412441e-02
1478     4.89419440e-09   -4.44310448e-02    3.27132617e+00    5.31516144e+00    2.70658004e-02   -5.02127225e-02
1479     4.89752774e-09   -2.24663068e-02    3.29316115e+00    5.30752952e+00    1.79338945e-02   -5.02781242e-02
1480     4.90086107e-09    8.07979690e-03    3.32309806e+00    5.29246714e+00    2.20037269e-03   -5.04137795e-02
1481     4.90419440e-09    3.55396928e-02    3.34968234e+00    5.27561301e+00   -1.42520366e-02   -5.05690287e-02
1482     4.90752774e-09    4.94246339e-02    3.36274251e+00    5.26348267e+00   -2.50715927e-02   -5.06838021e-02
1483     4.91086107e-09    4.44310448e-02    3.35726285e+00    5.26088868e+00   -2.59643846e-02   -5.07124818e-02
1484     4.91419440e-09    2.24663068e-02    3.33530047e+00    5.26888831e+00   -1.65476884e-02   -5.06434667e-02
1485     4.91752774e-09   -8.07979690e-03    3.30521243e+00    5.28431323e+00   -5.52752511e-04   -5.05042615e-02
1486     4.92086107e-09   -3.55396928e-02    3.27847125e+00    5.30114870e+00    1.57753043e-02   -5.03492774e-02
1487     4.92419440e-09   -4.94246339e-02    3.26527440e+00    5.31303077e+00    2.62563190e-02   -5.02370551e-02
1488     4.92752774e-09   -4.44310448e-02    3.27063568e+00    5.31561560e+00    2.70638061e-02   -5.02085262e-02
1489     4.93086107e-09   -2.24663068e-02    3.29247085e+00    5.30798374e+00    1.79320866e-02   -5.02739272e-02
1490     4.93419440e-09    8.07979690e-03    3.32240800e+00    5.29292070e+00    2.19804522e-03   -5.04095890e-02
1491     4.93752774e-09    3.55396928e-02    3.34899262e+00    5.27606538e+00   -1.42553658e-02   -5.05648499e-02
1492     4.94086107e-09    4.94246339e-02    3.36205321e+00    5.26393363e+00   -2.50760705e-02   -5.06796371e-02
1493     4.94419440e-09    4.44310448e-02    3.35657403e+00    5.26133839e+00   -2.59697786e-02   -5.07083291e-02
1494     4.94752774e-09    2.24663068e-02    3.33461212e+00    5.26933733e+00   -1.65534015e-02   -5.06393207e-02
1495     4.95086107e-09   -8.07979690e-03    3.30452451e+00    5.28476236e+00   -5.57989950e-04   -5.05001141e-02
1496     4.95419440e-09   -3.55396928e-02    3.27778367e+00    5.30159864e+00    1.57711786e-02   -5.03451218e-02
1497     4.95752774e-09   -4.94246339e-02    3.26458706e+00    5.31348173e+00    2.62534563e-02   -5.02328891e-02
1498     4.96086107e-09   -4.44310448e-02    3.26994853e+00    5.31606728e+00    2.70618236e-02   -5.02043530e-02
1499     4.96419440e-09   -2.24663068e-02    3.29178389e+00    5.30843548e+00    1.79302898e-02   -5.02697532e-02
1500     4.96752774e-09    8.07979690e-03    3.32172129e+00    5.29337179e+00    2.19573118e-03   -5.04054215e-02
1501     4.97086107e-09    3.55396928e-02    3.34830624e+00    5.27651528e+00   -1.42586772e-02   -5.05606940e-02
1502     4.97419440e-09    4.94246339e-02    3.36136725e+00    5.26438213e+00   -2.50805252e-02   -5.06754951e-02
1503     4.97752774e-09    4.44310448e-02    3.35588854e+00    5.26178565e+00   -2.59751457e-02   -5.07041992e-02
1504     4.98086107e-09    2.24663068e-02    3.33392711e+00    5.26978390e+00   -1.65590866e-02   -5.06351974e-02
1505     4.98419440e-09   -8.07979690e-03    3.30383992e+00    5.28520905e+00   -5.63201857e-04   -5.04959896e-02
1506     4.98752774e-09   -3.55396928e-02    3.27709942e+00    5.30204612e+00    1.57670735e-02   -5.03409891e-02
1507     4.99086107e-09   -4.94246339e-02    3.26390306e+00    5.31393024e+00    2.62506090e-02   -5.02287461e-02
1508     4.99419440e-09   -4.44310448e-02    3.26926470e+00    5.31651650e+00    2.70598529e-02   -5.02002026e-02
1509     4.99752774e-09   -2.24663068e-02    3.29110025e+00    5.30888476e+00    1.79285041e-02   -5.02656022e-02
1510     5.00086107e-09    8.07979690e-03    3.32103790e+00    5.29382042e+00    2.19343051e-03   -5.04012768e-02
1511     5.00419440e-09    3.55396928e-02    3.34762319e+00    5.27696274e+00   -1.42619708e-02   -5.05565611e-02
1512     5.00752774e-09    4.94246339e-02    3.36068461e+00    5.26482818e+00   -2.50849571e-02   -5.06713758e-02
1513     5.01086107e-09    4.44310448e-02    3.35520636e+00    5.26223047e+00   -2.59804862e-02   -5.07000921e-02
1514     5.01419440e-09    2.24663068e-02    3.33324541e+00    5.27022804e+00   -1.65647440e-02   -5.06310969e-02
1515     5.01752774e-09   -8.07979690e-03    3.30315864e+00    5.28565329e+00   -5.68388336e-04   -5.04918877e-02
1516     5.02086107e-09   -3.55396928e-02    3.27641848e+00    5.30249116e+00    1.57629891e-02   -5.03368792e-02
1517     5.02419440e-09   -4.94246339e-02    3.26322236e+00    5.31437630e+00    2.62477770e-02   -5.02246258e-02
1518     5.02752774e-09   -4.44310448e-02    3.26858419e+00    5.31696328e+00    2.70578939e-02   -5.01960751e-02
1519     5.03086107e-09   -2.24663068e-02    3.29041992e+00    5.30933160e+00    1.79267294e-02   -5.02614740e-02
1520     5.03419440e-09    8.07979690e-03    3.32035782e+00    5.29426661e+00    2.19114314e-03   -5.03971550e-02
1521     5.03752774e-09    3.55396928e-02    3.34694343e+00    5.27740775e+00   -1.42652466e-02   -5.05524508e-02
1522     5.04086107e-09    4.94246339e-02    3.36000527e+00    5.26527181e+00   -2.50893661e-02   -5.06672793e-02
1523     5.04419440e-09    4.44310448e-02    3.35452749e+00    5.26267287e+00   -2.59858000e-02   -5.06960076e-02
1524     5.04752774e-09    2.24663068e-02    3.33256701e+00    5.27066976e+00   -1.65703738e-02   -5.06270189e-02
1525     5.05086107e-09   -8.07979690e-03    3.30248067e+00    5.28609512e+00   -5.73549489e-04   -5.04878085e-02
1526     5.05419440e-09   -3.55396928e-02    3.27574084e+00    5.30293377e+00    1.57589251e-02   -5.03327919e-02
1527     5.05752774e-09   -4.94246339e-02    3.26254495e+00    5.31481994e+00    2.62449602e-02   -5.02205282e-02
1528     5.06086107e-09   -4.44310448e-02    3.26790697e+00    5.31740762e+00    2.70559465e-02   -5.01919703e-02
1529     5.06419440e-09   -2.24663068e-02    3.28974288e+00    5.30977600e+00    1.79249656e-02   -5.02573685e-02
1530     5.06752774e-09    8.07979690e-03    3.31968102e+00    5.29471037e+00    2.18886903e-03   -5.03930558e-02
1531     5.07086107e-09    3.55396928e-02    3.34626697e+00    5.27785034e+00   -1.42685047e-02   -5.05483631e-02
1532     5.07419440e-09    4.94246339e-02    3.35932922e+00    5.26571301e+00   -2.50937526e-02   -5.06632052e-02
1533     5.07752774e-09    4.44310448e-02    3.35385190e+00    5.26311285e+00   -2.59910874e-02   -5.06919455e-02
1534     5.08086107e-09    2.24663068e-02    3.33189189e+00    5.27110906e+00   -1.65759760e-02   -5.06229634e-02
1535     5.08419440e-09   -8.07979690e-03    3.30180597e+00    5.28653453e+00   -5.78685421e-04   -5.04837517e-02
1536     5.08752774e-09   -3.55396928e-02    3.27506647e+00    5.30337397e+00    1.57548816e-02   -5.03287271e-02
1537     5.09086107e-09   -4.94246339e-02    3.26187083e+00    5.31526115e+00    2.62421588e-02   -5.02164531e-02
1538     5.09419440e-09   -4.44310448e-02    3.26723303e+00    5.31784954e+00    2.70540109e-02   -5.01878881e-02
1539     5.09752774e-09   -2.24663068e-02    3.28906913e+00    5.31021798e+00    1.79232128e-02   -5.02532856e-02
1540     5.10086107e-09    8.07979690e-03    3.31900751e+00    5.29515170e+00    2.18660811e-03   -5.03889792e-02
1541     5.10419440e-09    3.55396928e-02    3.34559379e+00    5.27829051e+00   -1.42717453e-02   -5.05442980e-02
1542     5.10752774e-09    4.94246339e-02    3.35865645e+00    5.26615181e+00   -2.50981164e-02   -5.06591536e-02
1543     5.11086107e-09    4.44310448e-02    3.35317959e+00    5.26355043e+00   -2.59963484e-02   -5.06879059e-02
1544     5.11419440e-09    2.24663068e-02    3.33122004e+00    5.27154597e+00   -1.65815508e-02   -5.06189303e-02
1545     5.11752774e-09   -8.07979690e-03    3.30113455e+00    5.28697154e+00   -5.83796236e-04   -5.04797173e-02
1546     5.12086107e-09   -3.55396928e-02    3.27439538e+00    5.30381177e+00    1.57508585e-02   -5.03246846e-02
1547     5.12419440e-09   -4.94246339e-02    3.26119997e+00    5.31569996e+00    2.62393724e-02   -5.02124005e-02
1548     5.12752774e-09   -4.44310448e-02    3.26656235e+00    5.31828905e+00    2.70520868e-02   -5.01838283e-02
1549     5.13086107e-09   -2.24663068e-02    3.28839863e+00    5.31065755e+00    1.79214709e-02   -5.02492251e-02
1550     5.13419440e-09    8.07979690e-03    3.31833726e+00    5.29559064e+00    2.18436033e-03   -5.03849250e-02
1551     5.13752774e-09    3.55396928e-02    3.34492386e+00    5.27872829e+00   -1.42749685e-02   -5.05402552e-02
1552     5.14086107e-09    4.94246339e-02    3.35798693e+00    5.26658822e+00   -2.51024579e-02   -5.06551243e-02
1553     5.14419440e-09    4.44310448e-02    3.35251053e+00    5.26398563e+00   -2.60015833e-02   -5.06838885e-02
1554     5.14752774e-09    2.24663068e-02    3.33055145e+00    5.27198049e+00   -1.65870983e-02   -5.06149194e-02
1555     5.15086107e-09   -8.07979690e-03    3.30046637e+00    5.28740617e+00   -5.88882038e-04   -5.04757051e-02
1556     5.15419440e-09   -3.55396928e-02    3.27372753e+00    5.30424717e+00    1.57468556e-02   -5.03206645e-02
1557     5.15752774e-09   -4.94246339e-02    3.26053236e+00    5.31613637e+00    2.62366012e-02   -5.02083701e-02
1558     5.16086107e-09   -4.44310448e-02    3.26589491e+00    5.31872617e+00    2.70501743e-02   -5.01797909e-02
1559     5.16419440e-09   -2.24663068e-02    3.28773138e+00    5.31109473e+00    1.79197398e-02   -5.02451870e-02
1560     5.16752774e-09    8.07979690e-03    3.31767025e+00    5.29602718e+00    2.18212562e-03   -5.03808931e-02
1561     5.17086107e-09    3.55396928e-02    3.34425718e+00    5.27916368e+00   -1.42781742e-02   -5.05362346e-02
1562     5.17419440e-09    4.94246339e-02    3.35732065e+00    5.26702224e+00   -2.51067770e-02   -5.06511172e-02
1563     5.17752774e-09    4.44310448e-02    3.35184471e+00    5.26441844e+00   -2.60067920e-02   -5.06798932e-02
1564     5.18086107e-09    2.24663068e-02    3.32988609e+00    5.27241263e+00   -1.65926186e-02   -5.06109306e-02
1565     5.18419440e-09   -8.07979690e-03    3.29980143e+00    5.28783843e+00   -5.93942934e-04   -5.04717150e-02
1566     5.18752774e-09   -3.55396928e-02    3.27306292e+00    5.30468021e+00    1.57428730e-02   -5.03166665e-02
1567     5.19086107e-09   -4.94246339e-02    3.25986798e+00    5.31657040e+00    2.62338451e-02   -5.02043620e-02
1568     5.19419440e-09   -4.44310448e-02    3.26523071e+00    5.31916090e+00    2.70482734e-02   -5.01757756e-02
1569     5.19752774e-09   -2.24663068e-02    3.28706736e+00    5.31152952e+00    1.79180195e-02   -5.02411711e-02
1570     5.20086107e-09    8.07979690e-03    3.31700647e+00    5.29646134e+00    2.17990393e-03   -5.03768834e-02
1571     5.20419440e-09    3.55396928e-02    3.34359372e+00    5.27959669e+00   -1.42813626e-02   -5.05322362e-02
1572     5.20752774e-09    4.94246339e-02    3.35665760e+00    5.26745390e+00   -2.51110740e-02   -5.06471322e-02
1573     5.21086107e-09    4.44310448e-02    3.35118211e+00    5.26484889e+00   -2.60119748e-02   -5.06759200e-02
1574     5.21419440e-09    2.24663068e-02    3.32922396e+00    5.27284242e+00   -1.65981120e-02   -5.06069638e-02
1575     5.21752774e-09   -8.07979690e-03    3.29913971e+00    5.28826832e+00   -5.98979027e-04   -5.04677470e-02
1576     5.22086107e-09   -3.55396928e-02    3.27240153e+00    5.30511087e+00    1.57389105e-02   -5.03126905e-02
1577     5.22419440e-09   -4.94246339e-02    3.25920682e+00    5.31700207e+00    2.62311040e-02   -5.02003759e-02
1578     5.22752774e-09   -4.44310448e-02    3.26456973e+00    5.31959326e+00    2.70463839e-02   -5.01717825e-02
1579     5.23086107e-09   -2.24663068e-02    3.28640656e+00    5.31196194e+00    1.79163100e-02   -5.02371773e-02
1580     5.23419440e-09    8.07979690e-03    3.31634590e+00    5.29689313e+00    2.17769520e-03   -5.03728958e-02
1581     5.23752774e-09    3.55396928e-02    3.34293348e+00    5.28002734e+00   -1.42845338e-02   -5.05282599e-02
1582     5.24086107e-09    4.94246339e-02    3.35599776e+00    5.26788320e+00   -2.51153488e-02   -5.06431692e-02
1583     5.24419440e-09    4.44310448e-02    3.35052273e+00    5.26527700e+00   -2.60171318e-02   -5.06719687e-02
1584     5.24752774e-09    2.24663068e-02    3.32856503e+00    5.27326986e+00   -1.66035784e-02   -5.06030189e-02
1585     5.25086107e-09   -8.07979690e-03    3.29848120e+00    5.28869586e+00   -6.03990425e-04   -5.04638008e-02
1586     5.25419440e-09   -3.55396928e-02    3.27174334e+00    5.30553919e+00    1.57349681e-02   -5.03087365e-02
1587     5.25752774e-09   -4.94246339e-02    3.25854887e+00    5.31743137e+00    2.62283779e-02   -5.01964118e-02
1588     5.26086107e-09   -4.44310448e-02    3.26391195e+00    5.32002326e+00    2.70445060e-02   -5.01678114e-02
1589     5.26419440e-09   -2.24663068e-02    3.28574896e+00    5.31239201e+00    1.79146112e-02   -5.02332054e-02
1590     5.26752774e-09    8.07979690e-03    3.31568854e+00    5.29732257e+00    2.17549935e-03   -5.03689301e-02
1591     5.27086107e-09    3.55396928e-02    3.34227644e+00    5.28045564e+00   -1.42876879e-02   -5.05243054e-02
1592     5.27419440e-09    4.94246339e-02    3.35534112e+00    5.26831015e+00   -2.51196017e-02   -5.06392280e-02
1593     5.27752774e-09    4.44310448e-02    3.34986654e+00    5.26570276e+00   -2.60222630e-02   -5.06680391e-02
1594     5.28086107e-09    2.24663068e-02    3.32790929e+00    5.27369496e+00   -1.66090180e-02   -5.05990957e-02
1595     5.28419440e-09   -8.07979690e-03    3.29782587e+00    5.28912107e+00   -6.08977232e-04   -5.04598764e-02
1596     5.28752774e-09   -3.55396928e-02    3.27108834e+00    5.30596516e+00    1.57310457e-02   -5.03048042e-02
1597     5.29086107e-09   -4.94246339e-02    3.25789410e+00    5.31785834e+00    2.62256667e-02   -5.01924696e-02
1598     5.29419440e-09   -4.44310448e-02    3.26325735e+00    5.32045092e+00    2.70426394e-02   -5.01638621e-02
1599     5.29752774e-09   -2.24663068e-02    3.28509454e+00    5.31281972e+00    1.79129231e-02   -5.02292555e-02
1600     5.30086107e-09    8.07979690e-03    3.31503436e+00    5.29774966e+00    2.17331634e-03   -5.03649862e-02
1601     5.30419440e-09    3.55396928e-02    3.34162257e+00    5.28088160e+00   -1.42908250e-02   -5.05203727e-02
1602     5.30752774e-09    4.94246339e-02    3.35468765e+00    5.26873477e+00   -2.51238327e-02   -5.06353085e-02
1603     5.31086107e-09    4.44310448e-02    3.34921352e+00    5.26612619e+00   -2.60273687e-02   -5.06641313e-02
1604     5.31419440e-09    2.24663068e-02    3.32725673e+00    5.27411774e+00   -1.66144310e-02   -5.05951942e-02
1605     5.31752774e-09   -8.07979690e-03    3.29717372e+00    5.28954395e+00   -6.13939556e-04   -5.04559736e-02
1606     5.32086107e-09   -3.55396928e-02    3.27043651e+00    5.30638881e+00    1.57271431e-02   -5.03008937e-02
1607     5.32419440e-09   -4.94246339e-02    3.25724250e+00    5.31828297e+00    2.62229703e-02   -5.01885490e-02
1608     5.32752774e-09   -4.44310448e-02    3.26260593e+00    5.32087624e+00    2.70407842e-02   -5.01599346e-02
1609     5.33086107e-09   -2.24663068e-02    3.28444329e+00    5.31324511e+00    1.79112457e-02   -5.02253273e-02
1610     5.33419440e-09    8.07979690e-03    3.31438334e+00    5.29817442e+00    2.17114610e-03   -5.03610641e-02
1611     5.33752774e-09    3.55396928e-02    3.34097188e+00    5.28130524e+00   -1.42939450e-02   -5.05164617e-02
1612     5.34086107e-09    4.94246339e-02    3.35403735e+00    5.26915707e+00   -2.51280420e-02   -5.06314106e-02
1613     5.34419440e-09    4.44310448e-02    3.34856367e+00    5.26654732e+00   -2.60324489e-02   -5.06602450e-02
1614     5.34752774e-09    2.24663068e-02    3.32660734e+00    5.27453821e+00   -1.66198174e-02   -5.05913143e-02
1615     5.35086107e-09   -8.07979690e-03    3.29652473e+00    5.28996452e+00   -6.18877502e-04   -5.04520924e-02
1616     5.35419440e-09   -3.55396928e-02    3.26978784e+00    5.30681014e+00    1.57232604e-02   -5.02970047e-02
1617     5.35752774e-09   -4.94246339e-02    3.25659405e+00    5.31870529e+00    2.62202888e-02   -5.01846501e-02
1618     5.36086107e-09   -4.44310448e-02    3.26195766e+00    5.32129925e+00    2.70389403e-02   -5.01560287e-02
1619     5.36419440e-09   -2.24663068e-02    3.28379520e+00    5.31366817e+00    1.79095788e-02   -5.02214207e-02
1620     5.36752774e-09    8.07979690e-03    3.31373548e+00    5.29859686e+00    2.16898857e-03   -5.03571636e-02
1621     5.37086107e-09    3.55396928e-02    3.34032434e+00    5.28172656e+00   -1.42970483e-02   -5.05125723e-02
1622     5.37419440e-09    4.94246339e-02    3.35339021e+00    5.26957707e+00   -2.51322296e-02   -5.06275342e-02
1623     5.37752774e-09    4.44310448e-02    3.34791697e+00    5.26696613e+00   -2.60375039e-02   -5.06563802e-02
1624     5.38086107e-09    2.24663068e-02    3.32596109e+00    5.27495637e+00   -1.66251775e-02   -5.05874557e-02
1625     5.38419440e-09   -8.07979690e-03    3.29587888e+00    5.29038279e+00   -6.23791178e-04   -5.04482326e-02
1626     5.38752774e-09   -3.55396928e-02    3.26914231e+00    5.30722917e+00    1.57193974e-02   -5.02931372e-02
1627     5.39086107e-09   -4.94246339e-02    3.25594875e+00    5.31912529e+00    2.62176220e-02   -5.01807727e-02
1628     5.39419440e-09   -4.44310448e-02    3.26131253e+00    5.32171994e+00    2.70371077e-02   -5.01521444e-02
1629     5.39752774e-09   -2.24663068e-02    3.28315025e+00    5.31408892e+00    1.79079224e-02   -5.02175357e-02
1630     5.40086107e-09    8.07979690e-03    3.31309076e+00    5.29901700e+00    2.16684368e-03   -5.03532846e-02
1631     5.40419440e-09    3.55396928e-02    3.33967993e+00    5.28214558e+00   -1.43001347e-02   -5.05087043e-02
1632     5.40752774e-09    4.94246339e-02    3.35274619e+00    5.26999477e+00   -2.51363956e-02   -5.06236792e-02
1633     5.41086107e-09    4.44310448e-02    3.34727340e+00    5.26738266e+00   -2.60425336e-02   -5.06525367e-02
1634     5.41419440e-09    2.24663068e-02    3.32531796e+00    5.27537225e+00   -1.66305112e-02   -5.05836185e-02
1635     5.41752774e-09   -8.07979690e-03    3.29523616e+00    5.29079878e+00   -6.28680691e-04   -5.04443942e-02
1636     5.42086107e-09   -3.55396928e-02    3.26849991e+00    5.30764591e+00    1.57155541e-02   -5.02892910e-02
1637     5.42419440e-09   -4.94246339e-02    3.25530658e+00    5.31954301e+00    2.62149698e-02   -5.01769167e-02
1638     5.42752774e-09   -4.44310448e-02    3.26067053e+00    5.32213833e+00    2.70352864e-02   -5.01482814e-02
1639     5.43086107e-09   -2.24663068e-02    3.28250842e+00    5.31450737e+00    1.79062766e-02   -5.02136721e-02
1640     5.43419440e-09    8.07979690e-03    3.31244917e+00    5.29943484e+00    2.16471136e-03   -5.03494270e-02
1641     5.43752774e-09    3.55396928e-02    3.33903865e+00    5.28256231e+00   -1.43032044e-02   -5.05048576e-02
1642     5.44086107e-09    4.94246339e-02    3.35210530e+00    5.27041018e+00   -2.51405403e-02   -5.06198455e-02
1643     5.44419440e-09    4.44310448e-02    3.34663295e+00    5.26779691e+00   -2.60475382e-02   -5.06487144e-02
1644     5.44752774e-09    2.24663068e-02    3.32467796e+00    5.27578585e+00   -1.66358188e-02   -5.05798025e-02
1645     5.45086107e-09   -8.07979690e-03    3.29459656e+00    5.29121248e+00   -6.33546147e-04   -5.04405769e-02
1646     5.45419440e-09   -3.55396928e-02    3.26786062e+00    5.30806036e+00    1.57117303e-02   -5.02854660e-02
1647     5.45752774e-09   -4.94246339e-02    3.25466752e+00    5.31995844e+00    2.62123323e-02   -5.01730819e-02
1648     5.46086107e-09   -4.44310448e-02    3.26003163e+00    5.32255444e+00    2.70334762e-02   -5.01444398e-02
1649     5.46419440e-09   -2.24663068e-02    3.28186970e+00    5.31492354e+00    1.79046411e-02   -5.02098297e-02
1650     5.46752774e-09    8.07979690e-03    3.31181068e+00    5.29985040e+00    2.16259157e-03   -5.03455907e-02
1651     5.47086107e-09    3.55396928e-02    3.33840047e+00    5.28297676e+00   -1.43062576e-02   -5.05010321e-02
1652     5.47419440e-09    4.94246339e-02    3.35146752e+00    5.27082332e+00   -2.51446636e-02   -5.06160330e-02
1653     5.47752774e-09    4.44310448e-02    3.34599560e+00    5.26820890e+00   -2.60525179e-02   -5.06449132e-02
1654     5.48086107e-09    2.24663068e-02    3.32404106e+00    5.27619719e+00   -1.66411003e-02   -5.05760075e-02
1655     5.48419440e-09   -8.07979690e-03    3.29396006e+00    5.29162392e+00   -6.38387655e-04   -5.04367807e-02
1656     5.48752774e-09   -3.55396928e-02    3.26722443e+00    5.30847256e+00    1.57079261e-02   -5.02816622e-02
1657     5.49086107e-09   -4.94246339e-02    3.25403155e+00    5.32037159e+00    2.62097093e-02   -5.01692683e-02
1658     5.49419440e-09   -4.44310448e-02    3.25939584e+00    5.32296827e+00    2.70316771e-02   -5.01406193e-02
1659     5.49752774e-09   -2.24663068e-02    3.28123408e+00    5.31533744e+00    1.79030161e-02   -5.02060086e-02
1660     5.50086107e-09    8.07979690e-03    3.31117528e+00    5.30026369e+00    2.16048422e-03   -5.03417755e-02
1661     5.50419440e-09    3.55396928e-02    3.33776539e+00    5.28338895e+00   -1.43092942e-02   -5.04972278e-02
1662     5.50752774e-09    4.94246339e-02    3.35083282e+00    5.27123421e+00   -2.51487658e-02   -5.06122415e-02
1663     5.51086107e-09    4.44310448e-02    3.34536134e+00    5.26861863e+00   -2.60574728e-02   -5.06411331e-02
1664     5.51419440e-09    2.24663068e-02    3.32340724e+00    5.27660628e+00   -1.66463559e-02   -5.05722335e-02
1665     5.51752774e-09   -8.07979690e-03    3.29332664e+00    5.29203312e+00   -6.43205321e-04   -5.04330055e-02
1666     5.52086107e-09   -3.55396928e-02    3.26659133e+00    5.30888249e+00    1.57041412e-02   -5.02778794e-02
1667     5.52419440e-09   -4.94246339e-02    3.25339867e+00    5.32078249e+00    2.62071008e-02   -5.01654757e-02
1668     5.52752774e-09   -4.44310448e-02    3.25876312e+00    5.32337985e+00    2.70298892e-02   -5.01368199e-02
1669     5.53086107e-09   -2.24663068e-02    3.28060153e+00    5.31574907e+00    1.79014014e-02   -5.02022085e-02
1670     5.53419440e-09    8.07979690e-03    3.31054297e+00    5.30067472e+00    2.15838927e-03   -5.03379813e-02
1671     5.53752774e-09    3.55396928e-02    3.33713338e+00    5.28379888e+00   -1.43123144e-02   -5.04934445e-02
1672     5.54086107e-09    4.94246339e-02    3.35020120e+00    5.27164285e+00   -2.51528469e-02   -5.06084709e-02
1673     5.54419440e-09    4.44310448e-02    3.34473016e+00    5.26902611e+00   -2.60624029e-02   -5.06373738e-02
1674     5.54752774e-09    2.24663068e-02    3.32277650e+00    5.27701313e+00   -1.66515858e-02   -5.05684804e-02
1675     5.55086107e-09   -8.07979690e-03    3.29269629e+00    5.29244007e+00   -6.47999254e-04   -5.04292512e-02
1676     5.55419440e-09   -3.55396928e-02    3.26596129e+00    5.30929019e+00    1.57003756e-02   -5.02741175e-02
1677     5.55752774e-09   -4.94246339e-02    3.25276886e+00    5.32119115e+00    2.62045068e-02   -5.01617041e-02
1678     5.56086107e-09   -4.44310448e-02    3.25813348e+00    5.32378917e+00    2.70281123e-02   -5.01330415e-02
1679     5.56419440e-09   -2.24663068e-02    3.27997206e+00    5.31615846e+00    1.78997970e-02   -5.01984294e-02
1680     5.56752774e-09    8.07979690e-03    3.30991372e+00    5.30108350e+00    2.15630663e-03   -5.03342081e-02
1681     5.57086107e-09    3.55396928e-02    3.33650444e+00    5.28420658e+00   -1.43153182e-02   -5.04896820e-02
1682     5.57419440e-09    4.94246339e-02    3.34957264e+00    5.27204925e+00   -2.51569069e-02   -5.06047212e-02
1683     5.57752774e-09    4.44310448e-02    3.34410203e+00    5.26943137e+00   -2.60673085e-02   -5.06336353e-02
1684     5.58086107e-09    2.24663068e-02    3.32214881e+00    5.27741775e+00   -1.66567899e-02   -5.05647481e-02
1685     5.58419440e-09   -8.07979690e-03    3.29206900e+00    5.29284479e+00   -6.52769561e-04   -5.04255176e-02
1686     5.58752774e-09   -3.55396928e-02    3.26533431e+00    5.30969565e+00    1.56966293e-02   -5.02703764e-02
1687     5.59086107e-09   -4.94246339e-02    3.25214209e+00    5.32159757e+00    2.62019271e-02   -5.01579533e-02
1688     5.59419440e-09   -4.44310448e-02    3.25750688e+00    5.32419626e+00    2.70263463e-02   -5.01292840e-02
1689     5.59752774e-09   -2.24663068e-02    3.27934563e+00    5.31656560e+00    1.78982028e-02   -5.01946712e-02
1690     5.60086107e-09    8.07979690e-03    3.30928752e+00    5.30149005e+00    2.15423625e-03   -5.03304557e-02
1691     5.60419440e-09    3.55396928e-02    3.33587855e+00    5.28461204e+00   -1.43183058e-02   -5.04859403e-02
1692     5.60752774e-09    4.94246339e-02    3.34894713e+00    5.27245342e+00   -2.51609462e-02   -5.06009922e-02
1693     5.61086107e-09    4.44310448e-02    3.34347695e+00    5.26983441e+00   -2.60721897e-02   -5.06299174e-02
1694     5.61419440e-09    2.24663068e-02    3.32152417e+00    5.27782016e+00   -1.66619686e-02   -5.05610363e-02
1695     5.61752774e-09   -8.07979690e-03    3.29144475e+00    5.29324729e+00   -6.57516350e-04   -5.04218047e-02
1696     5.62086107e-09   -3.55396928e-02    3.26471036e+00    5.31009889e+00    1.56929021e-02   -5.02666559e-02
1697     5.62419440e-09   -4.94246339e-02    3.25151837e+00    5.32200176e+00    2.61993618e-02   -5.01542232e-02
1698     5.62752774e-09   -4.44310448e-02    3.25688332e+00    5.32460112e+00    2.70245913e-02   -5.01255471e-02
1699     5.63086107e-09   -2.24663068e-02    3.27872224e+00    5.31697052e+00    1.78966188e-02   -5.01909336e-02
1700     5.63419440e-09    8.07979690e-03    3.30866435e+00    5.30189438e+00    2.15217806e-03   -5.03267241e-02
1701     5.63752774e-09    3.55396928e-02    3.33525569e+00    5.28501528e+00   -1.43212772e-02   -5.04822193e-02
1702     5.64086107e-09    4.94246339e-02    3.34832465e+00    5.27285539e+00   -2.51649646e-02   -5.05972838e-02
1703     5.64419440e-09    4.44310448e-02    3.34285490e+00    5.27023524e+00   -2.60770465e-02   -5.06262202e-02
1704     5.64752774e-09    2.24663068e-02    3.32090255e+00    5.27822036e+00   -1.66671217e-02   -5.05573451e-02
1705     5.65086107e-09   -8.07979690e-03    3.29082352e+00    5.29364760e+00   -6.62239729e-04   -5.04181123e-02
1706     5.65419440e-09   -3.55396928e-02    3.26408945e+00    5.31049993e+00    1.56891940e-02   -5.02629560e-02
1707     5.65752774e-09   -4.94246339e-02    3.25089767e+00    5.32240374e+00    2.61968106e-02   -5.01505137e-02
1708     5.66086107e-09   -4.44310448e-02    3.25626279e+00    5.32500377e+00    2.70228472e-02   -5.01218309e-02
1709     5.66419440e-09   -2.24663068e-02    3.27810187e+00    5.31737323e+00    1.78950449e-02   -5.01872168e-02
1710     5.66752774e-09    8.07979690e-03    3.30804421e+00    5.30229649e+00    2.15013199e-03   -5.03230130e-02
1711     5.67086107e-09    3.55396928e-02    3.33463585e+00    5.28541632e+00   -1.43242326e-02   -5.04785189e-02
1712     5.67419440e-09    4.94246339e-02    3.34770519e+00    5.27325515e+00   -2.51689624e-02   -5.05935959e-02
1713     5.67752774e-09    4.44310448e-02    3.34223587e+00    5.27063387e+00   -2.60818791e-02   -5.06225433e-02
1714     5.68086107e-09    2.24663068e-02    3.32028395e+00    5.27861837e+00   -1.66722496e-02   -5.05536744e-02
1715     5.68419440e-09   -8.07979690e-03    3.29020531e+00    5.29404570e+00   -6.66939806e-04   -5.04144403e-02
1716     5.68752774e-09   -3.55396928e-02    3.26347154e+00    5.31089877e+00    1.56855049e-02   -5.02592766e-02
1717     5.69086107e-09   -4.94246339e-02    3.25027998e+00    5.32280353e+00    2.61942737e-02   -5.01468247e-02
1718     5.69419440e-09   -4.44310448e-02    3.25564526e+00    5.32540421e+00    2.70211139e-02   -5.01181352e-02
1719     5.69752774e-09   -2.24663068e-02    3.27748451e+00    5.31777373e+00    1.78934811e-02   -5.01835204e-02
1720     5.70086107e-09    8.07979690e-03    3.30742707e+00    5.30269640e+00    2.14809798e-03   -5.03193224e-02
1721     5.70419440e-09    3.55396928e-02    3.33401901e+00    5.28581517e+00   -1.43271719e-02   -5.04748388e-02
1722     5.70752774e-09    4.94246339e-02    3.34708873e+00    5.27365273e+00   -2.51729397e-02   -5.05899284e-02
1723     5.71086107e-09    4.44310448e-02    3.34161983e+00    5.27103032e+00   -2.60866876e-02   -5.06188868e-02
1724     5.71419440e-09    2.24663068e-02    3.31966835e+00    5.27901419e+00   -1.66773523e-02   -5.05500239e-02
1725     5.71752774e-09   -8.07979690e-03    3.28959009e+00    5.29444163e+00   -6.71616689e-04   -5.04107887e-02
1726     5.72086107e-09   -3.55396928e-02    3.26285663e+00    5.31129542e+00    1.56818347e-02   -5.02556175e-02
1727     5.72419440e-09   -4.94246339e-02    3.24966528e+00    5.32320112e+00    2.61917508e-02   -5.01431561e-02
1728     5.72752774e-09   -4.44310448e-02    3.25503073e+00    5.32580247e+00    2.70193914e-02   -5.01144600e-02
1729     5.73086107e-09   -2.24663068e-02    3.27687015e+00    5.31817205e+00    1.78919274e-02   -5.01798444e-02
1730     5.73419440e-09    8.07979690e-03    3.30681293e+00    5.30309413e+00    2.14607597e-03   -5.03156522e-02
1731     5.73752774e-09    3.55396928e-02    3.33340517e+00    5.28621183e+00   -1.43300953e-02   -5.04711792e-02
1732     5.74086107e-09    4.94246339e-02    3.34647526e+00    5.27404812e+00   -2.51768965e-02   -5.05862811e-02
1733     5.74419440e-09    4.44310448e-02    3.34100679e+00    5.27142460e+00   -2.60914722e-02   -5.06152506e-02
1734     5.74752774e-09    2.24663068e-02    3.31905573e+00    5.27940785e+00   -1.66824300e-02   -5.05463937e-02
1735     5.75086107e-09   -8.07979690e-03    3.28897786e+00    5.29483538e+00   -6.76270487e-04   -5.04071572e-02
1736     5.75419440e-09   -3.55396928e-02    3.26224470e+00    5.31168990e+00    1.56781832e-02   -5.02519786e-02
1737     5.75752774e-09   -4.94246339e-02    3.24905357e+00    5.32359654e+00    2.61892420e-02   -5.01395078e-02
1738     5.76086107e-09   -4.44310448e-02    3.25441917e+00    5.32619854e+00    2.70176795e-02   -5.01108050e-02
1739     5.76419440e-09   -2.24663068e-02    3.27625876e+00    5.31856818e+00    1.78903836e-02   -5.01761888e-02
1740     5.76752774e-09    8.07979690e-03    3.30620176e+00    5.30348968e+00    2.14406587e-03   -5.03120023e-02
1741     5.77086107e-09    3.55396928e-02    3.33279430e+00    5.28660631e+00   -1.43330030e-02   -5.04675397e-02
1742     5.77419440e-09    4.94246339e-02    3.34586477e+00    5.27444136e+00   -2.51808330e-02   -5.05826541e-02
1743     5.77752774e-09    4.44310448e-02    3.34039671e+00    5.27181672e+00   -2.60962329e-02   -5.06116344e-02
1744     5.78086107e-09    2.24663068e-02    3.31844609e+00    5.27979935e+00   -1.66874827e-02   -5.05427835e-02
1745     5.78419440e-09   -8.07979690e-03    3.28836860e+00    5.29522698e+00   -6.80901307e-04   -5.04035459e-02
1746     5.78752774e-09   -3.55396928e-02    3.26163574e+00    5.31208222e+00    1.56745505e-02   -5.02483599e-02
1747     5.79086107e-09   -4.94246339e-02    3.24844482e+00    5.32398979e+00    2.61867472e-02   -5.01358796e-02
1748     5.79419440e-09   -4.44310448e-02    3.25381059e+00    5.32659245e+00    2.70159784e-02   -5.01071702e-02
1749     5.79752774e-09   -2.24663068e-02    3.27565034e+00    5.31896215e+00    1.78888497e-02   -5.01725533e-02
1750     5.80086107e-09    8.07979690e-03    3.30559356e+00    5.30388306e+00    2.14206764e-03   -5.03083726e-02
1751     5.80419440e-09    3.55396928e-02    3.33218639e+00    5.28699864e+00   -1.43358948e-02   -5.04639204e-02
1752     5.80752774e-09    4.94246339e-02    3.34525723e+00    5.27483243e+00   -2.51847493e-02   -5.05790471e-02
1753     5.81086107e-09    4.44310448e-02    3.33978960e+00    5.27220669e+00   -2.61009699e-02   -5.06080383e-02
1754     5.81419440e-09    2.24663068e-02    3.31783940e+00    5.28018870e+00   -1.66925106e-02   -5.05391933e-02
1755     5.81752774e-09   -8.07979690e-03    3.28776229e+00    5.29561643e+00   -6.85509258e-04   -5.03999545e-02
1756     5.82086107e-09   -3.55396928e-02    3.26102973e+00    5.31247239e+00    1.56709364e-02   -5.02447612e-02
1757     5.82419440e-09   -4.94246339e-02    3.24783903e+00    5.32438089e+00    2.61842663e-02   -5.01322715e-02
1758     5.82752774e-09   -4.44310448e-02    3.25320495e+00    5.32698420e+00    2.70142878e-02   -5.01035555e-02
1759     5.83086107e-09   -2.24663068e-02    3.27504487e+00    5.31935396e+00    1.78873256e-02   -5.01689380e-02
1760     5.83419440e-09    8.07979690e-03    3.30498830e+00    5.30427429e+00    2.14008119e-03   -5.03047629e-02
1761     5.83752774e-09    3.55396928e-02    3.33158143e+00    5.28738882e+00   -1.43387711e-02   -5.04603211e-02
1762     5.84086107e-09    4.94246339e-02    3.34465265e+00    5.27522136e+00   -2.51886454e-02   -5.05754600e-02
1763     5.84419440e-09    4.44310448e-02    3.33918543e+00    5.27259452e+00   -2.61056833e-02   -5.06044621e-02
1764     5.84752774e-09    2.24663068e-02    3.31723565e+00    5.28057591e+00   -1.66975138e-02   -5.05356231e-02
1765     5.85086107e-09   -8.07979690e-03    3.28715893e+00    5.29600374e+00   -6.90094447e-04   -5.03963831e-02
1766     5.85419440e-09   -3.55396928e-02    3.26042666e+00    5.31286042e+00    1.56673409e-02   -5.02411825e-02
1767     5.85752774e-09   -4.94246339e-02    3.24723617e+00    5.32476985e+00    2.61817992e-02   -5.01286834e-02
1768     5.86086107e-09   -4.44310448e-02    3.25260226e+00    5.32737381e+00    2.70126078e-02   -5.00999608e-02
1769     5.86419440e-09   -2.24663068e-02    3.27444233e+00    5.31974362e+00    1.78858114e-02   -5.01653426e-02
1770     5.86752774e-09    8.07979690e-03    3.30438599e+00    5.30466338e+00    2.13810647e-03   -5.03011732e-02
1771     5.87086107e-09    3.55396928e-02    3.33097941e+00    5.28777686e+00   -1.43416317e-02   -5.04567417e-02
1772     5.87419440e-09    4.94246339e-02    3.34405099e+00    5.27560817e+00   -2.51925216e-02   -5.05718928e-02
1773     5.87752774e-09    4.44310448e-02    3.33858419e+00    5.27298022e+00   -2.61103732e-02   -5.06009057e-02
1774     5.88086107e-09    2.24663068e-02    3.31663483e+00    5.28096100e+00   -1.67024924e-02   -5.05320726e-02
1775     5.88419440e-09   -8.07979690e-03    3.28655849e+00    5.29638893e+00   -6.94656983e-04   -5.03928314e-02
1776     5.88752774e-09   -3.55396928e-02    3.25982652e+00    5.31324632e+00    1.56637638e-02   -5.02376235e-02
1777     5.89086107e-09   -4.94246339e-02    3.24663624e+00    5.32515668e+00    2.61793459e-02   -5.01251151e-02
1778     5.89419440e-09   -4.44310448e-02    3.25200248e+00    5.32776128e+00    2.70109383e-02   -5.00963860e-02
1779     5.89752774e-09   -2.24663068e-02    3.27384272e+00    5.32013116e+00    1.78843069e-02   -5.01617671e-02
1780     5.90086107e-09    8.07979690e-03    3.30378659e+00    5.30505034e+00    2.13614340e-03   -5.02976033e-02
1781     5.90419440e-09    3.55396928e-02    3.33038031e+00    5.28816278e+00   -1.43444769e-02   -5.04531821e-02
1782     5.90752774e-09    4.94246339e-02    3.34345226e+00    5.27599285e+00   -2.51963779e-02   -5.05683454e-02
1783     5.91086107e-09    4.44310448e-02    3.33798587e+00    5.27336380e+00   -2.61150398e-02   -5.05973690e-02
1784     5.91419440e-09    2.24663068e-02    3.31603693e+00    5.28134398e+00   -1.67074466e-02   -5.05285417e-02
1785     5.91752774e-09   -8.07979690e-03    3.28596096e+00    5.29677201e+00   -6.99196974e-04   -5.03892994e-02
1786     5.92086107e-09   -3.55396928e-02    3.25922929e+00    5.31363011e+00    1.56602050e-02   -5.02340842e-02
1787     5.92419440e-09   -4.94246339e-02    3.24603922e+00    5.32554138e+00    2.61769062e-02   -5.01215666e-02
1788     5.92752774e-09   -4.44310448e-02    3.25140562e+00    5.32814663e+00    2.70092792e-02   -5.00928309e-02
1789     5.93086107e-09   -2.24663068e-02    3.27324602e+00    5.32051656e+00    1.78828121e-02   -5.01582113e-02
1790     5.93419440e-09    8.07979690e-03    3.30319010e+00    5.30543518e+00    2.13419193e-03   -5.02940532e-02
1791     5.93752774e-09    3.55396928e-02    3.32978411e+00    5.28854658e+00   -1.43473067e-02   -5.04496422e-02
1792     5.94086107e-09    4.94246339e-02    3.34285643e+00    5.27637542e+00   -2.52002144e-02   -5.05648176e-02
1793     5.94419440e-09    4.44310448e-02    3.33739045e+00    5.27374528e+00   -2.61196831e-02   -5.05938519e-02
1794     5.94752774e-09    2.24663068e-02    3.31544193e+00    5.28172486e+00   -1.67123765e-02   -5.05250305e-02
1795     5.95086107e-09   -8.07979690e-03    3.28536633e+00    5.29715298e+00   -7.03714527e-04   -5.03857870e-02
1796     5.95419440e-09   -3.55396928e-02    3.25863495e+00    5.31401179e+00    1.56566646e-02   -5.02305646e-02
1797     5.95752774e-09   -4.94246339e-02    3.24544509e+00    5.32592398e+00    2.61744802e-02   -5.01180377e-02
1798     5.96086107e-09   -4.44310448e-02    3.25081165e+00    5.32852987e+00    2.70076305e-02   -5.00892955e-02
1799     5.96419440e-09   -2.24663068e-02    3.27265221e+00    5.32089986e+00    1.78813269e-02   -5.01546753e-02
1800     5.96752774e-09    8.07979690e-03    3.30259651e+00    5.30581791e+00    2.13225197e-03   -5.02905227e-02
1801     5.97086107e-09    3.55396928e-02    3.32919081e+00    5.28892827e+00   -1.43501212e-02   -5.04461219e-02
1802     5.97419440e-09    4.94246339e-02    3.34226349e+00    5.27675589e+00   -2.52040311e-02   -5.05613094e-02
1803     5.97752774e-09    4.44310448e-02    3.33679792e+00    5.27412467e+00   -2.61243033e-02   -5.05903543e-02
1804     5.98086107e-09    2.24663068e-02    3.31484982e+00    5.28210364e+00   -1.67172821e-02   -5.05215387e-02
1805     5.98419440e-09   -8.07979690e-03    3.28477459e+00    5.29753186e+00   -7.08209751e-04   -5.03822941e-02
1806     5.98752774e-09   -3.55396928e-02    3.25804351e+00    5.31439138e+00    1.56531423e-02   -5.02270644e-02
1807     5.99086107e-09   -4.94246339e-02    3.24485385e+00    5.32630448e+00    2.61720678e-02   -5.01145283e-02
1808     5.99419440e-09   -4.44310448e-02    3.25022056e+00    5.32891101e+00    2.70059921e-02   -5.00857797e-02
1809     5.99752774e-09   -2.24663068e-02    3.27206128e+00    5.32128106e+00    1.78798513e-02   -5.01511588e-02
1810     6.00086107e-09    8.07979690e-03    3.30200579e+00    5.30619854e+00    2.13032346e-03   -5.02870117e-02
1811     6.00419440e-09    3.55396928e-02    3.32860038e+00    5.28930787e+00   -1.43529205e-02   -5.04426211e-02
1812     6.00752774e-09    4.94246339e-02    3.34167342e+00    5.27713427e+00   -2.52078284e-02   -5.05578205e-02
1813     6.01086107e-09    4.44310448e-02    3.33620827e+00    5.27450198e+00   -2.61289004e-02   -5.05868761e-02
1814     6.01419440e-09    2.24663068e-02    3.31426057e+00    5.28248035e+00   -1.67221636e-02   -5.05180663e-02
1815     6.01752774e-09   -8.07979690e-03    3.28418572e+00    5.29790867e+00   -7.12682754e-04   -5.03788205e-02
1816     6.02086107e-09   -3.55396928e-02    3.25745493e+00    5.31476888e+00    1.56496381e-02   -5.02235837e-02
1817     6.02419440e-09   -4.94246339e-02    3.24426548e+00    5.32668289e+00    2.61696688e-02   -5.01110383e-02
1818     6.02752774e-09   -4.44310448e-02    3.24963235e+00    5.32929005e+00    2.70043639e-02   -5.00822833e-02
1819     6.03086107e-09   -2.24663068e-02    3.27147322e+00    5.32166017e+00    1.78783852e-02   -5.01476617e-02
1820     6.03419440e-09    8.07979690e-03    3.30141794e+00    5.30657708e+00    2.12840634e-03   -5.02835202e-02
1821     6.03752774e-09    3.55396928e-02    3.32801282e+00    5.28968539e+00   -1.43557046e-02   -5.04391396e-02
1822     6.04086107e-09    4.94246339e-02    3.34108622e+00    5.27751058e+00   -2.52116061e-02   -5.05543511e-02
1823     6.04419440e-09    4.44310448e-02    3.33562148e+00    5.27487721e+00   -2.61334747e-02   -5.05834171e-02
1824     6.04752774e-09    2.24663068e-02    3.31367419e+00    5.28285498e+00   -1.67270212e-02   -5.05146131e-02
1825     6.05086107e-09   -8.07979690e-03    3.28359971e+00    5.29828340e+00   -7.17133642e-04   -5.03753662e-02
1826     6.05419440e-09   -3.55396928e-02    3.25686921e+00    5.31514432e+00    1.56461519e-02   -5.02201222e-02
1827     6.05752774e-09   -4.94246339e-02    3.24367996e+00    5.32705923e+00    2.61672833e-02   -5.01075677e-02
1828     6.06086107e-09   -4.44310448e-02    3.24904698e+00    5.32966703e+00    2.70027460e-02   -5.00788062e-02
1829     6.06419440e-09   -2.24663068e-02    3.27088802e+00    5.32203720e+00    1.78769286e-02   -5.01441840e-02
1830     6.06752774e-09    8.07979690e-03    3.30083295e+00    5.30695355e+00    2.12650053e-03   -5.02800480e-02
1831     6.07086107e-09    3.55396928e-02    3.32742812e+00    5.29006084e+00   -1.43584737e-02   -5.04356775e-02
1832     6.07419440e-09    4.94246339e-02    3.34050187e+00    5.27788483e+00   -2.52153644e-02   -5.05509008e-02
1833     6.07752774e-09    4.44310448e-02    3.33503753e+00    5.27525038e+00   -2.61380263e-02   -5.05799774e-02
1834     6.08086107e-09    2.24663068e-02    3.31309066e+00    5.28322756e+00   -1.67318549e-02   -5.05111791e-02
1835     6.08419440e-09   -8.07979690e-03    3.28301654e+00    5.29865607e+00   -7.21562524e-04   -5.03719310e-02
1836     6.08752774e-09   -3.55396928e-02    3.25628633e+00    5.31551769e+00    1.56426836e-02   -5.02166800e-02
1837     6.09086107e-09   -4.94246339e-02    3.24309729e+00    5.32743350e+00    2.61649111e-02   -5.01041163e-02
1838     6.09419440e-09   -4.44310448e-02    3.24846446e+00    5.33004193e+00    2.70011382e-02   -5.00753485e-02
1839     6.09752774e-09   -2.24663068e-02    3.27030565e+00    5.32241216e+00    1.78754813e-02   -5.01407256e-02
1840     6.10086107e-09    8.07979690e-03    3.30025079e+00    5.30732796e+00    2.12460597e-03   -5.02765950e-02
1841     6.10419440e-09    3.55396928e-02    3.32684624e+00    5.29043423e+00   -1.43612279e-02   -5.04322345e-02
1842     6.10752774e-09    4.94246339e-02    3.33992036e+00    5.27825701e+00   -2.52191035e-02   -5.05474697e-02
1843     6.11086107e-09    4.44310448e-02    3.33445642e+00    5.27562151e+00   -2.61425551e-02   -5.05765567e-02
1844     6.11419440e-09    2.24663068e-02    3.31250996e+00    5.28359809e+00   -1.67366648e-02   -5.05077641e-02
1845     6.11752774e-09   -8.07979690e-03    3.28243621e+00    5.29902670e+00   -7.25969508e-04   -5.03685149e-02
1846     6.12086107e-09   -3.55396928e-02    3.25570628e+00    5.31588901e+00    1.56392332e-02   -5.02132568e-02
1847     6.12419440e-09   -4.94246339e-02    3.24251744e+00    5.32780572e+00    2.61625522e-02   -5.01006841e-02
1848     6.12752774e-09   -4.44310448e-02    3.24788477e+00    5.33041478e+00    2.69995404e-02   -5.00719098e-02
1849     6.13086107e-09   -2.24663068e-02    3.26972612e+00    5.32278507e+00    1.78740434e-02   -5.01372863e-02
1850     6.13419440e-09    8.07979690e-03    3.29967146e+00    5.30770031e+00    2.12272260e-03   -5.02731612e-02
1851     6.13752774e-09    3.55396928e-02    3.32626720e+00    5.29080558e+00   -1.43639671e-02   -5.04288106e-02
1852     6.14086107e-09    4.94246339e-02    3.33934167e+00    5.27862716e+00   -2.52228235e-02   -5.05440576e-02
1853     6.14419440e-09    4.44310448e-02    3.33387813e+00    5.27599059e+00   -2.61470615e-02   -5.05731550e-02
1854     6.14752774e-09    2.24663068e-02    3.31193207e+00    5.28396658e+00   -1.67414512e-02   -5.05043681e-02
1855     6.15086107e-09   -8.07979690e-03    3.28185869e+00    5.29939529e+00   -7.30354699e-04   -5.03651178e-02
1856     6.15419440e-09   -3.55396928e-02    3.25512904e+00    5.31625829e+00    1.56358005e-02   -5.02098526e-02
1857     6.15752774e-09   -4.94246339e-02    3.24194041e+00    5.32817590e+00    2.61602064e-02   -5.00972708e-02
1858     6.16086107e-09   -4.44310448e-02    3.24730789e+00    5.33078558e+00    2.69979527e-02   -5.00684902e-02
1859     6.16419440e-09   -2.24663068e-02    3.26914939e+00    5.32315593e+00    1.78726147e-02   -5.01338660e-02
1860     6.16752774e-09    8.07979690e-03    3.29909495e+00    5.30807061e+00    2.12085033e-03   -5.02697464e-02
1861     6.17086107e-09    3.55396928e-02    3.32569096e+00    5.29117488e+00   -1.43666916e-02   -5.04254057e-02
1862     6.17419440e-09    4.94246339e-02    3.33876579e+00    5.27899527e+00   -2.52265243e-02   -5.05406644e-02
1863     6.17752774e-09    4.44310448e-02    3.33330265e+00    5.27635765e+00   -2.61515454e-02   -5.05697722e-02
1864     6.18086107e-09    2.24663068e-02    3.31135699e+00    5.28433305e+00   -1.67462140e-02   -5.05009910e-02
1865     6.18419440e-09   -8.07979690e-03    3.28128397e+00    5.29976185e+00   -7.34718206e-04   -5.03617395e-02
1866     6.18752774e-09   -3.55396928e-02    3.25455461e+00    5.31662554e+00    1.56323855e-02   -5.02064672e-02
1867     6.19086107e-09   -4.94246339e-02    3.24136618e+00    5.32854404e+00    2.61578738e-02   -5.00938765e-02
1868     6.19419440e-09   -4.44310448e-02    3.24673381e+00    5.33115435e+00    2.69963749e-02   -5.00650896e-02
1869     6.19752774e-09   -2.24663068e-02    3.26857547e+00    5.32352476e+00    1.78711953e-02   -5.01304647e-02
1870     6.20086107e-09    8.07979690e-03    3.29852123e+00    5.30843889e+00    2.11898911e-03   -5.02663505e-02
1871     6.20419440e-09    3.55396928e-02    3.32511753e+00    5.29154215e+00   -1.43694014e-02   -5.04220197e-02
1872     6.20752774e-09    4.94246339e-02    3.33819270e+00    5.27936136e+00   -2.52302062e-02   -5.05372900e-02
1873     6.21086107e-09    4.44310448e-02    3.33272996e+00    5.27672269e+00   -2.61560070e-02   -5.05664082e-02
1874     6.21419440e-09    2.24663068e-02    3.31078471e+00    5.28469751e+00   -1.67509534e-02   -5.04976326e-02
1875     6.21752774e-09   -8.07979690e-03    3.28071205e+00    5.30012640e+00   -7.39060135e-04   -5.03583800e-02
1876     6.22086107e-09   -3.55396928e-02    3.25398297e+00    5.31699078e+00    1.56289880e-02   -5.02031007e-02
1877     6.22419440e-09   -4.94246339e-02    3.24079474e+00    5.32891016e+00    2.61555543e-02   -5.00905010e-02
1878     6.22752774e-09   -4.44310448e-02    3.24616252e+00    5.33152110e+00    2.69948070e-02   -5.00617078e-02
1879     6.23086107e-09   -2.24663068e-02    3.26800433e+00    5.32389156e+00    1.78697851e-02   -5.01270822e-02
1880     6.23419440e-09    8.07979690e-03    3.29795029e+00    5.30880514e+00    2.11713887e-03   -5.02629734e-02
1881     6.23752774e-09    3.55396928e-02    3.32454687e+00    5.29190741e+00   -1.43720965e-02   -5.04186525e-02
1882     6.24086107e-09    4.94246339e-02    3.33762240e+00    5.27972544e+00   -2.52338693e-02   -5.05339344e-02
1883     6.24419440e-09    4.44310448e-02    3.33216005e+00    5.27708572e+00   -2.61604464e-02   -5.05630628e-02
1884     6.24752774e-09    2.24663068e-02    3.31021520e+00    5.28505996e+00   -1.67556696e-02   -5.04942928e-02
1885     6.25086107e-09   -8.07979690e-03    3.28014290e+00    5.30048894e+00   -7.43380594e-04   -5.03550391e-02
1886     6.25419440e-09   -3.55396928e-02    3.25341411e+00    5.31735401e+00    1.56256079e-02   -5.01997529e-02
1887     6.25752774e-09   -4.94246339e-02    3.24022607e+00    5.32927428e+00    2.61532477e-02   -5.00871442e-02
1888     6.26086107e-09   -4.44310448e-02    3.24559400e+00    5.33188583e+00    2.69932490e-02   -5.00583447e-02
1889     6.26419440e-09   -2.24663068e-02    3.26743596e+00    5.32425635e+00    1.78683839e-02   -5.01237185e-02
1890     6.26752774e-09    8.07979690e-03    3.29738213e+00    5.30916939e+00    2.11529953e-03   -5.02596151e-02
1891     6.27086107e-09    3.55396928e-02    3.32397899e+00    5.29227066e+00   -1.43747771e-02   -5.04153039e-02
1892     6.27419440e-09    4.94246339e-02    3.33705487e+00    5.28008752e+00   -2.52375136e-02   -5.05305974e-02
1893     6.27752774e-09    4.44310448e-02    3.33159291e+00    5.27744675e+00   -2.61648637e-02   -5.05597360e-02
1894     6.28086107e-09    2.24663068e-02    3.30964846e+00    5.28542041e+00   -1.67603626e-02   -5.04909716e-02
1895     6.28419440e-09   -8.07979690e-03    3.27957652e+00    5.30084950e+00   -7.47679688e-04   -5.03517168e-02
1896     6.28752774e-09   -3.55396928e-02    3.25284800e+00    5.31771524e+00    1.56222453e-02   -5.01964236e-02
1897     6.29086107e-09   -4.94246339e-02    3.23966017e+00    5.32963639e+00    2.61509540e-02   -5.00838060e-02
1898     6.29419440e-09   -4.44310448e-02    3.24502824e+00    5.33224856e+00    2.69917007e-02   -5.00550003e-02
1899     6.29752774e-09   -2.24663067e-02    3.26687036e+00    5.32461914e+00    1.78669918e-02   -5.01203734e-02
1900     6.30086107e-09    8.07979690e-03    3.29681673e+00    5.30953163e+00    2.11347103e-03   -5.02562753e-02
1901     6.30419440e-09    3.55396928e-02    3.32341387e+00    5.29263192e+00   -1.43774432e-02   -5.04119739e-02
1902     6.30752774e-09    4.94246339e-02    3.33649009e+00    5.28044760e+00   -2.52411392e-02   -5.05272789e-02
1903     6.31086107e-09    4.44310448e-02    3.33102853e+00    5.27780580e+00   -2.61692591e-02   -5.05564277e-02
1904     6.31419440e-09    2.24663067e-02    3.30908447e+00    5.28577889e+00   -1.67650326e-02   -5.04876689e-02
1905     6.31752774e-09   -8.07979690e-03    3.27901288e+00    5.30120806e+00   -7.51957525e-04   -5.03484129e-02
1906     6.32086107e-09   -3.55396928e-02    3.25228465e+00    5.31807448e+00    1.56188999e-02   -5.01931128e-02
1907     6.32419440e-09   -4.94246339e-02    3.23909701e+00    5.32999651e+00    2.61486732e-02   -5.00804864e-02
1908     6.32752774e-09   -4.44310448e-02    3.24446524e+00    5.33260929e+00    2.69901621e-02   -5.00516744e-02
1909     6.33086107e-09   -2.24663067e-02    3.26630750e+00    5.32497993e+00    1.78656086e-02   -5.01170469e-02
1910     6.33419440e-09    8.07979690e-03    3.29625408e+00    5.30989189e+00    2.11165330e-03   -5.02529541e-02
1911     6.33752774e-09    3.55396928e-02    3.32285149e+00    5.29299119e+00   -1.43800950e-02   -5.04086624e-02
1912     6.34086107e-09    4.94246339e-02    3.33592805e+00    5.28080571e+00   -2.52447463e-02   -5.05239789e-02
1913     6.34419440e-09    4.44310448e-02    3.33046688e+00    5.27816288e+00   -2.61736326e-02   -5.05531378e-02
1914     6.34752774e-09    2.24663067e-02    3.30852323e+00    5.28613539e+00   -1.67696797e-02   -5.04843845e-02
1915     6.35086107e-09   -8.07979690e-03    3.27845199e+00    5.30156466e+00   -7.56214209e-04   -5.03451274e-02
1916     6.35419440e-09   -3.55396928e-02    3.25172403e+00    5.31843175e+00    1.56155717e-02   -5.01898204e-02
1917     6.35752774e-09   -4.94246339e-02    3.23853659e+00    5.33035465e+00    2.61464052e-02   -5.00771852e-02
1918     6.36086107e-09   -4.44310448e-02    3.24390496e+00    5.33296805e+00    2.69886332e-02   -5.00483670e-02
1919     6.36419440e-09   -2.24663067e-02    3.26574738e+00    5.32533875e+00    1.78642344e-02   -5.01137389e-02
1920     6.36752774e-09    8.07979690e-03    3.29569415e+00    5.31025016e+00    2.10984628e-03   -5.02496513e-02
1921     6.37086107e-09    3.55396928e-02    3.32229184e+00    5.29334849e+00   -1.43827325e-02   -5.04053692e-02
1922     6.37419440e-09    4.94246339e-02    3.33536875e+00    5.28116185e+00   -2.52483349e-02   -5.05206972e-02
1923     6.37752774e-09    4.44310448e-02    3.32990797e+00    5.27851799e+00   -2.61779844e-02   -5.05498661e-02
1924     6.38086107e-09    2.24663067e-02    3.30796470e+00    5.28648992e+00   -1.67743039e-02   -5.04811184e-02
1925     6.38419440e-09   -8.07979690e-03    3.27789382e+00    5.30191929e+00   -7.60449847e-04   -5.03418602e-02
1926     6.38752774e-09   -3.55396928e-02    3.25116614e+00    5.31878706e+00    1.56122607e-02   -5.01865463e-02
1927     6.39086107e-09   -4.94246339e-02    3.23797890e+00    5.33071083e+00    2.61441498e-02   -5.00739023e-02
1928     6.39419440e-09   -4.44310448e-02    3.24334741e+00    5.33332483e+00    2.69871138e-02   -5.00450780e-02
1929     6.39752774e-09   -2.24663067e-02    3.26518998e+00    5.32569559e+00    1.78628690e-02   -5.01104491e-02
1930     6.40086107e-09    8.07979690e-03    3.29513695e+00    5.31060647e+00    2.10804989e-03   -5.02463669e-02
1931     6.40419440e-09    3.55396928e-02    3.32173491e+00    5.29370382e+00   -1.43853558e-02   -5.04020944e-02
1932     6.40752774e-09    4.94246339e-02    3.33481216e+00    5.28151603e+00   -2.52519052e-02   -5.05174337e-02
1933     6.41086107e-09    4.44310448e-02    3.32935177e+00    5.27887114e+00   -2.61823146e-02   -5.05466127e-02
1934     6.41419440e-09    2.24663067e-02    3.30740890e+00    5.28684251e+00   -1.67789055e-02   -5.04778704e-02
1935     6.41752774e-09   -8.07979690e-03    3.27733836e+00    5.30227197e+00   -7.64664546e-04   -5.03386112e-02
1936     6.42086107e-09   -3.55396928e-02    3.25061096e+00    5.31914041e+00    1.56089666e-02   -5.01832904e-02
1937     6.42419440e-09   -4.94246339e-02    3.23742391e+00    5.33106504e+00    2.61419070e-02   -5.00706376e-02
1938     6.42752774e-09   -4.44310448e-02    3.24279257e+00    5.33367966e+00    2.69856039e-02   -5.00418071e-02
1939     6.43086107e-09   -2.24663067e-02    3.26463528e+00    5.32605047e+00    1.78615124e-02   -5.01071777e-02
1940     6.43419440e-09    8.07979690e-03    3.29458245e+00    5.31096081e+00    2.10626407e-03   -5.02431006e-02
1941     6.43752774e-09    3.55396928e-02    3.32118068e+00    5.29405719e+00   -1.43879649e-02   -5.03988377e-02
1942     6.44086107e-09    4.94246339e-02    3.33425828e+00    5.28186826e+00   -2.52554572e-02   -5.05141883e-02
1943     6.44419440e-09    4.44310448e-02    3.32879827e+00    5.27922235e+00   -2.61866232e-02   -5.05433773e-02
1944     6.44752774e-09    2.24663067e-02    3.30685579e+00    5.28719316e+00   -1.67834844e-02   -5.04746406e-02
1945     6.45086107e-09   -8.07979690e-03    3.27678561e+00    5.30262270e+00   -7.68858409e-04   -5.03353802e-02
1946     6.45419440e-09   -3.55396928e-02    3.25005848e+00    5.31949181e+00    1.56056895e-02   -5.01800526e-02
1947     6.45752774e-09   -4.94246339e-02    3.23687162e+00    5.33141731e+00    2.61396768e-02   -5.00673911e-02
1948     6.46086107e-09   -4.44310448e-02    3.24224042e+00    5.33403253e+00    2.69841035e-02   -5.00385545e-02
1949     6.46419440e-09   -2.24663067e-02    3.26408328e+00    5.32640340e+00    1.78601646e-02   -5.01039244e-02
1950     6.46752774e-09    8.07979690e-03    3.29403065e+00    5.31131321e+00    2.10448875e-03   -5.02398525e-02
1951     6.47086107e-09    3.55396928e-02    3.32062915e+00    5.29440863e+00   -1.43905600e-02   -5.03955991e-02
1952     6.47419440e-09    4.94246339e-02    3.33370709e+00    5.28221855e+00   -2.52589911e-02   -5.05109610e-02
1953     6.47752774e-09    4.44310448e-02    3.32824746e+00    5.27957163e+00   -2.61909105e-02   -5.05401600e-02
1954     6.48086107e-09    2.24663067e-02    3.30630537e+00    5.28754187e+00   -1.67880409e-02   -5.04714286e-02
1955     6.48419440e-09   -8.07979690e-03    3.27623553e+00    5.30297151e+00   -7.73031542e-04   -5.03321671e-02
1956     6.48752774e-09   -3.55396928e-02    3.24950868e+00    5.31984128e+00    1.56024292e-02   -5.01768328e-02
1957     6.49086107e-09   -4.94246339e-02    3.23632201e+00    5.33176764e+00    2.61374590e-02   -5.00641626e-02
1958     6.49419440e-09   -4.44310448e-02    3.24169096e+00    5.33438346e+00    2.69826125e-02   -5.00353199e-02
1959     6.49752774e-09   -2.24663067e-02    3.26353396e+00    5.32675439e+00    1.78588254e-02   -5.01006891e-02
1960     6.50086107e-09    8.07979690e-03    3.29348153e+00    5.31166368e+00    2.10272387e-03   -5.02366225e-02
1961     6.50419440e-09    3.55396928e-02    3.32008030e+00    5.29475813e+00   -1.43931412e-02   -5.03923786e-02
1962     6.50752774e-09    4.94246339e-02    3.33315858e+00    5.28256691e+00   -2.52625069e-02   -5.05077516e-02
1963     6.51086107e-09    4.44310448e-02    3.32769933e+00    5.27991898e+00   -2.61951764e-02   -5.05369605e-02
1964     6.51419440e-09    2.24663067e-02    3.30575762e+00    5.28788866e+00   -1.67925751e-02   -5.04682346e-02
1965     6.51752774e-09   -8.07979690e-03    3.27568814e+00    5.30331839e+00   -7.77184051e-04   -5.03289720e-02
1966     6.52086107e-09   -3.55396928e-02    3.24896155e+00    5.32018883e+00    1.55991857e-02   -5.01736309e-02
1967     6.52419440e-09   -4.94246339e-02    3.23577507e+00    5.33211604e+00    2.61352536e-02   -5.00609520e-02
1968     6.52752774e-09   -4.44310448e-02    3.24114416e+00    5.33473247e+00    2.69811308e-02   -5.00321032e-02
1969     6.53086107e-09   -2.24663067e-02    3.26298732e+00    5.32710345e+00    1.78574948e-02   -5.00974718e-02
1970     6.53419440e-09    8.07979690e-03    3.29293508e+00    5.31201221e+00    2.10096935e-03   -5.02334104e-02
1971     6.53752774e-09    3.55396928e-02    3.31953412e+00    5.29510571e+00   -1.43957085e-02   -5.03891759e-02
1972     6.54086107e-09    4.94246339e-02    3.33261273e+00    5.28291335e+00   -2.52660048e-02   -5.05045601e-02
1973     6.54419440e-09    4.44310448e-02    3.32715387e+00    5.28026442e+00   -2.61994212e-02   -5.05337788e-02
1974     6.54752774e-09    2.24663067e-02    3.30521254e+00    5.28823354e+00   -1.67970870e-02   -5.04650583e-02
1975     6.55086107e-09   -8.07979690e-03    3.27514340e+00    5.30366336e+00   -7.81316039e-04   -5.03257947e-02
1976     6.55419440e-09   -3.55396928e-02    3.24841708e+00    5.32053446e+00    1.55959588e-02   -5.01704469e-02
1977     6.55752774e-09   -4.94246339e-02    3.23523080e+00    5.33246253e+00    2.61330606e-02   -5.00577593e-02
1978     6.56086107e-09   -4.44310448e-02    3.24060003e+00    5.33507955e+00    2.69796584e-02   -5.00289045e-02
1979     6.56419440e-09   -2.24663067e-02    3.26244333e+00    5.32745059e+00    1.78561728e-02   -5.00942724e-02
1980     6.56752774e-09    8.07979690e-03    3.29239129e+00    5.31235883e+00    2.09922512e-03   -5.02302161e-02
1981     6.57086107e-09    3.55396928e-02    3.31899059e+00    5.29545137e+00   -1.43982619e-02   -5.03859910e-02
1982     6.57419440e-09    4.94246339e-02    3.33206954e+00    5.28325789e+00   -2.52694848e-02   -5.05013863e-02
1983     6.57752774e-09    4.44310448e-02    3.32661105e+00    5.28060796e+00   -2.62036449e-02   -5.05306149e-02
1984     6.58086107e-09    2.24663067e-02    3.30467011e+00    5.28857652e+00   -1.68015768e-02   -5.04618998e-02
1985     6.58419440e-09   -8.07979690e-03    3.27460131e+00    5.30400643e+00   -7.85427610e-04   -5.03226350e-02
1986     6.58752774e-09   -3.55396928e-02    3.24787526e+00    5.32087819e+00    1.55927485e-02   -5.01672805e-02
1987     6.59086107e-09   -4.94246339e-02    3.23468917e+00    5.33280711e+00    2.61308797e-02   -5.00545843e-02
1988     6.59419440e-09   -4.44310448e-02    3.24005854e+00    5.33542473e+00    2.69781952e-02   -5.00257235e-02
1989     6.59752774e-09   -2.24663067e-02    3.26190198e+00    5.32779582e+00    1.78548593e-02   -5.00910908e-02
1990     6.60086107e-09    8.07979690e-03    3.29185013e+00    5.31270353e+00    2.09749113e-03   -5.02270396e-02
1991     6.60419440e-09    3.55396928e-02    3.31844971e+00    5.29579513e+00   -1.44008017e-02   -5.03828238e-02
1992     6.60752774e-09    4.94246339e-02    3.33152898e+00    5.28360053e+00   -2.52729470e-02   -5.04982302e-02
1993     6.61086107e-09    4.44310448e-02    3.32607087e+00    5.28094960e+00   -2.62078476e-02   -5.05274686e-02
1994     6.61419440e-09    2.24663067e-02    3.30413031e+00    5.28891761e+00   -1.68060445e-02   -5.04587588e-02
1995     6.61752774e-09   -8.07979690e-03    3.27406186e+00    5.30434761e+00   -7.89518870e-04   -5.03194929e-02
1996     6.62086107e-09   -3.55396928e-02    3.24733608e+00    5.32122002e+00    1.55895547e-02   -5.01641317e-02
1997     6.62419440e-09   -4.94246339e-02    3.23415017e+00    5.33314979e+00    2.61287111e-02   -5.00514270e-02
1998     6.62752774e-09   -4.44310448e-02    3.23951968e+00    5.33576800e+00    2.69767411e-02   -5.00225602e-02
1999     6.63086107e-09   -2.24663067e-02    3.26136327e+00    5.32813916e+00    1.78535543e-02   -5.00879268e-02
2000     6.63419440e-09    8.07979690e-03    3.29131161e+00    5.31304635e+00    2.09576730e-03   -5.02238807e-02
2001     6.63752774e-09    3.55396928e-02    3.31791145e+00    5.29613700e+00   -1.44033278e-02   -5.03796743e-02
2002     6.64086107e-09    4.94246339e-02    3.33099106e+00    5.28394128e+00   -2.52763916e-02   -5.04950917e-02
2003     6.64419440e-09    4.44310448e-02    3.32553332e+00    5.28128936e+00   -2.62120295e-02   -5.05243397e-02
2004     6.64752774e-09    2.24663067e-02    3.30359314e+00    5.28925681e+00   -1.68104904e-02   -5.04556353e-02
2005     6.65086107e-09   -8.07979690e-03    3.27352503e+00    5.30468691e+00   -7.93589921e-04   -5.03163684e-02
2006     6.65419440e-09   -3.55396928e-02    3.24679951e+00    5.32155997e+00    1.55863772e-02   -5.01610005e-02
2007     6.65752774e-09   -4.94246339e-02    3.23361379e+00    5.33349058e+00    2.61265545e-02   -5.00482873e-02
2008     6.66086107e-09   -4.44310448e-02    3.23898344e+00    5.33610938e+00    2.69752961e-02   -5.00194144e-02
2009     6.66419440e-09   -2.24663067e-02    3.26082717e+00    5.32848060e+00    1.78522575e-02   -5.00847804e-02
2010     6.66752774e-09    8.07979690e-03    3.29077571e+00    5.31338727e+00    2.09405357e-03   -5.02207394e-02
2011     6.67086107e-09    3.55396928e-02    3.31737581e+00    5.29647698e+00   -1.44058404e-02   -5.03765423e-02
2012     6.67419440e-09    4.94246339e-02    3.33045575e+00    5.28428015e+00   -2.52798186e-02   -5.04919706e-02
2013     6.67752774e-09    4.44310448e-02    3.32499839e+00    5.28162724e+00   -2.62161906e-02   -5.05212284e-02
2014     6.68086107e-09    2.24663067e-02    3.30305858e+00    5.28959415e+00   -1.68149144e-02   -5.04525292e-02
2015     6.68419440e-09   -8.07979690e-03    3.27299081e+00    5.30502434e+00   -7.97640866e-04   -5.03132612e-02
2016     6.68752774e-09   -3.55396928e-02    3.24626556e+00    5.32189805e+00    1.55832161e-02   -5.01578867e-02
2017     6.69086107e-09   -4.94246339e-02    3.23308002e+00    5.33382950e+00    2.61244100e-02   -5.00451650e-02
2018     6.69419440e-09   -4.44310448e-02    3.23844981e+00    5.33644889e+00    2.69738601e-02   -5.00162862e-02
2019     6.69752774e-09   -2.24663067e-02    3.26029368e+00    5.32882016e+00    1.78509692e-02   -5.00816516e-02
2020     6.70086107e-09    8.07979690e-03    3.29024241e+00    5.31372632e+00    2.09234987e-03   -5.02176156e-02
2021     6.70419440e-09    3.55396928e-02    3.31684277e+00    5.29681509e+00   -1.44083395e-02   -5.03734277e-02
2022     6.70752774e-09    4.94246339e-02    3.32992304e+00    5.28461715e+00   -2.52832281e-02   -5.04888669e-02
2023     6.71086107e-09    4.44310448e-02    3.32446605e+00    5.28196327e+00   -2.62203311e-02   -5.05181343e-02
2024     6.71419440e-09    2.24663067e-02    3.30252663e+00    5.28992962e+00   -1.68193168e-02   -5.04494404e-02
2025     6.71752774e-09   -8.07979690e-03    3.27245918e+00    5.30535990e+00   -8.01671809e-04   -5.03101714e-02
2026     6.72086107e-09   -3.55396928e-02    3.24573420e+00    5.32223426e+00    1.55800712e-02   -5.01547903e-02
2027     6.72419440e-09   -4.94246339e-02    3.23254885e+00    5.33416654e+00    2.61222774e-02   -5.00420601e-02
2028     6.72752774e-09   -4.44310448e-02    3.23791878e+00    5.33678652e+00    2.69724330e-02   -5.00131754e-02
2029     6.73086107e-09   -2.24663067e-02    3.25976279e+00    5.32915785e+00    1.78496890e-02   -5.00785401e-02
2030     6.73419440e-09    8.07979690e-03    3.28971171e+00    5.31406350e+00    2.09065613e-03   -5.02145092e-02
2031     6.73752774e-09    3.55396928e-02    3.31631233e+00    5.29715134e+00   -1.44108252e-02   -5.03703304e-02
2032     6.74086107e-09    4.94246339e-02    3.32939293e+00    5.28495230e+00   -2.52866203e-02   -5.04857806e-02
2033     6.74419440e-09    4.44310448e-02    3.32393631e+00    5.28229743e+00   -2.62244511e-02   -5.05150575e-02
2034     6.74752774e-09    2.24663067e-02    3.30199725e+00    5.29026325e+00   -1.68236976e-02   -5.04463689e-02
2035     6.75086107e-09   -8.07979690e-03    3.27193015e+00    5.30569362e+00   -8.05682852e-04   -5.03070988e-02
2036     6.75419440e-09   -3.55396928e-02    3.24520542e+00    5.32256862e+00    1.55769424e-02   -5.01517111e-02
2037     6.75752774e-09   -4.94246339e-02    3.23202026e+00    5.33450173e+00    2.61201567e-02   -5.00389725e-02
2038     6.76086107e-09   -4.44310448e-02    3.23739033e+00    5.33712230e+00    2.69710148e-02   -5.00100819e-02
2039     6.76419440e-09   -2.24663067e-02    3.25923448e+00    5.32949368e+00    1.78484170e-02   -5.00754459e-02
2040     6.76752774e-09    8.07979690e-03    3.28918359e+00    5.31439882e+00    2.08897229e-03   -5.02114200e-02
2041     6.77086107e-09    3.55396928e-02    3.31578447e+00    5.29748574e+00   -1.44132975e-02   -5.03672504e-02
2042     6.77419440e-09    4.94246339e-02    3.32886539e+00    5.28528559e+00   -2.52899952e-02   -5.04827114e-02
2043     6.77752774e-09    4.44310448e-02    3.32340914e+00    5.28262975e+00   -2.62285506e-02   -5.05119979e-02
2044     6.78086107e-09    2.24663067e-02    3.30147046e+00    5.29059503e+00   -1.68280569e-02   -5.04433145e-02
2045     6.78419440e-09   -8.07979690e-03    3.27140369e+00    5.30602549e+00   -8.09674097e-04   -5.03040433e-02
2046     6.78752774e-09   -3.55396928e-02    3.24467922e+00    5.32290113e+00    1.55738296e-02   -5.01486491e-02
2047     6.79086107e-09   -4.94246339e-02    3.23149424e+00    5.33483508e+00    2.61180477e-02   -5.00359021e-02
2048     6.79419440e-09   -4.44310448e-02    3.23686445e+00    5.33745622e+00    2.69696055e-02   -5.00070056e-02
2049     6.79752774e-09   -2.24663067e-02    3.25870874e+00    5.32982766e+00    1.78471532e-02   -5.00723690e-02
2050     6.80086107e-09    8.07979690e-03    3.28865804e+00    5.31473229e+00    2.08729828e-03   -5.02083481e-02
2051     6.80419440e-09    3.55396928e-02    3.31525918e+00    5.29781828e+00   -1.44157567e-02   -5.03641876e-02
2052     6.80752774e-09    4.94246339e-02    3.32834042e+00    5.28561705e+00   -2.52933528e-02   -5.04796593e-02
2053     6.81086107e-09    4.44310448e-02    3.32288453e+00    5.28296024e+00   -2.62326298e-02   -5.05089553e-02
2054     6.81419440e-09    2.24663067e-02    3.30094623e+00    5.29092498e+00   -1.68323949e-02   -5.04402771e-02
2055     6.81752774e-09   -8.07979690e-03    3.27087978e+00    5.30635552e+00   -8.13645647e-04   -5.03010049e-02
2056     6.82086107e-09   -3.55396928e-02    3.24415558e+00    5.32323181e+00    1.55707327e-02   -5.01456042e-02
2057     6.82419440e-09   -4.94246339e-02    3.23097079e+00    5.33516658e+00    2.61159505e-02   -5.00328488e-02
2058     6.82752774e-09   -4.44310448e-02    3.23634112e+00    5.33778831e+00    2.69682049e-02   -5.00039464e-02
2059     6.83086107e-09   -2.24663067e-02    3.25818556e+00    5.33015980e+00    1.78458975e-02   -5.00693092e-02
2060     6.83419440e-09    8.07979690e-03    3.28813504e+00    5.31506392e+00    2.08563404e-03   -5.02052933e-02
2061     6.83752774e-09    3.55396928e-02    3.31473644e+00    5.29814900e+00   -1.44182026e-02   -5.03611418e-02
2062     6.84086107e-09    4.94246339e-02    3.32781801e+00    5.28594668e+00   -2.52966934e-02   -5.04766242e-02
2063     6.84419440e-09    4.44310448e-02    3.32236248e+00    5.28328890e+00   -2.62366888e-02   -5.05059297e-02
2064     6.84752774e-09    2.24663067e-02    3.30042454e+00    5.29125310e+00   -1.68367116e-02   -5.04372567e-02
2065     6.85086107e-09   -8.07979690e-03    3.27035843e+00    5.30668374e+00   -8.17597602e-04   -5.02979834e-02
2066     6.85419440e-09   -3.55396928e-02    3.24363449e+00    5.32356066e+00    1.55676517e-02   -5.01425762e-02
2067     6.85752774e-09   -4.94246339e-02    3.23044987e+00    5.33549625e+00    2.61138649e-02   -5.00298125e-02
2068     6.86086107e-09   -4.44310448e-02    3.23582035e+00    5.33811856e+00    2.69668129e-02   -5.00009042e-02
2069     6.86419440e-09   -2.24663067e-02    3.25766492e+00    5.33049011e+00    1.78446497e-02   -5.00662664e-02
2070     6.86752774e-09    8.07979690e-03    3.28761459e+00    5.31539373e+00    2.08397950e-03   -5.02022554e-02
2071     6.87086107e-09    3.55396928e-02    3.31421624e+00    5.29847789e+00   -1.44206355e-02   -5.03581130e-02
2072     6.87419440e-09    4.94246339e-02    3.32729813e+00    5.28627449e+00   -2.53000170e-02   -5.04736061e-02
2073     6.87752774e-09    4.44310448e-02    3.32184297e+00    5.28361575e+00   -2.62407276e-02   -5.05029210e-02
2074     6.88086107e-09    2.24663067e-02    3.29990540e+00    5.29157941e+00   -1.68410071e-02   -5.04342532e-02
2075     6.88419440e-09   -8.07979690e-03    3.26983962e+00    5.30701014e+00   -8.21530065e-04   -5.02949788e-02
2076     6.88752774e-09   -3.55396928e-02    3.24311593e+00    5.32388769e+00    1.55645865e-02   -5.01395651e-02
2077     6.89086107e-09   -4.94246339e-02    3.22993150e+00    5.33582411e+00    2.61117910e-02   -5.00267932e-02
2078     6.89419440e-09   -4.44310448e-02    3.23530211e+00    5.33844699e+00    2.69654296e-02   -4.99978791e-02
2079     6.89752774e-09   -2.24663067e-02    3.25714681e+00    5.33081860e+00    1.78434099e-02   -5.00632406e-02
2080     6.90086107e-09    8.07979690e-03    3.28709667e+00    5.31572171e+00    2.08233459e-03   -5.01992345e-02
2081     6.90419440e-09    3.55396928e-02    3.31369858e+00    5.29880497e+00   -1.44230554e-02   -5.03551011e-02
2082     6.90752774e-09    4.94246339e-02    3.32678079e+00    5.28660048e+00   -2.53033236e-02   -5.04706048e-02
2083     6.91086107e-09    4.44310448e-02    3.32132599e+00    5.28394079e+00   -2.62447465e-02   -5.04999291e-02
2084     6.91419440e-09    2.24663067e-02    3.29938878e+00    5.29190392e+00   -1.68452817e-02   -5.04312664e-02
2085     6.91752774e-09   -8.07979690e-03    3.26932333e+00    5.30733474e+00   -8.25443135e-04   -5.02919910e-02
2086     6.92086107e-09   -3.55396928e-02    3.24259990e+00    5.32421292e+00    1.55615370e-02   -5.01365708e-02
2087     6.92419440e-09   -4.94246339e-02    3.22941565e+00    5.33615015e+00    2.61097285e-02   -5.00237906e-02
2088     6.92752774e-09   -4.44310448e-02    3.23478639e+00    5.33877361e+00    2.69640549e-02   -4.99948707e-02
2089     6.93086107e-09   -2.24663067e-02    3.25663123e+00    5.33114527e+00    1.78421780e-02   -5.00602317e-02
2090     6.93419440e-09    8.07979690e-03    3.28658127e+00    5.31604789e+00    2.08069925e-03   -5.01962305e-02
2091     6.93752774e-09    3.55396928e-02    3.31318343e+00    5.29913023e+00   -1.44254624e-02   -5.03521059e-02
2092     6.94086107e-09    4.94246339e-02    3.32626596e+00    5.28692468e+00   -2.53066134e-02   -5.04676202e-02
2093     6.94419440e-09    4.44310448e-02    3.32081152e+00    5.28426404e+00   -2.62487455e-02   -5.04969539e-02
2094     6.94752774e-09    2.24663067e-02    3.29887468e+00    5.29222664e+00   -1.68495353e-02   -5.04282963e-02
2095     6.95086107e-09   -8.07979690e-03    3.26880955e+00    5.30765754e+00   -8.29336912e-04   -5.02890198e-02
2096     6.95419440e-09   -3.55396928e-02    3.24208638e+00    5.32453635e+00    1.55585030e-02   -5.01335933e-02
2097     6.95752774e-09   -4.94246339e-02    3.22890230e+00    5.33647440e+00    2.61076774e-02   -5.00208048e-02
2098     6.96086107e-09   -4.44310448e-02    3.23427318e+00    5.33909842e+00    2.69626886e-02   -4.99918792e-02
2099     6.96419440e-09   -2.24663067e-02    3.25611816e+00    5.33147014e+00    1.78409539e-02   -5.00572395e-02
2100     6.96752774e-09    8.07979690e-03    3.28606838e+00    5.31637226e+00    2.07907342e-03   -5.01932432e-02
2101     6.97086107e-09    3.55396928e-02    3.31267080e+00    5.29945371e+00   -1.44278565e-02   -5.03491275e-02
2102     6.97419440e-09    4.94246339e-02    3.32575364e+00    5.28724709e+00   -2.53098865e-02   -5.04646523e-02
2103     6.97752774e-09    4.44310448e-02    3.32029956e+00    5.28458549e+00   -2.62527246e-02   -5.04939953e-02
2104     6.98086107e-09    2.24663067e-02    3.29836308e+00    5.29254757e+00   -1.68537681e-02   -5.04253428e-02
2105     6.98419440e-09   -8.07979690e-03    3.26829828e+00    5.30797856e+00   -8.33211498e-04   -5.02860653e-02
2106     6.98752774e-09   -3.55396928e-02    3.24157536e+00    5.32485800e+00    1.55554846e-02   -5.01306323e-02
2107     6.99086107e-09   -4.94246339e-02    3.22839146e+00    5.33679685e+00    2.61056377e-02   -5.00178357e-02
2108     6.99419440e-09   -4.44310448e-02    3.23376247e+00    5.33942145e+00    2.69613308e-02   -4.99889043e-02
2109     6.99752774e-09   -2.24663067e-02    3.25560758e+00    5.33179322e+00    1.78397376e-02   -5.00542640e-02
2110     7.00086107e-09    8.07979690e-03    3.28555799e+00    5.31669485e+00    2.07745703e-03   -5.01902725e-02
2111     7.00419440e-09    3.55396928e-02    3.31216065e+00    5.29977539e+00   -1.44302378e-02   -5.03461657e-02
2112     7.00752774e-09    4.94246339e-02    3.32524382e+00    5.28756771e+00   -2.53131430e-02   -5.04617010e-02
2113     7.01086107e-09    4.44310448e-02    3.31979009e+00    5.28490517e+00   -2.62566841e-02   -5.04910532e-02
2114     7.01419440e-09    2.24663067e-02    3.29785397e+00    5.29286672e+00   -1.68579801e-02   -5.04224058e-02
2115     7.01752774e-09   -8.07979690e-03    3.26778949e+00    5.30829780e+00   -8.37066991e-04   -5.02831272e-02
2116     7.02086107e-09   -3.55396928e-02    3.24106683e+00    5.32517786e+00    1.55524816e-02   -5.01276880e-02
2117     7.02419440e-09   -4.94246339e-02    3.22788311e+00    5.33711753e+00    2.61036092e-02   -5.00148832e-02
2118     7.02752774e-09   -4.44310448e-02    3.23325424e+00    5.33974269e+00    2.69599814e-02   -4.99859460e-02
2119     7.03086107e-09   -2.24663067e-02    3.25509950e+00    5.33211452e+00    1.78385289e-02   -5.00513051e-02
2120     7.03419440e-09    8.07979690e-03    3.28505008e+00    5.31701565e+00    2.07585001e-03   -5.01873185e-02
2121     7.03752774e-09    3.55396928e-02    3.31165300e+00    5.30009530e+00   -1.44326065e-02   -5.03432205e-02
2122     7.04086107e-09    4.94246339e-02    3.32473647e+00    5.28788656e+00   -2.53163829e-02   -5.04587662e-02
2123     7.04419440e-09    4.44310448e-02    3.31928310e+00    5.28522308e+00   -2.62606239e-02   -5.04881276e-02
2124     7.04752774e-09    2.24663067e-02    3.29734734e+00    5.29318411e+00   -1.68621716e-02   -5.04194852e-02
2125     7.05086107e-09   -8.07979690e-03    3.26728319e+00    5.30861528e+00   -8.40903490e-04   -5.02802056e-02
2126     7.05419440e-09   -3.55396928e-02    3.24056077e+00    5.32549596e+00    1.55494939e-02   -5.01247600e-02
2127     7.05752774e-09   -4.94246339e-02    3.22737723e+00    5.33743643e+00    2.61015920e-02   -5.00119471e-02
2128     7.06086107e-09   -4.44310448e-02    3.23274850e+00    5.34006215e+00    2.69586403e-02   -4.99830043e-02
2129     7.06419440e-09   -2.24663067e-02    3.25459388e+00    5.33243404e+00    1.78373280e-02   -5.00483627e-02
2130     7.06752774e-09    8.07979690e-03    3.28454465e+00    5.31733468e+00    2.07425231e-03   -5.01843809e-02
2131     7.07086107e-09    3.55396928e-02    3.31114781e+00    5.30041344e+00   -1.44349625e-02   -5.03402917e-02
2132     7.07419440e-09    4.94246339e-02    3.32423160e+00    5.28820365e+00   -2.53196063e-02   -5.04558477e-02
2133     7.07752774e-09    4.44310448e-02    3.31877858e+00    5.28553924e+00   -2.62645443e-02   -5.04852183e-02
2134     7.08086107e-09    2.24663067e-02    3.29684318e+00    5.29349974e+00   -1.68663425e-02   -5.04165810e-02
2135     7.08419440e-09   -8.07979690e-03    3.26677935e+00    5.30893099e+00   -8.44721094e-04   -5.02773004e-02
2136     7.08752774e-09   -3.55396928e-02    3.24005718e+00    5.32581230e+00    1.55465214e-02   -5.01218484e-02
2137     7.09086107e-09   -4.94246339e-02    3.22687381e+00    5.33775357e+00    2.60995859e-02   -5.00090274e-02
2138     7.09419440e-09   -4.44310448e-02    3.23224521e+00    5.34037985e+00    2.69573074e-02   -4.99800789e-02
2139     7.09752774e-09   -2.24663067e-02    3.25409073e+00    5.33275179e+00    1.78361346e-02   -5.00454367e-02
2140     7.10086107e-09    8.07979690e-03    3.28404168e+00    5.31765195e+00    2.07266385e-03   -5.01814597e-02
2141     7.10419440e-09    3.55396928e-02    3.31064509e+00    5.30072982e+00   -1.44373059e-02   -5.03373792e-02
2142     7.10752774e-09    4.94246339e-02    3.32372919e+00    5.28851898e+00   -2.53228134e-02   -5.04529456e-02
2143     7.11086107e-09    4.44310448e-02    3.31827652e+00    5.28585364e+00   -2.62684452e-02   -5.04823254e-02
2144     7.11419440e-09    2.24663067e-02    3.29634148e+00    5.29381363e+00   -1.68704930e-02   -5.04136930e-02
2145     7.11752774e-09   -8.07979690e-03    3.26627796e+00    5.30924496e+00   -8.48519901e-04   -5.02744114e-02
2146     7.12086107e-09   -3.55396928e-02    3.23955604e+00    5.32612688e+00    1.55435641e-02   -5.01189531e-02
2147     7.12419440e-09   -4.94246339e-02    3.22637285e+00    5.33806895e+00    2.60975908e-02   -5.00061241e-02
2148     7.12752774e-09   -4.44310448e-02    3.23174438e+00    5.34069579e+00    2.69559827e-02   -4.99771699e-02
2149     7.13086107e-09   -2.24663067e-02    3.25359003e+00    5.33306779e+00    1.78349487e-02   -5.00425271e-02
2150     7.13419440e-09    8.07979690e-03    3.28354115e+00    5.31796746e+00    2.07108458e-03   -5.01785548e-02
2151     7.13752774e-09    3.55396928e-02    3.31014481e+00    5.30104445e+00   -1.44396369e-02   -5.03344831e-02
2152     7.14086107e-09    4.94246339e-02    3.32322922e+00    5.28883257e+00   -2.53260042e-02   -5.04500597e-02
2153     7.14419440e-09    4.44310448e-02    3.31777690e+00    5.28616630e+00   -2.62723269e-02   -5.04794486e-02
2154     7.14752774e-09    2.24663067e-02    3.29584221e+00    5.29412577e+00   -1.68746233e-02   -5.04108212e-02
2155     7.15086107e-09   -8.07979690e-03    3.26577901e+00    5.30955720e+00   -8.52300010e-04   -5.02715385e-02
2156     7.15419440e-09   -3.55396928e-02    3.23905734e+00    5.32643973e+00    1.55406219e-02   -5.01160740e-02
2157     7.15752774e-09   -4.94246339e-02    3.22587433e+00    5.33838259e+00    2.60956067e-02   -5.00032370e-02
2158     7.16086107e-09   -4.44310448e-02    3.23124598e+00    5.34100999e+00    2.69546661e-02   -4.99742771e-02
2159     7.16419440e-09   -2.24663067e-02    3.25309177e+00    5.33338204e+00    1.78337704e-02   -5.00396337e-02
2160     7.16752774e-09    8.07979690e-03    3.28304307e+00    5.31828123e+00    2.06951443e-03   -5.01756662e-02
2161     7.17086107e-09    3.55396928e-02    3.30964697e+00    5.30135734e+00   -1.44419555e-02   -5.03316031e-02
2162     7.17419440e-09    4.94246339e-02    3.32273169e+00    5.28914442e+00   -2.53291788e-02   -5.04471900e-02
2163     7.17752774e-09    4.44310448e-02    3.31727972e+00    5.28647723e+00   -2.62761893e-02   -5.04765879e-02
2164     7.18086107e-09    2.24663067e-02    3.29534539e+00    5.29443619e+00   -1.68787333e-02   -5.04079655e-02
2165     7.18419440e-09   -8.07979690e-03    3.26528250e+00    5.30986770e+00   -8.56061516e-04   -5.02686818e-02
2166     7.18752774e-09   -3.55396928e-02    3.23856108e+00    5.32675084e+00    1.55376946e-02   -5.01132110e-02
2167     7.19086107e-09   -4.94246339e-02    3.22537823e+00    5.33869449e+00    2.60936336e-02   -5.00003660e-02
2168     7.19419440e-09   -4.44310448e-02    3.23075002e+00    5.34132245e+00    2.69533576e-02   -4.99714005e-02
2169     7.19752774e-09   -2.24663067e-02    3.25259593e+00    5.33369456e+00    1.78325994e-02   -5.00367565e-02
2170     7.20086107e-09    8.07979690e-03    3.28254741e+00    5.31859326e+00    2.06795335e-03   -5.01727937e-02
2171     7.20419440e-09    3.55396928e-02    3.30915156e+00    5.30166850e+00   -1.44442617e-02   -5.03287392e-02
2172     7.20752774e-09    4.94246339e-02    3.32223658e+00    5.28945454e+00   -2.53323372e-02   -5.04443363e-02
2173     7.21086107e-09    4.44310448e-02    3.31678496e+00    5.28678643e+00   -2.62800327e-02   -5.04737432e-02
2174     7.21419440e-09    2.24663067e-02    3.29485098e+00    5.29474488e+00   -1.68828232e-02   -5.04051257e-02
2175     7.21752774e-09   -8.07979690e-03    3.26478841e+00    5.31017648e+00   -8.59804518e-04   -5.02658410e-02
2176     7.22086107e-09   -3.55396928e-02    3.23806723e+00    5.32706023e+00    1.55347823e-02   -5.01103641e-02
2177     7.22419440e-09   -4.94246339e-02    3.22488456e+00    5.33900467e+00    2.60916713e-02   -4.99975110e-02
2178     7.22752774e-09   -4.44310448e-02    3.23025647e+00    5.34163318e+00    2.69520570e-02   -4.99685400e-02
2179     7.23086107e-09   -2.24663067e-02    3.25210251e+00    5.33400534e+00    1.78314358e-02   -5.00338953e-02
2180     7.23419440e-09    8.07979690e-03    3.28205417e+00    5.31890357e+00    2.06640125e-03   -5.01699373e-02
2181     7.23752774e-09    3.55396928e-02    3.30865856e+00    5.30197794e+00   -1.44465557e-02   -5.03258913e-02
2182     7.24086107e-09    4.94246339e-02    3.32174389e+00    5.28976295e+00   -2.53354797e-02   -5.04414986e-02
2183     7.24419440e-09    4.44310448e-02    3.31629261e+00    5.28709392e+00   -2.62838570e-02   -5.04709145e-02
2184     7.24752774e-09    2.24663067e-02    3.29435898e+00    5.29505186e+00   -1.68868932e-02   -5.04023019e-02
2185     7.25086107e-09   -8.07979690e-03    3.26429672e+00    5.31048355e+00   -8.63529112e-04   -5.02630162e-02
2186     7.25419440e-09   -3.55396928e-02    3.23757579e+00    5.32736791e+00    1.55318847e-02   -5.01075331e-02
2187     7.25752774e-09   -4.94246339e-02    3.22439329e+00    5.33931313e+00    2.60897197e-02   -4.99946721e-02
2188     7.26086107e-09   -4.44310448e-02    3.22976532e+00    5.34194219e+00    2.69507644e-02   -4.99656955e-02
2189     7.26419440e-09   -2.24663067e-02    3.25161150e+00    5.33431440e+00    1.78302795e-02   -5.00310502e-02
2190     7.26752774e-09    8.07979690e-03    3.28156333e+00    5.31921215e+00    2.06485810e-03   -5.01670968e-02
2191     7.27086107e-09    3.55396928e-02    3.30816797e+00    5.30228566e+00   -1.44488376e-02   -5.03230594e-02
2192     7.27419440e-09    4.94246339e-02    3.32125360e+00    5.29006964e+00   -2.53386062e-02   -5.04386768e-02
2193     7.27752774e-09    4.44310448e-02    3.31580267e+00    5.28739971e+00   -2.62876624e-02   -5.04681016e-02
2194     7.28086107e-09    2.24663067e-02    3.29386938e+00    5.29535714e+00   -1.68909432e-02   -5.03994939e-02
2195     7.28419440e-09   -8.07979690e-03    3.26380743e+00    5.31078891e+00   -8.67235393e-04   -5.02602072e-02
2196     7.28752774e-09   -3.55396928e-02    3.23708674e+00    5.32767387e+00    1.55290019e-02   -5.01047179e-02
2197     7.29086107e-09   -4.94246339e-02    3.22390441e+00    5.33961988e+00    2.60877789e-02   -4.99918490e-02
2198     7.29419440e-09   -4.44310448e-02    3.22927658e+00    5.34224949e+00    2.69494797e-02   -4.99628668e-02
2199     7.29752774e-09   -2.24663067e-02    3.25112288e+00    5.33462176e+00    1.78291304e-02   -5.00282210e-02
2200     7.30086107e-09    8.07979690e-03    3.28107489e+00    5.31951903e+00    2.06332382e-03   -5.01642722e-02
2201     7.30419440e-09    3.55396928e-02    3.30767976e+00    5.30259168e+00   -1.44511073e-02   -5.03202434e-02
2202     7.30752774e-09    4.94246339e-02    3.32076569e+00    5.29037464e+00   -2.53417169e-02   -5.04358708e-02
2203     7.31086107e-09    4.44310448e-02    3.31531511e+00    5.28770380e+00   -2.62914491e-02   -5.04653044e-02
2204     7.31419440e-09    2.24663067e-02    3.29338216e+00    5.29566073e+00   -1.68949734e-02   -5.03967016e-02
2205     7.31752774e-09   -8.07979690e-03    3.26332053e+00    5.31109258e+00   -8.70923457e-04   -5.02574139e-02
2206     7.32086107e-09   -3.55396928e-02    3.23660008e+00    5.32797815e+00    1.55261338e-02   -5.01019185e-02
2207     7.32419440e-09   -4.94246339e-02    3.22341792e+00    5.33992493e+00    2.60858486e-02   -4.99890418e-02
2208     7.32752774e-09   -4.44310448e-02    3.22879021e+00    5.34255508e+00    2.69482028e-02   -4.99600541e-02
2209     7.33086107e-09   -2.24663067e-02    3.25063664e+00    5.33492741e+00    1.78279885e-02   -5.00254076e-02
2210     7.33419440e-09    8.07979690e-03    3.28058883e+00    5.31982421e+00    2.06179835e-03   -5.01614635e-02
2211     7.33752774e-09    3.55396928e-02    3.30719394e+00    5.30289600e+00   -1.44533649e-02   -5.03174431e-02
2212     7.34086107e-09    4.94246339e-02    3.32028017e+00    5.29067794e+00   -2.53448118e-02   -5.04330805e-02
2213     7.34419440e-09    4.44310448e-02    3.31482992e+00    5.28800620e+00   -2.62952170e-02   -5.04625230e-02
2214     7.34752774e-09    2.24663067e-02    3.29289733e+00    5.29596263e+00   -1.68989840e-02   -5.03939250e-02
2215     7.35086107e-09   -8.07979690e-03    3.26283600e+00    5.31139457e+00   -8.74593398e-04   -5.02546363e-02
2216     7.35419440e-09   -3.55396928e-02    3.23611579e+00    5.32828073e+00    1.55232802e-02   -5.00991348e-02
2217     7.35752774e-09   -4.94246339e-02    3.22293380e+00    5.34022829e+00    2.60839290e-02   -4.99862502e-02
2218     7.36086107e-09   -4.44310448e-02    3.22830621e+00    5.34285899e+00    2.69469336e-02   -4.99572570e-02
2219     7.36419440e-09   -2.24663067e-02    3.25015278e+00    5.33523137e+00    1.78268537e-02   -5.00226099e-02
2220     7.36752774e-09    8.07979690e-03    3.28010513e+00    5.32012770e+00    2.06028163e-03   -5.01586704e-02
2221     7.37086107e-09    3.55396928e-02    3.30671048e+00    5.30319863e+00   -1.44556106e-02   -5.03146585e-02
2222     7.37419440e-09    4.94246339e-02    3.31979702e+00    5.29097957e+00   -2.53478910e-02   -5.04303058e-02
2223     7.37752774e-09    4.44310448e-02    3.31434711e+00    5.28830693e+00   -2.62989662e-02   -5.04597572e-02
2224     7.38086107e-09    2.24663067e-02    3.29241485e+00    5.29626286e+00   -1.69029749e-02   -5.03911640e-02
2225     7.38419440e-09   -8.07979690e-03    3.26235384e+00    5.31169488e+00   -8.78245313e-04   -5.02518743e-02
2226     7.38752774e-09   -3.55396928e-02    3.23563387e+00    5.32858164e+00    1.55204410e-02   -5.00963667e-02
2227     7.39086107e-09   -4.94246339e-02    3.22245204e+00    5.34052996e+00    2.60820198e-02   -4.99834743e-02
2228     7.39419440e-09   -4.44310448e-02    3.22782458e+00    5.34316121e+00    2.69456721e-02   -4.99544756e-02
2229     7.39752774e-09   -2.24663067e-02    3.24967127e+00    5.33553364e+00    1.78257260e-02   -5.00198280e-02
2230     7.40086107e-09    8.07979690e-03    3.27962380e+00    5.32042950e+00    2.05877360e-03   -5.01558931e-02
2231     7.40419440e-09    3.55396928e-02    3.30622938e+00    5.30349958e+00   -1.44578444e-02   -5.03118895e-02
2232     7.40752774e-09    4.94246339e-02    3.31931622e+00    5.29127951e+00   -2.53509547e-02   -5.04275468e-02
2233     7.41086107e-09    4.44310448e-02    3.31386664e+00    5.28860598e+00   -2.63026970e-02   -5.04570068e-02
2234     7.41419440e-09    2.24663067e-02    3.29193473e+00    5.29656141e+00   -1.69069464e-02   -5.03884185e-02
2235     7.41752774e-09   -8.07979690e-03    3.26187402e+00    5.31199352e+00   -8.81879293e-04   -5.02491278e-02
2236     7.42086107e-09   -3.55396928e-02    3.23515429e+00    5.32888087e+00    1.55176163e-02   -5.00936141e-02
2237     7.42419440e-09   -4.94246339e-02    3.22197263e+00    5.34082997e+00    2.60801210e-02   -4.99807140e-02
2238     7.42752774e-09   -4.44310448e-02    3.22734530e+00    5.34346175e+00    2.69444183e-02   -4.99517099e-02
2239     7.43086107e-09   -2.24663067e-02    3.24919211e+00    5.33583424e+00    1.78246053e-02   -5.00170616e-02
2240     7.43419440e-09    8.07979690e-03    3.27914481e+00    5.32072964e+00    2.05727420e-03   -5.01531312e-02
2241     7.43752774e-09    3.55396928e-02    3.30575063e+00    5.30379887e+00   -1.44600664e-02   -5.03091360e-02
2242     7.44086107e-09    4.94246339e-02    3.31883776e+00    5.29157780e+00   -2.53540028e-02   -5.04248031e-02
2243     7.44419440e-09    4.44310448e-02    3.31338853e+00    5.28890338e+00   -2.63064093e-02   -5.04542720e-02
2244     7.44752774e-09    2.24663067e-02    3.29145696e+00    5.29685831e+00   -1.69108984e-02   -5.03856884e-02
2245     7.45086107e-09   -8.07979690e-03    3.26139655e+00    5.31229050e+00   -8.85495434e-04   -5.02463967e-02
2246     7.45419440e-09   -3.55396928e-02    3.23467706e+00    5.32917845e+00    1.55148059e-02   -5.00908770e-02
2247     7.45752774e-09   -4.94246339e-02    3.22149556e+00    5.34112831e+00    2.60782326e-02   -4.99779691e-02
2248     7.46086107e-09   -4.44310448e-02    3.22686835e+00    5.34376063e+00    2.69431720e-02   -4.99489596e-02
2249     7.46419440e-09   -2.24663067e-02    3.24871529e+00    5.33613317e+00    1.78234915e-02   -5.00143107e-02
2250     7.46752774e-09    8.07979690e-03    3.27866816e+00    5.32102810e+00    2.05578337e-03   -5.01503849e-02
2251     7.47086107e-09    3.55396928e-02    3.30527422e+00    5.30409649e+00   -1.44622766e-02   -5.03063980e-02
2252     7.47419440e-09    4.94246339e-02    3.31836164e+00    5.29187442e+00   -2.53570355e-02   -5.04220749e-02
2253     7.47752774e-09    4.44310448e-02    3.31291274e+00    5.28919912e+00   -2.63101033e-02   -5.04515525e-02
2254     7.48086107e-09    2.24663067e-02    3.29098151e+00    5.29715356e+00   -1.69148312e-02   -5.03829737e-02
2255     7.48419440e-09   -8.07979690e-03    3.26092140e+00    5.31258583e+00   -8.89093827e-04   -5.02436810e-02
2256     7.48752774e-09   -3.55396928e-02    3.23420215e+00    5.32947437e+00    1.55120097e-02   -5.00881553e-02
2257     7.49086107e-09   -4.94246339e-02    3.22102082e+00    5.34142499e+00    2.60763544e-02   -4.99752397e-02
2258     7.49419440e-09   -4.44310448e-02    3.22639373e+00    5.34405784e+00    2.69419332e-02   -4.99462247e-02
2259     7.49752774e-09   -2.24663067e-02    3.24824079e+00    5.33643044e+00    1.78223847e-02   -5.00115752e-02
2260     7.50086107e-09    8.07979690e-03    3.27819383e+00    5.32132491e+00    2.05430106e-03   -5.01476540e-02
2261     7.50419440e-09    3.55396928e-02    3.30480012e+00    5.30439246e+00   -1.44644752e-02   -5.03036753e-02
2262     7.50752774e-09    4.94246339e-02    3.31788785e+00    5.29216940e+00   -2.53600528e-02   -5.04193621e-02
2263     7.51086107e-09    4.44310448e-02    3.31243928e+00    5.28949321e+00   -2.63137791e-02   -5.04488482e-02
2264     7.51419440e-09    2.24663067e-02    3.29050838e+00    5.29744716e+00   -1.69187447e-02   -5.03802742e-02
2265     7.51752774e-09   -8.07979690e-03    3.26044858e+00    5.31287952e+00   -8.92674566e-04   -5.02409805e-02
2266     7.52086107e-09   -3.55396928e-02    3.23372956e+00    5.32976864e+00    1.55092277e-02   -5.00854488e-02
2267     7.52419440e-09   -4.94246339e-02    3.22054840e+00    5.34172002e+00    2.60744864e-02   -4.99725256e-02
2268     7.52752774e-09   -4.44310448e-02    3.22592143e+00    5.34435341e+00    2.69407018e-02   -4.99435052e-02
2269     7.53086107e-09   -2.24663067e-02    3.24776862e+00    5.33672606e+00    1.78212847e-02   -5.00088551e-02
2270     7.53419440e-09    8.07979690e-03    3.27772182e+00    5.32162007e+00    2.05282720e-03   -5.01449383e-02
2271     7.53752774e-09    3.55396928e-02    3.30432835e+00    5.30468679e+00   -1.44666621e-02   -5.03009679e-02
2272     7.54086107e-09    4.94246339e-02    3.31741636e+00    5.29246274e+00   -2.53630549e-02   -5.04166644e-02
2273     7.54419440e-09    4.44310448e-02    3.31196812e+00    5.28978568e+00   -2.63174367e-02   -5.04461592e-02
2274     7.54752774e-09    2.24663067e-02    3.29003756e+00    5.29773914e+00   -1.69226392e-02   -5.03775898e-02
2275     7.55086107e-09   -8.07979690e-03    3.25997806e+00    5.31317158e+00   -8.96237743e-04   -5.02382952e-02
2276     7.55419440e-09   -3.55396928e-02    3.23325928e+00    5.33006128e+00    1.55064597e-02   -5.00827576e-02
2277     7.55752774e-09   -4.94246339e-02    3.22007828e+00    5.34201342e+00    2.60726286e-02   -4.99698267e-02
2278     7.56086107e-09   -4.44310448e-02    3.22545143e+00    5.34464734e+00    2.69394779e-02   -4.99408009e-02
2279     7.56419440e-09   -2.24663067e-02    3.24729874e+00    5.33702004e+00    1.78201914e-02   -5.00061502e-02
2280     7.56752774e-09    8.07979690e-03    3.27725212e+00    5.32191360e+00    2.05136172e-03   -5.01422380e-02
2281     7.57086107e-09    3.55396928e-02    3.30385887e+00    5.30497948e+00   -1.44688374e-02   -5.02982757e-02
2282     7.57419440e-09    4.94246339e-02    3.31694718e+00    5.29275445e+00   -2.53660418e-02   -5.04139819e-02
2283     7.57752774e-09    4.44310448e-02    3.31149927e+00    5.29007651e+00   -2.63210762e-02   -5.04434853e-02
2284     7.58086107e-09    2.24663067e-02    3.28956905e+00    5.29802949e+00   -1.69265146e-02   -5.03749206e-02
2285     7.58419440e-09   -8.07979690e-03    3.25950984e+00    5.31346201e+00   -8.99783448e-04   -5.02356250e-02
2286     7.58752774e-09   -3.55396928e-02    3.23279129e+00    5.33035229e+00    1.55037057e-02   -5.00800814e-02
2287     7.59086107e-09   -4.94246339e-02    3.21961045e+00    5.34230518e+00    2.60707808e-02   -4.99671429e-02
2288     7.59419440e-09   -4.44310448e-02    3.22498372e+00    5.34493963e+00    2.69382612e-02   -4.99381118e-02
2289     7.59752774e-09   -2.24663067e-02    3.24683116e+00    5.33731239e+00    1.78191049e-02   -5.00034605e-02
2290     7.60086107e-09    8.07979690e-03    3.27678470e+00    5.32220549e+00    2.04990459e-03   -5.01395528e-02
2291     7.60419440e-09    3.55396928e-02    3.30339169e+00    5.30527055e+00   -1.44710013e-02   -5.02955987e-02
2292     7.60752774e-09    4.94246339e-02    3.31648029e+00    5.29304453e+00   -2.53690135e-02   -5.04113145e-02
2293     7.61086107e-09    4.44310448e-02    3.31103271e+00    5.29036573e+00   -2.63246977e-02   -5.04408264e-02
2294     7.61419440e-09    2.24663067e-02    3.28910281e+00    5.29831822e+00   -1.69303711e-02   -5.03722664e-02
2295     7.61752774e-09   -8.07979690e-03    3.25904391e+00    5.31375082e+00   -9.03311773e-04   -5.02329698e-02
2296     7.62086107e-09   -3.55396928e-02    3.23232559e+00    5.33064169e+00    1.55009656e-02   -5.00774203e-02
2297     7.62419440e-09   -4.94246339e-02    3.21914491e+00    5.34259533e+00    2.60689430e-02   -4.99644743e-02
2298     7.62752774e-09   -4.44310448e-02    3.22451830e+00    5.34523030e+00    2.69370519e-02   -4.99354378e-02
2299     7.63086107e-09   -2.24663067e-02    3.24636586e+00    5.33760311e+00    1.78180251e-02   -5.00007860e-02
2300     7.63419440e-09    8.07979690e-03    3.27631957e+00    5.32249576e+00    2.04845573e-03   -5.01368826e-02
2301     7.63752774e-09    3.55396928e-02    3.30292679e+00    5.30555999e+00   -1.44731538e-02   -5.02929367e-02
2302     7.64086107e-09    4.94246339e-02    3.31601567e+00    5.29333300e+00   -2.53719703e-02   -5.04086621e-02
2303     7.64419440e-09    4.44310448e-02    3.31056842e+00    5.29065333e+00   -2.63283014e-02   -5.04381825e-02
2304     7.64752774e-09    2.24663067e-02    3.28863886e+00    5.29860534e+00   -1.69342088e-02   -5.03696272e-02
2305     7.65086107e-09   -8.07979690e-03    3.25858025e+00    5.31403802e+00   -9.06822808e-04   -5.02303296e-02
2306     7.65419440e-09   -3.55396928e-02    3.23186216e+00    5.33092947e+00    1.54982393e-02   -5.00747742e-02
2307     7.65752774e-09   -4.94246339e-02    3.21868165e+00    5.34288386e+00    2.60671151e-02   -4.99618206e-02
2308     7.66086107e-09   -4.44310448e-02    3.22405515e+00    5.34551936e+00    2.69358497e-02   -4.99327789e-02
2309     7.66419440e-09   -2.24663067e-02    3.24590284e+00    5.33789222e+00    1.78169519e-02   -4.99981264e-02
2310     7.66752774e-09    8.07979690e-03    3.27585671e+00    5.32278441e+00    2.04701509e-03   -5.01342275e-02
2311     7.67086107e-09    3.55396928e-02    3.30246416e+00    5.30584783e+00   -1.44752949e-02   -5.02902897e-02
2312     7.67419440e-09    4.94246339e-02    3.31555333e+00    5.29361987e+00   -2.53749121e-02   -5.04060246e-02
2313     7.67752774e-09    4.44310448e-02    3.31010640e+00    5.29093933e+00   -2.63318873e-02   -5.04355535e-02
2314     7.68086107e-09    2.24663067e-02    3.28817717e+00    5.29889086e+00   -1.69380277e-02   -5.03670028e-02
2315     7.68419440e-09   -8.07979690e-03    3.25811885e+00    5.31432363e+00   -9.10316644e-04   -5.02277043e-02
2316     7.68752774e-09   -3.55396928e-02    3.23140100e+00    5.33121565e+00    1.54955268e-02   -5.00721430e-02
2317     7.69086107e-09   -4.94246339e-02    3.21822064e+00    5.34317078e+00    2.60652971e-02   -4.99591819e-02
2318     7.69419440e-09   -4.44310448e-02    3.22359427e+00    5.34580680e+00    2.69346547e-02   -4.99301349e-02
2319     7.69752774e-09   -2.24663067e-02    3.24544207e+00    5.33817972e+00    1.78158852e-02   -4.99954818e-02
2320     7.70086107e-09    8.07979690e-03    3.27539611e+00    5.32307146e+00    2.04558262e-03   -5.01315873e-02
2321     7.70419440e-09    3.55396928e-02    3.30200378e+00    5.30613406e+00   -1.44774247e-02   -5.02876575e-02
2322     7.70752774e-09    4.94246339e-02    3.31509324e+00    5.29390514e+00   -2.53778390e-02   -5.04034020e-02
2323     7.71086107e-09    4.44310448e-02    3.30964664e+00    5.29122374e+00   -2.63354555e-02   -5.04329392e-02
2324     7.71419440e-09    2.24663067e-02    3.28771773e+00    5.29917480e+00   -1.69418280e-02   -5.03643932e-02
2325     7.71752774e-09   -8.07979690e-03    3.25765971e+00    5.31460764e+00   -9.13793369e-04   -5.02250937e-02
2326     7.72086107e-09   -3.55396928e-02    3.23094208e+00    5.33150023e+00    1.54928279e-02   -5.00695266e-02
2327     7.72419440e-09   -4.94246339e-02    3.21776189e+00    5.34345610e+00    2.60634889e-02   -4.99565580e-02
2328     7.72752774e-09   -4.44310448e-02    3.22313563e+00    5.34609265e+00    2.69334668e-02   -4.99275057e-02
2329     7.73086107e-09   -2.24663067e-02    3.24498356e+00    5.33846561e+00    1.78148251e-02   -4.99928521e-02
2330     7.73419440e-09    8.07979690e-03    3.27493776e+00    5.32335691e+00    2.04415825e-03   -5.01289620e-02
2331     7.73752774e-09    3.55396928e-02    3.30154566e+00    5.30641870e+00   -1.44795433e-02   -5.02850402e-02
2332     7.74086107e-09    4.94246339e-02    3.31463540e+00    5.29418881e+00   -2.53807512e-02   -5.04007942e-02
2333     7.74419440e-09    4.44310448e-02    3.30918912e+00    5.29150657e+00   -2.63390061e-02   -5.04303398e-02
2334     7.74752774e-09    2.24663067e-02    3.28726054e+00    5.29945714e+00   -1.69456098e-02   -5.03617983e-02
2335     7.75086107e-09   -8.07979690e-03    3.25720282e+00    5.31489007e+00   -9.17253073e-04   -5.02224979e-02
2336     7.75419440e-09   -3.55396928e-02    3.23048541e+00    5.33178323e+00    1.54901427e-02   -5.00669250e-02
2337     7.75752774e-09   -4.94246339e-02    3.21730538e+00    5.34373984e+00    2.60616904e-02   -4.99539489e-02
2338     7.76086107e-09   -4.44310448e-02    3.22267924e+00    5.34637690e+00    2.69322859e-02   -4.99248914e-02
2339     7.76419440e-09   -2.24663067e-02    3.24452728e+00    5.33874992e+00    1.78137714e-02   -4.99902371e-02
2340     7.76752774e-09    8.07979690e-03    3.27448165e+00    5.32364078e+00    2.04274193e-03   -5.01263514e-02
2341     7.77086107e-09    3.55396928e-02    3.30108977e+00    5.30670175e+00   -1.44816508e-02   -5.02824376e-02
2342     7.77419440e-09    4.94246339e-02    3.31417980e+00    5.29447091e+00   -2.53836486e-02   -5.03982010e-02
2343     7.77752774e-09    4.44310448e-02    3.30873384e+00    5.29178781e+00   -2.63425391e-02   -5.04277549e-02
2344     7.78086107e-09    2.24663067e-02    3.28680559e+00    5.29973792e+00   -1.69493731e-02   -5.03592180e-02
2345     7.78419440e-09   -8.07979690e-03    3.25674815e+00    5.31517093e+00   -9.20695844e-04   -5.02199167e-02
2346     7.78752774e-09   -3.55396928e-02    3.23003098e+00    5.33206465e+00    1.54874709e-02   -5.00643380e-02
2347     7.79086107e-09   -4.94246339e-02    3.21685110e+00    5.34402199e+00    2.60599016e-02   -4.99513545e-02
2348     7.79419440e-09   -4.44310448e-02    3.22222508e+00    5.34665957e+00    2.69311120e-02   -4.99222917e-02
2349     7.79752774e-09   -2.24663067e-02    3.24407324e+00    5.33903265e+00    1.78127242e-02   -4.99876369e-02
2350     7.80086107e-09    8.07979690e-03    3.27402777e+00    5.32392306e+00    2.04133361e-03   -5.01237555e-02
2351     7.80419440e-09    3.55396928e-02    3.30063612e+00    5.30698323e+00   -1.44837471e-02   -5.02798497e-02
2352     7.80752774e-09    4.94246339e-02    3.31372643e+00    5.29475144e+00   -2.53865314e-02   -5.03956224e-02
2353     7.81086107e-09    4.44310448e-02    3.30828079e+00    5.29206749e+00   -2.63460547e-02   -5.04251847e-02
2354     7.81419440e-09    2.24663068e-02    3.28635286e+00    5.30001712e+00   -1.69531181e-02   -5.03566523e-02
2355     7.81752774e-09   -8.07979690e-03    3.25629571e+00    5.31545021e+00   -9.24121769e-04   -5.02173500e-02
2356     7.82086107e-09   -3.55396928e-02    3.22957876e+00    5.33234450e+00    1.54848125e-02   -5.00617656e-02
2357     7.82419440e-09   -4.94246339e-02    3.21639904e+00    5.34430258e+00    2.60581223e-02   -4.99487747e-02
2358     7.82752774e-09   -4.44310448e-02    3.22177313e+00    5.34694067e+00    2.69299450e-02   -4.99197068e-02
2359     7.83086107e-09   -2.24663068e-02    3.24362142e+00    5.33931379e+00    1.78116832e-02   -4.99850514e-02
2360     7.83419440e-09    8.07979690e-03    3.27357611e+00    5.32420376e+00    2.03993322e-03   -5.01211743e-02
2361     7.83752774e-09    3.55396928e-02    3.30018468e+00    5.30726314e+00   -1.44858325e-02   -5.02772763e-02
2362     7.84086107e-09    4.94246339e-02    3.31327527e+00    5.29503039e+00   -2.53893996e-02   -5.03930584e-02
2363     7.84419440e-09    4.44310448e-02    3.30782994e+00    5.29234561e+00   -2.63495530e-02   -5.04226289e-02
2364     7.84752774e-09    2.24663068e-02    3.28590234e+00    5.30029477e+00   -1.69568447e-02   -5.03541011e-02
2365     7.85086107e-09   -8.07979690e-03    3.25584548e+00    5.31572794e+00   -9.27530936e-04   -5.02147979e-02
2366     7.85419440e-09   -3.55396928e-02    3.22912875e+00    5.33262279e+00    1.54821675e-02   -5.00592077e-02
2367     7.85752774e-09   -4.94246339e-02    3.21594919e+00    5.34458159e+00    2.60563526e-02   -4.99462095e-02
2368     7.86086107e-09   -4.44310448e-02    3.22132340e+00    5.34722020e+00    2.69287848e-02   -4.99171363e-02
2369     7.86419440e-09   -2.24663068e-02    3.24317180e+00    5.33959338e+00    1.78106486e-02   -4.99824803e-02
2370     7.86752774e-09    8.07979690e-03    3.27312665e+00    5.32448291e+00    2.03854072e-03   -5.01186076e-02
2371     7.87086107e-09    3.55396928e-02    3.29973544e+00    5.30754148e+00   -1.44879069e-02   -5.02747175e-02
2372     7.87419440e-09    4.94246339e-02    3.31282631e+00    5.29530780e+00   -2.53922533e-02   -5.03905089e-02
2373     7.87752774e-09    4.44310448e-02    3.30738131e+00    5.29262217e+00   -2.63530340e-02   -5.04200876e-02
2374     7.88086107e-09    2.24663068e-02    3.28545402e+00    5.30057087e+00   -1.69605532e-02   -5.03515643e-02
2375     7.88419440e-09   -8.07979690e-03    3.25539745e+00    5.31600411e+00   -9.30923432e-04   -5.02122601e-02
2376     7.88752774e-09   -3.55396928e-02    3.22868095e+00    5.33289953e+00    1.54795358e-02   -5.00566643e-02
2377     7.89086107e-09   -4.94246339e-02    3.21550154e+00    5.34485905e+00    2.60545923e-02   -4.99436587e-02
2378     7.89419440e-09   -4.44310448e-02    3.22087586e+00    5.34749817e+00    2.69276315e-02   -4.99145804e-02
2379     7.89752774e-09   -2.24663068e-02    3.24272438e+00    5.33987140e+00    1.78096203e-02   -4.99799238e-02
2380     7.90086107e-09    8.07979690e-03    3.27267939e+00    5.32476049e+00    2.03715605e-03   -5.01160554e-02
2381     7.90419440e-09    3.55396928e-02    3.29928841e+00    5.30781827e+00   -1.44899704e-02   -5.02721731e-02
2382     7.90752774e-09    4.94246339e-02    3.31237956e+00    5.29558365e+00   -2.53950927e-02   -5.03879737e-02
2383     7.91086107e-09    4.44310448e-02    3.30693486e+00    5.29289719e+00   -2.63564978e-02   -5.04175607e-02
2384     7.91419440e-09    2.24663068e-02    3.28500790e+00    5.30084542e+00   -1.69642437e-02   -5.03490419e-02
2385     7.91752774e-09   -8.07979690e-03    3.25495161e+00    5.31627875e+00   -9.34299342e-04   -5.02097367e-02
2386     7.92086107e-09   -3.55396928e-02    3.22823533e+00    5.33317472e+00    1.54769173e-02   -5.00541352e-02
2387     7.92419440e-09   -4.94246339e-02    3.21505608e+00    5.34513497e+00    2.60528415e-02   -4.99411223e-02
2388     7.92752774e-09   -4.44310448e-02    3.22043052e+00    5.34777459e+00    2.69264849e-02   -4.99120389e-02
2389     7.93086107e-09   -2.24663068e-02    3.24227915e+00    5.34014787e+00    1.78085981e-02   -4.99773817e-02
2390     7.93419440e-09    8.07979690e-03    3.27223432e+00    5.32503653e+00    2.03577916e-03   -5.01135175e-02
2391     7.93752774e-09    3.55396928e-02    3.29884356e+00    5.30809352e+00   -1.44920230e-02   -5.02696430e-02
2392     7.94086107e-09    4.94246339e-02    3.31193498e+00    5.29585796e+00   -2.53979177e-02   -5.03854529e-02
2393     7.94419440e-09    4.44310448e-02    3.30649060e+00    5.29317067e+00   -2.63599445e-02   -5.04150480e-02
2394     7.94752774e-09    2.24663068e-02    3.28456395e+00    5.30111844e+00   -1.69679161e-02   -5.03465336e-02
2395     7.95086107e-09   -8.07979690e-03    3.25450795e+00    5.31655184e+00   -9.37658752e-04   -5.02072276e-02
2396     7.95419440e-09   -3.55396928e-02    3.22779189e+00    5.33344837e+00    1.54743119e-02   -5.00516204e-02
2397     7.95752774e-09   -4.94246339e-02    3.21461280e+00    5.34540934e+00    2.60510999e-02   -4.99386002e-02
2398     7.96086107e-09   -4.44310448e-02    3.21998735e+00    5.34804946e+00    2.69253450e-02   -4.99095117e-02
2399     7.96419440e-09   -2.24663068e-02    3.24183610e+00    5.34042280e+00    1.78075820e-02   -4.99748540e-02
2400     7.96752774e-09    8.07979690e-03    3.27179143e+00    5.32531103e+00    2.03440999e-03   -5.01109940e-02
2401     7.97086107e-09    3.55396928e-02    3.29840088e+00    5.30836723e+00   -1.44940649e-02   -5.02671273e-02
2402     7.97419440e-09    4.94246339e-02    3.31149258e+00    5.29613074e+00   -2.54007284e-02   -5.03829463e-02
2403     7.97752774e-09    4.44310448e-02    3.30604852e+00    5.29344262e+00   -2.63633742e-02   -5.04125495e-02
2404     7.98086107e-09    2.24663068e-02    3.28412218e+00    5.30138993e+00   -1.69715706e-02   -5.03440396e-02
2405     7.98419440e-09   -8.07979690e-03    3.25406646e+00    5.31682341e+00   -9.41001748e-04   -5.02047327e-02
2406     7.98752774e-09   -3.55396928e-02    3.22735063e+00    5.33372049e+00    1.54717195e-02   -5.00491198e-02
2407     7.99086107e-09   -4.94246339e-02    3.21417168e+00    5.34568217e+00    2.60493676e-02   -4.99360924e-02
2408     7.99419440e-09   -4.44310448e-02    3.21954635e+00    5.34832280e+00    2.69242118e-02   -4.99069988e-02
2409     7.99752774e-09   -2.24663068e-02    3.24139522e+00    5.34069619e+00    1.78065721e-02   -4.99723405e-02
2410     8.00086107e-09    8.07979690e-03    3.27135070e+00    5.32558399e+00    2.03304848e-03   -5.01084848e-02
2411     8.00419440e-09    3.55396928e-02    3.29796037e+00    5.30863941e+00   -1.44960961e-02   -5.02646257e-02
2412     8.00752774e-09    4.94246339e-02    3.31105235e+00    5.29640199e+00   -2.54035250e-02   -5.03804539e-02
2413     8.01086107e-09    4.44310448e-02    3.30560859e+00    5.29371305e+00   -2.63667870e-02   -5.04100652e-02
2414     8.01419440e-09    2.24663068e-02    3.28368258e+00    5.30165990e+00   -1.69752072e-02   -5.03415597e-02
2415     8.01752774e-09   -8.07979690e-03    3.25362714e+00    5.31709346e+00   -9.44328414e-04   -5.02022518e-02
2416     8.02086107e-09   -3.55396928e-02    3.22691152e+00    5.33399109e+00    1.54691401e-02   -5.00466333e-02
2417     8.02419440e-09   -4.94246339e-02    3.21373273e+00    5.34595349e+00    2.60476445e-02   -4.99335988e-02
2418     8.02752774e-09   -4.44310448e-02    3.21910751e+00    5.34859462e+00    2.69230851e-02   -4.99045001e-02
2419     8.03086107e-09   -2.24663068e-02    3.24095649e+00    5.34096806e+00    1.78055682e-02   -4.99698412e-02
2420     8.03419440e-09    8.07979690e-03    3.27091213e+00    5.32585543e+00    2.03169460e-03   -5.01059897e-02
2421     8.03752774e-09    3.55396928e-02    3.29752202e+00    5.30891007e+00   -1.44981166e-02   -5.02621383e-02
2422     8.04086107e-09    4.94246339e-02    3.31061427e+00    5.29667173e+00   -2.54063074e-02   -5.03779756e-02
2423     8.04419440e-09    4.44310448e-02    3.30517082e+00    5.29398197e+00   -2.63701829e-02   -5.04075949e-02
2424     8.04752774e-09    2.24663068e-02    3.28324512e+00    5.30192836e+00   -1.69788262e-02   -5.03390938e-02
2425     8.05086107e-09   -8.07979690e-03    3.25318996e+00    5.31736200e+00   -9.47638834e-04   -5.01997850e-02
2426     8.05419440e-09   -3.55396928e-02    3.22647456e+00    5.33426018e+00    1.54665736e-02   -5.00441610e-02
2427     8.05752774e-09   -4.94246339e-02    3.21329592e+00    5.34622328e+00    2.60459305e-02   -4.99311192e-02
2428     8.06086107e-09   -4.44310448e-02    3.21867081e+00    5.34886491e+00    2.69219650e-02   -4.99020155e-02
2429     8.06419440e-09   -2.24663068e-02    3.24051991e+00    5.34123840e+00    1.78045703e-02   -4.99673560e-02
2430     8.06752774e-09    8.07979690e-03    3.27047571e+00    5.32612534e+00    2.03034828e-03   -5.01035087e-02
2431     8.07086107e-09    3.55396928e-02    3.29708581e+00    5.30917921e+00   -1.45001266e-02   -5.02596650e-02
2432     8.07419440e-09    4.94246339e-02    3.31017833e+00    5.29693995e+00   -2.54090758e-02   -5.03755113e-02
2433     8.07752774e-09    4.44310448e-02    3.30473519e+00    5.29424938e+00   -2.63735621e-02   -5.04051386e-02
2434     8.08086107e-09    2.24663068e-02    3.28280980e+00    5.30219532e+00   -1.69824275e-02   -5.03366419e-02
2435     8.08419440e-09   -8.07979690e-03    3.25275492e+00    5.31762903e+00   -9.50933090e-04   -5.01973322e-02
2436     8.08752774e-09   -3.55396928e-02    3.22603974e+00    5.33452775e+00    1.54640199e-02   -5.00417026e-02
2437     8.09086107e-09   -4.94246339e-02    3.21286125e+00    5.34649157e+00    2.60442257e-02   -4.99286537e-02
2438     8.09419440e-09   -4.44310448e-02    3.21823625e+00    5.34913370e+00    2.69208513e-02   -4.98995449e-02
2439     8.09752774e-09   -2.24663068e-02    3.24008547e+00    5.34150724e+00    1.78035784e-02   -4.99648849e-02
2440     8.10086107e-09    8.07979690e-03    3.27004142e+00    5.32639375e+00    2.02900947e-03   -5.01010417e-02
2441     8.10419440e-09    3.55396928e-02    3.29665174e+00    5.30944685e+00   -1.45021260e-02   -5.02572056e-02
2442     8.10752774e-09    4.94246339e-02    3.30974453e+00    5.29720668e+00   -2.54118302e-02   -5.03730609e-02
2443     8.11086107e-09    4.44310448e-02    3.30430170e+00    5.29451529e+00   -2.63769246e-02   -5.04026962e-02
2444     8.11419440e-09    2.24663068e-02    3.28237662e+00    5.30246078e+00   -1.69860112e-02   -5.03342039e-02
2445     8.11752774e-09   -8.07979690e-03    3.25232201e+00    5.31789457e+00   -9.54211267e-04   -5.01948933e-02
2446     8.12086107e-09   -3.55396928e-02    3.22560705e+00    5.33479383e+00    1.54614790e-02   -5.00392581e-02
2447     8.12419440e-09   -4.94246339e-02    3.21242871e+00    5.34675835e+00    2.60425298e-02   -4.99262021e-02
2448     8.12752774e-09   -4.44310448e-02    3.21780382e+00    5.34940097e+00    2.69197440e-02   -4.98970883e-02
2449     8.13086107e-09   -2.24663068e-02    3.23965315e+00    5.34177457e+00    1.78025923e-02   -4.99624277e-02
2450     8.13419440e-09    8.07979690e-03    3.26960926e+00    5.32666066e+00    2.02767812e-03   -5.00985887e-02
2451     8.13752774e-09    3.55396928e-02    3.29621979e+00    5.30971299e+00   -1.45041149e-02   -5.02547602e-02
2452     8.14086107e-09    4.94246339e-02    3.30931285e+00    5.29747191e+00   -2.54145707e-02   -5.03706245e-02
2453     8.14419440e-09    4.44310448e-02    3.30387033e+00    5.29477972e+00   -2.63802705e-02   -5.04002677e-02
2454     8.14752774e-09    2.24663068e-02    3.28194555e+00    5.30272475e+00   -1.69895774e-02   -5.03317798e-02
2455     8.15086107e-09   -8.07979690e-03    3.25189123e+00    5.31815862e+00   -9.57473447e-04   -5.01924682e-02
2456     8.15419440e-09   -3.55396928e-02    3.22517648e+00    5.33505842e+00    1.54589507e-02   -5.00368275e-02
2457     8.15752774e-09   -4.94246339e-02    3.21199829e+00    5.34702364e+00    2.60408428e-02   -4.99237644e-02
2458     8.16086107e-09   -4.44310448e-02    3.21737351e+00    5.34966676e+00    2.69186432e-02   -4.98946457e-02
2459     8.16419440e-09   -2.24663068e-02    3.23922295e+00    5.34204040e+00    1.78016121e-02   -4.99599845e-02
2460     8.16752774e-09    8.07979690e-03    3.26917921e+00    5.32692608e+00    2.02635418e-03   -5.00961496e-02
2461     8.17086107e-09    3.55396928e-02    3.29578996e+00    5.30997764e+00   -1.45060935e-02   -5.02523287e-02
2462     8.17419440e-09    4.94246339e-02    3.30888329e+00    5.29773565e+00   -2.54172974e-02   -5.03682018e-02
2463     8.17752774e-09    4.44310448e-02    3.30344106e+00    5.29504265e+00   -2.63835998e-02   -5.03978529e-02
2464     8.18086107e-09    2.24663068e-02    3.28151660e+00    5.30298724e+00   -1.69931263e-02   -5.03293693e-02
2465     8.18419440e-09   -8.07979690e-03    3.25146255e+00    5.31842118e+00   -9.60719710e-04   -5.01900569e-02
2466     8.18752774e-09   -3.55396928e-02    3.22474801e+00    5.33532153e+00    1.54564350e-02   -5.00344107e-02
2467     8.19086107e-09   -4.94246339e-02    3.21156998e+00    5.34728744e+00    2.60391648e-02   -4.99213406e-02
2468     8.19419440e-09   -4.44310448e-02    3.21694531e+00    5.34993105e+00    2.69175486e-02   -4.98922168e-02
2469     8.19752774e-09   -2.24663068e-02    3.23879486e+00    5.34230475e+00    1.78006377e-02   -4.99575551e-02
2470     8.20086107e-09    8.07979690e-03    3.26875127e+00    5.32719000e+00    2.02503760e-03   -5.00937243e-02
2471     8.20419440e-09    3.55396928e-02    3.29536223e+00    5.31024080e+00   -1.45080617e-02   -5.02499109e-02
2472     8.20752774e-09    4.94246339e-02    3.30845583e+00    5.29799792e+00   -2.54200104e-02   -5.03657929e-02
2473     8.21086107e-09    4.44310448e-02    3.30301391e+00    5.29530412e+00   -2.63869128e-02   -5.03954519e-02
2474     8.21419440e-09    2.24663068e-02    3.28108975e+00    5.30324825e+00   -1.69966578e-02   -5.03269726e-02
2475     8.21752774e-09   -8.07979690e-03    3.25103597e+00    5.31868227e+00   -9.63950139e-04   -5.01876593e-02
2476     8.22086107e-09   -3.55396928e-02    3.22432165e+00    5.33558316e+00    1.54539319e-02   -5.00320076e-02
2477     8.22419440e-09   -4.94246339e-02    3.21114376e+00    5.34754977e+00    2.60374955e-02   -4.99189304e-02
2478     8.22752774e-09   -4.44310448e-02    3.21651920e+00    5.35019386e+00    2.69164603e-02   -4.98898018e-02
2479     8.23086107e-09   -2.24663068e-02    3.23836886e+00    5.34256761e+00    1.77996690e-02   -4.99551395e-02
2480     8.23419440e-09    8.07979690e-03    3.26832543e+00    5.32745245e+00    2.02372834e-03   -5.00913128e-02
2481     8.23752774e-09    3.55396928e-02    3.29493660e+00    5.31050249e+00   -1.45100195e-02   -5.02475068e-02
2482     8.24086107e-09    4.94246339e-02    3.30803046e+00    5.29825871e+00   -2.54227096e-02   -5.03633977e-02
2483     8.24419440e-09    4.44310448e-02    3.30258884e+00    5.29556411e+00   -2.63902093e-02   -5.03930644e-02
2484     8.24752774e-09    2.24663068e-02    3.28066499e+00    5.30350780e+00   -1.70001721e-02   -5.03245895e-02
2485     8.25086107e-09   -8.07979690e-03    3.25061148e+00    5.31894190e+00   -9.67164814e-04   -5.01852752e-02
2486     8.25419440e-09   -3.55396928e-02    3.22389737e+00    5.33584332e+00    1.54514412e-02   -5.00296182e-02
2487     8.25752774e-09   -4.94246339e-02    3.21071963e+00    5.34781062e+00    2.60358351e-02   -4.99165340e-02
2488     8.26086107e-09   -4.44310448e-02    3.21609518e+00    5.35045520e+00    2.69153783e-02   -4.98874004e-02
2489     8.26419440e-09   -2.24663068e-02    3.23794496e+00    5.34282900e+00    1.77987060e-02   -4.99527375e-02
2490     8.26752774e-09    8.07979690e-03    3.26790167e+00    5.32771342e+00    2.02242633e-03   -5.00889149e-02
2491     8.27086107e-09    3.55396928e-02    3.29451305e+00    5.31076271e+00   -1.45119672e-02   -5.02451163e-02
2492     8.27419440e-09    4.94246339e-02    3.30760718e+00    5.29851804e+00   -2.54253952e-02   -5.03610160e-02
2493     8.27752774e-09    4.44310448e-02    3.30216586e+00    5.29582265e+00   -2.63934896e-02   -5.03906906e-02
2494     8.28086107e-09    2.24663068e-02    3.28024231e+00    5.30376590e+00   -1.70036693e-02   -5.03222199e-02
2495     8.28419440e-09   -8.07979690e-03    3.25018907e+00    5.31920007e+00   -9.70363814e-04   -5.01829048e-02
2496     8.28752774e-09   -3.55396928e-02    3.22347518e+00    5.33610202e+00    1.54489629e-02   -5.00272423e-02
2497     8.29086107e-09   -4.94246339e-02    3.21029758e+00    5.34807001e+00    2.60341833e-02   -4.99141511e-02
2498     8.29419440e-09   -4.44310448e-02    3.21567324e+00    5.35071508e+00    2.69143023e-02   -4.98850126e-02
2499     8.29752774e-09   -2.24663068e-02    3.23752312e+00    5.34308892e+00    1.77977487e-02   -4.99503492e-02
2500     8.30086107e-09    8.07979690e-03    3.26747999e+00    5.32797294e+00    2.02113154e-03   -5.00865306e-02
2501     8.30419440e-09    3.55396928e-02    3.29409158e+00    5.31102147e+00   -1.45139047e-02   -5.02427395e-02
2502     8.30752774e-09    4.94246339e-02    3.30718597e+00    5.29877591e+00   -2.54280673e-02   -5.03586479e-02
2503     8.31086107e-09    4.44310448e-02    3.30174495e+00    5.29607973e+00   -2.63967537e-02   -5.03883302e-02
2504     8.31419440e-09    2.24663068e-02    3.27982170e+00    5.30402254e+00   -1.70071494e-02   -5.03198638e-02
2505     8.31752774e-09   -8.07979690e-03    3.24976874e+00    5.31945679e+00   -9.73547220e-04   -5.01805478e-02
2506     8.32086107e-09   -3.55396928e-02    3.22305505e+00    5.33635926e+00    1.54464969e-02   -5.00248799e-02
2507     8.32419440e-09   -4.94246339e-02    3.20987760e+00    5.34832794e+00    2.60325402e-02   -4.99117818e-02
2508     8.32752774e-09   -4.44310448e-02    3.21525337e+00    5.35097349e+00    2.69132325e-02   -4.98826384e-02
2509     8.33086107e-09   -2.24663068e-02    3.23710336e+00    5.34334739e+00    1.77967970e-02   -4.99479744e-02
2510     8.33419440e-09    8.07979690e-03    3.26706038e+00    5.32823099e+00    2.01984391e-03   -5.00841599e-02
2511     8.33752774e-09    3.55396928e-02    3.29367218e+00    5.31127878e+00   -1.45158320e-02   -5.02403761e-02
2512     8.34086107e-09    4.94246339e-02    3.30676683e+00    5.29903234e+00   -2.54307259e-02   -5.03562932e-02
2513     8.34419440e-09    4.44310448e-02    3.30132610e+00    5.29633537e+00   -2.64000017e-02   -5.03859833e-02
2514     8.34752774e-09    2.24663068e-02    3.27940315e+00    5.30427774e+00   -1.70106125e-02   -5.03175210e-02
2515     8.35086107e-09   -8.07979690e-03    3.24935046e+00    5.31971206e+00   -9.76715111e-04   -5.01782042e-02
2516     8.35419440e-09   -3.55396928e-02    3.22263698e+00    5.33661506e+00    1.54440432e-02   -5.00225309e-02
2517     8.35752774e-09   -4.94246339e-02    3.20945968e+00    5.34858442e+00    2.60309056e-02   -4.99094259e-02
2518     8.36086107e-09   -4.44310448e-02    3.21483555e+00    5.35123045e+00    2.69121688e-02   -4.98802777e-02
2519     8.36419440e-09   -2.24663068e-02    3.23668566e+00    5.34360440e+00    1.77958509e-02   -4.99456131e-02
2520     8.36752774e-09    8.07979690e-03    3.26664283e+00    5.32848760e+00    2.01856340e-03   -5.00818026e-02
2521     8.37086107e-09    3.55396928e-02    3.29325483e+00    5.31153464e+00   -1.45177493e-02   -5.02380262e-02
2522     8.37419440e-09    4.94246339e-02    3.30634974e+00    5.29928732e+00   -2.54333710e-02   -5.03539520e-02
2523     8.37752774e-09    4.44310448e-02    3.30090931e+00    5.29658957e+00   -2.64032336e-02   -5.03836497e-02
2524     8.38086107e-09    2.24663068e-02    3.27898666e+00    5.30453150e+00   -1.70140587e-02   -5.03151917e-02
2525     8.38419440e-09   -8.07979690e-03    3.24893424e+00    5.31996589e+00   -9.79867564e-04   -5.01758739e-02
2526     8.38752774e-09   -3.55396928e-02    3.22222097e+00    5.33686942e+00    1.54416016e-02   -5.00201953e-02
2527     8.39086107e-09   -4.94246339e-02    3.20904381e+00    5.34883946e+00    2.60292796e-02   -4.99070835e-02
2528     8.39419440e-09   -4.44310448e-02    3.21441979e+00    5.35148597e+00    2.69111111e-02   -4.98779304e-02
2529     8.39752774e-09   -2.24663068e-02    3.23627000e+00    5.34385997e+00    1.77949103e-02   -4.99432653e-02
2530     8.40086107e-09    8.07979690e-03    3.26622732e+00    5.32874276e+00    2.01728995e-03   -5.00794588e-02
2531     8.40419440e-09    3.55396928e-02    3.29283953e+00    5.31178907e+00   -1.45196566e-02   -5.02356896e-02
2532     8.40752774e-09    4.94246339e-02    3.30593470e+00    5.29954087e+00   -2.54360028e-02   -5.03516240e-02
2533     8.41086107e-09    4.44310448e-02    3.30049456e+00    5.29684234e+00   -2.64064495e-02   -5.03813293e-02
2534     8.41419440e-09    2.24663068e-02    3.27857221e+00    5.30478383e+00   -1.70174882e-02   -5.03128756e-02
2535     8.41752774e-09   -8.07979690e-03    3.24852005e+00    5.32021830e+00   -9.83004658e-04   -5.01735570e-02
2536     8.42086107e-09   -3.55396928e-02    3.22180699e+00    5.33712235e+00    1.54391721e-02   -5.00178730e-02
2537     8.42419440e-09   -4.94246339e-02    3.20862998e+00    5.34909307e+00    2.60276621e-02   -4.99047543e-02
2538     8.42752774e-09   -4.44310448e-02    3.21400606e+00    5.35174006e+00    2.69100593e-02   -4.98755964e-02
2539     8.43086107e-09   -2.24663068e-02    3.23585638e+00    5.34411411e+00    1.77939752e-02   -4.99409307e-02
2540     8.43419440e-09    8.07979690e-03    3.26581385e+00    5.32899649e+00    2.01602353e-03   -5.00771282e-02
2541     8.43752774e-09    3.55396928e-02    3.29242626e+00    5.31204206e+00   -1.45215539e-02   -5.02333663e-02
2542     8.44086107e-09    4.94246339e-02    3.30552169e+00    5.29979299e+00   -2.54386213e-02   -5.03493093e-02
2543     8.44419440e-09    4.44310448e-02    3.30008185e+00    5.29709368e+00   -2.64096496e-02   -5.03790223e-02
2544     8.44752774e-09    2.24663068e-02    3.27815980e+00    5.30503475e+00   -1.70209008e-02   -5.03105726e-02
2545     8.45086107e-09   -8.07979690e-03    3.24810790e+00    5.32046929e+00   -9.86126470e-04   -5.01712532e-02
2546     8.45419440e-09   -3.55396928e-02    3.22139504e+00    5.33737385e+00    1.54367547e-02   -5.00155639e-02
2547     8.45752774e-09   -4.94246339e-02    3.20821818e+00    5.34934525e+00    2.60260529e-02   -4.99024384e-02
2548     8.46086107e-09   -4.44310448e-02    3.21359437e+00    5.35199271e+00    2.69090134e-02   -4.98732757e-02
2549     8.46419440e-09   -2.24663068e-02    3.23544480e+00    5.34436681e+00    1.77930455e-02   -4.99386095e-02
2550     8.46752774e-09    8.07979690e-03    3.26540241e+00    5.32924879e+00    2.01476408e-03   -5.00748109e-02
2551     8.47086107e-09    3.55396928e-02    3.29201502e+00    5.31229363e+00   -1.45234413e-02   -5.02310562e-02
2552     8.47419440e-09    4.94246339e-02    3.30511071e+00    5.30004369e+00   -2.54412266e-02   -5.03470078e-02
2553     8.47752774e-09    4.44310448e-02    3.29967116e+00    5.29734361e+00   -2.64128338e-02   -5.03767283e-02
2554     8.48086107e-09    2.24663068e-02    3.27774940e+00    5.30528424e+00   -1.70242968e-02   -5.03082829e-02
2555     8.48419440e-09   -8.07979690e-03    3.24769777e+00    5.32071886e+00   -9.89233076e-04   -5.01689626e-02
2556     8.48752774e-09   -3.55396928e-02    3.22098512e+00    5.33762394e+00    1.54343492e-02   -5.00132680e-02
2557     8.49086107e-09   -4.94246339e-02    3.20780840e+00    5.34959600e+00    2.60244521e-02   -4.99001358e-02
2558     8.49419440e-09   -4.44310448e-02    3.21318469e+00    5.35224394e+00    2.69079734e-02   -4.98709682e-02
2559     8.49752774e-09   -2.24663068e-02    3.23503523e+00    5.34461809e+00    1.77921211e-02   -4.99363015e-02
2560     8.50086107e-09    8.07979690e-03    3.26499299e+00    5.32949967e+00    2.01351155e-03   -5.00725068e-02
2561     8.50419440e-09    3.55396927e-02    3.29160581e+00    5.31254378e+00   -1.45253189e-02   -5.02287593e-02
2562     8.50752774e-09    4.94246339e-02    3.30470175e+00    5.30029297e+00   -2.54438188e-02   -5.03447194e-02
2563     8.51086107e-09    4.44310448e-02    3.29926249e+00    5.29759213e+00   -2.64160023e-02   -5.03744475e-02
2564     8.51419440e-09    2.24663068e-02    3.27734102e+00    5.30553233e+00   -1.70276763e-02   -5.03060062e-02
2565     8.51752774e-09   -8.07979690e-03    3.24728966e+00    5.32096702e+00   -9.92324553e-04   -5.01666850e-02
2566     8.52086107e-09   -3.55396927e-02    3.22057721e+00    5.33787262e+00    1.54319557e-02   -5.00109852e-02
2567     8.52419440e-09   -4.94246339e-02    3.20740063e+00    5.34984535e+00    2.60228596e-02   -4.98978462e-02
2568     8.52752774e-09   -4.44310448e-02    3.21277703e+00    5.35249376e+00    2.69069393e-02   -4.98686739e-02
2569     8.53086107e-09   -2.24663068e-02    3.23462767e+00    5.34486796e+00    1.77912021e-02   -4.99340066e-02
2570     8.53419440e-09    8.07979690e-03    3.26458558e+00    5.32974914e+00    2.01226592e-03   -5.00702158e-02
2571     8.53752774e-09    3.55396927e-02    3.29119860e+00    5.31279252e+00   -1.45271867e-02   -5.02264755e-02
2572     8.54086107e-09    4.94246339e-02    3.30429480e+00    5.30054086e+00   -2.54463978e-02   -5.03424440e-02
2573     8.54419440e-09    4.44310448e-02    3.29885582e+00    5.29783925e+00   -2.64191551e-02   -5.03721796e-02
2574     8.54752774e-09    2.24663068e-02    3.27693465e+00    5.30577902e+00   -1.70310392e-02   -5.03037424e-02
2575     8.55086107e-09   -8.07979690e-03    3.24688354e+00    5.32121378e+00   -9.95400976e-04   -5.01644204e-02
2576     8.55419440e-09   -3.55396927e-02    3.22017130e+00    5.33811989e+00    1.54295739e-02   -5.00087154e-02
2577     8.55752774e-09   -4.94246339e-02    3.20699486e+00    5.35009329e+00    2.60212753e-02   -4.98955697e-02
2578     8.56086107e-09   -4.44310448e-02    3.21237136e+00    5.35274217e+00    2.69059109e-02   -4.98663927e-02
2579     8.56419440e-09   -2.24663068e-02    3.23422211e+00    5.34511642e+00    1.77902885e-02   -4.99317248e-02
2580     8.56752774e-09    8.07979690e-03    3.26418016e+00    5.32999720e+00    2.01102711e-03   -5.00679379e-02
2581     8.57086107e-09    3.55396927e-02    3.29079338e+00    5.31303986e+00   -1.45290447e-02   -5.02242047e-02
2582     8.57419440e-09    4.94246339e-02    3.30388984e+00    5.30078734e+00   -2.54489639e-02   -5.03401817e-02
2583     8.57752774e-09    4.44310448e-02    3.29845115e+00    5.29808497e+00   -2.64222923e-02   -5.03699247e-02
2584     8.58086107e-09    2.24663068e-02    3.27653027e+00    5.30602432e+00   -1.70343857e-02   -5.03014917e-02
2585     8.58419440e-09   -8.07979690e-03    3.24647942e+00    5.32145915e+00   -9.98462421e-04   -5.01621688e-02
2586     8.58752774e-09   -3.55396927e-02    3.21976738e+00    5.33836577e+00    1.54272040e-02   -5.00064586e-02
2587     8.59086107e-09   -4.94246339e-02    3.20659108e+00    5.35033983e+00    2.60196992e-02   -4.98933061e-02
2588     8.59419440e-09   -4.44310448e-02    3.21196769e+00    5.35298917e+00    2.69048882e-02   -4.98641244e-02
2589     8.59752774e-09   -2.24663068e-02    3.23381855e+00    5.34536348e+00    1.77893800e-02   -4.99294560e-02
2590     8.60086107e-09    8.07979690e-03    3.26377674e+00    5.33024386e+00    2.00979511e-03   -5.00656730e-02
2591     8.60419440e-09    3.55396927e-02    3.29039016e+00    5.31328581e+00   -1.45308931e-02   -5.02219469e-02
2592     8.60752774e-09    4.94246339e-02    3.30348687e+00    5.30103243e+00   -2.54515169e-02   -5.03379322e-02
2593     8.61086107e-09    4.44310448e-02    3.29804847e+00    5.29832931e+00   -2.64254140e-02   -5.03676827e-02
2594     8.61419440e-09    2.24663068e-02    3.27612788e+00    5.30626823e+00   -1.70377159e-02   -5.02992537e-02
2595     8.61752774e-09   -8.07979690e-03    3.24607729e+00    5.32170313e+00   -1.00150896e-03   -5.01599300e-02
2596     8.62086107e-09   -3.55396927e-02    3.21936545e+00    5.33861027e+00    1.54248457e-02   -5.00042146e-02
2597     8.62419440e-09   -4.94246339e-02    3.20618929e+00    5.35058498e+00    2.60181313e-02   -4.98910555e-02
2598     8.62752774e-09   -4.44310448e-02    3.21156600e+00    5.35323479e+00    2.69038712e-02   -4.98618691e-02
2599     8.63086107e-09   -2.24663068e-02    3.23341696e+00    5.34560914e+00    1.77884768e-02   -4.99272001e-02
2600     8.63419440e-09    8.07979690e-03    3.26337530e+00    5.33048914e+00    2.00856984e-03   -5.00634210e-02
2601     8.63752774e-09    3.55396927e-02    3.28998892e+00    5.31353036e+00   -1.45327318e-02   -5.02197019e-02
2602     8.64086107e-09    4.94246339e-02    3.30308588e+00    5.30127614e+00   -2.54540571e-02   -5.03356956e-02
2603     8.64419440e-09    4.44310448e-02    3.29764777e+00    5.29857226e+00   -2.64285202e-02   -5.03654535e-02
2604     8.64752774e-09    2.24663068e-02    3.27572746e+00    5.30651077e+00   -1.70410298e-02   -5.02970286e-02
2605     8.65086107e-09   -8.07979690e-03    3.24567713e+00    5.32194574e+00   -1.00454067e-03   -5.01577041e-02
2606     8.65419440e-09   -3.55396927e-02    3.21896549e+00    5.33885337e+00    1.54224991e-02   -5.00019835e-02
2607     8.65752774e-09   -4.94246339e-02    3.20578947e+00    5.35082875e+00    2.60165714e-02   -4.98888178e-02
2608     8.66086107e-09   -4.44310448e-02    3.21116629e+00    5.35347902e+00    2.69028598e-02   -4.98596267e-02
2609     8.66419440e-09   -2.24663068e-02    3.23301735e+00    5.34585342e+00    1.77875788e-02   -4.99249571e-02
2610     8.66752774e-09    8.07979690e-03    3.26297583e+00    5.33073302e+00    2.00735129e-03   -5.00611819e-02
2611     8.67086107e-09    3.55396927e-02    3.28958965e+00    5.31377354e+00   -1.45345609e-02   -5.02174698e-02
2612     8.67419440e-09    4.94246339e-02    3.30268686e+00    5.30151848e+00   -2.54565844e-02   -5.03334718e-02
2613     8.67752774e-09    4.44310448e-02    3.29724903e+00    5.29881384e+00   -2.64316110e-02   -5.03632371e-02
2614     8.68086107e-09    2.24663068e-02    3.27532901e+00    5.30675193e+00   -1.70443275e-02   -5.02948162e-02
2615     8.68419440e-09   -8.07979690e-03    3.24527894e+00    5.32218697e+00   -1.00755762e-03   -5.01554909e-02
2616     8.68752774e-09   -3.55396927e-02    3.21856750e+00    5.33909511e+00    1.54201640e-02   -4.99997652e-02
2617     8.69086107e-09   -4.94246339e-02    3.20539162e+00    5.35107114e+00    2.60150195e-02   -4.98865928e-02
2618     8.69419440e-09   -4.44310448e-02    3.21076853e+00    5.35372187e+00    2.69018540e-02   -4.98573970e-02
2619     8.69752774e-09   -2.24663068e-02    3.23261971e+00    5.34609632e+00    1.77866858e-02   -4.99227270e-02
2620     8.70086107e-09    8.07979690e-03    3.26257833e+00    5.33097553e+00    2.00613939e-03   -5.00589555e-02
2621     8.70419440e-09    3.55396927e-02    3.28919235e+00    5.31401534e+00   -1.45363805e-02   -5.02152504e-02
2622     8.70752774e-09    4.94246339e-02    3.30228980e+00    5.30175944e+00   -2.54590989e-02   -5.03312607e-02
2623     8.71086107e-09    4.44310448e-02    3.29685225e+00    5.29905406e+00   -2.64346866e-02   -5.03610333e-02
2624     8.71419440e-09    2.24663068e-02    3.27493252e+00    5.30699172e+00   -1.70476091e-02   -5.02926165e-02
2625     8.71752774e-09   -8.07979689e-03    3.24488270e+00    5.32242683e+00   -1.01055989e-03   -5.01532903e-02
2626     8.72086107e-09   -3.55396927e-02    3.21817147e+00    5.33933548e+00    1.54178404e-02   -4.99975595e-02
2627     8.72419440e-09   -4.94246339e-02    3.20499572e+00    5.35131216e+00    2.60134756e-02   -4.98843806e-02
2628     8.72752774e-09   -4.44310448e-02    3.21037274e+00    5.35396335e+00    2.69008537e-02   -4.98551802e-02
2629     8.73086107e-09   -2.24663068e-02    3.23222401e+00    5.34633784e+00    1.77857980e-02   -4.99205095e-02
2630     8.73419440e-09    8.07979689e-03    3.26218278e+00    5.33121667e+00    2.00493412e-03   -5.00567419e-02
2631     8.73752774e-09    3.55396927e-02    3.28879699e+00    5.31425577e+00   -1.45381906e-02   -5.02130438e-02
2632     8.74086107e-09    4.94246339e-02    3.30189470e+00    5.30199904e+00   -2.54616008e-02   -5.03290623e-02
2633     8.74419440e-09    4.44310448e-02    3.29645743e+00    5.29929291e+00   -2.64377468e-02   -5.03588422e-02
2634     8.74752774e-09    2.24663068e-02    3.27453798e+00    5.30723016e+00   -1.70508747e-02   -5.02904294e-02
2635     8.75086107e-09   -8.07979689e-03    3.24448842e+00    5.32266534e+00   -1.01354755e-03   -5.01511024e-02
2636     8.75419440e-09   -3.55396927e-02    3.21777738e+00    5.33957448e+00    1.54155283e-02   -4.99953665e-02
2637     8.75752774e-09   -4.94246339e-02    3.20460177e+00    5.35155181e+00    2.60119396e-02   -4.98821810e-02
2638     8.76086107e-09   -4.44310448e-02    3.20997889e+00    5.35420346e+00    2.68998589e-02   -4.98529760e-02
2639     8.76419440e-09   -2.24663068e-02    3.23183026e+00    5.34657801e+00    1.77849152e-02   -4.99183048e-02
2640     8.76752774e-09    8.07979689e-03    3.26178917e+00    5.33145645e+00    2.00373542e-03   -5.00545409e-02
2641     8.77086107e-09    3.55396927e-02    3.28840358e+00    5.31449485e+00   -1.45399913e-02   -5.02108498e-02
2642     8.77419440e-09    4.94246339e-02    3.30150153e+00    5.30223728e+00   -2.54640899e-02   -5.03268765e-02
2643     8.77752774e-09    4.44310448e-02    3.29606454e+00    5.29953041e+00   -2.64407920e-02   -5.03566636e-02
2644     8.78086107e-09    2.24663068e-02    3.27414538e+00    5.30746725e+00   -1.70541242e-02   -5.02882548e-02
2645     8.78419440e-09   -8.07979689e-03    3.24409607e+00    5.32290250e+00   -1.01652067e-03   -5.01489270e-02
2646     8.78752774e-09   -3.55396927e-02    3.21738522e+00    5.33981214e+00    1.54132276e-02   -4.99931860e-02
2647     8.79086107e-09   -4.94246339e-02    3.20420976e+00    5.35179011e+00    2.60104114e-02   -4.98799940e-02
2648     8.79419440e-09   -4.44310448e-02    3.20958697e+00    5.35444221e+00    2.68988696e-02   -4.98507844e-02
2649     8.79752774e-09   -2.24663068e-02    3.23143845e+00    5.34681681e+00    1.77840374e-02   -4.99161127e-02
2650     8.80086107e-09    8.07979689e-03    3.26139750e+00    5.33169487e+00    2.00254325e-03   -5.00523526e-02
2651     8.80419440e-09    3.55396927e-02    3.28801210e+00    5.31473257e+00   -1.45417826e-02   -5.02086683e-02
2652     8.80752774e-09    4.94246339e-02    3.30111030e+00    5.30247417e+00   -2.54665665e-02   -5.03247031e-02
2653     8.81086107e-09    4.44310448e-02    3.29567359e+00    5.29976657e+00   -2.64438220e-02   -5.03544975e-02
2654     8.81419440e-09    2.24663068e-02    3.27375470e+00    5.30770299e+00   -1.70573579e-02   -5.02860927e-02
2655     8.81752774e-09   -8.07979689e-03    3.24370565e+00    5.32313831e+00   -1.01947932e-03   -5.01467641e-02
2656     8.82086107e-09   -3.55396927e-02    3.21699500e+00    5.34004844e+00    1.54109382e-02   -4.99910181e-02
2657     8.82419440e-09   -4.94246339e-02    3.20381967e+00    5.35202706e+00    2.60088910e-02   -4.98778196e-02
2658     8.82752774e-09   -4.44310448e-02    3.20919698e+00    5.35467961e+00    2.68978857e-02   -4.98486054e-02
2659     8.83086107e-09   -2.24663068e-02    3.23104857e+00    5.34705426e+00    1.77831646e-02   -4.99139331e-02
2660     8.83419440e-09    8.07979689e-03    3.26100775e+00    5.33193194e+00    2.00135758e-03   -5.00501768e-02
2661     8.83752774e-09    3.55396927e-02    3.28762255e+00    5.31496894e+00   -1.45435646e-02   -5.02064993e-02
2662     8.84086107e-09    4.94246339e-02    3.30072099e+00    5.30270972e+00   -2.54690305e-02   -5.03225423e-02
2663     8.84419440e-09    4.44310448e-02    3.29528456e+00    5.30000139e+00   -2.64468370e-02   -5.03523439e-02
2664     8.84752774e-09    2.24663068e-02    3.27336595e+00    5.30793740e+00   -1.70605758e-02   -5.02839430e-02
2665     8.85086107e-09   -8.07979689e-03    3.24331715e+00    5.32337279e+00   -1.02242357e-03   -5.01446136e-02
2666     8.85419440e-09   -3.55396927e-02    3.21660670e+00    5.34028341e+00    1.54086600e-02   -4.99888626e-02
2667     8.85752774e-09   -4.94246339e-02    3.20343150e+00    5.35226266e+00    2.60073784e-02   -4.98756576e-02
2668     8.86086107e-09   -4.44310448e-02    3.20880892e+00    5.35491567e+00    2.68969071e-02   -4.98464389e-02
2669     8.86419440e-09   -2.24663068e-02    3.23066060e+00    5.34729036e+00    1.77822968e-02   -4.99117661e-02
2670     8.86752774e-09    8.07979689e-03    3.26061993e+00    5.33216766e+00    2.00017836e-03   -5.00480134e-02
2671     8.87086107e-09    3.55396927e-02    3.28723492e+00    5.31520397e+00   -1.45453372e-02   -5.02043428e-02
2672     8.87419440e-09    4.94246339e-02    3.30033360e+00    5.30294394e+00   -2.54714821e-02   -5.03203938e-02
2673     8.87752774e-09    4.44310448e-02    3.29489744e+00    5.30023487e+00   -2.64498370e-02   -5.03502026e-02
2674     8.88086107e-09    2.24663068e-02    3.27297912e+00    5.30817048e+00   -1.70637779e-02   -5.02818057e-02
2675     8.88419440e-09   -8.07979689e-03    3.24293056e+00    5.32360593e+00   -1.02535349e-03   -5.01424754e-02
2676     8.88752774e-09   -3.55396927e-02    3.21622030e+00    5.34051704e+00    1.54063930e-02   -4.99867194e-02
2677     8.89086107e-09   -4.94246339e-02    3.20304524e+00    5.35249693e+00    2.60058735e-02   -4.98735081e-02
2678     8.89419440e-09   -4.44310448e-02    3.20842276e+00    5.35515039e+00    2.68959339e-02   -4.98442848e-02
2679     8.89752774e-09   -2.24663068e-02    3.23027454e+00    5.34752513e+00    1.77814338e-02   -4.99096114e-02
2680     8.90086107e-09    8.07979689e-03    3.26023401e+00    5.33240205e+00    1.99900555e-03   -5.00458625e-02
2681     8.90419440e-09    3.55396927e-02    3.28684919e+00    5.31543768e+00   -1.45471007e-02   -5.02021987e-02
2682     8.90752774e-09    4.94246339e-02    3.29994812e+00    5.30317682e+00   -2.54739212e-02   -5.03182577e-02
2683     8.91086107e-09    4.44310448e-02    3.29451223e+00    5.30046703e+00   -2.64528221e-02   -5.03480736e-02
2684     8.91419440e-09    2.24663068e-02    3.27259418e+00    5.30840223e+00   -1.70669644e-02   -5.02796806e-02
2685     8.91752774e-09   -8.07979689e-03    3.24254588e+00    5.32383775e+00   -1.02826915e-03   -5.01403496e-02
2686     8.92086107e-09   -3.55396927e-02    3.21583581e+00    5.34074935e+00    1.54041372e-02   -4.99845886e-02
2687     8.92419440e-09   -4.94246339e-02    3.20266089e+00    5.35272987e+00    2.60043763e-02   -4.98713708e-02
2688     8.92752774e-09   -4.44310448e-02    3.20803850e+00    5.35538377e+00    2.68949659e-02   -4.98421430e-02
2689     8.93086107e-09   -2.24663068e-02    3.22989039e+00    5.34775857e+00    1.77805756e-02   -4.99074691e-02
2690     8.93419440e-09    8.07979689e-03    3.25984999e+00    5.33263511e+00    1.99783911e-03   -5.00437239e-02
2691     8.93752774e-09    3.55396927e-02    3.28646536e+00    5.31567005e+00   -1.45488549e-02   -5.02000668e-02
2692     8.94086107e-09    4.94246339e-02    3.29956453e+00    5.30340838e+00   -2.54763480e-02   -5.03161339e-02
2693     8.94419440e-09    4.44310448e-02    3.29412891e+00    5.30069787e+00   -2.64557924e-02   -5.03459569e-02
2694     8.94752774e-09    2.24663068e-02    3.27221115e+00    5.30863266e+00   -1.70701352e-02   -5.02775678e-02
2695     8.95086107e-09   -8.07979689e-03    3.24216308e+00    5.32406825e+00   -1.03117062e-03   -5.01382360e-02
2696     8.95419440e-09   -3.55396927e-02    3.21545321e+00    5.34098034e+00    1.54018924e-02   -4.99824700e-02
2697     8.95752774e-09   -4.94246339e-02    3.20227842e+00    5.35296149e+00    2.60028866e-02   -4.98692459e-02
2698     8.96086107e-09   -4.44310448e-02    3.20765613e+00    5.35561584e+00    2.68940032e-02   -4.98400136e-02
2699     8.96419440e-09   -2.24663068e-02    3.22950812e+00    5.34799068e+00    1.77797223e-02   -4.99053391e-02
2700     8.96752774e-09    8.07979689e-03    3.25946786e+00    5.33286685e+00    1.99667901e-03   -5.00415976e-02
2701     8.97086107e-09    3.55396927e-02    3.28608342e+00    5.31590111e+00   -1.45506000e-02   -5.01979472e-02
2702     8.97419440e-09    4.94246339e-02    3.29918283e+00    5.30363863e+00   -2.54787625e-02   -5.03140223e-02
2703     8.97752774e-09    4.44310448e-02    3.29374749e+00    5.30092740e+00   -2.64587479e-02   -5.03438523e-02
2704     8.98086107e-09    2.24663068e-02    3.27182999e+00    5.30886179e+00   -1.70732905e-02   -5.02754672e-02
2705     8.98419440e-09   -8.07979689e-03    3.24178218e+00    5.32429744e+00   -1.03405797e-03   -5.01361345e-02
2706     8.98752774e-09   -3.55396927e-02    3.21507250e+00    5.34121001e+00    1.53996586e-02   -4.99803637e-02
2707     8.99086107e-09   -4.94246339e-02    3.20189784e+00    5.35319179e+00    2.60014045e-02   -4.98671332e-02
2708     8.99419440e-09   -4.44310448e-02    3.20727565e+00    5.35584658e+00    2.68930456e-02   -4.98378964e-02
2709     8.99752774e-09   -2.24663068e-02    3.22912774e+00    5.34822147e+00    1.77788738e-02   -4.99032214e-02
2710     9.00086107e-09    8.07979689e-03    3.25908761e+00    5.33309727e+00    1.99552519e-03   -5.00394835e-02
2711     9.00419440e-09    3.55396927e-02    3.28570336e+00    5.31613085e+00   -1.45523360e-02   -5.01958398e-02
2712     9.00752774e-09    4.94246339e-02    3.29880301e+00    5.30386757e+00   -2.54811647e-02   -5.03119228e-02
2713     9.01086107e-09    4.44310448e-02    3.29336794e+00    5.30115562e+00   -2.64616888e-02   -5.03417599e-02
2714     9.01419440e-09    2.24663068e-02    3.27145072e+00    5.30908961e+00   -1.70764304e-02   -5.02733786e-02
2715     9.01752774e-09   -8.07979689e-03    3.24140315e+00    5.32452533e+00   -1.03693127e-03   -5.01340452e-02
2716     9.02086107e-09   -3.55396927e-02    3.21469366e+00    5.34143838e+00    1.53974358e-02   -4.99782694e-02
2717     9.02419440e-09   -4.94246339e-02    3.20151913e+00    5.35342078e+00    2.59999299e-02   -4.98650326e-02
2718     9.02752774e-09   -4.44310448e-02    3.20689704e+00    5.35607601e+00    2.68920933e-02   -4.98357913e-02
2719     9.03086107e-09   -2.24663068e-02    3.22874923e+00    5.34845095e+00    1.77780300e-02   -4.99011158e-02
2720     9.03419440e-09    8.07979689e-03    3.25870924e+00    5.33332638e+00    1.99437763e-03   -5.00373816e-02
2721     9.03752774e-09    3.55396927e-02    3.28532518e+00    5.31635929e+00   -1.45540629e-02   -5.01937446e-02
2722     9.04086107e-09    4.94246339e-02    3.29842506e+00    5.30409521e+00   -2.54835547e-02   -5.03098354e-02
2723     9.04419440e-09    4.44310448e-02    3.29299026e+00    5.30138254e+00   -2.64646150e-02   -5.03396795e-02
2724     9.04752774e-09    2.24663068e-02    3.27107331e+00    5.30931613e+00   -1.70795548e-02   -5.02713021e-02
2725     9.05086107e-09   -8.07979689e-03    3.24102598e+00    5.32475191e+00   -1.03979058e-03   -5.01319679e-02
2726     9.05419440e-09   -3.55396927e-02    3.21431669e+00    5.34166544e+00    1.53952238e-02   -4.99761872e-02
2727     9.05752774e-09   -4.94246339e-02    3.20114229e+00    5.35364847e+00    2.59984627e-02   -4.98629441e-02
2728     9.06086107e-09   -4.44310448e-02    3.20652029e+00    5.35630414e+00    2.68911460e-02   -4.98336984e-02
2729     9.06419440e-09   -2.24663068e-02    3.22837258e+00    5.34867913e+00    1.77771909e-02   -4.98990224e-02
2730     9.06752774e-09    8.07979689e-03    3.25833273e+00    5.33355419e+00    1.99323629e-03   -5.00352917e-02
2731     9.07086107e-09    3.55396927e-02    3.28494885e+00    5.31658642e+00   -1.45557809e-02   -5.01916614e-02
2732     9.07419440e-09    4.94246339e-02    3.29804897e+00    5.30432155e+00   -2.54859326e-02   -5.03077600e-02
2733     9.07752774e-09    4.44310448e-02    3.29261444e+00    5.30160817e+00   -2.64675266e-02   -5.03376111e-02
2734     9.08086107e-09    2.24663068e-02    3.27069776e+00    5.30954136e+00   -1.70826639e-02   -5.02692375e-02
2735     9.08419440e-09   -8.07979689e-03    3.24065068e+00    5.32497721e+00   -1.04263598e-03   -5.01299025e-02
2736     9.08752774e-09   -3.55396927e-02    3.21394157e+00    5.34189122e+00    1.53930227e-02   -4.99741170e-02
2737     9.09086107e-09   -4.94246339e-02    3.20076731e+00    5.35387486e+00    2.59970029e-02   -4.98608677e-02
2738     9.09419440e-09   -4.44310448e-02    3.20614541e+00    5.35653097e+00    2.68902038e-02   -4.98316176e-02
2739     9.09752774e-09   -2.24663068e-02    3.22799779e+00    5.34890601e+00    1.77763564e-02   -4.98969410e-02
2740     9.10086107e-09    8.07979689e-03    3.25795807e+00    5.33378070e+00    1.99210112e-03   -5.00332139e-02
2741     9.10419440e-09    3.55396927e-02    3.28457438e+00    5.31681227e+00   -1.45574899e-02   -5.01895901e-02
2742     9.10752774e-09    4.94246339e-02    3.29767474e+00    5.30454660e+00   -2.54882984e-02   -5.03056967e-02
2743     9.11086107e-09    4.44310448e-02    3.29224047e+00    5.30183252e+00   -2.64704238e-02   -5.03355546e-02
2744     9.11419440e-09    2.24663068e-02    3.27032406e+00    5.30976531e+00   -1.70857578e-02   -5.02671849e-02
2745     9.11752774e-09   -8.07979689e-03    3.24027722e+00    5.32520122e+00   -1.04546752e-03   -5.01278491e-02
2746     9.12086107e-09   -3.55396927e-02    3.21356830e+00    5.34211570e+00    1.53908324e-02   -4.99720588e-02
2747     9.12419440e-09   -4.94246339e-02    3.20039417e+00    5.35409997e+00    2.59955505e-02   -4.98588032e-02
2748     9.12752774e-09   -4.44310448e-02    3.20577236e+00    5.35675651e+00    2.68892666e-02   -4.98295487e-02
2749     9.13086107e-09   -2.24663068e-02    3.22762485e+00    5.34913160e+00    1.77755266e-02   -4.98948716e-02
2750     9.13419440e-09    8.07979689e-03    3.25758526e+00    5.33400593e+00    1.99097210e-03   -5.00311481e-02
2751     9.13752774e-09    3.55396927e-02    3.28420176e+00    5.31703682e+00   -1.45591899e-02   -5.01875309e-02
2752     9.14086107e-09    4.94246339e-02    3.29730235e+00    5.30477037e+00   -2.54906522e-02   -5.03036452e-02
2753     9.14419440e-09    4.44310448e-02    3.29186835e+00    5.30205558e+00   -2.64733065e-02   -5.03335100e-02
2754     9.14752774e-09    2.24663068e-02    3.26995221e+00    5.30998798e+00   -1.70888365e-02   -5.02651441e-02
2755     9.15086107e-09   -8.07979689e-03    3.23990561e+00    5.32542396e+00   -1.04828527e-03   -5.01258076e-02
2756     9.15419440e-09   -3.55396927e-02    3.21319688e+00    5.34233891e+00    1.53886528e-02   -4.99700125e-02
2757     9.15752774e-09   -4.94246339e-02    3.20002287e+00    5.35432379e+00    2.59941054e-02   -4.98567507e-02
2758     9.16086107e-09   -4.44310448e-02    3.20540116e+00    5.35698076e+00    2.68883345e-02   -4.98274918e-02
2759     9.16419440e-09   -2.24663068e-02    3.22725374e+00    5.34935590e+00    1.77747014e-02   -4.98928141e-02
2760     9.16752774e-09    8.07979689e-03    3.25721429e+00    5.33422987e+00    1.98984917e-03   -5.00290942e-02
2761     9.17086107e-09    3.55396927e-02    3.28383097e+00    5.31726010e+00   -1.45608811e-02   -5.01854835e-02
2762     9.17419440e-09    4.94246339e-02    3.29693180e+00    5.30499286e+00   -2.54929941e-02   -5.03016055e-02
2763     9.17752774e-09    4.44310448e-02    3.29149806e+00    5.30227737e+00   -2.64761749e-02   -5.03314772e-02
2764     9.18086107e-09    2.24663068e-02    3.26958219e+00    5.31020938e+00   -1.70919001e-02   -5.02631151e-02
2765     9.18419440e-09   -8.07979689e-03    3.23953583e+00    5.32564542e+00   -1.05108930e-03   -5.01237779e-02
2766     9.18752774e-09   -3.55396927e-02    3.21282728e+00    5.34256084e+00    1.53864838e-02   -4.99679779e-02
2767     9.19086107e-09   -4.94246339e-02    3.19965341e+00    5.35454633e+00    2.59926676e-02   -4.98547100e-02
2768     9.19419440e-09   -4.44310448e-02    3.20503179e+00    5.35720374e+00    2.68874072e-02   -4.98254467e-02
2769     9.19752774e-09   -2.24663068e-02    3.22688447e+00    5.34957892e+00    1.77738808e-02   -4.98907685e-02
2770     9.20086107e-09    8.07979689e-03    3.25684515e+00    5.33445253e+00    1.98873232e-03   -5.00270521e-02
2771     9.20419440e-09    3.55396927e-02    3.28346202e+00    5.31748210e+00   -1.45625635e-02   -5.01834479e-02
2772     9.20752774e-09    4.94246339e-02    3.29656307e+00    5.30521408e+00   -2.54953240e-02   -5.02995777e-02
2773     9.21086107e-09    4.44310448e-02    3.29112960e+00    5.30249790e+00   -2.64790289e-02   -5.03294562e-02
2774     9.21419440e-09    2.24663068e-02    3.26921399e+00    5.31042951e+00   -1.70949486e-02   -5.02610979e-02
2775     9.21752774e-09   -8.07979689e-03    3.23916787e+00    5.32586562e+00   -1.05387968e-03   -5.01217599e-02
2776     9.22086107e-09   -3.55396927e-02    3.21245951e+00    5.34278151e+00    1.53843255e-02   -4.99659552e-02
2777     9.22419440e-09   -4.94246339e-02    3.19928577e+00    5.35476760e+00    2.59912369e-02   -4.98526811e-02
2778     9.22752774e-09   -4.44310448e-02    3.20466424e+00    5.35742544e+00    2.68864849e-02   -4.98234135e-02
2779     9.23086107e-09   -2.24663068e-02    3.22651702e+00    5.34980067e+00    1.77730647e-02   -4.98887348e-02
2780     9.23419440e-09    8.07979689e-03    3.25647783e+00    5.33467392e+00    1.98762149e-03   -5.00250219e-02
2781     9.23752774e-09    3.55396927e-02    3.28309488e+00    5.31770284e+00   -1.45642371e-02   -5.01814242e-02
2782     9.24086107e-09    4.94246339e-02    3.29619617e+00    5.30543404e+00   -2.54976420e-02   -5.02975615e-02
2783     9.24419440e-09    4.44310448e-02    3.29076295e+00    5.30271716e+00   -2.64818687e-02   -5.03274469e-02
2784     9.24752774e-09    2.24663068e-02    3.26884761e+00    5.31064839e+00   -1.70979822e-02   -5.02590923e-02
2785     9.25086107e-09   -8.07979689e-03    3.23880173e+00    5.32608456e+00   -1.05665646e-03   -5.01197535e-02
2786     9.25419440e-09   -3.55396927e-02    3.21209355e+00    5.34300091e+00    1.53821777e-02   -4.99639441e-02
2787     9.25752774e-09   -4.94246339e-02    3.19891994e+00    5.35498761e+00    2.59898134e-02   -4.98506639e-02
2788     9.26086107e-09   -4.44310448e-02    3.20429851e+00    5.35764588e+00    2.68855675e-02   -4.98213920e-02
2789     9.26419440e-09   -2.24663068e-02    3.22615138e+00    5.35002116e+00    1.77722531e-02   -4.98867127e-02
2790     9.26752774e-09    8.07979689e-03    3.25611232e+00    5.33489405e+00    1.98651666e-03   -5.00230034e-02
2791     9.27086107e-09    3.55396927e-02    3.28272955e+00    5.31792232e+00   -1.45659019e-02   -5.01794121e-02
2792     9.27419440e-09    4.94246339e-02    3.29583107e+00    5.30565274e+00   -2.54999483e-02   -5.02955570e-02
2793     9.27752774e-09    4.44310448e-02    3.29039812e+00    5.30293517e+00   -2.64846943e-02   -5.03254492e-02
2794     9.28086107e-09    2.24663068e-02    3.26848304e+00    5.31086601e+00   -1.71010008e-02   -5.02570984e-02
2795     9.28419440e-09   -8.07979689e-03    3.23843739e+00    5.32630225e+00   -1.05941971e-03   -5.01177589e-02
2796     9.28752774e-09   -3.55396927e-02    3.21172940e+00    5.34321906e+00    1.53800403e-02   -4.99619447e-02
2797     9.29086107e-09   -4.94246339e-02    3.19855591e+00    5.35520636e+00    2.59883971e-02   -4.98486584e-02
2798     9.29419440e-09   -4.44310448e-02    3.20393458e+00    5.35786506e+00    2.68846549e-02   -4.98193821e-02
2799     9.29752774e-09   -2.24663068e-02    3.22578754e+00    5.35024038e+00    1.77714459e-02   -4.98847024e-02
2800     9.30086107e-09    8.07979689e-03    3.25574862e+00    5.33511292e+00    1.98541779e-03   -5.00209965e-02
2801     9.30419440e-09    3.55396927e-02    3.28236603e+00    5.31814054e+00   -1.45675581e-02   -5.01774116e-02
2802     9.30752774e-09    4.94246339e-02    3.29546778e+00    5.30587019e+00   -2.55022428e-02   -5.02935642e-02
2803     9.31086107e-09    4.44310448e-02    3.29003508e+00    5.30315194e+00   -2.64875058e-02   -5.03234631e-02
2804     9.31419440e-09    2.24663068e-02    3.26812027e+00    5.31108239e+00   -1.71040046e-02   -5.02551160e-02
2805     9.31752774e-09   -8.07979689e-03    3.23807486e+00    5.32651869e+00   -1.06216950e-03   -5.01157757e-02
2806     9.32086107e-09   -3.55396927e-02    3.21136705e+00    5.34343596e+00    1.53779135e-02   -4.99599569e-02
2807     9.32419440e-09   -4.94246339e-02    3.19819368e+00    5.35542386e+00    2.59869878e-02   -4.98466645e-02
2808     9.32752774e-09   -4.44310448e-02    3.20357244e+00    5.35808298e+00    2.68837472e-02   -4.98173840e-02
2809     9.33086107e-09   -2.24663068e-02    3.22542550e+00    5.35045836e+00    1.77706432e-02   -4.98827037e-02
2810     9.33419440e-09    8.07979689e-03    3.25538671e+00    5.33533054e+00    1.98432484e-03   -5.00190013e-02
2811     9.33752774e-09    3.55396927e-02    3.28200430e+00    5.31835751e+00   -1.45692056e-02   -5.01754227e-02
2812     9.34086107e-09    4.94246339e-02    3.29510627e+00    5.30608640e+00   -2.55045256e-02   -5.02915829e-02
2813     9.34419440e-09    4.44310448e-02    3.28967384e+00    5.30336746e+00   -2.64903032e-02   -5.03214885e-02
2814     9.34752774e-09    2.24663068e-02    3.26775929e+00    5.31129753e+00   -1.71069936e-02   -5.02531451e-02
2815     9.35086107e-09   -8.07979689e-03    3.23771411e+00    5.32673389e+00   -1.06490589e-03   -5.01138041e-02
2816     9.35419440e-09   -3.55396927e-02    3.21100648e+00    5.34365162e+00    1.53757969e-02   -4.99579806e-02
2817     9.35752774e-09   -4.94246339e-02    3.19783325e+00    5.35564012e+00    2.59855856e-02   -4.98446822e-02
2818     9.36086107e-09   -4.44310448e-02    3.20321210e+00    5.35829966e+00    2.68828442e-02   -4.98153974e-02
2819     9.36419440e-09   -2.24663068e-02    3.22506525e+00    5.35067508e+00    1.77698449e-02   -4.98807165e-02
2820     9.36752774e-09    8.07979689e-03    3.25502659e+00    5.33554691e+00    1.98323779e-03   -5.00170176e-02
2821     9.37086107e-09    3.55396927e-02    3.28164436e+00    5.31857324e+00   -1.45708444e-02   -5.01734454e-02
2822     9.37419440e-09    4.94246339e-02    3.29474656e+00    5.30630137e+00   -2.55067967e-02   -5.02896130e-02
2823     9.37752774e-09    4.44310448e-02    3.28931438e+00    5.30358175e+00   -2.64930867e-02   -5.03195253e-02
2824     9.38086107e-09    2.24663068e-02    3.26740009e+00    5.31151143e+00   -1.71099679e-02   -5.02511856e-02
2825     9.38419440e-09   -8.07979689e-03    3.23735514e+00    5.32694785e+00   -1.06762894e-03   -5.01118439e-02
2826     9.38752774e-09   -3.55396927e-02    3.21064769e+00    5.34386604e+00    1.53736908e-02   -4.99560157e-02
2827     9.39086107e-09   -4.94246339e-02    3.19747459e+00    5.35585514e+00    2.59841903e-02   -4.98427113e-02
2828     9.39419440e-09   -4.44310448e-02    3.20285353e+00    5.35851510e+00    2.68819459e-02   -4.98134223e-02
2829     9.39752774e-09   -2.24663068e-02    3.22470678e+00    5.35089057e+00    1.77690509e-02   -4.98787409e-02
2830     9.40086107e-09    8.07979689e-03    3.25466824e+00    5.33576205e+00    1.98215659e-03   -5.00150454e-02
2831     9.40419440e-09    3.55396927e-02    3.28128619e+00    5.31878774e+00   -1.45724748e-02   -5.01714795e-02
2832     9.40752774e-09    4.94246339e-02    3.29438862e+00    5.30651511e+00   -2.55090562e-02   -5.02876546e-02
2833     9.41086107e-09    4.44310448e-02    3.28895669e+00    5.30379481e+00   -2.64958561e-02   -5.03175736e-02
2834     9.41419440e-09    2.24663068e-02    3.26704266e+00    5.31172411e+00   -1.71129275e-02   -5.02492375e-02
2835     9.41752774e-09   -8.07979689e-03    3.23699795e+00    5.32716059e+00   -1.07033870e-03   -5.01098951e-02
2836     9.42086107e-09   -3.55396927e-02    3.21029068e+00    5.34407923e+00    1.53715949e-02   -4.99540623e-02
2837     9.42419440e-09   -4.94246339e-02    3.19711770e+00    5.35606892e+00    2.59828020e-02   -4.98407519e-02
2838     9.42752774e-09   -4.44310448e-02    3.20249673e+00    5.35872930e+00    2.68810524e-02   -4.98114586e-02
2839     9.43086107e-09   -2.24663068e-02    3.22435008e+00    5.35110482e+00    1.77682613e-02   -4.98767768e-02
2840     9.43419440e-09    8.07979689e-03    3.25431167e+00    5.33597595e+00    1.98108122e-03   -5.00130847e-02
2841     9.43752774e-09    3.55396927e-02    3.28092980e+00    5.31900101e+00   -1.45740965e-02   -5.01695250e-02
2842     9.44086107e-09    4.94246339e-02    3.29403245e+00    5.30672762e+00   -2.55113042e-02   -5.02857076e-02
2843     9.44419440e-09    4.44310448e-02    3.28860078e+00    5.30400665e+00   -2.64986118e-02   -5.03156331e-02
2844     9.44752774e-09    2.24663068e-02    3.26668700e+00    5.31193557e+00   -1.71158725e-02   -5.02473008e-02
2845     9.45086107e-09   -8.07979689e-03    3.23664252e+00    5.32737211e+00   -1.07303525e-03   -5.01079576e-02
2846     9.45419440e-09   -3.55396927e-02    3.20993543e+00    5.34429120e+00    1.53695092e-02   -4.99521202e-02
2847     9.45752774e-09   -4.94246339e-02    3.19676258e+00    5.35628148e+00    2.59814206e-02   -4.98388039e-02
2848     9.46086107e-09   -4.44310448e-02    3.20214170e+00    5.35894228e+00    2.68801635e-02   -4.98095064e-02
2849     9.46419440e-09   -2.24663068e-02    3.22399514e+00    5.35131784e+00    1.77674760e-02   -4.98748240e-02
2850     9.46752774e-09    8.07979689e-03    3.25395686e+00    5.33618863e+00    1.98001163e-03   -5.00111353e-02
2851     9.47086107e-09    3.55396927e-02    3.28057517e+00    5.31921305e+00   -1.45757098e-02   -5.01675819e-02
2852     9.47419440e-09    4.94246339e-02    3.29367804e+00    5.30693891e+00   -2.55135407e-02   -5.02837719e-02
2853     9.47752774e-09    4.44310448e-02    3.28824662e+00    5.30421727e+00   -2.65013536e-02   -5.03137040e-02
2854     9.48086107e-09    2.24663068e-02    3.26633310e+00    5.31214581e+00   -1.71188030e-02   -5.02453753e-02
2855     9.48419440e-09   -8.07979689e-03    3.23628885e+00    5.32758241e+00   -1.07571865e-03   -5.01060314e-02
2856     9.48752774e-09   -3.55396927e-02    3.20958194e+00    5.34450196e+00    1.53674336e-02   -4.99501895e-02
2857     9.49086107e-09   -4.94246339e-02    3.19640921e+00    5.35649282e+00    2.59800460e-02   -4.98368672e-02
2858     9.49419440e-09   -4.44310448e-02    3.20178843e+00    5.35915403e+00    2.68792792e-02   -4.98075655e-02
2859     9.49752774e-09   -2.24663068e-02    3.22364196e+00    5.35152964e+00    1.77666949e-02   -4.98728826e-02
2860     9.50086107e-09    8.07979689e-03    3.25360380e+00    5.33640008e+00    1.97894780e-03   -5.00091973e-02
2861     9.50419440e-09    3.55396927e-02    3.28022228e+00    5.31942388e+00   -1.45773146e-02   -5.01656501e-02
2862     9.50752774e-09    4.94246339e-02    3.29332538e+00    5.30714899e+00   -2.55157658e-02   -5.02818474e-02
2863     9.51086107e-09    4.44310448e-02    3.28789421e+00    5.30442668e+00   -2.65040816e-02   -5.03117861e-02
2864     9.51419440e-09    2.24663068e-02    3.26598095e+00    5.31235485e+00   -1.71217190e-02   -5.02434610e-02
2865     9.51752774e-09   -8.07979689e-03    3.23593693e+00    5.32779151e+00   -1.07838894e-03   -5.01041165e-02
2866     9.52086107e-09   -3.55396927e-02    3.20923020e+00    5.34471150e+00    1.53653682e-02   -4.99482699e-02
2867     9.52419440e-09   -4.94246339e-02    3.19605759e+00    5.35670294e+00    2.59786783e-02   -4.98349418e-02
2868     9.52752774e-09   -4.44310448e-02    3.20143689e+00    5.35936457e+00    2.68783995e-02   -4.98056359e-02
2869     9.53086107e-09   -2.24663068e-02    3.22329052e+00    5.35174023e+00    1.77659181e-02   -4.98709525e-02
2870     9.53419440e-09    8.07979689e-03    3.25325249e+00    5.33661033e+00    1.97788970e-03   -5.00072705e-02
2871     9.53752774e-09    3.55396927e-02    3.27987115e+00    5.31963349e+00   -1.45789111e-02   -5.01637295e-02
2872     9.54086107e-09    4.94246339e-02    3.29297446e+00    5.30735786e+00   -2.55179795e-02   -5.02799342e-02
2873     9.54419440e-09    4.44310448e-02    3.28754355e+00    5.30463488e+00   -2.65067960e-02   -5.03098794e-02
2874     9.54752774e-09    2.24663068e-02    3.26563054e+00    5.31256268e+00   -1.71246207e-02   -5.02415579e-02
2875     9.55086107e-09   -8.07979689e-03    3.23558674e+00    5.32799940e+00   -1.08104620e-03   -5.01022126e-02
2876     9.55419440e-09   -3.55396927e-02    3.20888019e+00    5.34491983e+00    1.53633129e-02   -4.99463616e-02
2877     9.55752774e-09   -4.94246339e-02    3.19570770e+00    5.35691186e+00    2.59773173e-02   -4.98330276e-02
2878     9.56086107e-09   -4.44310448e-02    3.20108710e+00    5.35957389e+00    2.68775244e-02   -4.98037175e-02
2879     9.56419440e-09   -2.24663068e-02    3.22294082e+00    5.35194960e+00    1.77651456e-02   -4.98690336e-02
2880     9.56752774e-09    8.07979689e-03    3.25290291e+00    5.33681936e+00    1.97683729e-03   -5.00053549e-02
2881     9.57086107e-09    3.55396927e-02    3.27952175e+00    5.31984190e+00   -1.45804991e-02   -5.01618201e-02
2882     9.57419440e-09    4.94246339e-02    3.29262528e+00    5.30756553e+00   -2.55201818e-02   -5.02780320e-02
2883     9.57752774e-09    4.44310448e-02    3.28719462e+00    5.30484189e+00   -2.65094967e-02   -5.03079838e-02
2884     9.58086107e-09    2.24663068e-02    3.26528186e+00    5.31276932e+00   -1.71275080e-02   -5.02396659e-02
2885     9.58419440e-09   -8.07979689e-03    3.23523829e+00    5.32820609e+00   -1.08369049e-03   -5.01003199e-02
2886     9.58752774e-09   -3.55396927e-02    3.20853192e+00    5.34512697e+00    1.53612676e-02   -4.99444643e-02
2887     9.59086107e-09   -4.94246339e-02    3.19535955e+00    5.35711957e+00    2.59759631e-02   -4.98311245e-02
2888     9.59419440e-09   -4.44310448e-02    3.20073904e+00    5.35978202e+00    2.68766538e-02   -4.98018103e-02
2889     9.59752774e-09   -2.24663068e-02    3.22259285e+00    5.35215778e+00    1.77643772e-02   -4.98671258e-02
2890     9.60086107e-09    8.07979689e-03    3.25255507e+00    5.33702720e+00    1.97579055e-03   -5.00034505e-02
2891     9.60419440e-09    3.55396927e-02    3.27917408e+00    5.32004912e+00   -1.45820788e-02   -5.01599218e-02
2892     9.60752774e-09    4.94246339e-02    3.29227783e+00    5.30777201e+00   -2.55223728e-02   -5.02761410e-02
2893     9.61086107e-09    4.44310448e-02    3.28684741e+00    5.30504771e+00   -2.65121838e-02   -5.03060992e-02
2894     9.61419440e-09    2.24663068e-02    3.26493491e+00    5.31297476e+00   -1.71303810e-02   -5.02377849e-02
2895     9.61752774e-09   -8.07979689e-03    3.23489156e+00    5.32841160e+00   -1.08632185e-03   -5.00984382e-02
2896     9.62086107e-09   -3.55396927e-02    3.20818536e+00    5.34533291e+00    1.53592322e-02   -4.99425782e-02
2897     9.62419440e-09   -4.94246339e-02    3.19501312e+00    5.35732609e+00    2.59746156e-02   -4.98292325e-02
2898     9.62752774e-09   -4.44310448e-02    3.20039270e+00    5.35998895e+00    2.68757878e-02   -4.97999142e-02
2899     9.63086107e-09   -2.24663068e-02    3.22224660e+00    5.35236475e+00    1.77636129e-02   -4.98652292e-02
2900     9.63419440e-09    8.07979689e-03    3.25220894e+00    5.33723383e+00    1.97474943e-03   -5.00015572e-02
2901     9.63752774e-09    3.55396927e-02    3.27882812e+00    5.32025514e+00   -1.45836502e-02   -5.01580346e-02
2902     9.64086107e-09    4.94246339e-02    3.29193210e+00    5.30797729e+00   -2.55245525e-02   -5.02742610e-02
2903     9.64419440e-09    4.44310448e-02    3.28650193e+00    5.30525234e+00   -2.65148574e-02   -5.03042256e-02
2904     9.64752774e-09    2.24663068e-02    3.26458968e+00    5.31317902e+00   -1.71332398e-02   -5.02359149e-02
2905     9.65086107e-09   -8.07979689e-03    3.23454655e+00    5.32861592e+00   -1.08894036e-03   -5.00965676e-02
2906     9.65419440e-09   -3.55396927e-02    3.20784053e+00    5.34553767e+00    1.53572067e-02   -4.99407030e-02
2907     9.65752774e-09   -4.94246339e-02    3.19466841e+00    5.35753142e+00    2.59732747e-02   -4.98273516e-02
2908     9.66086107e-09   -4.44310448e-02    3.20004807e+00    5.36019468e+00    2.68749262e-02   -4.97980292e-02
2909     9.66419440e-09   -2.24663068e-02    3.22190206e+00    5.35257053e+00    1.77628528e-02   -4.98633436e-02
2910     9.66752774e-09    8.07979689e-03    3.25186453e+00    5.33743928e+00    1.97371392e-03   -4.99996749e-02
2911     9.67086107e-09    3.55396927e-02    3.27848388e+00    5.32045997e+00   -1.45852134e-02   -5.01561584e-02
2912     9.67419440e-09    4.94246339e-02    3.29158808e+00    5.30818140e+00   -2.55267211e-02   -5.02723920e-02
2913     9.67752774e-09    4.44310448e-02    3.28615815e+00    5.30545579e+00   -2.65175175e-02   -5.03023630e-02
2914     9.68086107e-09    2.24663068e-02    3.26424615e+00    5.31338211e+00   -1.71360844e-02   -5.02340559e-02
2915     9.68419440e-09   -8.07979689e-03    3.23420325e+00    5.32881906e+00   -1.09154607e-03   -5.00947078e-02
2916     9.68752774e-09   -3.55396927e-02    3.20749740e+00    5.34574125e+00    1.53551911e-02   -4.99388388e-02
2917     9.69086107e-09   -4.94246339e-02    3.19432540e+00    5.35773557e+00    2.59719404e-02   -4.98254816e-02
2918     9.69419440e-09   -4.44310448e-02    3.19970515e+00    5.36039923e+00    2.68740690e-02   -4.97961551e-02
2919     9.69752774e-09   -2.24663068e-02    3.22155923e+00    5.35277513e+00    1.77620968e-02   -4.98614691e-02
2920     9.70086107e-09    8.07979689e-03    3.25152183e+00    5.33764354e+00    1.97268397e-03   -4.99978036e-02
2921     9.70419440e-09    3.55396927e-02    3.27814135e+00    5.32066362e+00   -1.45867684e-02   -5.01542931e-02
2922     9.70752774e-09    4.94246339e-02    3.29124576e+00    5.30838432e+00   -2.55288785e-02   -5.02705339e-02
2923     9.71086107e-09    4.44310448e-02    3.28581608e+00    5.30565807e+00   -2.65201642e-02   -5.03005113e-02
2924     9.71419440e-09    2.24663068e-02    3.26390432e+00    5.31358402e+00   -1.71389150e-02   -5.02322077e-02
2925     9.71752774e-09   -8.07979689e-03    3.23386165e+00    5.32902102e+00   -1.09413903e-03   -5.00928589e-02
2926     9.72086107e-09   -3.55396927e-02    3.20715597e+00    5.34594365e+00    1.53531853e-02   -4.99369855e-02
2927     9.72419440e-09   -4.94246339e-02    3.19398409e+00    5.35793854e+00    2.59706127e-02   -4.98236226e-02
2928     9.72752774e-09   -4.44310448e-02    3.19936393e+00    5.36060260e+00    2.68732162e-02   -4.97942920e-02
2929     9.73086107e-09   -2.24663068e-02    3.22121810e+00    5.35297855e+00    1.77613448e-02   -4.98596055e-02
2930     9.73419440e-09    8.07979689e-03    3.25118082e+00    5.33784663e+00    1.97165957e-03   -4.99959433e-02
2931     9.73752774e-09    3.55396927e-02    3.27780051e+00    5.32086610e+00   -1.45883151e-02   -5.01524387e-02
2932     9.74086107e-09    4.94246339e-02    3.29090513e+00    5.30858608e+00   -2.55310248e-02   -5.02686866e-02
2933     9.74419440e-09    4.44310448e-02    3.28547570e+00    5.30585918e+00   -2.65227975e-02   -5.02986703e-02
2934     9.74752774e-09    2.24663068e-02    3.26356419e+00    5.31378476e+00   -1.71417315e-02   -5.02303703e-02
2935     9.75086107e-09   -8.07979689e-03    3.23352173e+00    5.32922183e+00   -1.09671930e-03   -5.00910209e-02
2936     9.75419440e-09   -3.55396927e-02    3.20681623e+00    5.34614488e+00    1.53511893e-02   -4.99351430e-02
2937     9.75752774e-09   -4.94246339e-02    3.19364447e+00    5.35814034e+00    2.59692916e-02   -4.98217744e-02
2938     9.76086107e-09   -4.44310448e-02    3.19902440e+00    5.36080480e+00    2.68723678e-02   -4.97924398e-02
2939     9.76419440e-09   -2.24663068e-02    3.22087866e+00    5.35318079e+00    1.77605969e-02   -4.98577527e-02
2940     9.76752774e-09    8.07979689e-03    3.25084150e+00    5.33804855e+00    1.97064067e-03   -4.99940938e-02
2941     9.77086107e-09    3.55396927e-02    3.27746136e+00    5.32106741e+00   -1.45898537e-02   -5.01505952e-02
2942     9.77419440e-09    4.94246339e-02    3.29056620e+00    5.30878667e+00   -2.55331600e-02   -5.02668502e-02
2943     9.77752774e-09    4.44310448e-02    3.28513700e+00    5.30605913e+00   -2.65254176e-02   -5.02968402e-02
2944     9.78086107e-09    2.24663068e-02    3.26322574e+00    5.31398435e+00   -1.71445341e-02   -5.02285437e-02
2945     9.78419440e-09   -8.07979689e-03    3.23318351e+00    5.32942147e+00   -1.09928695e-03   -5.00891936e-02
2946     9.78752774e-09   -3.55396927e-02    3.20647817e+00    5.34634495e+00    1.53492030e-02   -4.99333114e-02
2947     9.79086107e-09   -4.94246339e-02    3.19330653e+00    5.35834097e+00    2.59679769e-02   -4.98199371e-02
2948     9.79419440e-09   -4.44310448e-02    3.19868655e+00    5.36100583e+00    2.68715238e-02   -4.97905984e-02
2949     9.79752774e-09   -2.24663068e-02    3.22054090e+00    5.35338187e+00    1.77598530e-02   -4.98559108e-02
2950     9.80086107e-09    8.07979689e-03    3.25050386e+00    5.33824930e+00    1.96962726e-03   -4.99922551e-02
2951     9.80419440e-09    3.55396927e-02    3.27712389e+00    5.32126756e+00   -1.45913843e-02   -5.01487625e-02
2952     9.80752774e-09    4.94246339e-02    3.29022894e+00    5.30898610e+00   -2.55352843e-02   -5.02650245e-02
2953     9.81086107e-09    4.44310448e-02    3.28479999e+00    5.30625792e+00   -2.65280244e-02   -5.02950208e-02
2954     9.81419440e-09    2.24663068e-02    3.26288897e+00    5.31418278e+00   -1.71473227e-02   -5.02267278e-02
2955     9.81752774e-09   -8.07979689e-03    3.23284695e+00    5.32961995e+00   -1.10184202e-03   -5.00873770e-02
2956     9.82086107e-09   -3.55396927e-02    3.20614179e+00    5.34654387e+00    1.53472264e-02   -4.99314904e-02
2957     9.82419440e-09   -4.94246339e-02    3.19297027e+00    5.35854044e+00    2.59666687e-02   -4.98181105e-02
2958     9.82752774e-09   -4.44310448e-02    3.19835037e+00    5.36120570e+00    2.68706840e-02   -4.97887678e-02
2959     9.83086107e-09   -2.24663068e-02    3.22020481e+00    5.35358179e+00    1.77591131e-02   -4.98540797e-02
2960     9.83419440e-09    8.07979689e-03    3.25016789e+00    5.33844888e+00    1.96861930e-03   -4.99904272e-02
2961     9.83752774e-09    3.55396927e-02    3.27678809e+00    5.32146655e+00   -1.45929067e-02   -5.01469405e-02
2962     9.84086107e-09    4.94246339e-02    3.28989335e+00    5.30918438e+00   -2.55373975e-02   -5.02632095e-02
2963     9.84419440e-09    4.44310448e-02    3.28446464e+00    5.30645556e+00   -2.65306180e-02   -5.02932121e-02
2964     9.84752774e-09    2.24663068e-02    3.26255387e+00    5.31438006e+00   -1.71500975e-02   -5.02249225e-02
2965     9.85086107e-09   -8.07979689e-03    3.23251207e+00    5.32981729e+00   -1.10438457e-03   -5.00855711e-02
2966     9.85419440e-09   -3.55396927e-02    3.20580707e+00    5.34674163e+00    1.53452593e-02   -4.99296802e-02
2967     9.85752774e-09   -4.94246339e-02    3.19263567e+00    5.35873876e+00    2.59653669e-02   -4.98162946e-02
2968     9.86086107e-09   -4.44310448e-02    3.19801586e+00    5.36140441e+00    2.68698486e-02   -4.97869480e-02
2969     9.86419440e-09   -2.24663068e-02    3.21987039e+00    5.35378055e+00    1.77583772e-02   -4.98522593e-02
2970     9.86752774e-09    8.07979689e-03    3.24983359e+00    5.33864732e+00    1.96761676e-03   -4.99886100e-02
2971     9.87086107e-09    3.55396927e-02    3.27645396e+00    5.32166439e+00   -1.45944211e-02   -5.01451291e-02
2972     9.87419440e-09    4.94246339e-02    3.28955943e+00    5.30938151e+00   -2.55394999e-02   -5.02614052e-02
2973     9.87752774e-09    4.44310448e-02    3.28413096e+00    5.30665206e+00   -2.65331985e-02   -5.02914139e-02
2974     9.88086107e-09    2.24663068e-02    3.26222042e+00    5.31457620e+00   -1.71528584e-02   -5.02231278e-02
2975     9.88419440e-09   -8.07979689e-03    3.23217884e+00    5.33001348e+00   -1.10691466e-03   -5.00837758e-02
2976     9.88752774e-09   -3.55396927e-02    3.20547402e+00    5.34693824e+00    1.53433019e-02   -4.99278806e-02
2977     9.89086107e-09   -4.94246339e-02    3.19230273e+00    5.35893593e+00    2.59640715e-02   -4.98144894e-02
2978     9.89419440e-09   -4.44310448e-02    3.19768301e+00    5.36160197e+00    2.68690174e-02   -4.97851388e-02
2979     9.89752774e-09   -2.24663068e-02    3.21953762e+00    5.35397816e+00    1.77576452e-02   -4.98504496e-02
2980     9.90086107e-09    8.07979689e-03    3.24950095e+00    5.33884461e+00    1.96661962e-03   -4.99868035e-02
2981     9.90419440e-09    3.55396927e-02    3.27612148e+00    5.32186108e+00   -1.45959275e-02   -5.01433284e-02
2982     9.90752774e-09    4.94246339e-02    3.28922716e+00    5.30957750e+00   -2.55415913e-02   -5.02596114e-02
2983     9.91086107e-09    4.44310448e-02    3.28379893e+00    5.30684742e+00   -2.65357659e-02   -5.02896264e-02
2984     9.91419440e-09    2.24663068e-02    3.26188864e+00    5.31477120e+00   -1.71556056e-02   -5.02213437e-02
2985     9.91752774e-09   -8.07979689e-03    3.23184727e+00    5.33020854e+00   -1.10943234e-03   -5.00819910e-02
2986     9.92086107e-09   -3.55396927e-02    3.20514262e+00    5.34713372e+00    1.53413540e-02   -4.99260915e-02
2987     9.92419440e-09   -4.94246339e-02    3.19197145e+00    5.35913195e+00    2.59627825e-02   -4.98126948e-02
2988     9.92752774e-09   -4.44310448e-02    3.19735181e+00    5.36179839e+00    2.68681904e-02   -4.97833402e-02
2989     9.93086107e-09   -2.24663068e-02    3.21920651e+00    5.35417462e+00    1.77569171e-02   -4.98486505e-02
2990     9.93419440e-09    8.07979689e-03    3.24916995e+00    5.33904075e+00    1.96562784e-03   -4.99850075e-02
2991     9.93752774e-09    3.55396927e-02    3.27579065e+00    5.32205664e+00   -1.45974260e-02   -5.01415383e-02
2992     9.94086107e-09    4.94246339e-02    3.28889654e+00    5.30977236e+00   -2.55436720e-02   -5.02578282e-02
2993     9.94419440e-09    4.44310448e-02    3.28346854e+00    5.30704164e+00   -2.65383203e-02   -5.02878493e-02
2994     9.94752774e-09    2.24663068e-02    3.26155849e+00    5.31496507e+00   -1.71583392e-02   -5.02195701e-02
2995     9.95086107e-09   -8.07979689e-03    3.23151735e+00    5.33040246e+00   -1.11193767e-03   -5.00802167e-02
2996     9.95419440e-09   -3.55396927e-02    3.20481286e+00    5.34732806e+00    1.53394155e-02   -4.99243130e-02
2997     9.95752774e-09   -4.94246339e-02    3.19164180e+00    5.35932684e+00    2.59614998e-02   -4.98109107e-02
2998     9.96086107e-09   -4.44310448e-02    3.19702225e+00    5.36199367e+00    2.68673677e-02   -4.97815521e-02
2999     9.96419440e-09   -2.24663068e-02    3.21887704e+00    5.35436995e+00    1.77561930e-02   -4.98468620e-02
3000     9.96752774e-09    8.07979689e-03    3.24884060e+00    5.33923576e+00    1.96464141e-03   -4.99832221e-02
3001     9.97086107e-09    3.55396927e-02    3.27546146e+00    5.32225106e+00   -1.45989165e-02   -5.01397587e-02
3002     9.97419440e-09    4.94246339e-02    3.28856756e+00    5.30996608e+00   -2.55457418e-02   -5.02560554e-02
3003     9.97752774e-09    4.44310448e-02    3.28313980e+00    5.30723474e+00   -2.65408616e-02   -5.02860827e-02
3004     9.98086107e-09    2.24663068e-02    3.26122999e+00    5.31515781e+00   -1.71610591e-02   -5.02178069e-02
3005     9.98419440e-09   -8.07979689e-03    3.23118905e+00    5.33059526e+00   -1.11443069e-03   -5.00784529e-02
3006     9.98752774e-09   -3.55396927e-02    3.20448473e+00    5.34752127e+00    1.53374865e-02   -4.99225449e-02
3007     9.99086107e-09   -4.94246339e-02    3.19131380e+00    5.35952060e+00    2.59602233e-02   -4.98091371e-02
3008     9.99419440e-09   -4.44310448e-02    3.19669433e+00    5.36218782e+00    2.68665491e-02   -4.97797746e-02
3009     9.99752774e-09   -2.24663068e-02    3.21854921e+00    5.35456414e+00    1.77554726e-02   -4.98450840e-02
3010     1.00008611e-08    8.07979689e-03    3.24851288e+00    5.33942964e+00    1.96366029e-03   -4.99814472e-02
3011     1.00041944e-08    3.55396927e-02    3.27513391e+00    5.32244435e+00   -1.46003991e-02   -5.01379895e-02
3012     1.00075277e-08    4.94246339e-02    3.28824022e+00    5.31015868e+00   -2.55478009e-02   -5.02542931e-02
3013     1.00108611e-08    4.44310448e-02    3.28281269e+00    5.30742672e+00   -2.65433901e-02   -5.02843265e-02
3014     1.00141944e-08    2.24663068e-02    3.26090312e+00    5.31534943e+00   -1.71637655e-02   -5.02160541e-02
3015     1.00175277e-08   -8.07979689e-03    3.23086239e+00    5.33078693e+00   -1.11691148e-03   -5.00766995e-02
3016     1.00208611e-08   -3.55396927e-02    3.20415824e+00    5.34771337e+00    1.53355669e-02   -4.99207872e-02
3017     1.00241944e-08   -4.94246339e-02    3.19098742e+00    5.35971324e+00    2.59589531e-02   -4.98073739e-02
3018     1.00275277e-08   -4.44310448e-02    3.19636803e+00    5.36238084e+00    2.68657346e-02   -4.97780076e-02
3019     1.00308611e-08   -2.24663068e-02    3.21822300e+00    5.35475721e+00    1.77547562e-02   -4.98433164e-02
3020     1.00341944e-08    8.07979689e-03    3.24818679e+00    5.33962239e+00    1.96268446e-03   -4.99796827e-02
3021     1.00375277e-08    3.55396927e-02    3.27480798e+00    5.32263652e+00   -1.46018739e-02   -5.01362308e-02
3022     1.00408611e-08    4.94246339e-02    3.28791450e+00    5.31035016e+00   -2.55498494e-02   -5.02525412e-02
3023     1.00441944e-08    4.44310448e-02    3.28248720e+00    5.30761758e+00   -2.65459057e-02   -5.02825806e-02
3024     1.00475277e-08    2.24663068e-02    3.26057786e+00    5.31553994e+00   -1.71664583e-02   -5.02143116e-02
3025     1.00508611e-08   -8.07979689e-03    3.23053735e+00    5.33097749e+00   -1.11938007e-03   -5.00749564e-02
3026     1.00541944e-08   -3.55396927e-02    3.20383336e+00    5.34790434e+00    1.53336566e-02   -4.99190399e-02
3027     1.00575277e-08   -4.94246339e-02    3.19066266e+00    5.35990475e+00    2.59576891e-02   -4.98056212e-02
3028     1.00608611e-08   -4.44310448e-02    3.19604336e+00    5.36257274e+00    2.68649243e-02   -4.97762509e-02
3029     1.00641944e-08   -2.24663068e-02    3.21789841e+00    5.35494916e+00    1.77540435e-02   -4.98415592e-02
3030     1.00675277e-08    8.07979689e-03    3.24786232e+00    5.33981402e+00    1.96171389e-03   -4.99779286e-02
3031     1.00708611e-08    3.55396927e-02    3.27448367e+00    5.32282758e+00   -1.46033408e-02   -5.01344824e-02
3032     1.00741944e-08    4.94246339e-02    3.28759039e+00    5.31054052e+00   -2.55518871e-02   -5.02507996e-02
3033     1.00775277e-08    4.44310448e-02    3.28216333e+00    5.30780733e+00   -2.65484085e-02   -5.02808451e-02
3034     1.00808611e-08    2.24663068e-02    3.26025423e+00    5.31572935e+00   -1.71691377e-02   -5.02125794e-02
3035     1.00841944e-08   -8.07979689e-03    3.23021393e+00    5.33116695e+00   -1.12183652e-03   -5.00732236e-02
3036     1.00875277e-08   -3.55396927e-02    3.20351010e+00    5.34809420e+00    1.53317556e-02   -4.99173029e-02
3037     1.00908611e-08   -4.94246339e-02    3.19033951e+00    5.36009515e+00    2.59564313e-02   -4.98038787e-02
3038     1.00941944e-08   -4.44310448e-02    3.19572030e+00    5.36276352e+00    2.68641180e-02   -4.97745046e-02
3039     1.00975277e-08   -2.24663068e-02    3.21757543e+00    5.35513999e+00    1.77533346e-02   -4.98398124e-02
3040     1.01008611e-08    8.07979689e-03    3.24753946e+00    5.34000454e+00    1.96074855e-03   -4.99761849e-02
3041     1.01041944e-08    3.55396927e-02    3.27416098e+00    5.32301752e+00   -1.46047999e-02   -5.01327443e-02
3042     1.01075277e-08    4.94246339e-02    3.28726790e+00    5.31072978e+00   -2.55539143e-02   -5.02490682e-02
3043     1.01108611e-08    4.44310448e-02    3.28184107e+00    5.30799597e+00   -2.65508985e-02   -5.02791197e-02
3044     1.01141944e-08    2.24663068e-02    3.25993220e+00    5.31591764e+00   -1.71718036e-02   -5.02108575e-02
3045     1.01175277e-08   -8.07979689e-03    3.22989211e+00    5.33135530e+00   -1.12428088e-03   -5.00715010e-02
3046     1.01208611e-08   -3.55396927e-02    3.20318845e+00    5.34828296e+00    1.53298639e-02   -4.99155762e-02
3047     1.01241944e-08   -4.94246339e-02    3.19001797e+00    5.36028445e+00    2.59551796e-02   -4.98021466e-02
3048     1.01275277e-08   -4.44310448e-02    3.19539884e+00    5.36295320e+00    2.68633159e-02   -4.97727686e-02
3049     1.01308611e-08   -2.24663068e-02    3.21725406e+00    5.35532971e+00    1.77526296e-02   -4.98380759e-02
3050     1.01341944e-08    8.07979689e-03    3.24721820e+00    5.34019395e+00    1.95978842e-03   -4.99744514e-02
3051     1.01375277e-08    3.55396927e-02    3.27383988e+00    5.32320636e+00   -1.46062513e-02   -5.01310164e-02
3052     1.01408611e-08    4.94246339e-02    3.28694700e+00    5.31091794e+00   -2.55559309e-02   -5.02473471e-02
3053     1.01441944e-08    4.44310448e-02    3.28152040e+00    5.30818352e+00   -2.65533758e-02   -5.02774046e-02
3054     1.01475277e-08    2.24663068e-02    3.25961177e+00    5.31610485e+00   -1.71744563e-02   -5.02091457e-02
3055     1.01508611e-08   -8.07979689e-03    3.22957189e+00    5.33154255e+00   -1.12671321e-03   -5.00697886e-02
3056     1.01541944e-08   -3.55396927e-02    3.20286839e+00    5.34847062e+00    1.53279814e-02   -4.99138596e-02
3057     1.01575277e-08   -4.94246339e-02    3.18969803e+00    5.36047264e+00    2.59539340e-02   -4.98004246e-02
3058     1.01608611e-08   -4.44310448e-02    3.19507898e+00    5.36314177e+00    2.68625177e-02   -4.97710428e-02
3059     1.01641944e-08   -2.24663068e-02    3.21693428e+00    5.35551833e+00    1.77519282e-02   -4.98363496e-02
3060     1.01675277e-08    8.07979689e-03    3.24689854e+00    5.34038226e+00    1.95883348e-03   -4.99727281e-02
3061     1.01708611e-08    3.55396927e-02    3.27352038e+00    5.32339410e+00   -1.46076950e-02   -5.01292988e-02
3062     1.01741944e-08    4.94246339e-02    3.28662771e+00    5.31110500e+00   -2.55579369e-02   -5.02456361e-02
3063     1.01775277e-08    4.44310448e-02    3.28120133e+00    5.30836998e+00   -2.65558405e-02   -5.02756996e-02
3064     1.01808611e-08    2.24663068e-02    3.25929293e+00    5.31629096e+00   -1.71770956e-02   -5.02074440e-02
3065     1.01841944e-08   -8.07979689e-03    3.22925326e+00    5.33172871e+00   -1.12913355e-03   -5.00680863e-02
3066     1.01875277e-08   -3.55396927e-02    3.20254992e+00    5.34865718e+00    1.53261080e-02   -4.99121532e-02
3067     1.01908611e-08   -4.94246339e-02    3.18937967e+00    5.36065973e+00    2.59526945e-02   -4.97987129e-02
3068     1.01941944e-08   -4.44310448e-02    3.19476071e+00    5.36332924e+00    2.68617236e-02   -4.97693272e-02
3069     1.01975277e-08   -2.24663068e-02    3.21661610e+00    5.35570585e+00    1.77512306e-02   -4.98346335e-02
3070     1.02008611e-08    8.07979689e-03    3.24658047e+00    5.34056947e+00    1.95788369e-03   -4.99710151e-02
3071     1.02041944e-08    3.55396927e-02    3.27320247e+00    5.32358075e+00   -1.46091309e-02   -5.01275913e-02
3072     1.02075277e-08    4.94246339e-02    3.28630999e+00    5.31129098e+00   -2.55599325e-02   -5.02439352e-02
3073     1.02108611e-08    4.44310448e-02    3.28088385e+00    5.30855534e+00   -2.65582925e-02   -5.02740047e-02
3074     1.02141944e-08    2.24663068e-02    3.25897568e+00    5.31647598e+00   -1.71797217e-02   -5.02057524e-02
3075     1.02175277e-08   -8.07979689e-03    3.22893621e+00    5.33191378e+00   -1.13154196e-03   -5.00663941e-02
3076     1.02208611e-08   -3.55396927e-02    3.20223304e+00    5.34884266e+00    1.53242438e-02   -4.99104569e-02
3077     1.02241944e-08   -4.94246339e-02    3.18906290e+00    5.36084573e+00    2.59514610e-02   -4.97970112e-02
3078     1.02275277e-08   -4.44310448e-02    3.19444402e+00    5.36351562e+00    2.68609335e-02   -4.97676218e-02
3079     1.02308611e-08   -2.24663068e-02    3.21629949e+00    5.35589227e+00    1.77505367e-02   -4.98329275e-02
3080     1.02341944e-08    8.07979689e-03    3.24626398e+00    5.34075559e+00    1.95693904e-03   -4.99693121e-02
3081     1.02375277e-08    3.55396927e-02    3.27288614e+00    5.32376630e+00   -1.46105592e-02   -5.01258939e-02
3082     1.02408611e-08    4.94246339e-02    3.28599386e+00    5.31147586e+00   -2.55619177e-02   -5.02422444e-02
3083     1.02441944e-08    4.44310448e-02    3.28056794e+00    5.30873963e+00   -2.65607320e-02   -5.02723198e-02
3084     1.02475277e-08    2.24663068e-02    3.25866000e+00    5.31665992e+00   -1.71823346e-02   -5.02040708e-02
3085     1.02508611e-08   -8.07979689e-03    3.22862075e+00    5.33209778e+00   -1.13393849e-03   -5.00647119e-02
3086     1.02541944e-08   -3.55396927e-02    3.20191773e+00    5.34902705e+00    1.53223887e-02   -4.99087706e-02
3087     1.02575277e-08   -4.94246339e-02    3.18874770e+00    5.36103065e+00    2.59502336e-02   -4.97953196e-02
3088     1.02608611e-08   -4.44310448e-02    3.19412890e+00    5.36370091e+00    2.68601473e-02   -4.97659265e-02
3089     1.02641944e-08   -2.24663068e-02    3.21598446e+00    5.35607761e+00    1.77498465e-02   -4.98312317e-02
3090     1.02675277e-08    8.07979689e-03    3.24594906e+00    5.34094062e+00    1.95599950e-03   -4.99676192e-02
3091     1.02708611e-08    3.55396927e-02    3.27257138e+00    5.32395078e+00   -1.46119799e-02   -5.01242065e-02
3092     1.02741944e-08    4.94246339e-02    3.28567930e+00    5.31165967e+00   -2.55638924e-02   -5.02405637e-02
3093     1.02775277e-08    4.44310448e-02    3.28025361e+00    5.30892283e+00   -2.65631590e-02   -5.02706449e-02
3094     1.02808611e-08    2.24663068e-02    3.25834590e+00    5.31684279e+00   -1.71849344e-02   -5.02023992e-02
3095     1.02841944e-08   -8.07979689e-03    3.22830684e+00    5.33228069e+00   -1.13632319e-03   -5.00630397e-02
3096     1.02875277e-08   -3.55396927e-02    3.20160399e+00    5.34921037e+00    1.53205426e-02   -4.99070944e-02
3097     1.02908611e-08   -4.94246339e-02    3.18843408e+00    5.36121449e+00    2.59490121e-02   -4.97936381e-02
3098     1.02941944e-08   -4.44310448e-02    3.19381535e+00    5.36388512e+00    2.68593651e-02   -4.97642411e-02
3099     1.02975277e-08   -2.24663068e-02    3.21567100e+00    5.35626186e+00    1.77491599e-02   -4.98295459e-02
3100     1.03008611e-08    8.07979689e-03    3.24563571e+00    5.34112458e+00    1.95506504e-03   -4.99659364e-02
3101     1.03041944e-08    3.55396927e-02    3.27225818e+00    5.32413417e+00   -1.46133930e-02   -5.01225292e-02
3102     1.03075277e-08    4.94246339e-02    3.28536631e+00    5.31184240e+00   -2.55658568e-02   -5.02388928e-02
3103     1.03108611e-08    4.44310448e-02    3.27994084e+00    5.30910497e+00   -2.65655735e-02   -5.02689799e-02
3104     1.03141944e-08    2.24663068e-02    3.25803336e+00    5.31702459e+00   -1.71875211e-02   -5.02007374e-02
3105     1.03175277e-08   -8.07979689e-03    3.22799451e+00    5.33246254e+00   -1.13869611e-03   -5.00613774e-02
3106     1.03208611e-08   -3.55396927e-02    3.20129181e+00    5.34939261e+00    1.53187055e-02   -4.99054280e-02
3107     1.03241944e-08   -4.94246339e-02    3.18812201e+00    5.36139725e+00    2.59477966e-02   -4.97919665e-02
3108     1.03275277e-08   -4.44310448e-02    3.19350337e+00    5.36406825e+00    2.68585868e-02   -4.97625658e-02
3109     1.03308611e-08   -2.24663068e-02    3.21535909e+00    5.35644504e+00    1.77484770e-02   -4.98278700e-02
3110     1.03341944e-08    8.07979689e-03    3.24532392e+00    5.34130746e+00    1.95413564e-03   -4.99642635e-02
3111     1.03375277e-08    3.55396927e-02    3.27194655e+00    5.32431650e+00   -1.46147985e-02   -5.01208617e-02
3112     1.03408611e-08    4.94246339e-02    3.28505487e+00    5.31202407e+00   -2.55678109e-02   -5.02372319e-02
3113     1.03441944e-08    4.44310448e-02    3.27962962e+00    5.30928604e+00   -2.65679756e-02   -5.02673248e-02
3114     1.03475277e-08    2.24663068e-02    3.25772237e+00    5.31720532e+00   -1.71900948e-02   -5.01990856e-02
3115     1.03508611e-08   -8.07979689e-03    3.22768372e+00    5.33264332e+00   -1.14105730e-03   -5.00597249e-02
3116     1.03541944e-08   -3.55396927e-02    3.20098118e+00    5.34957378e+00    1.53168774e-02   -4.99037716e-02
3117     1.03575277e-08   -4.94246339e-02    3.18781149e+00    5.36157894e+00    2.59465869e-02   -4.97903048e-02
3118     1.03608611e-08   -4.44310448e-02    3.19319293e+00    5.36425031e+00    2.68578124e-02   -4.97609004e-02
3119     1.03641944e-08   -2.24663068e-02    3.21504874e+00    5.35662715e+00    1.77477977e-02   -4.98262041e-02
3120     1.03675277e-08    8.07979689e-03    3.24501368e+00    5.34148927e+00    1.95321128e-03   -4.99626005e-02
3121     1.03708611e-08    3.55396927e-02    3.27163646e+00    5.32449776e+00   -1.46161965e-02   -5.01192042e-02
3122     1.03741944e-08    4.94246339e-02    3.28474498e+00    5.31220467e+00   -2.55697547e-02   -5.02355808e-02
3123     1.03775277e-08    4.44310448e-02    3.27931996e+00    5.30946605e+00   -2.65703654e-02   -5.02656795e-02
3124     1.03808611e-08    2.24663068e-02    3.25741293e+00    5.31738500e+00   -1.71926555e-02   -5.01974436e-02
3125     1.03841944e-08   -8.07979689e-03    3.22737448e+00    5.33282304e+00   -1.14340680e-03   -5.00580823e-02
3126     1.03875277e-08   -3.55396927e-02    3.20067210e+00    5.34975390e+00    1.53150582e-02   -4.99021250e-02
3127     1.03908611e-08   -4.94246339e-02    3.18750252e+00    5.36175957e+00    2.59453832e-02   -4.97886530e-02
3128     1.03941944e-08   -4.44310448e-02    3.19288404e+00    5.36443131e+00    2.68570419e-02   -4.97592449e-02
3129     1.03975277e-08   -2.24663068e-02    3.21473993e+00    5.35680819e+00    1.77471220e-02   -4.98245481e-02
3130     1.04008611e-08    8.07979689e-03    3.24470499e+00    5.34167001e+00    1.95229194e-03   -4.99609474e-02
3131     1.04041944e-08    3.55396927e-02    3.27132792e+00    5.32467796e+00   -1.46175870e-02   -5.01175565e-02
3132     1.04075277e-08    4.94246339e-02    3.28443664e+00    5.31238421e+00   -2.55716883e-02   -5.02339396e-02
3133     1.04108611e-08    4.44310448e-02    3.27901184e+00    5.30964501e+00   -2.65727428e-02   -5.02640440e-02
3134     1.04141944e-08    2.24663068e-02    3.25710503e+00    5.31756362e+00   -1.71952033e-02   -5.01958113e-02
3135     1.04175277e-08   -8.07979689e-03    3.22706679e+00    5.33300171e+00   -1.14574468e-03   -5.00564495e-02
3136     1.04208611e-08   -3.55396927e-02    3.20036456e+00    5.34993295e+00    1.53132478e-02   -4.99004882e-02
3137     1.04241944e-08   -4.94246339e-02    3.18719509e+00    5.36193914e+00    2.59441853e-02   -4.97870111e-02
3138     1.04275277e-08   -4.44310448e-02    3.19257669e+00    5.36461124e+00    2.68562752e-02   -4.97575992e-02
3139     1.04308611e-08   -2.24663068e-02    3.21443266e+00    5.35698818e+00    1.77464498e-02   -4.98229019e-02
3140     1.04341944e-08    8.07979689e-03    3.24439783e+00    5.34184970e+00    1.95137759e-03   -4.99593041e-02
3141     1.04375277e-08    3.55396927e-02    3.27102092e+00    5.32485710e+00   -1.46189700e-02   -5.01159186e-02
3142     1.04408611e-08    4.94246339e-02    3.28412983e+00    5.31256270e+00   -2.55736117e-02   -5.02323080e-02
3143     1.04441944e-08    4.44310448e-02    3.27870525e+00    5.30982292e+00   -2.65751080e-02   -5.02624182e-02
3144     1.04475277e-08    2.24663068e-02    3.25679866e+00    5.31774119e+00   -1.71977382e-02   -5.01941888e-02
3145     1.04508611e-08   -8.07979689e-03    3.22676062e+00    5.33317933e+00   -1.14807097e-03   -5.00548264e-02
3146     1.04541944e-08   -3.55396927e-02    3.20005855e+00    5.35011096e+00    1.53114463e-02   -4.98988611e-02
3147     1.04575277e-08   -4.94246339e-02    3.18688919e+00    5.36211766e+00    2.59429932e-02   -4.97853788e-02
3148     1.04608611e-08   -4.44310448e-02    3.19227087e+00    5.36479013e+00    2.68555123e-02   -4.97559633e-02
3149     1.04641944e-08   -2.24663068e-02    3.21412692e+00    5.35716710e+00    1.77457813e-02   -4.98212655e-02
3150     1.04675277e-08    8.07979689e-03    3.24409220e+00    5.34202833e+00    1.95046820e-03   -4.99576706e-02
3151     1.04708611e-08    3.55396927e-02    3.27071544e+00    5.32503519e+00   -1.46203455e-02   -5.01142904e-02
3152     1.04741944e-08    4.94246339e-02    3.28382455e+00    5.31274015e+00   -2.55755250e-02   -5.02306862e-02
3153     1.04775277e-08    4.44310448e-02    3.27840018e+00    5.30999978e+00   -2.65774609e-02   -5.02608021e-02
3154     1.04808611e-08    2.24663068e-02    3.25649382e+00    5.31791772e+00   -1.72002603e-02   -5.01925759e-02
3155     1.04841944e-08   -8.07979689e-03    3.22645598e+00    5.33335591e+00   -1.15038573e-03   -5.00532129e-02
3156     1.04875277e-08   -3.55396927e-02    3.19975407e+00    5.35028792e+00    1.53096536e-02   -4.98972437e-02
3157     1.04908611e-08   -4.94246339e-02    3.18658481e+00    5.36229513e+00    2.59418069e-02   -4.97837563e-02
3158     1.04941944e-08   -4.44310448e-02    3.19196657e+00    5.36496796e+00    2.68547533e-02   -4.97543371e-02
3159     1.04975277e-08   -2.24663068e-02    3.21382271e+00    5.35734498e+00    1.77451163e-02   -4.98196388e-02
3160     1.05008611e-08    8.07979689e-03    3.24378809e+00    5.34220592e+00    1.94956377e-03   -4.99560468e-02
3161     1.05041944e-08    3.55396927e-02    3.27041149e+00    5.32521224e+00   -1.46217137e-02   -5.01126719e-02
3162     1.05075277e-08    4.94246339e-02    3.28352078e+00    5.31291655e+00   -2.55774281e-02   -5.02290741e-02
3163     1.05108611e-08    4.44310448e-02    3.27809664e+00    5.31017560e+00   -2.65798017e-02   -5.02591956e-02
3164     1.05141944e-08    2.24663068e-02    3.25619050e+00    5.31809322e+00   -1.72027696e-02   -5.01909726e-02
3165     1.05175277e-08   -8.07979689e-03    3.22615286e+00    5.33353145e+00   -1.15268899e-03   -5.00516091e-02
3166     1.05208611e-08   -3.55396927e-02    3.19945110e+00    5.35046385e+00    1.53078697e-02   -4.98956360e-02
3167     1.05241944e-08   -4.94246339e-02    3.18628195e+00    5.36247155e+00    2.59406264e-02   -4.97821435e-02
3168     1.05275277e-08   -4.44310448e-02    3.19166379e+00    5.36514475e+00    2.68539980e-02   -4.97527206e-02
3169     1.05308611e-08   -2.24663068e-02    3.21352001e+00    5.35752182e+00    1.77444548e-02   -4.98180218e-02
3170     1.05341944e-08    8.07979689e-03    3.24348550e+00    5.34238246e+00    1.94866425e-03   -4.99544326e-02
3171     1.05375277e-08    3.55396927e-02    3.27010905e+00    5.32538825e+00   -1.46230744e-02   -5.01110630e-02
3172     1.05408611e-08    4.94246339e-02    3.28321854e+00    5.31309192e+00   -2.55793212e-02   -5.02274715e-02
3173     1.05441944e-08    4.44310448e-02    3.27779461e+00    5.31035039e+00   -2.65821304e-02   -5.02575987e-02
3174     1.05475277e-08    2.24663068e-02    3.25588869e+00    5.31826768e+00   -1.72052663e-02   -5.01893789e-02
3175     1.05508611e-08   -8.07979689e-03    3.22585124e+00    5.33370596e+00   -1.15498082e-03   -5.00500148e-02
3176     1.05541944e-08   -3.55396927e-02    3.19914964e+00    5.35063874e+00    1.53060944e-02   -4.98940378e-02
3177     1.05575277e-08   -4.94246339e-02    3.18598060e+00    5.36264694e+00    2.59394517e-02   -4.97805403e-02
3178     1.05608611e-08   -4.44310448e-02    3.19136252e+00    5.36532050e+00    2.68532465e-02   -4.97511138e-02
3179     1.05641944e-08   -2.24663068e-02    3.21321882e+00    5.35769761e+00    1.77437968e-02   -4.98164145e-02
3180     1.05675277e-08    8.07979689e-03    3.24318442e+00    5.34255797e+00    1.94776964e-03   -4.99528281e-02
3181     1.05708611e-08    3.55396927e-02    3.26980812e+00    5.32556322e+00   -1.46244279e-02   -5.01094637e-02
3182     1.05741944e-08    4.94246339e-02    3.28291780e+00    5.31326626e+00   -2.55812043e-02   -5.02258785e-02
3183     1.05775277e-08    4.44310448e-02    3.27749409e+00    5.31052416e+00   -2.65844470e-02   -5.02560114e-02
3184     1.05808611e-08    2.24663068e-02    3.25558839e+00    5.31844111e+00   -1.72077503e-02   -5.01877947e-02
3185     1.05841944e-08   -8.07979689e-03    3.22555113e+00    5.33387944e+00   -1.15726126e-03   -5.00484301e-02
3186     1.05875277e-08   -3.55396927e-02    3.19884969e+00    5.35081259e+00    1.53043279e-02   -4.98924492e-02
3187     1.05908611e-08   -4.94246339e-02    3.18568075e+00    5.36282130e+00    2.59382826e-02   -4.97789466e-02
3188     1.05941944e-08   -4.44310448e-02    3.19106275e+00    5.36549521e+00    2.68524987e-02   -4.97495165e-02
3189     1.05975277e-08   -2.24663068e-02    3.21291913e+00    5.35787238e+00    1.77431423e-02   -4.98148167e-02
3190     1.06008611e-08    8.07979689e-03    3.24288484e+00    5.34273245e+00    1.94687991e-03   -4.99512331e-02
3191     1.06041944e-08    3.55396927e-02    3.26950869e+00    5.32573716e+00   -1.46257740e-02   -5.01078740e-02
3192     1.06075277e-08    4.94246339e-02    3.28261856e+00    5.31343957e+00   -2.55830773e-02   -5.02242951e-02
3193     1.06108611e-08    4.44310448e-02    3.27719506e+00    5.31069690e+00   -2.65867516e-02   -5.02544335e-02
3194     1.06141944e-08    2.24663068e-02    3.25528958e+00    5.31861353e+00   -1.72102216e-02   -5.01862199e-02
3195     1.06175277e-08   -8.07979689e-03    3.22525252e+00    5.33405189e+00   -1.15953036e-03   -5.00468548e-02
3196     1.06208611e-08   -3.55396927e-02    3.19855123e+00    5.35098543e+00    1.53025700e-02   -4.98908701e-02
3197     1.06241944e-08   -4.94246339e-02    3.18538240e+00    5.36299464e+00    2.59371192e-02   -4.97773624e-02
3198     1.06275277e-08   -4.44310448e-02    3.19076448e+00    5.36566890e+00    2.68517547e-02   -4.97479288e-02
3199     1.06308611e-08   -2.24663068e-02    3.21262093e+00    5.35804611e+00    1.77424913e-02   -4.98132284e-02
3200     1.06341944e-08    8.07979689e-03    3.24258675e+00    5.34290590e+00    1.94599504e-03   -4.99496476e-02
3201     1.06375277e-08    3.55396927e-02    3.26921075e+00    5.32591009e+00   -1.46271128e-02   -5.01062938e-02
3202     1.06408611e-08    4.94246339e-02    3.28232081e+00    5.31361186e+00   -2.55849404e-02   -5.02227210e-02
3203     1.06441944e-08    4.44310448e-02    3.27689752e+00    5.31086862e+00   -2.65890442e-02   -5.02528650e-02
3204     1.06475277e-08    2.24663068e-02    3.25499226e+00    5.31878493e+00   -1.72126804e-02   -5.01846546e-02
3205     1.06508611e-08   -8.07979689e-03    3.22495540e+00    5.33422334e+00   -1.16178815e-03   -5.00452889e-02
3206     1.06541944e-08   -3.55396927e-02    3.19825425e+00    5.35115725e+00    1.53008207e-02   -4.98893004e-02
3207     1.06575277e-08   -4.94246339e-02    3.18508553e+00    5.36316695e+00    2.59359615e-02   -4.97757878e-02
3208     1.06608611e-08   -4.44310448e-02    3.19046769e+00    5.36584157e+00    2.68510144e-02   -4.97463505e-02
3209     1.06641944e-08   -2.24663068e-02    3.21232422e+00    5.35821882e+00    1.77418437e-02   -4.98116497e-02
3210     1.06675277e-08    8.07979689e-03    3.24229015e+00    5.34307833e+00    1.94511501e-03   -4.99480717e-02
3211     1.06708611e-08    3.55396927e-02    3.26891430e+00    5.32608199e+00   -1.46284443e-02   -5.01047230e-02
3212     1.06741944e-08    4.94246339e-02    3.28202454e+00    5.31378313e+00   -2.55867936e-02   -5.02211564e-02
3213     1.06775277e-08    4.44310448e-02    3.27660147e+00    5.31103933e+00   -2.65913249e-02   -5.02513060e-02
3214     1.06808611e-08    2.24663068e-02    3.25469642e+00    5.31895531e+00   -1.72151267e-02   -5.01830987e-02
3215     1.06841944e-08   -8.07979689e-03    3.22465976e+00    5.33439377e+00   -1.16403470e-03   -5.00437325e-02
3216     1.06875277e-08   -3.55396927e-02    3.19795877e+00    5.35132805e+00    1.52990799e-02   -4.98877401e-02
3217     1.06908611e-08   -4.94246339e-02    3.18479015e+00    5.36333824e+00    2.59348093e-02   -4.97742225e-02
3218     1.06941944e-08   -4.44310448e-02    3.19017238e+00    5.36601321e+00    2.68502777e-02   -4.97447817e-02
3219     1.06975277e-08   -2.24663068e-02    3.21202899e+00    5.35839052e+00    1.77411995e-02   -4.98100803e-02
3220     1.07008611e-08    8.07979689e-03    3.24199503e+00    5.34324974e+00    1.94423980e-03   -4.99465051e-02
3221     1.07041944e-08    3.55396927e-02    3.26861933e+00    5.32625288e+00   -1.46297686e-02   -5.01031615e-02
3222     1.07075277e-08    4.94246339e-02    3.28172976e+00    5.31395340e+00   -2.55886369e-02   -5.02196011e-02
3223     1.07108611e-08    4.44310448e-02    3.27630690e+00    5.31120903e+00   -2.65935937e-02   -5.02497562e-02
3224     1.07141944e-08    2.24663068e-02    3.25440207e+00    5.31912469e+00   -1.72175606e-02   -5.01815520e-02
3225     1.07175277e-08   -8.07979689e-03    3.22436559e+00    5.33456319e+00   -1.16627004e-03   -5.00421853e-02
3226     1.07208611e-08   -3.55396927e-02    3.19766475e+00    5.35149784e+00    1.52973477e-02   -4.98861892e-02
3227     1.07241944e-08   -4.94246339e-02    3.18449624e+00    5.36350853e+00    2.59336628e-02   -4.97726666e-02
3228     1.07275277e-08   -4.44310448e-02    3.18987855e+00    5.36618385e+00    2.68495447e-02   -4.97432222e-02
3229     1.07308611e-08   -2.24663068e-02    3.21173524e+00    5.35856120e+00    1.77405588e-02   -4.98085204e-02
3230     1.07341944e-08    8.07979689e-03    3.24170139e+00    5.34342014e+00    1.94336938e-03   -4.99449479e-02
3231     1.07375277e-08    3.55396927e-02    3.26832583e+00    5.32642276e+00   -1.46310857e-02   -5.01016095e-02
3232     1.07408611e-08    4.94246339e-02    3.28143644e+00    5.31412266e+00   -2.55904704e-02   -5.02180552e-02
3233     1.07441944e-08    4.44310448e-02    3.27601380e+00    5.31137773e+00   -2.65958507e-02   -5.02482158e-02
3234     1.07475277e-08    2.24663068e-02    3.25410918e+00    5.31929308e+00   -1.72199820e-02   -5.01800147e-02
3235     1.07508611e-08   -8.07979689e-03    3.22407289e+00    5.33473161e+00   -1.16849422e-03   -5.00406474e-02
3236     1.07541944e-08   -3.55396927e-02    3.19737220e+00    5.35166664e+00    1.52956240e-02   -4.98846475e-02
3237     1.07575277e-08   -4.94246339e-02    3.18420380e+00    5.36367781e+00    2.59325219e-02   -4.97711200e-02
3238     1.07608611e-08   -4.44310448e-02    3.18958618e+00    5.36635348e+00    2.68488153e-02   -4.97416721e-02
3239     1.07641944e-08   -2.24663068e-02    3.21144295e+00    5.35873087e+00    1.77399215e-02   -4.98069698e-02
3240     1.07675277e-08    8.07979689e-03    3.24140920e+00    5.34358954e+00    1.94250374e-03   -4.99434000e-02
3241     1.07708611e-08    3.55396927e-02    3.26803379e+00    5.32659164e+00   -1.46323956e-02   -5.01000667e-02
3242     1.07741944e-08    4.94246339e-02    3.28114460e+00    5.31429092e+00   -2.55922941e-02   -5.02165185e-02
3243     1.07775277e-08    4.44310448e-02    3.27572216e+00    5.31154544e+00   -2.65980959e-02   -5.02466845e-02
3244     1.07808611e-08    2.24663068e-02    3.25381775e+00    5.31946046e+00   -1.72223911e-02   -5.01784865e-02
3245     1.07841944e-08   -8.07979689e-03    3.22378166e+00    5.33489904e+00   -1.17070728e-03   -5.00391188e-02
3246     1.07875277e-08   -3.55396927e-02    3.19708112e+00    5.35183443e+00    1.52939088e-02   -4.98831151e-02
3247     1.07908611e-08   -4.94246339e-02    3.18391281e+00    5.36384609e+00    2.59313865e-02   -4.97695827e-02
3248     1.07941944e-08   -4.44310448e-02    3.18929528e+00    5.36652210e+00    2.68480896e-02   -4.97401313e-02
3249     1.07975277e-08   -2.24663068e-02    3.21115212e+00    5.35889955e+00    1.77392875e-02   -4.98054285e-02
3250     1.08008611e-08    8.07979689e-03    3.24111848e+00    5.34375793e+00    1.94164286e-03   -4.99418614e-02
3251     1.08041944e-08    3.55396927e-02    3.26774322e+00    5.32675952e+00   -1.46336984e-02   -5.00985331e-02
3252     1.08075277e-08    4.94246339e-02    3.28085420e+00    5.31445819e+00   -2.55941080e-02   -5.02149910e-02
3253     1.08108611e-08    4.44310448e-02    3.27543197e+00    5.31171215e+00   -2.66003293e-02   -5.02451625e-02
3254     1.08141944e-08    2.24663068e-02    3.25352778e+00    5.31962686e+00   -1.72247878e-02   -5.01769675e-02
3255     1.08175277e-08   -8.07979689e-03    3.22349188e+00    5.33506548e+00   -1.17290928e-03   -5.00375993e-02
3256     1.08208611e-08   -3.55396927e-02    3.19679148e+00    5.35200123e+00    1.52922019e-02   -4.98815919e-02
3257     1.08241944e-08   -4.94246339e-02    3.18362329e+00    5.36401337e+00    2.59302566e-02   -4.97680547e-02
3258     1.08275277e-08   -4.44310448e-02    3.18900582e+00    5.36668973e+00    2.68473675e-02   -4.97385997e-02
3259     1.08308611e-08   -2.24663068e-02    3.21086275e+00    5.35906722e+00    1.77386569e-02   -4.98038964e-02
3260     1.08341944e-08    8.07979689e-03    3.24082921e+00    5.34392534e+00    1.94078671e-03   -4.99403320e-02
3261     1.08375277e-08    3.55396927e-02    3.26745409e+00    5.32692642e+00   -1.46349940e-02   -5.00970088e-02
3262     1.08408611e-08    4.94246339e-02    3.28056526e+00    5.31462447e+00   -2.55959122e-02   -5.02134727e-02
3263     1.08441944e-08    4.44310448e-02    3.27514324e+00    5.31187788e+00   -2.66025511e-02   -5.02436496e-02
3264     1.08475277e-08    2.24663068e-02    3.25323926e+00    5.31979227e+00   -1.72271723e-02   -5.01754577e-02
3265     1.08508611e-08   -8.07979689e-03    3.22320354e+00    5.33523093e+00   -1.17510025e-03   -5.00360889e-02
3266     1.08541944e-08   -3.55396927e-02    3.19650330e+00    5.35216705e+00    1.52905035e-02   -4.98800779e-02
3267     1.08575277e-08   -4.94246339e-02    3.18333520e+00    5.36417966e+00    2.59291322e-02   -4.97665358e-02
3268     1.08608611e-08   -4.44310448e-02    3.18871782e+00    5.36685637e+00    2.68466489e-02   -4.97370774e-02
3269     1.08641944e-08   -2.24663068e-02    3.21057482e+00    5.35923391e+00    1.77380297e-02   -4.98023735e-02
3270     1.08675277e-08    8.07979689e-03    3.24054139e+00    5.34409175e+00    1.93993528e-03   -4.99388118e-02
3271     1.08708611e-08    3.55396927e-02    3.26716641e+00    5.32709232e+00   -1.46362826e-02   -5.00954936e-02
3272     1.08741944e-08    4.94246339e-02    3.28027776e+00    5.31478976e+00   -2.55977068e-02   -5.02119635e-02
3273     1.08775277e-08    4.44310448e-02    3.27485595e+00    5.31204262e+00   -2.66047612e-02   -5.02421458e-02
3274     1.08808611e-08    2.24663068e-02    3.25295217e+00    5.31995670e+00   -1.72295446e-02   -5.01739569e-02
3275     1.08841944e-08   -8.07979689e-03    3.22291665e+00    5.33539540e+00   -1.17728025e-03   -5.00345877e-02
3276     1.08875277e-08   -3.55396927e-02    3.19621655e+00    5.35233188e+00    1.52888133e-02   -4.98785729e-02
3277     1.08908611e-08   -4.94246339e-02    3.18304856e+00    5.36434497e+00    2.59280132e-02   -4.97650260e-02
3278     1.08941944e-08   -4.44310448e-02    3.18843125e+00    5.36702203e+00    2.68459340e-02   -4.97355641e-02
3279     1.08975277e-08   -2.24663068e-02    3.21028833e+00    5.35939961e+00    1.77374058e-02   -4.98008597e-02
3280     1.09008611e-08    8.07979689e-03    3.24025500e+00    5.34425717e+00    1.93908855e-03   -4.99373008e-02
3281     1.09041944e-08    3.55396927e-02    3.26688017e+00    5.32725724e+00   -1.46375641e-02   -5.00939875e-02
3282     1.09075277e-08    4.94246339e-02    3.27999170e+00    5.31495408e+00   -2.55994916e-02   -5.02104634e-02
3283     1.09108611e-08    4.44310448e-02    3.27457009e+00    5.31220639e+00   -2.66069597e-02   -5.02406510e-02
3284     1.09141944e-08    2.24663068e-02    3.25266653e+00    5.32012015e+00   -1.72319047e-02   -5.01724652e-02
3285     1.09175277e-08   -8.07979689e-03    3.22263119e+00    5.33555890e+00   -1.17944931e-03   -5.00330954e-02
3286     1.09208611e-08   -3.55396927e-02    3.19593124e+00    5.35249573e+00    1.52871315e-02   -4.98770770e-02
3287     1.09241944e-08   -4.94246339e-02    3.18276335e+00    5.36450930e+00    2.59268997e-02   -4.97635253e-02
3288     1.09275277e-08   -4.44310448e-02    3.18814611e+00    5.36718670e+00    2.68452225e-02   -4.97340600e-02
3289     1.09308611e-08   -2.24663068e-02    3.21000327e+00    5.35956433e+00    1.77367852e-02   -4.97993551e-02
3290     1.09341944e-08    8.07979689e-03    3.23997004e+00    5.34442162e+00    1.93824649e-03   -4.99357988e-02
3291     1.09375277e-08    3.55396927e-02    3.26659536e+00    5.32742118e+00   -1.46388385e-02   -5.00924905e-02
3292     1.09408611e-08    4.94246339e-02    3.27970707e+00    5.31511742e+00   -2.56012669e-02   -5.02089723e-02
3293     1.09441944e-08    4.44310448e-02    3.27428567e+00    5.31236919e+00   -2.66091466e-02   -5.02391653e-02
3294     1.09475277e-08    2.24663068e-02    3.25238231e+00    5.32028264e+00   -1.72342527e-02   -5.01709825e-02
3295     1.09508611e-08   -8.07979689e-03    3.22234716e+00    5.33572142e+00   -1.18160748e-03   -5.00316122e-02
3296     1.09541944e-08   -3.55396927e-02    3.19564735e+00    5.35265862e+00    1.52854580e-02   -4.98755902e-02
3297     1.09575277e-08   -4.94246339e-02    3.18247956e+00    5.36467266e+00    2.59257916e-02   -4.97620336e-02
3298     1.09608611e-08   -4.44310448e-02    3.18786240e+00    5.36735039e+00    2.68445146e-02   -4.97325649e-02
3299     1.09641944e-08   -2.24663068e-02    3.20971963e+00    5.35972807e+00    1.77361679e-02   -4.97978595e-02
3300     1.09675277e-08    8.07979689e-03    3.23968651e+00    5.34458509e+00    1.93740909e-03   -4.99343058e-02
3301     1.09708611e-08    3.55396927e-02    3.26631197e+00    5.32758416e+00   -1.46401060e-02   -5.00910025e-02
3302     1.09741944e-08    4.94246339e-02    3.27942386e+00    5.31527979e+00   -2.56030326e-02   -5.02074902e-02
3303     1.09775277e-08    4.44310448e-02    3.27400266e+00    5.31253102e+00   -2.66113220e-02   -5.02376884e-02
3304     1.09808611e-08    2.24663068e-02    3.25209951e+00    5.32044416e+00   -1.72365886e-02   -5.01695086e-02
3305     1.09841944e-08   -8.07979689e-03    3.22206454e+00    5.33588298e+00   -1.18375481e-03   -5.00301379e-02
3306     1.09875277e-08   -3.55396927e-02    3.19536488e+00    5.35282053e+00    1.52837927e-02   -4.98741123e-02
3307     1.09908611e-08   -4.94246339e-02    3.18219720e+00    5.36483504e+00    2.59246889e-02   -4.97605510e-02
3308     1.09941944e-08   -4.44310448e-02    3.18758011e+00    5.36751311e+00    2.68438103e-02   -4.97310788e-02
3309     1.09975277e-08   -2.24663068e-02    3.20943742e+00    5.35989084e+00    1.77355539e-02   -4.97963729e-02
3310     1.10008611e-08    8.07979689e-03    3.23940440e+00    5.34474760e+00    1.93657634e-03   -4.99328218e-02
3311     1.10041944e-08    3.55396927e-02    3.26603000e+00    5.32774616e+00   -1.46413664e-02   -5.00895234e-02
3312     1.10075277e-08    4.94246339e-02    3.27914207e+00    5.31544120e+00   -2.56047888e-02   -5.02060170e-02
3313     1.10108611e-08    4.44310448e-02    3.27372107e+00    5.31269189e+00   -2.66134860e-02   -5.02362205e-02
3314     1.10141944e-08    2.24663068e-02    3.25181813e+00    5.32060472e+00   -1.72389125e-02   -5.01680437e-02
3315     1.10175277e-08   -8.07979689e-03    3.22178335e+00    5.33604358e+00   -1.18589133e-03   -5.00286725e-02
3316     1.10208611e-08   -3.55396927e-02    3.19508383e+00    5.35298148e+00    1.52821356e-02   -4.98726432e-02
3317     1.10241944e-08   -4.94246339e-02    3.18191624e+00    5.36499646e+00    2.59235916e-02   -4.97590772e-02
3318     1.10275277e-08   -4.44310448e-02    3.18729923e+00    5.36767487e+00    2.68431094e-02   -4.97296017e-02
3319     1.10308611e-08   -2.24663068e-02    3.20915662e+00    5.36005264e+00    1.77349432e-02   -4.97948953e-02
3320     1.10341944e-08    8.07979689e-03    3.23912370e+00    5.34490914e+00    1.93574820e-03   -4.99313468e-02
3321     1.10375277e-08    3.55396927e-02    3.26574944e+00    5.32790720e+00   -1.46426199e-02   -5.00880532e-02
3322     1.10408611e-08    4.94246339e-02    3.27886169e+00    5.31560165e+00   -2.56065354e-02   -5.02045526e-02
3323     1.10441944e-08    4.44310448e-02    3.27344089e+00    5.31285181e+00   -2.66156385e-02   -5.02347615e-02
3324     1.10475277e-08    2.24663068e-02    3.25153815e+00    5.32076433e+00   -1.72412245e-02   -5.01665877e-02
3325     1.10508611e-08   -8.07979689e-03    3.22150355e+00    5.33620323e+00   -1.18801710e-03   -5.00272160e-02
3326     1.10541944e-08   -3.55396927e-02    3.19480418e+00    5.35314148e+00    1.52804867e-02   -4.98711831e-02
3327     1.10575277e-08   -4.94246339e-02    3.18163670e+00    5.36515693e+00    2.59224996e-02   -4.97576124e-02
3328     1.10608611e-08   -4.44310448e-02    3.18701976e+00    5.36783567e+00    2.68424120e-02   -4.97281334e-02
3329     1.10641944e-08   -2.24663068e-02    3.20887722e+00    5.36021348e+00    1.77343357e-02   -4.97934266e-02
3330     1.10675277e-08    8.07979689e-03    3.23884440e+00    5.34506971e+00    1.93492467e-03   -4.99298807e-02
3331     1.10708611e-08    3.55396927e-02    3.26547028e+00    5.32806729e+00   -1.46438665e-02   -5.00865919e-02
3332     1.10741944e-08    4.94246339e-02    3.27858271e+00    5.31576115e+00   -2.56082726e-02   -5.02030972e-02
3333     1.10775277e-08    4.44310448e-02    3.27316211e+00    5.31301077e+00   -2.66177797e-02   -5.02333112e-02
3334     1.10808611e-08    2.24663068e-02    3.25125958e+00    5.32092298e+00   -1.72435245e-02   -5.01651404e-02
3335     1.10841944e-08   -8.07979689e-03    3.22122516e+00    5.33636192e+00   -1.19013215e-03   -5.00257682e-02
3336     1.10875277e-08   -3.55396927e-02    3.19452593e+00    5.35330052e+00    1.52788460e-02   -4.98697318e-02
3337     1.10908611e-08   -4.94246339e-02    3.18135855e+00    5.36531643e+00    2.59214130e-02   -4.97561564e-02
3338     1.10941944e-08   -4.44310448e-02    3.18674168e+00    5.36799551e+00    2.68417181e-02   -4.97266741e-02
3339     1.10975277e-08   -2.24663068e-02    3.20859922e+00    5.36037337e+00    1.77337315e-02   -4.97919667e-02
3340     1.11008611e-08    8.07979689e-03    3.23856650e+00    5.34522934e+00    1.93410572e-03   -4.99284234e-02
3341     1.11041944e-08    3.55396927e-02    3.26519252e+00    5.32822643e+00   -1.46451062e-02   -5.00851395e-02
3342     1.11075277e-08    4.94246339e-02    3.27830513e+00    5.31591970e+00   -2.56100004e-02   -5.02016505e-02
3343     1.11108611e-08    4.44310448e-02    3.27288473e+00    5.31316879e+00   -2.66199095e-02   -5.02318697e-02
3344     1.11141944e-08    2.24663068e-02    3.25098239e+00    5.32108070e+00   -1.72458126e-02   -5.01637018e-02
3345     1.11175277e-08   -8.07979689e-03    3.22094816e+00    5.33651967e+00   -1.19223652e-03   -5.00243292e-02
3346     1.11208611e-08   -3.55396927e-02    3.19424908e+00    5.35345862e+00    1.52772133e-02   -4.98682893e-02
3347     1.11241944e-08   -4.94246339e-02    3.18108179e+00    5.36547499e+00    2.59203316e-02   -4.97547092e-02
3348     1.11275277e-08   -4.44310448e-02    3.18646500e+00    5.36815440e+00    2.68410276e-02   -4.97252235e-02
3349     1.11308611e-08   -2.24663068e-02    3.20832261e+00    5.36053230e+00    1.77331305e-02   -4.97905156e-02
3350     1.11341944e-08    8.07979689e-03    3.23828999e+00    5.34538801e+00    1.93329133e-03   -4.99269749e-02
3351     1.11375277e-08    3.55396927e-02    3.26491615e+00    5.32838461e+00   -1.46463389e-02   -5.00836958e-02
3352     1.11408611e-08    4.94246339e-02    3.27802893e+00    5.31607730e+00   -2.56117188e-02   -5.02002125e-02
3353     1.11441944e-08    4.44310448e-02    3.27260873e+00    5.31332587e+00   -2.66220280e-02   -5.02304370e-02
3354     1.11475277e-08    2.24663068e-02    3.25070660e+00    5.32123747e+00   -1.72480889e-02   -5.01622720e-02
3355     1.11508611e-08   -8.07979689e-03    3.22067255e+00    5.33667648e+00   -1.19433027e-03   -5.00228989e-02
3356     1.11541944e-08   -3.55396927e-02    3.19397361e+00    5.35361577e+00    1.52755887e-02   -4.98668555e-02
3357     1.11575277e-08   -4.94246339e-02    3.18080642e+00    5.36563260e+00    2.59192555e-02   -4.97532708e-02
3358     1.11608611e-08   -4.44310448e-02    3.18618970e+00    5.36831234e+00    2.68403406e-02   -4.97237818e-02
3359     1.11641944e-08   -2.24663068e-02    3.20804738e+00    5.36069029e+00    1.77325328e-02   -4.97890734e-02
3360     1.11675277e-08    8.07979689e-03    3.23801487e+00    5.34554574e+00    1.93248150e-03   -4.99255351e-02
3361     1.11708611e-08    3.55396927e-02    3.26464117e+00    5.32854186e+00   -1.46475649e-02   -5.00822608e-02
3362     1.11741944e-08    4.94246339e-02    3.27775412e+00    5.31623396e+00   -2.56134279e-02   -5.01987833e-02
3363     1.11775277e-08    4.44310448e-02    3.27233412e+00    5.31348201e+00   -2.66241353e-02   -5.02290129e-02
3364     1.11808611e-08    2.24663068e-02    3.25043219e+00    5.32139330e+00   -1.72503534e-02   -5.01608509e-02
3365     1.11841944e-08   -8.07979689e-03    3.22039832e+00    5.33683235e+00   -1.19641343e-03   -5.00214773e-02
3366     1.11875277e-08   -3.55396927e-02    3.19369951e+00    5.35377199e+00    1.52739721e-02   -4.98654304e-02
3367     1.11908611e-08   -4.94246339e-02    3.18053243e+00    5.36578927e+00    2.59181846e-02   -4.97518410e-02
3368     1.11941944e-08   -4.44310448e-02    3.18591578e+00    5.36846934e+00    2.68396569e-02   -4.97223487e-02
3369     1.11975277e-08   -2.24663068e-02    3.20777354e+00    5.36084734e+00    1.77319382e-02   -4.97876398e-02
3370     1.12008611e-08    8.07979689e-03    3.23774113e+00    5.34570253e+00    1.93167619e-03   -4.99241041e-02
3371     1.12041944e-08    3.55396927e-02    3.26436756e+00    5.32869817e+00   -1.46487840e-02   -5.00808345e-02
3372     1.12075277e-08    4.94246339e-02    3.27748069e+00    5.31638970e+00   -2.56151276e-02   -5.01973627e-02
3373     1.12108611e-08    4.44310448e-02    3.27206088e+00    5.31363721e+00   -2.66262313e-02   -5.02275974e-02
3374     1.12141944e-08    2.24663068e-02    3.25015915e+00    5.32154821e+00   -1.72526061e-02   -5.01594383e-02
3375     1.12175277e-08   -8.07979689e-03    3.22012546e+00    5.33698729e+00   -1.19848604e-03   -5.00200643e-02
3376     1.12208611e-08   -3.55396927e-02    3.19342680e+00    5.35392727e+00    1.52723636e-02   -4.98640139e-02
3377     1.12241944e-08   -4.94246339e-02    3.18025981e+00    5.36594501e+00    2.59171190e-02   -4.97504200e-02
3378     1.12275277e-08   -4.44310448e-02    3.18564323e+00    5.36862541e+00    2.68389767e-02   -4.97209243e-02
3379     1.12308611e-08   -2.24663068e-02    3.20750107e+00    5.36100345e+00    1.77313468e-02   -4.97862149e-02
3380     1.12341944e-08    8.07979689e-03    3.23746875e+00    5.34585839e+00    1.93087540e-03   -4.99226817e-02
3381     1.12375277e-08    3.55396927e-02    3.26409533e+00    5.32885355e+00   -1.46499963e-02   -5.00794169e-02
3382     1.12408611e-08    4.94246339e-02    3.27720862e+00    5.31654450e+00   -2.56168180e-02   -5.01959507e-02
3383     1.12441944e-08    4.44310448e-02    3.27178902e+00    5.31379150e+00   -2.66283162e-02   -5.02261905e-02
3384     1.12475277e-08    2.24663068e-02    3.24988748e+00    5.32170219e+00   -1.72548472e-02   -5.01580343e-02
3385     1.12508611e-08   -8.07979689e-03    3.21985397e+00    5.33714131e+00   -1.20054816e-03   -5.00186599e-02
3386     1.12541944e-08   -3.55396927e-02    3.19315545e+00    5.35408163e+00    1.52707630e-02   -4.98626060e-02
3387     1.12575277e-08   -4.94246339e-02    3.17998855e+00    5.36609982e+00    2.59160586e-02   -4.97490075e-02
3388     1.12608611e-08   -4.44310448e-02    3.18537205e+00    5.36878054e+00    2.68382999e-02   -4.97195086e-02
3389     1.12641944e-08   -2.24663068e-02    3.20722996e+00    5.36115863e+00    1.77307586e-02   -4.97847987e-02
3390     1.12675277e-08    8.07979689e-03    3.23719774e+00    5.34601332e+00    1.93007910e-03   -4.99212680e-02
3391     1.12708611e-08    3.55396927e-02    3.26382445e+00    5.32900800e+00   -1.46512018e-02   -5.00780078e-02
3392     1.12741944e-08    4.94246339e-02    3.27693792e+00    5.31669838e+00   -2.56184992e-02   -5.01945473e-02
3393     1.12775277e-08    4.44310448e-02    3.27151851e+00    5.31394486e+00   -2.66303900e-02   -5.02247922e-02
3394     1.12808611e-08    2.24663068e-02    3.24961717e+00    5.32185525e+00   -1.72570766e-02   -5.01566389e-02
3395     1.12841944e-08   -8.07979689e-03    3.21958384e+00    5.33729441e+00   -1.20259980e-03   -5.00172640e-02
3396     1.12875277e-08   -3.55396927e-02    3.19288545e+00    5.35423506e+00    1.52691703e-02   -4.98612066e-02
3397     1.12908611e-08   -4.94246339e-02    3.17971866e+00    5.36625370e+00    2.59150033e-02   -4.97476036e-02
3398     1.12941944e-08   -4.44310448e-02    3.18510223e+00    5.36893475e+00    2.68376264e-02   -4.97181014e-02
3399     1.12975277e-08   -2.24663068e-02    3.20696021e+00    5.36131289e+00    1.77301736e-02   -4.97833910e-02
3400     1.13008611e-08    8.07979689e-03    3.23692809e+00    5.34616732e+00    1.92928728e-03   -4.99198628e-02
3401     1.13041944e-08    3.55396927e-02    3.26355494e+00    5.32916152e+00   -1.46524006e-02   -5.00766073e-02
3402     1.13075277e-08    4.94246339e-02    3.27666858e+00    5.31685133e+00   -2.56201712e-02   -5.01931524e-02
3403     1.13108611e-08    4.44310448e-02    3.27124936e+00    5.31409730e+00   -2.66324527e-02   -5.02234023e-02
3404     1.13141944e-08    2.24663068e-02    3.24934822e+00    5.32200740e+00   -1.72592944e-02   -5.01552519e-02
3405     1.13175277e-08   -8.07979689e-03    3.21931506e+00    5.33744659e+00   -1.20464103e-03   -5.00158766e-02
3406     1.13208611e-08   -3.55396927e-02    3.19261682e+00    5.35438758e+00    1.52675856e-02   -4.98598158e-02
3407     1.13241944e-08   -4.94246339e-02    3.17945012e+00    5.36640666e+00    2.59139532e-02   -4.97462083e-02
3408     1.13275277e-08   -4.44310448e-02    3.18483376e+00    5.36908803e+00    2.68369563e-02   -4.97167028e-02
3409     1.13308611e-08   -2.24663068e-02    3.20669181e+00    5.36146622e+00    1.77295917e-02   -4.97819919e-02
3410     1.13341944e-08    8.07979689e-03    3.23665979e+00    5.34632040e+00    1.92849993e-03   -4.99184661e-02
3411     1.13375277e-08    3.55396927e-02    3.26328677e+00    5.32931413e+00   -1.46535927e-02   -5.00752153e-02
3412     1.13408611e-08    4.94246339e-02    3.27640059e+00    5.31700338e+00   -2.56218340e-02   -5.01917659e-02
3413     1.13441944e-08    4.44310448e-02    3.27098156e+00    5.31424883e+00   -2.66345044e-02   -5.02220209e-02
3414     1.13475277e-08    2.24663068e-02    3.24908062e+00    5.32215863e+00   -1.72615006e-02   -5.01538734e-02
3415     1.13508611e-08   -8.07979689e-03    3.21904763e+00    5.33759786e+00   -1.20667188e-03   -5.00144976e-02
3416     1.13541944e-08   -3.55396927e-02    3.19234952e+00    5.35453918e+00    1.52660087e-02   -4.98584334e-02
3417     1.13575277e-08   -4.94246339e-02    3.17918293e+00    5.36655871e+00    2.59129082e-02   -4.97448214e-02
3418     1.13608611e-08   -4.44310448e-02    3.18456664e+00    5.36924040e+00    2.68362895e-02   -4.97153127e-02
3419     1.13641944e-08   -2.24663068e-02    3.20642476e+00    5.36161863e+00    1.77290129e-02   -4.97806013e-02
3420     1.13675277e-08    8.07979689e-03    3.23639284e+00    5.34647256e+00    1.92771701e-03   -4.99170780e-02
3421     1.13708611e-08    3.55396927e-02    3.26301996e+00    5.32946583e+00   -1.46547780e-02   -5.00738317e-02
3422     1.13741944e-08    4.94246339e-02    3.27613394e+00    5.31715451e+00   -2.56234877e-02   -5.01903879e-02
3423     1.13775277e-08    4.44310448e-02    3.27071510e+00    5.31439945e+00   -2.66365451e-02   -5.02206479e-02
3424     1.13808611e-08    2.24663068e-02    3.24881435e+00    5.32230896e+00   -1.72636953e-02   -5.01525032e-02
3425     1.13841944e-08   -8.07979689e-03    3.21878155e+00    5.33774822e+00   -1.20869240e-03   -5.00131270e-02
3426     1.13875277e-08   -3.55396927e-02    3.19208357e+00    5.35468988e+00    1.52644397e-02   -4.98570594e-02
3427     1.13908611e-08   -4.94246339e-02    3.17891707e+00    5.36670985e+00    2.59118684e-02   -4.97434430e-02
3428     1.13941944e-08   -4.44310448e-02    3.18430085e+00    5.36939186e+00    2.68356261e-02   -4.97139310e-02
3429     1.13975277e-08   -2.24663068e-02    3.20615905e+00    5.36177014e+00    1.77284373e-02   -4.97792191e-02
3430     1.14008611e-08    8.07979689e-03    3.23612723e+00    5.34662382e+00    1.92693852e-03   -4.99156982e-02
3431     1.14041944e-08    3.55396927e-02    3.26275447e+00    5.32961662e+00   -1.46559567e-02   -5.00724566e-02
3432     1.14075277e-08    4.94246339e-02    3.27586862e+00    5.31730474e+00   -2.56251322e-02   -5.01890183e-02
3433     1.14108611e-08    4.44310448e-02    3.27044998e+00    5.31454918e+00   -2.66385748e-02   -5.02192832e-02
3434     1.14141944e-08    2.24663068e-02    3.24854943e+00    5.32245839e+00   -1.72658786e-02   -5.01511414e-02
3435     1.14175277e-08   -8.07979689e-03    3.21851679e+00    5.33789768e+00   -1.21070261e-03   -5.00117648e-02
3436     1.14208611e-08   -3.55396927e-02    3.19181896e+00    5.35483967e+00    1.52628785e-02   -4.98556938e-02
3437     1.14241944e-08   -4.94246339e-02    3.17865255e+00    5.36686008e+00    2.59108336e-02   -4.97420729e-02
3438     1.14275277e-08   -4.44310448e-02    3.18403640e+00    5.36954241e+00    2.68349660e-02   -4.97125577e-02
3439     1.14308611e-08   -2.24663068e-02    3.20589467e+00    5.36192073e+00    1.77278647e-02   -4.97778453e-02
3440     1.14341944e-08    8.07979689e-03    3.23586294e+00    5.34677417e+00    1.92616445e-03   -4.99143269e-02
3441     1.14375277e-08    3.55396927e-02    3.26249033e+00    5.32976651e+00   -1.46571288e-02   -5.00710898e-02
3442     1.14408611e-08    4.94246339e-02    3.27560464e+00    5.31745407e+00   -2.56267677e-02   -5.01876570e-02
3443     1.14441944e-08    4.44310448e-02    3.27018619e+00    5.31469800e+00   -2.66405937e-02   -5.02179269e-02
3444     1.14475277e-08    2.24663068e-02    3.24828583e+00    5.32260692e+00   -1.72680504e-02   -5.01497879e-02
3445     1.14508611e-08   -8.07979689e-03    3.21825337e+00    5.33804625e+00   -1.21270258e-03   -5.00104109e-02
3446     1.14541944e-08   -3.55396927e-02    3.19155567e+00    5.35498856e+00    1.52613251e-02   -4.98543366e-02
3447     1.14575277e-08   -4.94246339e-02    3.17838936e+00    5.36700941e+00    2.59098040e-02   -4.97407112e-02
3448     1.14608611e-08   -4.44310448e-02    3.18377328e+00    5.36969205e+00    2.68343091e-02   -4.97111928e-02
3449     1.14641944e-08   -2.24663068e-02    3.20563162e+00    5.36207043e+00    1.77272953e-02   -4.97764799e-02
3450     1.14675277e-08    8.07979689e-03    3.23559999e+00    5.34692361e+00    1.92539476e-03   -4.99129639e-02
3451     1.14708611e-08    3.55396927e-02    3.26222750e+00    5.32991550e+00   -1.46582942e-02   -5.00697313e-02
3452     1.14741944e-08    4.94246339e-02    3.27534199e+00    5.31760251e+00   -2.56283942e-02   -5.01863039e-02
3453     1.14775277e-08    4.44310448e-02    3.26992372e+00    5.31484593e+00   -2.66426017e-02   -5.02165788e-02
3454     1.14808611e-08    2.24663068e-02    3.24802355e+00    5.32275456e+00   -1.72702109e-02   -5.01484426e-02
3455     1.14841944e-08   -8.07979689e-03    3.21799127e+00    5.33819392e+00   -1.21469232e-03   -5.00090652e-02
3456     1.14875277e-08   -3.55396927e-02    3.19129370e+00    5.35513656e+00    1.52597794e-02   -4.98529876e-02
3457     1.14908611e-08   -4.94246339e-02    3.17812748e+00    5.36715784e+00    2.59087793e-02   -4.97393578e-02
3458     1.14941944e-08   -4.44310448e-02    3.18351148e+00    5.36984080e+00    2.68336556e-02   -4.97098362e-02
3459     1.14975277e-08   -2.24663068e-02    3.20536989e+00    5.36221922e+00    1.77267290e-02   -4.97751229e-02
3460     1.15008611e-08    8.07979689e-03    3.23533835e+00    5.34707217e+00    1.92462945e-03   -4.99116092e-02
3461     1.15041944e-08    3.55396927e-02    3.26196600e+00    5.33006359e+00   -1.46594530e-02   -5.00683811e-02
3462     1.15075277e-08    4.94246339e-02    3.27508065e+00    5.31775005e+00   -2.56300116e-02   -5.01849592e-02
3463     1.15108611e-08    4.44310448e-02    3.26966257e+00    5.31499297e+00   -2.66445988e-02   -5.02152390e-02
3464     1.15141944e-08    2.24663068e-02    3.24776259e+00    5.32290132e+00   -1.72723600e-02   -5.01471056e-02
3465     1.15175277e-08   -8.07979689e-03    3.21773048e+00    5.33834070e+00   -1.21667189e-03   -5.00077277e-02
3466     1.15208611e-08   -3.55396927e-02    3.19103305e+00    5.35528367e+00    1.52582414e-02   -4.98516468e-02
3467     1.15241944e-08   -4.94246339e-02    3.17786693e+00    5.36730539e+00    2.59077597e-02   -4.97380127e-02
3468     1.15275277e-08   -4.44310448e-02    3.18325099e+00    5.36998866e+00    2.68330053e-02   -4.97084879e-02
3469     1.15308611e-08   -2.24663068e-02    3.20510947e+00    5.36236712e+00    1.77261657e-02   -4.97737740e-02
3470     1.15341944e-08    8.07979689e-03    3.23507803e+00    5.34721983e+00    1.92386851e-03   -4.99102627e-02
3471     1.15375277e-08    3.55396927e-02    3.26170581e+00    5.33021080e+00   -1.46606053e-02   -5.00670391e-02
3472     1.15408611e-08    4.94246339e-02    3.27482062e+00    5.31789671e+00   -2.56316201e-02   -5.01836226e-02
3473     1.15441944e-08    4.44310448e-02    3.26940273e+00    5.31513913e+00   -2.66465852e-02   -5.02139073e-02
3474     1.15475277e-08    2.24663068e-02    3.24750294e+00    5.32304719e+00   -1.72744978e-02   -5.01457767e-02
3475     1.15508611e-08   -8.07979689e-03    3.21747100e+00    5.33848660e+00   -1.21864133e-03   -5.00063985e-02
3476     1.15541944e-08   -3.55396927e-02    3.19077370e+00    5.35542989e+00    1.52567111e-02   -4.98503142e-02
3477     1.15575277e-08   -4.94246339e-02    3.17760768e+00    5.36745204e+00    2.59067451e-02   -4.97366757e-02
3478     1.15608611e-08   -4.44310448e-02    3.18299181e+00    5.37013563e+00    2.68323583e-02   -4.97071478e-02
3479     1.15641944e-08   -2.24663068e-02    3.20485036e+00    5.36251414e+00    1.77256055e-02   -4.97724334e-02
3480     1.15675277e-08    8.07979689e-03    3.23481901e+00    5.34736660e+00    1.92311191e-03   -4.99089245e-02
3481     1.15708611e-08    3.55396927e-02    3.26144692e+00    5.33035712e+00   -1.46617510e-02   -5.00657054e-02
3482     1.15741944e-08    4.94246339e-02    3.27456190e+00    5.31804248e+00   -2.56332197e-02   -5.01822942e-02
3483     1.15775277e-08    4.44310448e-02    3.26914420e+00    5.31528442e+00   -2.66485608e-02   -5.02125837e-02
3484     1.15808611e-08    2.24663068e-02    3.24724460e+00    5.32319218e+00   -1.72766244e-02   -5.01444559e-02
3485     1.15841944e-08   -8.07979689e-03    3.21721283e+00    5.33863163e+00   -1.22060067e-03   -5.00050773e-02
3486     1.15875277e-08   -3.55396927e-02    3.19051566e+00    5.35557524e+00    1.52551885e-02   -4.98489898e-02
3487     1.15908611e-08   -4.94246339e-02    3.17734973e+00    5.36759782e+00    2.59057355e-02   -4.97353470e-02
3488     1.15941944e-08   -4.44310448e-02    3.18273393e+00    5.37028171e+00    2.68317146e-02   -4.97058159e-02
3489     1.15975277e-08   -2.24663068e-02    3.20459255e+00    5.36266027e+00    1.77250483e-02   -4.97711010e-02
3490     1.16008611e-08    8.07979689e-03    3.23456130e+00    5.34751249e+00    1.92235963e-03   -4.99075944e-02
3491     1.16041944e-08    3.55396927e-02    3.26118934e+00    5.33050256e+00   -1.46628902e-02   -5.00643797e-02
3492     1.16075277e-08    4.94246339e-02    3.27430448e+00    5.31818738e+00   -2.56348103e-02   -5.01809739e-02
3493     1.16108611e-08    4.44310448e-02    3.26888696e+00    5.31542882e+00   -2.66505258e-02   -5.02112683e-02
3494     1.16141944e-08    2.24663068e-02    3.24698755e+00    5.32333630e+00   -1.72787398e-02   -5.01431432e-02
3495     1.16175277e-08   -8.07979689e-03    3.21695595e+00    5.33877578e+00   -1.22254996e-03   -5.00037642e-02
3496     1.16208611e-08   -3.55396927e-02    3.19025892e+00    5.35571971e+00    1.52536734e-02   -4.98476735e-02
3497     1.16241944e-08   -4.94246339e-02    3.17709308e+00    5.36774271e+00    2.59047309e-02   -4.97340263e-02
3498     1.16275277e-08   -4.44310448e-02    3.18247735e+00    5.37042691e+00    2.68310740e-02   -4.97044922e-02
3499     1.16308611e-08   -2.24663068e-02    3.20433604e+00    5.36280552e+00    1.77244942e-02   -4.97697768e-02
3500     1.16341944e-08    8.07979689e-03    3.23430488e+00    5.34765751e+00    1.92161167e-03   -4.99062725e-02
3501     1.16375277e-08    3.55396927e-02    3.26093305e+00    5.33064713e+00   -1.46640229e-02   -5.00630622e-02
3502     1.16408611e-08    4.94246339e-02    3.27404836e+00    5.31833141e+00   -2.56363921e-02   -5.01796617e-02
3503     1.16441944e-08    4.44310448e-02    3.26863102e+00    5.31557236e+00   -2.66524801e-02   -5.02099609e-02
3504     1.16475277e-08    2.24663068e-02    3.24673180e+00    5.32347955e+00   -1.72808440e-02   -5.01418386e-02
3505     1.16508611e-08   -8.07979689e-03    3.21670036e+00    5.33891906e+00   -1.22448923e-03   -5.00024592e-02
3506     1.16541944e-08   -3.55396927e-02    3.19000346e+00    5.35586331e+00    1.52521660e-02   -4.98463652e-02
3507     1.16575277e-08   -4.94246339e-02    3.17683771e+00    5.36788674e+00    2.59037312e-02   -4.97327138e-02
3508     1.16608611e-08   -4.44310448e-02    3.18222205e+00    5.37057125e+00    2.68304367e-02   -4.97031765e-02
3509     1.16641944e-08   -2.24663068e-02    3.20408081e+00    5.36294990e+00    1.77239431e-02   -4.97684606e-02
3510     1.16675277e-08    8.07979689e-03    3.23404975e+00    5.34780165e+00    1.92086801e-03   -4.99049586e-02
3511     1.16708611e-08    3.55396927e-02    3.26067805e+00    5.33079082e+00   -1.46651491e-02   -5.00617527e-02
3512     1.16741944e-08    4.94246339e-02    3.27379351e+00    5.31847457e+00   -2.56379651e-02   -5.01783575e-02
3513     1.16775277e-08    4.44310448e-02    3.26837636e+00    5.31571503e+00   -2.66544238e-02   -5.02086615e-02
3514     1.16808611e-08    2.24663068e-02    3.24647733e+00    5.32362194e+00   -1.72829372e-02   -5.01405419e-02
3515     1.16841944e-08   -8.07979689e-03    3.21644606e+00    5.33906148e+00   -1.22641853e-03   -5.00011622e-02
3516     1.16875277e-08   -3.55396927e-02    3.18974929e+00    5.35600604e+00    1.52506662e-02   -4.98450650e-02
3517     1.16908611e-08   -4.94246339e-02    3.17658363e+00    5.36802989e+00    2.59027365e-02   -4.97314093e-02
3518     1.16941944e-08   -4.44310448e-02    3.18196804e+00    5.37071471e+00    2.68298026e-02   -4.97018689e-02
3519     1.16975277e-08   -2.24663068e-02    3.20382687e+00    5.36309341e+00    1.77233950e-02   -4.97671525e-02
3520     1.17008611e-08    8.07979689e-03    3.23379590e+00    5.34794492e+00    1.92012862e-03   -4.99036528e-02
3521     1.17041944e-08    3.55396927e-02    3.26042433e+00    5.33093366e+00   -1.46662689e-02   -5.00604513e-02
3522     1.17075277e-08    4.94246339e-02    3.27353996e+00    5.31861687e+00   -2.56395293e-02   -5.01770613e-02
3523     1.17108611e-08    4.44310448e-02    3.26812299e+00    5.31585685e+00   -2.66563569e-02   -5.02073701e-02
3524     1.17141944e-08    2.24663068e-02    3.24622413e+00    5.32376347e+00   -1.72850192e-02   -5.01392532e-02
3525     1.17175277e-08   -8.07979689e-03    3.21619303e+00    5.33920304e+00   -1.22833789e-03   -4.99998731e-02
3526     1.17208611e-08   -3.55396927e-02    3.18949640e+00    5.35614791e+00    1.52491738e-02   -4.98437727e-02
3527     1.17241944e-08   -4.94246339e-02    3.17633083e+00    5.36817218e+00    2.59017466e-02   -4.97301128e-02
3528     1.17275277e-08   -4.44310448e-02    3.18171531e+00    5.37085731e+00    2.68291717e-02   -4.97005693e-02
3529     1.17308611e-08   -2.24663068e-02    3.20357420e+00    5.36323605e+00    1.77228499e-02   -4.97658524e-02
3530     1.17341944e-08    8.07979689e-03    3.23354333e+00    5.34808734e+00    1.91939350e-03   -4.99023550e-02
3531     1.17375277e-08    3.55396927e-02    3.26017188e+00    5.33107563e+00   -1.46673822e-02   -5.00591578e-02
3532     1.17408611e-08    4.94246339e-02    3.27328767e+00    5.31875831e+00   -2.56410847e-02   -5.01757731e-02
3533     1.17441944e-08    4.44310448e-02    3.26787088e+00    5.31599780e+00   -2.66582795e-02   -5.02060865e-02
3534     1.17475277e-08    2.24663068e-02    3.24597221e+00    5.32390415e+00   -1.72870902e-02   -5.01379724e-02
3535     1.17508611e-08   -8.07979689e-03    3.21594128e+00    5.33934374e+00   -1.23024736e-03   -4.99985919e-02
3536     1.17541944e-08   -3.55396927e-02    3.18924477e+00    5.35628893e+00    1.52476890e-02   -4.98424883e-02
3537     1.17575277e-08   -4.94246339e-02    3.17607930e+00    5.36831362e+00    2.59007617e-02   -4.97288242e-02
3538     1.17608611e-08   -4.44310448e-02    3.18146384e+00    5.37099904e+00    2.68285440e-02   -4.96992777e-02
3539     1.17641944e-08   -2.24663068e-02    3.20332281e+00    5.36337783e+00    1.77223079e-02   -4.97645603e-02
3540     1.17675277e-08    8.07979689e-03    3.23329203e+00    5.34822889e+00    1.91866263e-03   -4.99010651e-02
3541     1.17708611e-08    3.55396927e-02    3.25992071e+00    5.33121674e+00   -1.46684891e-02   -5.00578722e-02
3542     1.17741944e-08    4.94246339e-02    3.27303665e+00    5.31889890e+00   -2.56426313e-02   -5.01744927e-02
3543     1.17775277e-08    4.44310448e-02    3.26762005e+00    5.31613791e+00   -2.66601916e-02   -5.02048109e-02
3544     1.17808611e-08    2.24663068e-02    3.24572156e+00    5.32404397e+00   -1.72891503e-02   -5.01366995e-02
3545     1.17841944e-08   -8.07979689e-03    3.21569079e+00    5.33948360e+00   -1.23214696e-03   -4.99973186e-02
3546     1.17875277e-08   -3.55396927e-02    3.18899442e+00    5.35642909e+00    1.52462117e-02   -4.98412119e-02
3547     1.17908611e-08   -4.94246339e-02    3.17582903e+00    5.36845420e+00    2.58997816e-02   -4.97275435e-02
3548     1.17941944e-08   -4.44310448e-02    3.18121364e+00    5.37113992e+00    2.68279195e-02   -4.96979939e-02
3549     1.17975277e-08   -2.24663068e-02    3.20307268e+00    5.36351876e+00    1.77217688e-02   -4.97632760e-02
3550     1.18008611e-08    8.07979689e-03    3.23304199e+00    5.34836959e+00    1.91793600e-03   -4.98997831e-02
3551     1.18041944e-08    3.55396927e-02    3.25967079e+00    5.33135701e+00   -1.46695897e-02   -5.00565946e-02
3552     1.18075277e-08    4.94246339e-02    3.27278690e+00    5.31903863e+00   -2.56441693e-02   -5.01732202e-02
3553     1.18108611e-08    4.44310448e-02    3.26737047e+00    5.31627717e+00   -2.66620933e-02   -5.02035431e-02
3554     1.18141944e-08    2.24663068e-02    3.24547217e+00    5.32418295e+00   -1.72911994e-02   -5.01354344e-02
3555     1.18175277e-08   -8.07979689e-03    3.21544156e+00    5.33962261e+00   -1.23403675e-03   -4.99960532e-02
3556     1.18208611e-08   -3.55396927e-02    3.18874532e+00    5.35656841e+00    1.52447418e-02   -4.98399433e-02
3557     1.18241944e-08   -4.94246339e-02    3.17558003e+00    5.36859392e+00    2.58988063e-02   -4.97262707e-02
3558     1.18275277e-08   -4.44310448e-02    3.18096470e+00    5.37127995e+00    2.68272981e-02   -4.96967181e-02
3559     1.18308611e-08   -2.24663068e-02    3.20282381e+00    5.36365884e+00    1.77212326e-02   -4.97619997e-02
3560     1.18341944e-08    8.07979689e-03    3.23279321e+00    5.34850943e+00    1.91721358e-03   -4.98985090e-02
3561     1.18375277e-08    3.55396927e-02    3.25942214e+00    5.33149642e+00   -1.46706839e-02   -5.00553247e-02
3562     1.18408611e-08    4.94246339e-02    3.27253840e+00    5.31917753e+00   -2.56456987e-02   -5.01719555e-02
3563     1.18441944e-08    4.44310448e-02    3.26712215e+00    5.31641559e+00   -2.66639845e-02   -5.02022831e-02
3564     1.18475277e-08    2.24663068e-02    3.24522403e+00    5.32432109e+00   -1.72932376e-02   -5.01341771e-02
3565     1.18508611e-08   -8.07979689e-03    3.21519359e+00    5.33976077e+00   -1.23591676e-03   -4.99947955e-02
3566     1.18541944e-08   -3.55396927e-02    3.18849747e+00    5.35670688e+00    1.52432793e-02   -4.98386824e-02
3567     1.18575277e-08   -4.94246339e-02    3.17533227e+00    5.36873281e+00    2.58978359e-02   -4.97250058e-02
3568     1.18608611e-08   -4.44310448e-02    3.18071702e+00    5.37141914e+00    2.68266798e-02   -4.96954501e-02
3569     1.18641944e-08   -2.24663068e-02    3.20257619e+00    5.36379807e+00    1.77206995e-02   -4.97607312e-02
3570     1.18675277e-08    8.07979689e-03    3.23254568e+00    5.34864844e+00    1.91649536e-03   -4.98972428e-02
3571     1.18708611e-08    3.55396927e-02    3.25917473e+00    5.33163500e+00   -1.46717718e-02   -5.00540627e-02
3572     1.18741944e-08    4.94246339e-02    3.27229116e+00    5.31931558e+00   -2.56472194e-02   -5.01706986e-02
3573     1.18775277e-08    4.44310448e-02    3.26687509e+00    5.31655317e+00   -2.66658654e-02   -5.02010308e-02
3574     1.18808611e-08    2.24663068e-02    3.24497715e+00    5.32445840e+00   -1.72952649e-02   -5.01329275e-02
3575     1.18841944e-08   -8.07979689e-03    3.21494687e+00    5.33989810e+00   -1.23778702e-03   -4.99935455e-02
3576     1.18875277e-08   -3.55396927e-02    3.18825088e+00    5.35684452e+00    1.52418242e-02   -4.98374294e-02
3577     1.18908611e-08   -4.94246339e-02    3.17508577e+00    5.36887085e+00    2.58968704e-02   -4.97237486e-02
3578     1.18941944e-08   -4.44310448e-02    3.18047057e+00    5.37155748e+00    2.68260647e-02   -4.96941899e-02
3579     1.18975277e-08   -2.24663068e-02    3.20232981e+00    5.36393646e+00    1.77201693e-02   -4.97594705e-02
3580     1.19008611e-08    8.07979689e-03    3.23229939e+00    5.34878660e+00    1.91578134e-03   -4.98959843e-02
3581     1.19041944e-08    3.55396927e-02    3.25892857e+00    5.33177273e+00   -1.46728534e-02   -5.00528084e-02
3582     1.19075277e-08    4.94246339e-02    3.27204515e+00    5.31945280e+00   -2.56487315e-02   -5.01694494e-02
3583     1.19108611e-08    4.44310448e-02    3.26662926e+00    5.31668991e+00   -2.66677360e-02   -5.01997862e-02
3584     1.19141944e-08    2.24663068e-02    3.24473150e+00    5.32459487e+00   -1.72972814e-02   -5.01316856e-02
3585     1.19175277e-08   -8.07979689e-03    3.21470138e+00    5.34003460e+00   -1.23964759e-03   -4.99923033e-02
3586     1.19208611e-08   -3.55396927e-02    3.18800552e+00    5.35698132e+00    1.52403765e-02   -4.98361841e-02
3587     1.19241944e-08   -4.94246339e-02    3.17484050e+00    5.36900806e+00    2.58959096e-02   -4.97224991e-02
3588     1.19275277e-08   -4.44310448e-02    3.18022537e+00    5.37169498e+00    2.68254527e-02   -4.96929375e-02
3589     1.19308611e-08   -2.24663068e-02    3.20208468e+00    5.36407401e+00    1.77196420e-02   -4.97582176e-02
3590     1.19341944e-08    8.07979689e-03    3.23205435e+00    5.34892393e+00    1.91507148e-03   -4.98947335e-02
3591     1.19375277e-08    3.55396927e-02    3.25868365e+00    5.33190963e+00   -1.46739286e-02   -5.00515618e-02
3592     1.19408611e-08    4.94246339e-02    3.27180039e+00    5.31958919e+00   -2.56502350e-02   -5.01682079e-02
3593     1.19441944e-08    4.44310448e-02    3.26638467e+00    5.31682583e+00   -2.66695963e-02   -5.01985493e-02
3594     1.19475277e-08    2.24663068e-02    3.24448709e+00    5.32473051e+00   -1.72992872e-02   -5.01304513e-02
3595     1.19508611e-08   -8.07979689e-03    3.21445713e+00    5.34017027e+00   -1.24149848e-03   -4.99910687e-02
3596     1.19541944e-08   -3.55396927e-02    3.18776140e+00    5.35711729e+00    1.52389360e-02   -4.98349464e-02
3597     1.19575277e-08   -4.94246339e-02    3.17459647e+00    5.36914444e+00    2.58949535e-02   -4.97212574e-02
3598     1.19608611e-08   -4.44310448e-02    3.17998141e+00    5.37183165e+00    2.68248438e-02   -4.96916927e-02
3599     1.19641944e-08   -2.24663068e-02    3.20184078e+00    5.36421073e+00    1.77191176e-02   -4.97569723e-02
3600     1.19675277e-08    8.07979689e-03    3.23181054e+00    5.34906042e+00    1.91436579e-03   -4.98934905e-02
3601     1.19708611e-08    3.55396927e-02    3.25843997e+00    5.33204571e+00   -1.46749977e-02   -5.00503229e-02
3602     1.19741944e-08    4.94246339e-02    3.27155686e+00    5.31972475e+00   -2.56517300e-02   -5.01669741e-02
3603     1.19775277e-08    4.44310448e-02    3.26614131e+00    5.31696093e+00   -2.66714463e-02   -5.01973201e-02
3604     1.19808611e-08    2.24663068e-02    3.24424391e+00    5.32486533e+00   -1.73012823e-02   -5.01292247e-02
3605     1.19841944e-08   -8.07979689e-03    3.21421412e+00    5.34030512e+00   -1.24333975e-03   -4.99898417e-02
3606     1.19875277e-08   -3.55396927e-02    3.18751851e+00    5.35725244e+00    1.52375029e-02   -4.98337164e-02
3607     1.19908611e-08   -4.94246339e-02    3.17435366e+00    5.36927999e+00    2.58940023e-02   -4.97200233e-02
3608     1.19941944e-08   -4.44310448e-02    3.17973867e+00    5.37196750e+00    2.68242381e-02   -4.96904557e-02
3609     1.19975277e-08   -2.24663068e-02    3.20159811e+00    5.36434662e+00    1.77185962e-02   -4.97557348e-02
3610     1.20008611e-08    8.07979689e-03    3.23156796e+00    5.34919609e+00    1.91366424e-03   -4.98922551e-02
3611     1.20041944e-08    3.55396927e-02    3.25819751e+00    5.33218096e+00   -1.46760605e-02   -5.00490917e-02
3612     1.20075277e-08    4.94246339e-02    3.27131455e+00    5.31985949e+00   -2.56532166e-02   -5.01657478e-02
3613     1.20108611e-08    4.44310448e-02    3.26589918e+00    5.31709520e+00   -2.66732862e-02   -5.01960984e-02
3614     1.20141944e-08    2.24663068e-02    3.24400196e+00    5.32499934e+00   -1.73032666e-02   -5.01280056e-02
3615     1.20175277e-08   -8.07979689e-03    3.21397232e+00    5.34043915e+00   -1.24517143e-03   -4.99886223e-02
3616     1.20208611e-08   -3.55396927e-02    3.18727684e+00    5.35738676e+00    1.52360771e-02   -4.98324939e-02
3617     1.20241944e-08   -4.94246339e-02    3.17411208e+00    5.36941471e+00    2.58930558e-02   -4.97187968e-02
3618     1.20275277e-08   -4.44310448e-02    3.17949715e+00    5.37210252e+00    2.68236354e-02   -4.96892263e-02
3619     1.20308611e-08   -2.24663068e-02    3.20135666e+00    5.36448168e+00    1.77180777e-02   -4.97545048e-02
3620     1.20341944e-08    8.07979689e-03    3.23132660e+00    5.34933094e+00    1.91296681e-03   -4.98910273e-02
3621     1.20375277e-08    3.55396927e-02    3.25795627e+00    5.33231538e+00   -1.46771171e-02   -5.00478680e-02
3622     1.20408611e-08    4.94246339e-02    3.27107347e+00    5.31999341e+00   -2.56546946e-02   -5.01645291e-02
3623     1.20441944e-08    4.44310448e-02    3.26565827e+00    5.31722867e+00   -2.66751159e-02   -5.01948842e-02
3624     1.20475277e-08    2.24663068e-02    3.24376122e+00    5.32513253e+00   -1.73052404e-02   -5.01267941e-02
3625     1.20508611e-08   -8.07979689e-03    3.21373174e+00    5.34057237e+00   -1.24699356e-03   -4.99874104e-02
3626     1.20541944e-08   -3.55396927e-02    3.18703638e+00    5.35752028e+00    1.52346585e-02   -4.98312791e-02
3627     1.20575277e-08   -4.94246339e-02    3.17387172e+00    5.36954862e+00    2.58921140e-02   -4.97175779e-02
3628     1.20608611e-08   -4.44310448e-02    3.17925686e+00    5.37223672e+00    2.68230358e-02   -4.96880044e-02
3629     1.20641944e-08   -2.24663068e-02    3.20111643e+00    5.36461593e+00    1.77175621e-02   -4.97532825e-02
3630     1.20675277e-08    8.07979689e-03    3.23108645e+00    5.34946497e+00    1.91227350e-03   -4.98898071e-02
3631     1.20708611e-08    3.55396927e-02    3.25771625e+00    5.33244900e+00   -1.46781675e-02   -5.00466519e-02
3632     1.20741944e-08    4.94246339e-02    3.27083360e+00    5.32012652e+00   -2.56561643e-02   -5.01633180e-02
3633     1.20775277e-08    4.44310448e-02    3.26541857e+00    5.31736132e+00   -2.66769355e-02   -5.01936776e-02
3634     1.20808611e-08    2.24663068e-02    3.24352170e+00    5.32526491e+00   -1.73072035e-02   -5.01255901e-02
3635     1.20841944e-08   -8.07979689e-03    3.21349238e+00    5.34070477e+00   -1.24880618e-03   -4.99862061e-02
3636     1.20875277e-08   -3.55396927e-02    3.18679714e+00    5.35765297e+00    1.52332471e-02   -4.98300717e-02
3637     1.20908611e-08   -4.94246339e-02    3.17363256e+00    5.36968172e+00    2.58911769e-02   -4.97163665e-02
3638     1.20941944e-08   -4.44310448e-02    3.17901777e+00    5.37237010e+00    2.68224392e-02   -4.96867901e-02
3639     1.20975277e-08   -2.24663068e-02    3.20087740e+00    5.36474936e+00    1.77170493e-02   -4.97520677e-02
3640     1.21008611e-08    8.07979689e-03    3.23084752e+00    5.34959818e+00    1.91158429e-03   -4.98885944e-02
3641     1.21041944e-08    3.55396927e-02    3.25747743e+00    5.33258180e+00   -1.46792117e-02   -5.00454433e-02
3642     1.21075277e-08    4.94246339e-02    3.27059493e+00    5.32025883e+00   -2.56576255e-02   -5.01621143e-02
3643     1.21108611e-08    4.44310448e-02    3.26518008e+00    5.31749316e+00   -2.66787450e-02   -5.01924784e-02
3644     1.21141944e-08    2.24663068e-02    3.24328338e+00    5.32539649e+00   -1.73091561e-02   -5.01243934e-02
3645     1.21175277e-08   -8.07979689e-03    3.21325422e+00    5.34083637e+00   -1.25060932e-03   -4.99850092e-02
3646     1.21208611e-08   -3.55396927e-02    3.18655911e+00    5.35778487e+00    1.52318429e-02   -4.98288718e-02
3647     1.21241944e-08   -4.94246339e-02    3.17339462e+00    5.36981400e+00    2.58902445e-02   -4.97151626e-02
3648     1.21275277e-08   -4.44310448e-02    3.17877988e+00    5.37250268e+00    2.68218457e-02   -4.96855833e-02
3649     1.21308611e-08   -2.24663068e-02    3.20063959e+00    5.36488198e+00    1.77165395e-02   -4.97508604e-02
3650     1.21341944e-08    8.07979689e-03    3.23060979e+00    5.34973059e+00    1.91089916e-03   -4.98873892e-02
3651     1.21375277e-08    3.55396927e-02    3.25723982e+00    5.33271380e+00   -1.46802498e-02   -5.00442421e-02
3652     1.21408611e-08    4.94246339e-02    3.27035747e+00    5.32039032e+00   -2.56590784e-02   -5.01609180e-02
3653     1.21441944e-08    4.44310448e-02    3.26494279e+00    5.31762420e+00   -2.66805444e-02   -5.01912866e-02
3654     1.21475277e-08    2.24663068e-02    3.24304627e+00    5.32552726e+00   -1.73110981e-02   -5.01232043e-02
3655     1.21508611e-08   -8.07979689e-03    3.21301726e+00    5.34096717e+00   -1.25240303e-03   -4.99838196e-02
3656     1.21541944e-08   -3.55396927e-02    3.18632227e+00    5.35791596e+00    1.52304459e-02   -4.98276793e-02
3657     1.21575277e-08   -4.94246339e-02    3.17315787e+00    5.36994549e+00    2.58893168e-02   -4.97139662e-02
3658     1.21608611e-08   -4.44310448e-02    3.17854320e+00    5.37263444e+00    2.68212553e-02   -4.96843840e-02
3659     1.21641944e-08   -2.24663068e-02    3.20040297e+00    5.36501380e+00    1.77160325e-02   -4.97496605e-02
3660     1.21675277e-08    8.07979689e-03    3.23037326e+00    5.34986219e+00    1.91021810e-03   -4.98861915e-02
3661     1.21708611e-08    3.55396927e-02    3.25700341e+00    5.33284499e+00   -1.46812818e-02   -5.00430484e-02
3662     1.21741944e-08    4.94246339e-02    3.27012121e+00    5.32052102e+00   -2.56605230e-02   -5.01597292e-02
3663     1.21775277e-08    4.44310448e-02    3.26470670e+00    5.31775445e+00   -2.66823339e-02   -5.01901022e-02
3664     1.21808611e-08    2.24663068e-02    3.24281035e+00    5.32565724e+00   -1.73130297e-02   -5.01220224e-02
3665     1.21841944e-08   -8.07979689e-03    3.21278150e+00    5.34109718e+00   -1.25418733e-03   -4.99826375e-02
3666     1.21875277e-08   -3.55396927e-02    3.18608663e+00    5.35804625e+00    1.52290560e-02   -4.98264942e-02
3667     1.21908611e-08   -4.94246339e-02    3.17292231e+00    5.37007617e+00    2.58883937e-02   -4.97127772e-02
3668     1.21941944e-08   -4.44310448e-02    3.17830771e+00    5.37276541e+00    2.68206679e-02   -4.96831920e-02
3669     1.21975277e-08   -2.24663068e-02    3.20016754e+00    5.36514481e+00    1.77155284e-02   -4.97484681e-02
3670     1.22008611e-08    8.07979689e-03    3.23013792e+00    5.34999299e+00    1.90954109e-03   -4.98850011e-02
3671     1.22041944e-08    3.55396927e-02    3.25676819e+00    5.33297538e+00   -1.46823077e-02   -5.00418621e-02
3672     1.22075277e-08    4.94246339e-02    3.26988614e+00    5.32065092e+00   -2.56619592e-02   -5.01585477e-02
3673     1.22108611e-08    4.44310448e-02    3.26447180e+00    5.31788390e+00   -2.66841134e-02   -5.01889251e-02
3674     1.22141944e-08    2.24663068e-02    3.24257562e+00    5.32578643e+00   -1.73149509e-02   -5.01208479e-02
3675     1.22175277e-08   -8.07979689e-03    3.21254692e+00    5.34122639e+00   -1.25596227e-03   -4.99814627e-02
3676     1.22208611e-08   -3.55396927e-02    3.18585218e+00    5.35817575e+00    1.52276732e-02   -4.98253165e-02
3677     1.22241944e-08   -4.94246339e-02    3.17268795e+00    5.37020605e+00    2.58874752e-02   -4.97115955e-02
3678     1.22275277e-08   -4.44310448e-02    3.17807341e+00    5.37289558e+00    2.68200835e-02   -4.96820075e-02
3679     1.22308611e-08   -2.24663068e-02    3.19993330e+00    5.36527503e+00    1.77150271e-02   -4.97472831e-02
3680     1.22341944e-08    8.07979689e-03    3.22990377e+00    5.35012300e+00    1.90886812e-03   -4.98838181e-02
3681     1.22375277e-08    3.55396927e-02    3.25653416e+00    5.33310499e+00   -1.46833275e-02   -5.00406831e-02
3682     1.22408611e-08    4.94246339e-02    3.26965226e+00    5.32078004e+00   -2.56633872e-02   -5.01573735e-02
3683     1.22441944e-08    4.44310448e-02    3.26423808e+00    5.31801256e+00   -2.66858830e-02   -5.01877553e-02
3684     1.22475277e-08    2.24663068e-02    3.24234207e+00    5.32591483e+00   -1.73168616e-02   -5.01196807e-02
3685     1.22508611e-08   -8.07979689e-03    3.21231353e+00    5.34135481e+00   -1.25772788e-03   -4.99802951e-02
3686     1.22541944e-08   -3.55396927e-02    3.18561891e+00    5.35830445e+00    1.52262974e-02   -4.98241460e-02
3687     1.22575277e-08   -4.94246339e-02    3.17245476e+00    5.37033515e+00    2.58865614e-02   -4.97104212e-02
3688     1.22608611e-08   -4.44310448e-02    3.17784028e+00    5.37302496e+00    2.68195021e-02   -4.96808303e-02
3689     1.22641944e-08   -2.24663068e-02    3.19970024e+00    5.36540445e+00    1.77145287e-02   -4.97461054e-02
3690     1.22675277e-08    8.07979689e-03    3.22967079e+00    5.35025221e+00    1.90819918e-03   -4.98826425e-02
3691     1.22708611e-08    3.55396927e-02    3.25630130e+00    5.33323380e+00   -1.46843413e-02   -5.00395114e-02
3692     1.22741944e-08    4.94246339e-02    3.26941955e+00    5.32090836e+00   -2.56648070e-02   -5.01562066e-02
3693     1.22775277e-08    4.44310448e-02    3.26400554e+00    5.31814044e+00   -2.66876427e-02   -5.01865928e-02
3694     1.22808611e-08    2.24663068e-02    3.24210970e+00    5.32604244e+00   -1.73187621e-02   -5.01185207e-02
3695     1.22841944e-08   -8.07979689e-03    3.21208132e+00    5.34148245e+00   -1.25948421e-03   -4.99791349e-02
3696     1.22875277e-08   -3.55396927e-02    3.18538681e+00    5.35843238e+00    1.52249288e-02   -4.98229828e-02
3697     1.22908611e-08   -4.94246339e-02    3.17222275e+00    5.37046345e+00    2.58856522e-02   -4.97092541e-02
3698     1.22941944e-08   -4.44310448e-02    3.17760834e+00    5.37315354e+00    2.68189238e-02   -4.96796604e-02
3699     1.22975277e-08   -2.24663068e-02    3.19946836e+00    5.36553308e+00    1.77140331e-02   -4.97449350e-02
3700     1.23008611e-08    8.07979689e-03    3.22943900e+00    5.35038064e+00    1.90753425e-03   -4.98814741e-02
3701     1.23041944e-08    3.55396927e-02    3.25606962e+00    5.33336183e+00   -1.46853490e-02   -5.00383469e-02
3702     1.23075277e-08    4.94246339e-02    3.26918802e+00    5.32103590e+00   -2.56662186e-02   -5.01550469e-02
3703     1.23108611e-08    4.44310448e-02    3.26377418e+00    5.31826754e+00   -2.66893925e-02   -5.01854375e-02
3704     1.23141944e-08    2.24663068e-02    3.24187851e+00    5.32616928e+00   -1.73206522e-02   -5.01173679e-02
3705     1.23175277e-08   -8.07979689e-03    3.21185027e+00    5.34160931e+00   -1.26123128e-03   -4.99779818e-02
3706     1.23208611e-08   -3.55396927e-02    3.18515589e+00    5.35855952e+00    1.52235671e-02   -4.98218269e-02
3707     1.23241944e-08   -4.94246339e-02    3.17199191e+00    5.37059097e+00    2.58847475e-02   -4.97080943e-02
3708     1.23275277e-08   -4.44310448e-02    3.17737756e+00    5.37328135e+00    2.68183484e-02   -4.96784978e-02
3709     1.23308611e-08   -2.24663068e-02    3.19923765e+00    5.36566093e+00    1.77135403e-02   -4.97437718e-02
3710     1.23341944e-08    8.07979689e-03    3.22920837e+00    5.35050828e+00    1.90687332e-03   -4.98803130e-02
3711     1.23375277e-08    3.55396927e-02    3.25583911e+00    5.33348907e+00   -1.46863508e-02   -5.00371897e-02
3712     1.23408611e-08    4.94246339e-02    3.26895765e+00    5.32116267e+00   -2.56676220e-02   -5.01538945e-02
3713     1.23441944e-08    4.44310448e-02    3.26354398e+00    5.31839387e+00   -2.66911326e-02   -5.01842893e-02
3714     1.23475277e-08    2.24663068e-02    3.24164848e+00    5.32629535e+00   -1.73225321e-02   -5.01162223e-02
3715     1.23508611e-08   -8.07979689e-03    3.21162039e+00    5.34173539e+00   -1.26296914e-03   -4.99768359e-02
3716     1.23541944e-08   -3.55396927e-02    3.18492613e+00    5.35868588e+00    1.52222124e-02   -4.98206781e-02
3717     1.23575277e-08   -4.94246339e-02    3.17176224e+00    5.37071772e+00    2.58838474e-02   -4.97069417e-02
3718     1.23608611e-08   -4.44310448e-02    3.17714795e+00    5.37340837e+00    2.68177760e-02   -4.96773423e-02
3719     1.23641944e-08   -2.24663068e-02    3.19900810e+00    5.36578800e+00    1.77130503e-02   -4.97426159e-02
3720     1.23675277e-08    8.07979689e-03    3.22897891e+00    5.35063515e+00    1.90621636e-03   -4.98791591e-02
3721     1.23708611e-08    3.55396927e-02    3.25560977e+00    5.33361554e+00   -1.46873465e-02   -5.00360397e-02
3722     1.23741944e-08    4.94246339e-02    3.26872845e+00    5.32128866e+00   -2.56690173e-02   -5.01527492e-02
3723     1.23775277e-08    4.44310448e-02    3.26331494e+00    5.31851942e+00   -2.66928629e-02   -5.01831483e-02
3724     1.23808611e-08    2.24663068e-02    3.24141961e+00    5.32642064e+00   -1.73244017e-02   -5.01150838e-02
3725     1.23841944e-08   -8.07979689e-03    3.21139168e+00    5.34186071e+00   -1.26469782e-03   -4.99756971e-02
3726     1.23875277e-08   -3.55396927e-02    3.18469753e+00    5.35881147e+00    1.52208647e-02   -4.98195365e-02
3727     1.23908611e-08   -4.94246339e-02    3.17153372e+00    5.37084369e+00    2.58829519e-02   -4.97057963e-02
3728     1.23941944e-08   -4.44310448e-02    3.17691950e+00    5.37353462e+00    2.68172066e-02   -4.96761941e-02
3729     1.23975277e-08   -2.24663068e-02    3.19877971e+00    5.36591430e+00    1.77125632e-02   -4.97414672e-02
3730     1.24008611e-08    8.07979689e-03    3.22875060e+00    5.35076124e+00    1.90556338e-03   -4.98780123e-02
3731     1.24041944e-08    3.55396927e-02    3.25538158e+00    5.33374124e+00   -1.46883363e-02   -5.00348968e-02
3732     1.24075277e-08    4.94246339e-02    3.26850041e+00    5.32141388e+00   -2.56704045e-02   -5.01516110e-02
3733     1.24108611e-08    4.44310448e-02    3.26308706e+00    5.31864421e+00   -2.66945835e-02   -5.01820144e-02
3734     1.24141944e-08    2.24663068e-02    3.24119189e+00    5.32654517e+00   -1.73262612e-02   -5.01139524e-02
3735     1.24175277e-08   -8.07979689e-03    3.21116411e+00    5.34198525e+00   -1.26641736e-03   -4.99745654e-02
3736     1.24208611e-08   -3.55396927e-02    3.18447009e+00    5.35893630e+00    1.52195240e-02   -4.98184020e-02
3737     1.24241944e-08   -4.94246339e-02    3.17130636e+00    5.37096889e+00    2.58820609e-02   -4.97046579e-02
3738     1.24275277e-08   -4.44310448e-02    3.17669220e+00    5.37366009e+00    2.68166401e-02   -4.96750530e-02
3739     1.24308611e-08   -2.24663068e-02    3.19855248e+00    5.36603982e+00    1.77120788e-02   -4.97403256e-02
3740     1.24341944e-08    8.07979689e-03    3.22852345e+00    5.35088656e+00    1.90491435e-03   -4.98768727e-02
3741     1.24375277e-08    3.55396927e-02    3.25515454e+00    5.33386617e+00   -1.46893202e-02   -5.00337610e-02
3742     1.24408611e-08    4.94246339e-02    3.26827351e+00    5.32153834e+00   -2.56717836e-02   -5.01504798e-02
3743     1.24441944e-08    4.44310448e-02    3.26286033e+00    5.31876823e+00   -2.66962944e-02   -5.01808876e-02
3744     1.24475277e-08    2.24663068e-02    3.24096533e+00    5.32666893e+00   -1.73281105e-02   -5.01128280e-02
3745     1.24508611e-08   -8.07979689e-03    3.21093770e+00    5.34210904e+00   -1.26812779e-03   -4.99734408e-02
3746     1.24541944e-08   -3.55396927e-02    3.18424379e+00    5.35906036e+00    1.52181901e-02   -4.98172745e-02
3747     1.24575277e-08   -4.94246339e-02    3.17108015e+00    5.37109332e+00    2.58811744e-02   -4.97035267e-02
3748     1.24608611e-08   -4.44310448e-02    3.17646605e+00    5.37378480e+00    2.68160766e-02   -4.96739190e-02
3749     1.24641944e-08   -2.24663068e-02    3.19832639e+00    5.36616458e+00    1.77115972e-02   -4.97391910e-02
3750     1.24675277e-08    8.07979689e-03    3.22829745e+00    5.35101111e+00    1.90426925e-03   -4.98757402e-02
3751     1.24708611e-08    3.55396927e-02    3.25492865e+00    5.33399034e+00   -1.46902982e-02   -5.00326323e-02
3752     1.24741944e-08    4.94246339e-02    3.26804777e+00    5.32166204e+00   -2.56731547e-02   -5.01493557e-02
3753     1.24775277e-08    4.44310448e-02    3.26263475e+00    5.31889149e+00   -2.66979957e-02   -5.01797677e-02
3754     1.24808611e-08    2.24663068e-02    3.24073991e+00    5.32679194e+00   -1.73299497e-02   -5.01117107e-02
3755     1.24841944e-08   -8.07979689e-03    3.21071243e+00    5.34223207e+00   -1.26982915e-03   -4.99723231e-02
3756     1.24875277e-08   -3.55396927e-02    3.18401864e+00    5.35918366e+00    1.52168632e-02   -4.98161541e-02
3757     1.24908611e-08   -4.94246339e-02    3.17085508e+00    5.37121699e+00    2.58802924e-02   -4.97024025e-02
3758     1.24941944e-08   -4.44310448e-02    3.17624104e+00    5.37390875e+00    2.68155160e-02   -4.96727920e-02
3759     1.24975277e-08   -2.24663068e-02    3.19810144e+00    5.36628857e+00    1.77111184e-02   -4.97380636e-02
3760     1.25008611e-08    8.07979689e-03    3.22807258e+00    5.35113490e+00    1.90362808e-03   -4.98746147e-02
3761     1.25041944e-08    3.55396927e-02    3.25470390e+00    5.33411375e+00   -1.46912703e-02   -5.00315106e-02
3762     1.25075277e-08    4.94246339e-02    3.26782316e+00    5.32178498e+00   -2.56745178e-02   -5.01482387e-02
3763     1.25108611e-08    4.44310448e-02    3.26241030e+00    5.31901400e+00   -2.66996873e-02   -5.01786549e-02
3764     1.25141944e-08    2.24663068e-02    3.24051563e+00    5.32691419e+00   -1.73317789e-02   -5.01106003e-02
3765     1.25175277e-08   -8.07979689e-03    3.21048829e+00    5.34235434e+00   -1.27152149e-03   -4.99712125e-02
3766     1.25208611e-08   -3.55396927e-02    3.18379462e+00    5.35930621e+00    1.52155431e-02   -4.98150406e-02
3767     1.25241944e-08   -4.94246339e-02    3.17063114e+00    5.37133991e+00    2.58794149e-02   -4.97012853e-02
3768     1.25275277e-08   -4.44310448e-02    3.17601717e+00    5.37403193e+00    2.68149584e-02   -4.96716721e-02
3769     1.25308611e-08   -2.24663068e-02    3.19787763e+00    5.36641180e+00    1.77106424e-02   -4.97369432e-02
3770     1.25341944e-08    8.07979689e-03    3.22784885e+00    5.35125794e+00    1.90299083e-03   -4.98734962e-02
3771     1.25375277e-08    3.55396927e-02    3.25448028e+00    5.33423640e+00   -1.46922365e-02   -5.00303958e-02
3772     1.25408611e-08    4.94246339e-02    3.26759969e+00    5.32190716e+00   -2.56758729e-02   -5.01471285e-02
3773     1.25441944e-08    4.44310448e-02    3.26218699e+00    5.31913576e+00   -2.67013694e-02   -5.01775489e-02
3774     1.25475277e-08    2.24663068e-02    3.24029248e+00    5.32703570e+00   -1.73335981e-02   -5.01094968e-02
3775     1.25508611e-08   -8.07979689e-03    3.21026529e+00    5.34247586e+00   -1.27320482e-03   -4.99701087e-02
3776     1.25541944e-08   -3.55396927e-02    3.18357173e+00    5.35942800e+00    1.52142298e-02   -4.98139341e-02
3777     1.25575277e-08   -4.94246339e-02    3.17040834e+00    5.37146207e+00    2.58785419e-02   -4.97001751e-02
3778     1.25608611e-08   -4.44310448e-02    3.17579442e+00    5.37415436e+00    2.68144037e-02   -4.96705591e-02
3779     1.25641944e-08   -2.24663068e-02    3.19765495e+00    5.36653428e+00    1.77101691e-02   -4.97358297e-02
3780     1.25675277e-08    8.07979689e-03    3.22762626e+00    5.35138022e+00    1.90235746e-03   -4.98723847e-02
3781     1.25708611e-08    3.55396927e-02    3.25425780e+00    5.33435831e+00   -1.46931969e-02   -5.00292880e-02
3782     1.25741944e-08    4.94246339e-02    3.26737734e+00    5.32202860e+00   -2.56772200e-02   -5.01460253e-02
3783     1.25775277e-08    4.44310448e-02    3.26196480e+00    5.31925677e+00   -2.67030420e-02   -5.01764499e-02
3784     1.25808611e-08    2.24663068e-02    3.24007046e+00    5.32715646e+00   -1.73354073e-02   -5.01084002e-02
3785     1.25841944e-08   -8.07979689e-03    3.21004342e+00    5.34259664e+00   -1.27487920e-03   -4.99690119e-02
3786     1.25875277e-08   -3.55396927e-02    3.18334998e+00    5.35954905e+00    1.52129233e-02   -4.98128345e-02
3787     1.25908611e-08   -4.94246339e-02    3.17018666e+00    5.37158348e+00    2.58776733e-02   -4.96990718e-02
3788     1.25941944e-08   -4.44310448e-02    3.17557281e+00    5.37427605e+00    2.68138519e-02   -4.96694531e-02
3789     1.25975277e-08   -2.24663068e-02    3.19743339e+00    5.36665601e+00    1.77096985e-02   -4.97347232e-02
3790     1.26008611e-08    8.07979689e-03    3.22740478e+00    5.35150175e+00    1.90172798e-03   -4.98712801e-02
3791     1.26041944e-08    3.55396927e-02    3.25403644e+00    5.33447946e+00   -1.46941515e-02   -5.00281872e-02
3792     1.26075277e-08    4.94246339e-02    3.26715612e+00    5.32214930e+00   -2.56785593e-02   -5.01449290e-02
3793     1.26108611e-08    4.44310448e-02    3.26174374e+00    5.31937704e+00   -2.67047051e-02   -5.01753577e-02
3794     1.26141944e-08    2.24663068e-02    3.23984956e+00    5.32727648e+00   -1.73372065e-02   -5.01073105e-02
3795     1.26175277e-08   -8.07979689e-03    3.20982266e+00    5.34271668e+00   -1.27654465e-03   -4.99679219e-02
3796     1.26208611e-08   -3.55396927e-02    3.18312934e+00    5.35966935e+00    1.52116236e-02   -4.98117418e-02
3797     1.26241944e-08   -4.94246339e-02    3.16996611e+00    5.37170415e+00    2.58768091e-02   -4.96979754e-02
3798     1.26275277e-08   -4.44310448e-02    3.17535231e+00    5.37439698e+00    2.68133030e-02   -4.96683540e-02
3799     1.26308611e-08   -2.24663068e-02    3.19721296e+00    5.36677699e+00    1.77092307e-02   -4.97336236e-02
3800     1.26341944e-08    8.07979689e-03    3.22718443e+00    5.35162254e+00    1.90110237e-03   -4.98701824e-02
3801     1.26375277e-08    3.55396927e-02    3.25381619e+00    5.33459987e+00   -1.46951003e-02   -5.00270932e-02
3802     1.26408611e-08    4.94246339e-02    3.26693602e+00    5.32226925e+00   -2.56798907e-02   -5.01438395e-02
3803     1.26441944e-08    4.44310448e-02    3.26152380e+00    5.31949657e+00   -2.67063588e-02   -5.01742724e-02
3804     1.26475277e-08    2.24663068e-02    3.23962977e+00    5.32739576e+00   -1.73389959e-02   -5.01062275e-02
3805     1.26508611e-08   -8.07979689e-03    3.20960302e+00    5.34283598e+00   -1.27820122e-03   -4.99668387e-02
3806     1.26541944e-08   -3.55396927e-02    3.18290981e+00    5.35978892e+00    1.52103307e-02   -4.98106559e-02
3807     1.26575277e-08   -4.94246339e-02    3.16974666e+00    5.37182408e+00    2.58759494e-02   -4.96968859e-02
3808     1.26608611e-08   -4.44310448e-02    3.17513293e+00    5.37451718e+00    2.68127570e-02   -4.96672618e-02
3809     1.26641944e-08   -2.24663068e-02    3.19699364e+00    5.36689723e+00    1.77087656e-02   -4.97325308e-02
3810     1.26675277e-08    8.07979689e-03    3.22696519e+00    5.35174259e+00    1.90048061e-03   -4.98690915e-02
3811     1.26708611e-08    3.55396927e-02    3.25359706e+00    5.33471955e+00   -1.46960433e-02   -5.00260060e-02
3812     1.26741944e-08    4.94246339e-02    3.26671703e+00    5.32238847e+00   -2.56812143e-02   -5.01427568e-02
3813     1.26775277e-08    4.44310448e-02    3.26130496e+00    5.31961537e+00   -2.67080031e-02   -5.01731938e-02
3814     1.26808611e-08    2.24663068e-02    3.23941110e+00    5.32751431e+00   -1.73407754e-02   -5.01051514e-02
3815     1.26841944e-08   -8.07979689e-03    3.20938449e+00    5.34295455e+00   -1.27984893e-03   -4.99657623e-02
3816     1.26875277e-08   -3.55396927e-02    3.18269140e+00    5.35990775e+00    1.52090445e-02   -4.98095768e-02
3817     1.26908611e-08   -4.94246339e-02    3.16952833e+00    5.37194327e+00    2.58750941e-02   -4.96958032e-02
3818     1.26941944e-08   -4.44310448e-02    3.17491465e+00    5.37463663e+00    2.68122139e-02   -4.96661764e-02
3819     1.26975277e-08   -2.24663068e-02    3.19677542e+00    5.36701674e+00    1.77083033e-02   -4.97314449e-02
3820     1.27008611e-08    8.07979689e-03    3.22674706e+00    5.35186190e+00    1.89986269e-03   -4.98680074e-02
3821     1.27041944e-08    3.55396927e-02    3.25337904e+00    5.33483849e+00   -1.46969805e-02   -5.00249256e-02
3822     1.27075277e-08    4.94246339e-02    3.26649914e+00    5.32250696e+00   -2.56825301e-02   -5.01416809e-02
3823     1.27108611e-08    4.44310448e-02    3.26108724e+00    5.31973344e+00   -2.67096380e-02   -5.01721220e-02
3824     1.27141944e-08    2.24663068e-02    3.23919353e+00    5.32763213e+00   -1.73425452e-02   -5.01040819e-02
3825     1.27175277e-08   -8.07979689e-03    3.20916707e+00    5.34307239e+00   -1.28148783e-03   -4.99646926e-02
3826     1.27208611e-08   -3.55396927e-02    3.18247409e+00    5.36002585e+00    1.52077650e-02   -4.98085045e-02
3827     1.27241944e-08   -4.94246339e-02    3.16931110e+00    5.37206173e+00    2.58742431e-02   -4.96947272e-02
3828     1.27275277e-08   -4.44310448e-02    3.17469748e+00    5.37475535e+00    2.68116737e-02   -4.96650977e-02
3829     1.27308611e-08   -2.24663068e-02    3.19655832e+00    5.36713551e+00    1.77078437e-02   -4.97303658e-02
3830     1.27341944e-08    8.07979689e-03    3.22653003e+00    5.35198048e+00    1.89924860e-03   -4.98669302e-02
3831     1.27375277e-08    3.55396927e-02    3.25316212e+00    5.33495670e+00   -1.46979121e-02   -5.00238519e-02
3832     1.27408611e-08    4.94246339e-02    3.26628236e+00    5.32262471e+00   -2.56838380e-02   -5.01406117e-02
3833     1.27441944e-08    4.44310448e-02    3.26087061e+00    5.31985079e+00   -2.67112635e-02   -5.01710568e-02
3834     1.27475277e-08    2.24663068e-02    3.23897706e+00    5.32774923e+00   -1.73443051e-02   -5.01030192e-02
3835     1.27508611e-08   -8.07979689e-03    3.20895075e+00    5.34318950e+00   -1.28311795e-03   -4.99636296e-02
3836     1.27541944e-08   -3.55396927e-02    3.18225788e+00    5.36014322e+00    1.52064921e-02   -4.98074389e-02
3837     1.27575277e-08   -4.94246339e-02    3.16909497e+00    5.37217946e+00    2.58733965e-02   -4.96936580e-02
3838     1.27608611e-08   -4.44310448e-02    3.17448141e+00    5.37487335e+00    2.68111363e-02   -4.96640258e-02
3839     1.27641944e-08   -2.24663068e-02    3.19634230e+00    5.36725355e+00    1.77073867e-02   -4.97292934e-02
3840     1.27675277e-08    8.07979689e-03    3.22631409e+00    5.35209833e+00    1.89863832e-03   -4.98658596e-02
3841     1.27708611e-08    3.55396927e-02    3.25294630e+00    5.33507418e+00   -1.46988379e-02   -5.00227850e-02
3842     1.27741944e-08    4.94246339e-02    3.26606668e+00    5.32274175e+00   -2.56851383e-02   -5.01395492e-02
3843     1.27775277e-08    4.44310448e-02    3.26065508e+00    5.31996741e+00   -2.67128798e-02   -5.01699984e-02
3844     1.27808611e-08    2.24663068e-02    3.23876169e+00    5.32786560e+00   -1.73460553e-02   -5.01019631e-02
3845     1.27841944e-08   -8.07979689e-03    3.20873551e+00    5.34330589e+00   -1.28473933e-03   -4.99625733e-02
3846     1.27875277e-08   -3.55396927e-02    3.18204276e+00    5.36025987e+00    1.52052259e-02   -4.98063799e-02
3847     1.27908611e-08   -4.94246339e-02    3.16887993e+00    5.37229646e+00    2.58725543e-02   -4.96925954e-02
3848     1.27941944e-08   -4.44310448e-02    3.17426643e+00    5.37499061e+00    2.68106018e-02   -4.96629607e-02
3849     1.27975277e-08   -2.24663068e-02    3.19612738e+00    5.36737086e+00    1.77069325e-02   -4.97282277e-02
3850     1.28008611e-08    8.07979689e-03    3.22609926e+00    5.35221546e+00    1.89803183e-03   -4.98647958e-02
3851     1.28041944e-08    3.55396927e-02    3.25273157e+00    5.33519095e+00   -1.46997581e-02   -5.00217248e-02
3852     1.28075277e-08    4.94246339e-02    3.26585208e+00    5.32285807e+00   -2.56864308e-02   -5.01384933e-02
3853     1.28108611e-08    4.44310448e-02    3.26044064e+00    5.32008331e+00   -2.67144869e-02   -5.01689465e-02
3854     1.28141944e-08    2.24663068e-02    3.23854741e+00    5.32798126e+00   -1.73477959e-02   -5.01009137e-02
3855     1.28175277e-08   -8.07979689e-03    3.20852137e+00    5.34342157e+00   -1.28635199e-03   -4.99615236e-02
3856     1.28208611e-08   -3.55396927e-02    3.18182873e+00    5.36037581e+00    1.52039664e-02   -4.98053276e-02
3857     1.28241944e-08   -4.94246339e-02    3.16866598e+00    5.37241275e+00    2.58717164e-02   -4.96915396e-02
3858     1.28275277e-08   -4.44310448e-02    3.17405254e+00    5.37510716e+00    2.68100701e-02   -4.96619021e-02
3859     1.28308611e-08   -2.24663068e-02    3.19591355e+00    5.36748745e+00    1.77064809e-02   -4.97271687e-02
3860     1.28341944e-08    8.07979689e-03    3.22588550e+00    5.35233187e+00    1.89742913e-03   -4.98637386e-02
3861     1.28375277e-08    3.55396927e-02    3.25251792e+00    5.33530699e+00   -1.47006726e-02   -5.00206711e-02
3862     1.28408611e-08    4.94246339e-02    3.26563857e+00    5.32297367e+00   -2.56877157e-02   -5.01374440e-02
3863     1.28441944e-08    4.44310448e-02    3.26022728e+00    5.32019850e+00   -2.67160847e-02   -5.01679013e-02
3864     1.28475277e-08    2.24663068e-02    3.23833421e+00    5.32809621e+00   -1.73495267e-02   -5.00998708e-02
3865     1.28508611e-08   -8.07979689e-03    3.20830831e+00    5.34353653e+00   -1.28795599e-03   -4.99604805e-02
3866     1.28541944e-08   -3.55396927e-02    3.18161578e+00    5.36049103e+00    1.52027134e-02   -4.98042819e-02
3867     1.28575277e-08   -4.94246339e-02    3.16845311e+00    5.37252831e+00    2.58708828e-02   -4.96904903e-02
3868     1.28608611e-08   -4.44310448e-02    3.17383973e+00    5.37522299e+00    2.68095413e-02   -4.96608503e-02
3869     1.28641944e-08   -2.24663068e-02    3.19570080e+00    5.36760333e+00    1.77060320e-02   -4.97261163e-02
3870     1.28675277e-08    8.07979689e-03    3.22567283e+00    5.35244756e+00    1.89683020e-03   -4.98626880e-02
3871     1.28708611e-08    3.55396927e-02    3.25230536e+00    5.33542232e+00   -1.47015814e-02   -5.00196241e-02
3872     1.28741944e-08    4.94246339e-02    3.26542614e+00    5.32308856e+00   -2.56889929e-02   -5.01364014e-02
3873     1.28775277e-08    4.44310448e-02    3.26001500e+00    5.32031299e+00   -2.67176733e-02   -5.01668626e-02
3874     1.28808611e-08    2.24663068e-02    3.23812208e+00    5.32821045e+00   -1.73512480e-02   -5.00988345e-02
3875     1.28841944e-08   -8.07979689e-03    3.20809633e+00    5.34365079e+00   -1.28955134e-03   -4.99594440e-02
3876     1.28875277e-08   -3.55396927e-02    3.18140391e+00    5.36060553e+00    1.52014670e-02   -4.98032427e-02
3877     1.28908611e-08   -4.94246339e-02    3.16824132e+00    5.37264317e+00    2.58700536e-02   -4.96894476e-02
3878     1.28941944e-08   -4.44310448e-02    3.17362800e+00    5.37533810e+00    2.68090152e-02   -4.96598050e-02
3879     1.28975277e-08   -2.24663068e-02    3.19548913e+00    5.36771849e+00    1.77055858e-02   -4.97250705e-02
3880     1.29008611e-08    8.07979689e-03    3.22546123e+00    5.35256254e+00    1.89623502e-03   -4.98616440e-02
3881     1.29041944e-08    3.55396927e-02    3.25209387e+00    5.33553694e+00   -1.47024847e-02   -5.00185837e-02
3882     1.29075277e-08    4.94246339e-02    3.26521479e+00    5.32320274e+00   -2.56902625e-02   -5.01353652e-02
3883     1.29108611e-08    4.44310448e-02    3.25980380e+00    5.32042676e+00   -2.67192529e-02   -5.01658305e-02
3884     1.29141944e-08    2.24663068e-02    3.23791104e+00    5.32832398e+00   -1.73529597e-02   -5.00978046e-02
3885     1.29175277e-08   -8.07979689e-03    3.20788542e+00    5.34376434e+00   -1.29113810e-03   -4.99584139e-02
3886     1.29208611e-08   -3.55396927e-02    3.18119311e+00    5.36071934e+00    1.52002271e-02   -4.98022101e-02
3887     1.29241944e-08   -4.94246339e-02    3.16803060e+00    5.37275732e+00    2.58692286e-02   -4.96884115e-02
3888     1.29275277e-08   -4.44310448e-02    3.17341733e+00    5.37545251e+00    2.68084921e-02   -4.96587663e-02
3889     1.29308611e-08   -2.24663068e-02    3.19527852e+00    5.36783295e+00    1.77051423e-02   -4.97240313e-02
3890     1.29341944e-08    8.07979689e-03    3.22525071e+00    5.35267681e+00    1.89564358e-03   -4.98606066e-02
3891     1.29375277e-08    3.55396927e-02    3.25188345e+00    5.33565086e+00   -1.47033824e-02   -5.00175497e-02
3892     1.29408611e-08    4.94246339e-02    3.26500450e+00    5.32331622e+00   -2.56915245e-02   -5.01343356e-02
3893     1.29441944e-08    4.44310448e-02    3.25959367e+00    5.32053984e+00   -2.67208233e-02   -5.01648048e-02
3894     1.29475277e-08    2.24663068e-02    3.23770106e+00    5.32843682e+00   -1.73546619e-02   -5.00967813e-02
3895     1.29508611e-08   -8.07979689e-03    3.20767558e+00    5.34387718e+00   -1.29271629e-03   -4.99573904e-02
3896     1.29541944e-08   -3.55396927e-02    3.18098338e+00    5.36083244e+00    1.51989938e-02   -4.98011839e-02
3897     1.29575277e-08   -4.94246339e-02    3.16782094e+00    5.37287076e+00    2.58684079e-02   -4.96873819e-02
3898     1.29608611e-08   -4.44310448e-02    3.17320774e+00    5.37556621e+00    2.68079717e-02   -4.96577341e-02
3899     1.29641944e-08   -2.24663068e-02    3.19506899e+00    5.36794669e+00    1.77047013e-02   -4.97229986e-02
3900     1.29675277e-08    8.07979689e-03    3.22504125e+00    5.35279037e+00    1.89505587e-03   -4.98595756e-02
3901     1.29708611e-08    3.55396927e-02    3.25167410e+00    5.33576407e+00   -1.47042745e-02   -5.00165223e-02
3902     1.29741944e-08    4.94246339e-02    3.26479528e+00    5.32342900e+00   -2.56927790e-02   -5.01333124e-02
3903     1.29775277e-08    4.44310448e-02    3.25938460e+00    5.32065222e+00   -2.67223847e-02   -5.01637855e-02
3904     1.29808611e-08    2.24663068e-02    3.23749214e+00    5.32854896e+00   -1.73563546e-02   -5.00957644e-02
3905     1.29841944e-08   -8.07979689e-03    3.20746680e+00    5.34398934e+00   -1.29428595e-03   -4.99563732e-02
3906     1.29875277e-08   -3.55396927e-02    3.18077471e+00    5.36094484e+00    1.51977669e-02   -4.98001642e-02
3907     1.29908611e-08   -4.94246339e-02    3.16761235e+00    5.37298351e+00    2.58675914e-02   -4.96863587e-02
3908     1.29941944e-08   -4.44310448e-02    3.17299920e+00    5.37567921e+00    2.68074541e-02   -4.96567083e-02
3909     1.29975277e-08   -2.24663068e-02    3.19486051e+00    5.36805974e+00    1.77042631e-02   -4.97219723e-02
3910     1.30008611e-08    8.07979689e-03    3.22483285e+00    5.35290324e+00    1.89447187e-03   -4.98585512e-02
3911     1.30041944e-08    3.55396927e-02    3.25146581e+00    5.33587658e+00   -1.47051610e-02   -5.00155013e-02
3912     1.30075277e-08    4.94246339e-02    3.26458712e+00    5.32354108e+00   -2.56940259e-02   -5.01322956e-02
3913     1.30108611e-08    4.44310448e-02    3.25917658e+00    5.32076390e+00   -2.67239371e-02   -5.01627727e-02
3914     1.30141944e-08    2.24663068e-02    3.23728428e+00    5.32866040e+00   -1.73580379e-02   -5.00947538e-02
3915     1.30175277e-08   -8.07979689e-03    3.20725908e+00    5.34410080e+00   -1.29584711e-03   -4.99553625e-02
3916     1.30208611e-08   -3.55396927e-02    3.18056709e+00    5.36105655e+00    1.51965466e-02   -4.97991510e-02
3917     1.30241944e-08   -4.94246339e-02    3.16740481e+00    5.37309556e+00    2.58667792e-02   -4.96853420e-02
3918     1.30275277e-08   -4.44310448e-02    3.17279172e+00    5.37579151e+00    2.68069393e-02   -4.96556891e-02
3919     1.30308611e-08   -2.24663068e-02    3.19465309e+00    5.36817209e+00    1.77038274e-02   -4.97209526e-02
3920     1.30341944e-08    8.07979689e-03    3.22462551e+00    5.35301541e+00    1.89389158e-03   -4.98575331e-02
3921     1.30375277e-08    3.55396927e-02    3.25125857e+00    5.33598841e+00   -1.47060421e-02   -5.00144867e-02
3922     1.30408611e-08    4.94246339e-02    3.26438001e+00    5.32365247e+00   -2.56952654e-02   -5.01312853e-02
3923     1.30441944e-08    4.44310448e-02    3.25896962e+00    5.32087490e+00   -2.67254805e-02   -5.01617662e-02
3924     1.30475277e-08    2.24663068e-02    3.23707747e+00    5.32877116e+00   -1.73597117e-02   -5.00937497e-02
3925     1.30508611e-08   -8.07979689e-03    3.20705241e+00    5.34421157e+00   -1.29739982e-03   -4.99543581e-02
3926     1.30541944e-08   -3.55396927e-02    3.18036053e+00    5.36116757e+00    1.51953326e-02   -4.97981441e-02
3927     1.30575277e-08   -4.94246339e-02    3.16719833e+00    5.37320691e+00    2.58659713e-02   -4.96843317e-02
3928     1.30608611e-08   -4.44310448e-02    3.17258529e+00    5.37590312e+00    2.68064273e-02   -4.96546762e-02
3929     1.30641944e-08   -2.24663068e-02    3.19444672e+00    5.36828375e+00    1.77033944e-02   -4.97199392e-02
3930     1.30675277e-08    8.07979689e-03    3.22441921e+00    5.35312689e+00    1.89331496e-03   -4.98565215e-02
3931     1.30708611e-08    3.55396927e-02    3.25105238e+00    5.33609954e+00   -1.47069176e-02   -5.00134784e-02
3932     1.30741944e-08    4.94246339e-02    3.26417395e+00    5.32376318e+00   -2.56964974e-02   -5.01302813e-02
3933     1.30775277e-08    4.44310448e-02    3.25876371e+00    5.32098521e+00   -2.67270149e-02   -5.01607661e-02
3934     1.30808611e-08    2.24663068e-02    3.23687171e+00    5.32888123e+00   -1.73613762e-02   -5.00927518e-02
3935     1.30841944e-08   -8.07979689e-03    3.20684678e+00    5.34432166e+00   -1.29894410e-03   -4.99533601e-02
3936     1.30875277e-08   -3.55396927e-02    3.18015501e+00    5.36127790e+00    1.51941251e-02   -4.97971435e-02
3937     1.30908611e-08   -4.94246339e-02    3.16699289e+00    5.37331758e+00    2.58651675e-02   -4.96833277e-02
3938     1.30941944e-08   -4.44310448e-02    3.17237991e+00    5.37601404e+00    2.68059181e-02   -4.96536697e-02
3939     1.30975277e-08   -2.24663068e-02    3.19424139e+00    5.36839471e+00    1.77029640e-02   -4.97189322e-02
3940     1.31008611e-08    8.07979689e-03    3.22421396e+00    5.35323768e+00    1.89274202e-03   -4.98555162e-02
3941     1.31041944e-08    3.55396927e-02    3.25084723e+00    5.33620998e+00   -1.47077877e-02   -5.00124766e-02
3942     1.31075277e-08    4.94246339e-02    3.26396894e+00    5.32387320e+00   -2.56977220e-02   -5.01292836e-02
3943     1.31108611e-08    4.44310448e-02    3.25855884e+00    5.32109484e+00   -2.67285405e-02   -5.01597722e-02
3944     1.31141944e-08    2.24663068e-02    3.23666699e+00    5.32899063e+00   -1.73630314e-02   -5.00917602e-02
3945     1.31175277e-08   -8.07979689e-03    3.20664220e+00    5.34443106e+00   -1.30047998e-03   -4.99523683e-02
3946     1.31208611e-08   -3.55396927e-02    3.17995053e+00    5.36138755e+00    1.51929239e-02   -4.97961493e-02
3947     1.31241944e-08   -4.94246339e-02    3.16678849e+00    5.37342757e+00    2.58643680e-02   -4.96823301e-02
3948     1.31275277e-08   -4.44310448e-02    3.17217557e+00    5.37612427e+00    2.68054116e-02   -4.96526695e-02
3949     1.31308611e-08   -2.24663068e-02    3.19403711e+00    5.36850499e+00    1.77025362e-02   -4.97179315e-02
3950     1.31341944e-08    8.07979689e-03    3.22400975e+00    5.35334779e+00    1.89217273e-03   -4.98545173e-02
3951     1.31375277e-08    3.55396927e-02    3.25064312e+00    5.33631975e+00   -1.47086523e-02   -5.00114810e-02
3952     1.31408611e-08    4.94246339e-02    3.26376496e+00    5.32398254e+00   -2.56989392e-02   -5.01282921e-02
3953     1.31441944e-08    4.44310448e-02    3.25835501e+00    5.32120379e+00   -2.67300572e-02   -5.01587846e-02
3954     1.31475277e-08    2.24663068e-02    3.23646331e+00    5.32909934e+00   -1.73646773e-02   -5.00907749e-02
3955     1.31508611e-08   -8.07979689e-03    3.20643865e+00    5.34453979e+00   -1.30200752e-03   -4.99513828e-02
3956     1.31541944e-08   -3.55396927e-02    3.17974709e+00    5.36149652e+00    1.51917292e-02   -4.97951613e-02
3957     1.31575277e-08   -4.94246339e-02    3.16658512e+00    5.37353687e+00    2.58635726e-02   -4.96813387e-02
3958     1.31608611e-08   -4.44310448e-02    3.17197226e+00    5.37623382e+00    2.68049079e-02   -4.96516757e-02
3959     1.31641944e-08   -2.24663068e-02    3.19383385e+00    5.36861459e+00    1.77021110e-02   -4.97169371e-02
3960     1.31675277e-08    8.07979689e-03    3.22380658e+00    5.35345721e+00    1.89160709e-03   -4.98535246e-02
3961     1.31708611e-08    3.55396927e-02    3.25044005e+00    5.33642883e+00   -1.47095115e-02   -5.00104917e-02
3962     1.31741944e-08    4.94246339e-02    3.26356201e+00    5.32409120e+00   -2.57001491e-02   -5.01273070e-02
3963     1.31775277e-08    4.44310448e-02    3.25815221e+00    5.32131206e+00   -2.67315651e-02   -5.01578033e-02
3964     1.31808611e-08    2.24663068e-02    3.23626066e+00    5.32920739e+00   -1.73663139e-02   -5.00897958e-02
3965     1.31841944e-08   -8.07979689e-03    3.20623613e+00    5.34464785e+00   -1.30352673e-03   -4.99504035e-02
3966     1.31875277e-08   -3.55396927e-02    3.17954468e+00    5.36160481e+00    1.51905407e-02   -4.97941795e-02
3967     1.31908611e-08   -4.94246339e-02    3.16638278e+00    5.37364550e+00    2.58627814e-02   -4.96803536e-02
3968     1.31941944e-08   -4.44310448e-02    3.17176998e+00    5.37634270e+00    2.68044069e-02   -4.96506880e-02
3969     1.31975277e-08   -2.24663068e-02    3.19363163e+00    5.36872351e+00    1.77016884e-02   -4.97159490e-02
3970     1.32008611e-08    8.07979689e-03    3.22360443e+00    5.35356596e+00    1.89104507e-03   -4.98525382e-02
3971     1.32041944e-08    3.55396927e-02    3.25023801e+00    5.33653724e+00   -1.47103653e-02   -5.00095086e-02
3972     1.32075277e-08    4.94246339e-02    3.26336010e+00    5.32419920e+00   -2.57013516e-02   -5.01263280e-02
3973     1.32108611e-08    4.44310448e-02    3.25795044e+00    5.32141967e+00   -2.67330642e-02   -5.01568281e-02
3974     1.32141944e-08    2.24663068e-02    3.23605903e+00    5.32931476e+00   -1.73679414e-02   -5.00888229e-02
3975     1.32175277e-08   -8.07979689e-03    3.20603464e+00    5.34475523e+00   -1.30503766e-03   -4.99494304e-02
3976     1.32208611e-08   -3.55396927e-02    3.17934330e+00    5.36171244e+00    1.51893586e-02   -4.97932040e-02
3977     1.32241944e-08   -4.94246339e-02    3.16618147e+00    5.37375345e+00    2.58619943e-02   -4.96793747e-02
3978     1.32275277e-08   -4.44310448e-02    3.17156873e+00    5.37645090e+00    2.68039087e-02   -4.96497067e-02
3979     1.32308611e-08   -2.24663068e-02    3.19343043e+00    5.36883176e+00    1.77012684e-02   -4.97149672e-02
3980     1.32341944e-08    8.07979689e-03    3.22340331e+00    5.35367404e+00    1.89048667e-03   -4.98515580e-02
3981     1.32375277e-08    3.55396927e-02    3.25003699e+00    5.33664498e+00   -1.47112137e-02   -5.00085317e-02
3982     1.32408611e-08    4.94246339e-02    3.26315920e+00    5.32430652e+00   -2.57025469e-02   -5.01253552e-02
3983     1.32441944e-08    4.44310448e-02    3.25774969e+00    5.32152661e+00   -2.67345546e-02   -5.01558590e-02
3984     1.32475277e-08    2.24663068e-02    3.23585843e+00    5.32942147e+00   -1.73695596e-02   -5.00878561e-02
3985     1.32508611e-08   -8.07979689e-03    3.20583417e+00    5.34486195e+00   -1.30654034e-03   -4.99484634e-02
3986     1.32541944e-08   -3.55396927e-02    3.17914293e+00    5.36181940e+00    1.51881828e-02   -4.97922346e-02
3987     1.32575277e-08   -4.94246339e-02    3.16598118e+00    5.37386074e+00    2.58612114e-02   -4.96784020e-02
3988     1.32608611e-08   -4.44310448e-02    3.17136849e+00    5.37655843e+00    2.68034132e-02   -4.96487315e-02
3989     1.32641944e-08   -2.24663068e-02    3.19323026e+00    5.36893934e+00    1.77008510e-02   -4.97139915e-02
3990     1.32675277e-08    8.07979689e-03    3.22320320e+00    5.35378145e+00    1.88993187e-03   -4.98505839e-02
3991     1.32708611e-08    3.55396927e-02    3.24983698e+00    5.33675206e+00   -1.47120568e-02   -5.00075610e-02
3992     1.32741944e-08    4.94246339e-02    3.26295933e+00    5.32441318e+00   -2.57037348e-02   -5.01243885e-02
3993     1.32775277e-08    4.44310448e-02    3.25754996e+00    5.32163289e+00   -2.67360362e-02   -5.01548961e-02
3994     1.32808611e-08    2.24663068e-02    3.23565884e+00    5.32952752e+00   -1.73711688e-02   -5.00868954e-02
3995     1.32841944e-08   -8.07979689e-03    3.20563472e+00    5.34496801e+00   -1.30803480e-03   -4.99475025e-02
3996     1.32875277e-08   -3.55396927e-02    3.17894358e+00    5.36192569e+00    1.51870132e-02   -4.97912713e-02
3997     1.32908611e-08   -4.94246339e-02    3.16578191e+00    5.37396736e+00    2.58604326e-02   -4.96774354e-02
3998     1.32941944e-08   -4.44310448e-02    3.17116927e+00    5.37666529e+00    2.68029204e-02   -4.96477624e-02
3999     1.32975277e-08   -2.24663068e-02    3.19303109e+00    5.36904625e+00    1.77004361e-02   -4.97130219e-02
4000     1.33008611e-08    8.07979689e-03    3.22300411e+00    5.35388819e+00    1.88938065e-03   -4.98496160e-02
4001     1.33041944e-08    3.55396927e-02    3.24963799e+00    5.33685847e+00   -1.47128945e-02   -5.00065963e-02
4002     1.33075277e-08    4.94246339e-02    3.26276046e+00    5.32451919e+00   -2.57049156e-02   -5.01234279e-02
4003     1.33108611e-08    4.44310448e-02    3.25735124e+00    5.32173851e+00   -2.67375092e-02   -5.01539393e-02
4004     1.33141944e-08    2.24663068e-02    3.23546027e+00    5.32963291e+00   -1.73727689e-02   -5.00859408e-02
4005     1.33175277e-08   -8.07979689e-03    3.20543627e+00    5.34507341e+00   -1.30952108e-03   -4.99465477e-02
4006     1.33208611e-08   -3.55396927e-02    3.17874524e+00    5.36203133e+00    1.51858499e-02   -4.97903141e-02
4007     1.33241944e-08   -4.94246339e-02    3.16558364e+00    5.37407332e+00    2.58596579e-02   -4.96764750e-02
4008     1.33275277e-08   -4.44310448e-02    3.17097106e+00    5.37677150e+00    2.68024303e-02   -4.96467995e-02
4009     1.33308611e-08   -2.24663068e-02    3.19283294e+00    5.36915250e+00    1.77000237e-02   -4.97120585e-02
4010     1.33341944e-08    8.07979689e-03    3.22280603e+00    5.35399428e+00    1.88883301e-03   -4.98486542e-02
4011     1.33375277e-08    3.55396927e-02    3.24944001e+00    5.33696422e+00   -1.47137269e-02   -5.00056378e-02
4012     1.33408611e-08    4.94246339e-02    3.26256261e+00    5.32462453e+00   -2.57060891e-02   -5.01224734e-02
4013     1.33441944e-08    4.44310448e-02    3.25715353e+00    5.32184348e+00   -2.67389736e-02   -5.01529885e-02
4014     1.33475277e-08    2.24663068e-02    3.23526270e+00    5.32973765e+00   -1.73743599e-02   -5.00849922e-02
4015     1.33508611e-08   -8.07979689e-03    3.20523883e+00    5.34517816e+00   -1.31099922e-03   -4.99455990e-02
4016     1.33541944e-08   -3.55396927e-02    3.17854791e+00    5.36213631e+00    1.51846928e-02   -4.97893630e-02
4017     1.33575277e-08   -4.94246339e-02    3.16538638e+00    5.37417862e+00    2.58588873e-02   -4.96755206e-02
4018     1.33608611e-08   -4.44310448e-02    3.17077386e+00    5.37687704e+00    2.68019430e-02   -4.96458427e-02
4019     1.33641944e-08   -2.24663068e-02    3.19263579e+00    5.36925810e+00    1.76996139e-02   -4.97111011e-02
4020     1.33675277e-08    8.07979689e-03    3.22260896e+00    5.35409970e+00    1.88828892e-03   -4.98476985e-02
4021     1.33708611e-08    3.55396927e-02    3.24924304e+00    5.33706932e+00   -1.47145540e-02   -5.00046853e-02
4022     1.33741944e-08    4.94246339e-02    3.26236576e+00    5.32472922e+00   -2.57072555e-02   -5.01215249e-02
4023     1.33775277e-08    4.44310448e-02    3.25695681e+00    5.32194779e+00   -2.67404294e-02   -5.01520437e-02
4024     1.33808611e-08    2.24663068e-02    3.23506613e+00    5.32984173e+00   -1.73759419e-02   -5.00840496e-02
4025     1.33841944e-08   -8.07979689e-03    3.20504240e+00    5.34528226e+00   -1.31246925e-03   -4.99446562e-02
4026     1.33875277e-08   -3.55396927e-02    3.17835157e+00    5.36224064e+00    1.51835418e-02   -4.97884178e-02
4027     1.33908611e-08   -4.94246339e-02    3.16519012e+00    5.37428327e+00    2.58581207e-02   -4.96745722e-02
4028     1.33941944e-08   -4.44310448e-02    3.17057765e+00    5.37698193e+00    2.68014583e-02   -4.96448919e-02
4029     1.33975277e-08   -2.24663068e-02    3.19243964e+00    5.36936303e+00    1.76992067e-02   -4.97101498e-02
4030     1.34008611e-08    8.07979689e-03    3.22241288e+00    5.35420447e+00    1.88774838e-03   -4.98467488e-02
4031     1.34041944e-08    3.55396927e-02    3.24904706e+00    5.33717376e+00   -1.47153759e-02   -5.00037389e-02
4032     1.34075277e-08    4.94246339e-02    3.26216990e+00    5.32483326e+00   -2.57084148e-02   -5.01205824e-02
4033     1.34108611e-08    4.44310448e-02    3.25676110e+00    5.32205146e+00   -2.67418766e-02   -5.01511049e-02
4034     1.34141944e-08    2.24663068e-02    3.23487056e+00    5.32994517e+00   -1.73775149e-02   -5.00831130e-02
4035     1.34175277e-08   -8.07979689e-03    3.20484695e+00    5.34538571e+00   -1.31393120e-03   -4.99437194e-02
4036     1.34208611e-08   -3.55396927e-02    3.17815623e+00    5.36234432e+00    1.51823971e-02   -4.97874787e-02
4037     1.34241944e-08   -4.94246339e-02    3.16499486e+00    5.37438727e+00    2.58573582e-02   -4.96736298e-02
4038     1.34275277e-08   -4.44310448e-02    3.17038244e+00    5.37708617e+00    2.68009763e-02   -4.96439471e-02
4039     1.34308611e-08   -2.24663068e-02    3.19224448e+00    5.36946732e+00    1.76988019e-02   -4.97092046e-02
4040     1.34341944e-08    8.07979689e-03    3.22221780e+00    5.35430860e+00    1.88721137e-03   -4.98458051e-02
4041     1.34375277e-08    3.55396927e-02    3.24885207e+00    5.33727756e+00   -1.47161925e-02   -5.00027984e-02
4042     1.34408611e-08    4.94246339e-02    3.26197504e+00    5.32493666e+00   -2.57095669e-02   -5.01196459e-02
4043     1.34441944e-08    4.44310448e-02    3.25656638e+00    5.32215448e+00   -2.67433153e-02   -5.01501720e-02
4044     1.34475277e-08    2.24663068e-02    3.23467598e+00    5.33004797e+00   -1.73790791e-02   -5.00821823e-02
4045     1.34508611e-08   -8.07979689e-03    3.20465250e+00    5.34548852e+00   -1.31538511e-03   -4.99427886e-02
4046     1.34541944e-08   -3.55396927e-02    3.17796188e+00    5.36244736e+00    1.51812584e-02   -4.97865455e-02
4047     1.34575277e-08   -4.94246339e-02    3.16480058e+00    5.37449063e+00    2.58565998e-02   -4.96726934e-02
4048     1.34608611e-08   -4.44310448e-02    3.17018822e+00    5.37718976e+00    2.68004969e-02   -4.96430083e-02
4049     1.34641944e-08   -2.24663068e-02    3.19205032e+00    5.36957096e+00    1.76983997e-02   -4.97082652e-02
4050     1.34675277e-08    8.07979689e-03    3.22202370e+00    5.35441207e+00    1.88667787e-03   -4.98448674e-02
4051     1.34708611e-08    3.55396927e-02    3.24865808e+00    5.33738071e+00   -1.47170039e-02   -5.00018638e-02
4052     1.34741944e-08    4.94246339e-02    3.26178117e+00    5.32503942e+00   -2.57107120e-02   -5.01187153e-02
4053     1.34775277e-08    4.44310448e-02    3.25637264e+00    5.32225687e+00   -2.67447456e-02   -5.01492450e-02
4054     1.34808611e-08    2.24663068e-02    3.23448239e+00    5.33015013e+00   -1.73806343e-02   -5.00812575e-02
4055     1.34841944e-08   -8.07979689e-03    3.20445904e+00    5.34559069e+00   -1.31683101e-03   -4.99418636e-02
4056     1.34875277e-08   -3.55396927e-02    3.17776852e+00    5.36254975e+00    1.51801259e-02   -4.97856182e-02
4057     1.34908611e-08   -4.94246339e-02    3.16460729e+00    5.37459334e+00    2.58558454e-02   -4.96717630e-02
4058     1.34941944e-08   -4.44310448e-02    3.16999498e+00    5.37729271e+00    2.68000203e-02   -4.96420754e-02
4059     1.34975277e-08   -2.24663068e-02    3.19185713e+00    5.36967396e+00    1.76980000e-02   -4.97073319e-02
4060     1.35008611e-08    8.07979689e-03    3.22183059e+00    5.35451491e+00    1.88614787e-03   -4.98439356e-02
4061     1.35041944e-08    3.55396927e-02    3.24846507e+00    5.33748323e+00   -1.47178100e-02   -5.00009352e-02
4062     1.35075277e-08    4.94246339e-02    3.26158828e+00    5.32514153e+00   -2.57118501e-02   -5.01177905e-02
4063     1.35108611e-08    4.44310448e-02    3.25617989e+00    5.32235862e+00   -2.67461674e-02   -5.01483239e-02
4064     1.35141944e-08    2.24663068e-02    3.23428977e+00    5.33025166e+00   -1.73821807e-02   -5.00803385e-02
4065     1.35175277e-08   -8.07979689e-03    3.20426655e+00    5.34569222e+00   -1.31826893e-03   -4.99409445e-02
4066     1.35208611e-08   -3.55396927e-02    3.17757614e+00    5.36265151e+00    1.51789995e-02   -4.97846968e-02
4067     1.35241944e-08   -4.94246339e-02    3.16441498e+00    5.37469541e+00    2.58550950e-02   -4.96708384e-02
4068     1.35275277e-08   -4.44310448e-02    3.16980272e+00    5.37739502e+00    2.67995463e-02   -4.96411485e-02
4069     1.35308611e-08   -2.24663068e-02    3.19166493e+00    5.36977631e+00    1.76976028e-02   -4.97064044e-02
4070     1.35341944e-08    8.07979689e-03    3.22163846e+00    5.35461711e+00    1.88562136e-03   -4.98430097e-02
4071     1.35375277e-08    3.55396927e-02    3.24827303e+00    5.33758511e+00   -1.47186110e-02   -5.00000124e-02
4072     1.35408611e-08    4.94246339e-02    3.26139637e+00    5.32524302e+00   -2.57129811e-02   -5.01168716e-02
4073     1.35441944e-08    4.44310448e-02    3.25598812e+00    5.32245973e+00   -2.67475808e-02   -5.01474086e-02
4074     1.35475277e-08    2.24663068e-02    3.23409814e+00    5.33035255e+00   -1.73837183e-02   -5.00794254e-02
4075     1.35508611e-08   -8.07979689e-03    3.20407505e+00    5.34579312e+00   -1.31969892e-03   -4.99400312e-02
4076     1.35541944e-08   -3.55396927e-02    3.17738473e+00    5.36275264e+00    1.51778791e-02   -4.97837812e-02
4077     1.35575277e-08   -4.94246339e-02    3.16422364e+00    5.37479685e+00    2.58543486e-02   -4.96699197e-02
4078     1.35608611e-08   -4.44310448e-02    3.16961144e+00    5.37749669e+00    2.67990749e-02   -4.96402274e-02
4079     1.35641944e-08   -2.24663068e-02    3.19147370e+00    5.36987803e+00    1.76972081e-02   -4.97054828e-02
4080     1.35675277e-08    8.07979689e-03    3.22144731e+00    5.35471867e+00    1.88509832e-03   -4.98420897e-02
4081     1.35708611e-08    3.55396927e-02    3.24808197e+00    5.33768635e+00   -1.47194069e-02   -4.99990955e-02
4082     1.35741944e-08    4.94246339e-02    3.26120543e+00    5.32534387e+00   -2.57141052e-02   -5.01159586e-02
4083     1.35775277e-08    4.44310448e-02    3.25579731e+00    5.32256022e+00   -2.67489858e-02   -5.01464991e-02
4084     1.35808611e-08    2.24663068e-02    3.23390748e+00    5.33045282e+00   -1.73852471e-02   -5.00785181e-02
4085     1.35841944e-08   -8.07979689e-03    3.20388451e+00    5.34589340e+00   -1.32112101e-03   -4.99391238e-02
4086     1.35875277e-08   -3.55396927e-02    3.17719429e+00    5.36285314e+00    1.51767648e-02   -4.97828715e-02
4087     1.35908611e-08   -4.94246339e-02    3.16403328e+00    5.37489766e+00    2.58536062e-02   -4.96690068e-02
4088     1.35941944e-08   -4.44310448e-02    3.16942113e+00    5.37759773e+00    2.67986062e-02   -4.96393121e-02
4089     1.35975277e-08   -2.24663068e-02    3.19128345e+00    5.36997912e+00    1.76968159e-02   -4.97045670e-02
4090     1.36008611e-08    8.07979689e-03    3.22125712e+00    5.35481960e+00    1.88457874e-03   -4.98411754e-02
4091     1.36041944e-08    3.55396927e-02    3.24789188e+00    5.33778697e+00   -1.47201976e-02   -4.99981844e-02
4092     1.36075277e-08    4.94246339e-02    3.26101546e+00    5.32544410e+00   -2.57152223e-02   -5.01150513e-02
4093     1.36108611e-08    4.44310448e-02    3.25560748e+00    5.32266008e+00   -2.67503825e-02   -5.01455954e-02
4094     1.36141944e-08    2.24663068e-02    3.23371778e+00    5.33055246e+00   -1.73867672e-02   -5.00776165e-02
4095     1.36175277e-08   -8.07979689e-03    3.20369494e+00    5.34599305e+00   -1.32253522e-03   -4.99382220e-02
4096     1.36208611e-08   -3.55396927e-02    3.17700482e+00    5.36295301e+00    1.51756564e-02   -4.97819675e-02
4097     1.36241944e-08   -4.94246339e-02    3.16384388e+00    5.37499784e+00    2.58528678e-02   -4.96680997e-02
4098     1.36275277e-08   -4.44310448e-02    3.16923178e+00    5.37769815e+00    2.67981401e-02   -4.96384026e-02
4099     1.36308611e-08   -2.24663068e-02    3.19109415e+00    5.37007958e+00    1.76964261e-02   -4.97036571e-02
4100     1.36341944e-08    8.07979689e-03    3.22106790e+00    5.35491990e+00    1.88406261e-03   -4.98402670e-02
4101     1.36375277e-08    3.55396927e-02    3.24770276e+00    5.33788696e+00   -1.47209832e-02   -4.99972790e-02
4102     1.36408611e-08    4.94246339e-02    3.26082645e+00    5.32554370e+00   -2.57163325e-02   -5.01141498e-02
4103     1.36441944e-08    4.44310448e-02    3.25541861e+00    5.32275933e+00   -2.67517710e-02   -5.01446974e-02
4104     1.36475277e-08    2.24663068e-02    3.23352905e+00    5.33065148e+00   -1.73882786e-02   -5.00767206e-02
4105     1.36508611e-08   -8.07979689e-03    3.20350633e+00    5.34609208e+00   -1.32394160e-03   -4.99373260e-02
4106     1.36541944e-08   -3.55396927e-02    3.17681631e+00    5.36305226e+00    1.51745541e-02   -4.97810692e-02
4107     1.36575277e-08   -4.94246339e-02    3.16365544e+00    5.37509740e+00    2.58521333e-02   -4.96671983e-02
4108     1.36608611e-08   -4.44310448e-02    3.16904340e+00    5.37779793e+00    2.67976766e-02   -4.96374990e-02
4109     1.36641944e-08   -2.24663068e-02    3.19090582e+00    5.37017942e+00    1.76960388e-02   -4.97027529e-02
4110     1.36675277e-08    8.07979689e-03    3.22087964e+00    5.35501958e+00    1.88354990e-03   -4.98393643e-02
4111     1.36708611e-08    3.55396927e-02    3.24751459e+00    5.33798633e+00   -1.47217638e-02   -4.99963794e-02
4112     1.36741944e-08    4.94246339e-02    3.26063840e+00    5.32564268e+00   -2.57174359e-02   -5.01132539e-02
4113     1.36775277e-08    4.44310448e-02    3.25523069e+00    5.32285795e+00   -2.67531512e-02   -5.01438052e-02
4114     1.36808611e-08    2.24663068e-02    3.23334127e+00    5.33074989e+00   -1.73897813e-02   -5.00758305e-02
4115     1.36841944e-08   -8.07979689e-03    3.20331868e+00    5.34619049e+00   -1.32534018e-03   -4.99364357e-02
4116     1.36875277e-08   -3.55396927e-02    3.17662876e+00    5.36315089e+00    1.51734577e-02   -4.97801767e-02
4117     1.36908611e-08   -4.94246339e-02    3.16346795e+00    5.37519633e+00    2.58514028e-02   -4.96663027e-02
4118     1.36941944e-08   -4.44310448e-02    3.16885597e+00    5.37789710e+00    2.67972158e-02   -4.96366010e-02
4119     1.36975277e-08   -2.24663068e-02    3.19071844e+00    5.37027864e+00    1.76956540e-02   -4.97018544e-02
4120     1.37008611e-08    8.07979689e-03    3.22069233e+00    5.35511865e+00    1.88304062e-03   -4.98384674e-02
4121     1.37041944e-08    3.55396927e-02    3.24732738e+00    5.33808508e+00   -1.47225392e-02   -4.99954855e-02
4122     1.37075277e-08    4.94246339e-02    3.26045131e+00    5.32574105e+00   -2.57185324e-02   -5.01123638e-02
4123     1.37108611e-08    4.44310448e-02    3.25504373e+00    5.32295596e+00   -2.67545232e-02   -5.01429185e-02
4124     1.37141944e-08    2.24663068e-02    3.23315444e+00    5.33084768e+00   -1.73912754e-02   -5.00749460e-02
4125     1.37175277e-08   -8.07979689e-03    3.20313198e+00    5.34628829e+00   -1.32673099e-03   -4.99355511e-02
4126     1.37208611e-08   -3.55396927e-02    3.17644216e+00    5.36324891e+00    1.51723673e-02   -4.97792898e-02
4127     1.37241944e-08   -4.94246339e-02    3.16328142e+00    5.37529466e+00    2.58506762e-02   -4.96654127e-02
4128     1.37275277e-08   -4.44310448e-02    3.16866949e+00    5.37799565e+00    2.67967575e-02   -4.96357087e-02
4129     1.37308611e-08   -2.24663068e-02    3.19053202e+00    5.37037723e+00    1.76952716e-02   -4.97009617e-02
4130     1.37341944e-08    8.07979689e-03    3.22050597e+00    5.35521709e+00    1.88253473e-03   -4.98375761e-02
4131     1.37375277e-08    3.55396927e-02    3.24714111e+00    5.33818322e+00   -1.47233097e-02   -4.99945972e-02
4132     1.37408611e-08    4.94246339e-02    3.26026516e+00    5.32583881e+00   -2.57196221e-02   -5.01114793e-02
4133     1.37441944e-08    4.44310448e-02    3.25485772e+00    5.32305336e+00   -2.67558870e-02   -5.01420375e-02
4134     1.37475277e-08    2.24663068e-02    3.23296857e+00    5.33094487e+00   -1.73927610e-02   -5.00740671e-02
4135     1.37508611e-08   -8.07979689e-03    3.20294622e+00    5.34638548e+00   -1.32811407e-03   -4.99346721e-02
4136     1.37541944e-08   -3.55396927e-02    3.17625650e+00    5.36334632e+00    1.51712828e-02   -4.97784086e-02
4137     1.37575277e-08   -4.94246339e-02    3.16309584e+00    5.37539236e+00    2.58499535e-02   -4.96645284e-02
4138     1.37608611e-08   -4.44310448e-02    3.16848396e+00    5.37809359e+00    2.67963019e-02   -4.96348221e-02
4139     1.37641944e-08   -2.24663068e-02    3.19034654e+00    5.37047522e+00    1.76948917e-02   -4.97000746e-02
4140     1.37675277e-08    8.07979689e-03    3.22032056e+00    5.35531492e+00    1.88203223e-03   -4.98366905e-02
4141     1.37708611e-08    3.55396927e-02    3.24695580e+00    5.33828075e+00   -1.47240751e-02   -4.99937146e-02
4142     1.37741944e-08    4.94246339e-02    3.26007996e+00    5.32593596e+00   -2.57207050e-02   -5.01106004e-02
4143     1.37775277e-08    4.44310448e-02    3.25467265e+00    5.32315016e+00   -2.67572427e-02   -5.01411621e-02
4144     1.37808611e-08    2.24663068e-02    3.23278364e+00    5.33104144e+00   -1.73942380e-02   -5.00731937e-02
4145     1.37841944e-08   -8.07979689e-03    3.20276141e+00    5.34648207e+00   -1.32948945e-03   -4.99337986e-02
4146     1.37875277e-08   -3.55396927e-02    3.17607179e+00    5.36344312e+00    1.51702042e-02   -4.97775329e-02
4147     1.37908611e-08   -4.94246339e-02    3.16291119e+00    5.37548946e+00    2.58492347e-02   -4.96636498e-02
4148     1.37941944e-08   -4.44310448e-02    3.16829936e+00    5.37819091e+00    2.67958488e-02   -4.96339412e-02
4149     1.37975277e-08   -2.24663068e-02    3.19016200e+00    5.37057259e+00    1.76945142e-02   -4.96991931e-02
4150     1.38008611e-08    8.07979689e-03    3.22013609e+00    5.35541215e+00    1.88153310e-03   -4.98358105e-02
4151     1.38041944e-08    3.55396927e-02    3.24677142e+00    5.33837767e+00   -1.47248355e-02   -4.99928376e-02
4152     1.38075277e-08    4.94246339e-02    3.25989570e+00    5.32603250e+00   -2.57217811e-02   -5.01097271e-02
4153     1.38108611e-08    4.44310448e-02    3.25448853e+00    5.32324635e+00   -2.67585903e-02   -5.01402923e-02
4154     1.38141944e-08    2.24663068e-02    3.23259964e+00    5.33113742e+00   -1.73957066e-02   -5.00723260e-02
4155     1.38175277e-08   -8.07979689e-03    3.20257754e+00    5.34657805e+00   -1.33085716e-03   -4.99329307e-02
4156     1.38208611e-08   -3.55396927e-02    3.17588801e+00    5.36353931e+00    1.51691314e-02   -4.97766628e-02
4157     1.38241944e-08   -4.94246339e-02    3.16272749e+00    5.37558596e+00    2.58485197e-02   -4.96627767e-02
4158     1.38275277e-08   -4.44310448e-02    3.16811571e+00    5.37828763e+00    2.67953983e-02   -4.96330658e-02
4159     1.38308611e-08   -2.24663068e-02    3.18997840e+00    5.37066936e+00    1.76941391e-02   -4.96983172e-02
4160     1.38341944e-08    8.07979689e-03    3.21995256e+00    5.35550876e+00    1.88103733e-03   -4.98349361e-02
4161     1.38375277e-08    3.55396927e-02    3.24658798e+00    5.33847398e+00   -1.47255909e-02   -4.99919662e-02
4162     1.38408611e-08    4.94246339e-02    3.25971238e+00    5.32612844e+00   -2.57228505e-02   -5.01088594e-02
4163     1.38441944e-08    4.44310448e-02    3.25430533e+00    5.32334194e+00   -2.67599298e-02   -5.01394280e-02
4164     1.38475277e-08    2.24663068e-02    3.23241658e+00    5.33123280e+00   -1.73971666e-02   -5.00714637e-02
4165     1.38508611e-08   -8.07979689e-03    3.20239460e+00    5.34667343e+00   -1.33221725e-03   -4.99320684e-02
4166     1.38541944e-08   -3.55396927e-02    3.17570517e+00    5.36363491e+00    1.51680645e-02   -4.97757983e-02
4167     1.38575277e-08   -4.94246339e-02    3.16254471e+00    5.37568185e+00    2.58478087e-02   -4.96619091e-02
4168     1.38608611e-08   -4.44310448e-02    3.16793299e+00    5.37838375e+00    2.67949503e-02   -4.96321960e-02
4169     1.38641944e-08   -2.24663068e-02    3.18979573e+00    5.37076552e+00    1.76937664e-02   -4.96974469e-02
4170     1.38675277e-08    8.07979689e-03    3.21976996e+00    5.35560478e+00    1.88054490e-03   -4.98340672e-02
4171     1.38708611e-08    3.55396927e-02    3.24640547e+00    5.33856970e+00   -1.47263414e-02   -4.99911003e-02
4172     1.38741944e-08    4.94246339e-02    3.25952998e+00    5.32622379e+00   -2.57239133e-02   -5.01079971e-02
4173     1.38775277e-08    4.44310448e-02    3.25412307e+00    5.32343693e+00   -2.67612613e-02   -5.01385691e-02
4174     1.38808611e-08    2.24663068e-02    3.23223445e+00    5.33132758e+00   -1.73986183e-02   -5.00706070e-02
4175     1.38841944e-08   -8.07979689e-03    3.20221259e+00    5.34676822e+00   -1.33356973e-03   -4.99312115e-02
4176     1.38875277e-08   -3.55396927e-02    3.17552325e+00    5.36372991e+00    1.51670034e-02   -4.97749393e-02
4177     1.38908611e-08   -4.94246339e-02    3.16236287e+00    5.37577714e+00    2.58471015e-02   -4.96610471e-02
4178     1.38941944e-08   -4.44310448e-02    3.16775119e+00    5.37847927e+00    2.67945050e-02   -4.96313317e-02
4179     1.38975277e-08   -2.24663068e-02    3.18961398e+00    5.37086109e+00    1.76933961e-02   -4.96965821e-02
4180     1.39008611e-08    8.07979689e-03    3.21958828e+00    5.35570020e+00    1.88005581e-03   -4.98332039e-02
4181     1.39041944e-08    3.55396927e-02    3.24622389e+00    5.33866482e+00   -1.47270870e-02   -4.99902399e-02
4182     1.39075277e-08    4.94246339e-02    3.25934851e+00    5.32631854e+00   -2.57249694e-02   -5.01071404e-02
4183     1.39108611e-08    4.44310448e-02    3.25394173e+00    5.32353133e+00   -2.67625849e-02   -5.01377158e-02
4184     1.39141944e-08    2.24663068e-02    3.23205324e+00    5.33142177e+00   -1.74000616e-02   -5.00697557e-02
4185     1.39175277e-08   -8.07979689e-03    3.20203150e+00    5.34686242e+00   -1.33491466e-03   -4.99303601e-02
4186     1.39208611e-08   -3.55396927e-02    3.17534226e+00    5.36382431e+00    1.51659480e-02   -4.97740857e-02
4187     1.39241944e-08   -4.94246339e-02    3.16218194e+00    5.37587184e+00    2.58463981e-02   -4.96601906e-02
4188     1.39275277e-08   -4.44310448e-02    3.16757032e+00    5.37857419e+00    2.67940621e-02   -4.96304729e-02
4189     1.39308611e-08   -2.24663068e-02    3.18943316e+00    5.37095606e+00    1.76930282e-02   -4.96957228e-02
4190     1.39341944e-08    8.07979689e-03    3.21940753e+00    5.35579502e+00    1.87957003e-03   -4.98323460e-02
4191     1.39375277e-08    3.55396927e-02    3.24604322e+00    5.33875935e+00   -1.47278277e-02   -4.99893849e-02
4192     1.39408611e-08    4.94246339e-02    3.25916797e+00    5.32641269e+00   -2.57260188e-02   -5.01062891e-02
4193     1.39441944e-08    4.44310448e-02    3.25376131e+00    5.32362515e+00   -2.67639005e-02   -5.01368679e-02
4194     1.39475277e-08    2.24663068e-02    3.23187295e+00    5.33151537e+00   -1.74014965e-02   -5.00689098e-02
4195     1.39508611e-08   -8.07979689e-03    3.20185133e+00    5.34695603e+00   -1.33625205e-03   -4.99295141e-02
4196     1.39541944e-08   -3.55396927e-02    3.17516219e+00    5.36391813e+00    1.51648985e-02   -4.97732376e-02
4197     1.39575277e-08   -4.94246339e-02    3.16200194e+00    5.37596595e+00    2.58456985e-02   -4.96593395e-02
4198     1.39608611e-08   -4.44310448e-02    3.16739037e+00    5.37866852e+00    2.67936218e-02   -4.96296196e-02
4199     1.39641944e-08   -2.24663068e-02    3.18925326e+00    5.37105044e+00    1.76926627e-02   -4.96948690e-02
4200     1.39675277e-08    8.07979689e-03    3.21922769e+00    5.35588925e+00    1.87908755e-03   -4.98314936e-02
4201     1.39708611e-08    3.55396927e-02    3.24586348e+00    5.33885328e+00   -1.47285635e-02   -4.99885354e-02
4202     1.39741944e-08    4.94246339e-02    3.25898833e+00    5.32650627e+00   -2.57270617e-02   -5.01054432e-02
4203     1.39775277e-08    4.44310448e-02    3.25358180e+00    5.32371838e+00   -2.67652082e-02   -5.01360253e-02
4204     1.39808611e-08    2.24663068e-02    3.23169358e+00    5.33160839e+00   -1.74029232e-02   -5.00680693e-02
4205     1.39841944e-08   -8.07979689e-03    3.20167208e+00    5.34704905e+00   -1.33758195e-03   -4.99286735e-02
4206     1.39875277e-08   -3.55396927e-02    3.17498303e+00    5.36401136e+00    1.51638547e-02   -4.97723949e-02
4207     1.39908611e-08   -4.94246339e-02    3.16182284e+00    5.37605947e+00    2.58450028e-02   -4.96584939e-02
4208     1.39941944e-08   -4.44310448e-02    3.16721133e+00    5.37876226e+00    2.67931841e-02   -4.96287718e-02
4209     1.39975277e-08   -2.24663068e-02    3.18907427e+00    5.37114422e+00    1.76922996e-02   -4.96940206e-02
4210     1.40008611e-08    8.07979689e-03    3.21904877e+00    5.35598290e+00    1.87860835e-03   -4.98306467e-02
4211     1.40041944e-08    3.55396927e-02    3.24568465e+00    5.33894664e+00   -1.47292944e-02   -4.99876913e-02
4212     1.40075277e-08    4.94246339e-02    3.25880961e+00    5.32659925e+00   -2.57280980e-02   -5.01046027e-02
4213     1.40108611e-08    4.44310448e-02    3.25340321e+00    5.32381102e+00   -2.67665080e-02   -5.01351882e-02
4214     1.40141944e-08    2.24663068e-02    3.23151512e+00    5.33170083e+00   -1.74043416e-02   -5.00672342e-02
4215     1.40175277e-08   -8.07979689e-03    3.20149374e+00    5.34714149e+00   -1.33890439e-03   -4.99278382e-02
4216     1.40208611e-08   -3.55396927e-02    3.17480478e+00    5.36410401e+00    1.51628166e-02   -4.97715575e-02
4217     1.40241944e-08   -4.94246339e-02    3.16164466e+00    5.37615241e+00    2.58443108e-02   -4.96576536e-02
4218     1.40275277e-08   -4.44310448e-02    3.16703319e+00    5.37885541e+00    2.67927488e-02   -4.96279293e-02
4219     1.40308611e-08   -2.24663068e-02    3.18889619e+00    5.37123743e+00    1.76919388e-02   -4.96931776e-02
4220     1.40341944e-08    8.07979689e-03    3.21887076e+00    5.35607596e+00    1.87813243e-03   -4.98298051e-02
4221     1.40375277e-08    3.55396927e-02    3.24550672e+00    5.33903941e+00   -1.47300205e-02   -4.99868526e-02
4222     1.40408611e-08    4.94246339e-02    3.25863180e+00    5.32669166e+00   -2.57291278e-02   -5.01037675e-02
4223     1.40441944e-08    4.44310448e-02    3.25322553e+00    5.32390309e+00   -2.67678000e-02   -5.01343563e-02
4224     1.40475277e-08    2.24663068e-02    3.23133756e+00    5.33179269e+00   -1.74057517e-02   -5.00664043e-02
4225     1.40508611e-08   -8.07979689e-03    3.20131630e+00    5.34723335e+00   -1.34021940e-03   -4.99270083e-02
4226     1.40541944e-08   -3.55396927e-02    3.17462743e+00    5.36419608e+00    1.51617842e-02   -4.97707255e-02
4227     1.40575277e-08   -4.94246339e-02    3.16146738e+00    5.37624476e+00    2.58436226e-02   -4.96568187e-02
4228     1.40608611e-08   -4.44310448e-02    3.16685597e+00    5.37894799e+00    2.67923161e-02   -4.96270921e-02
4229     1.40641944e-08   -2.24663068e-02    3.18871901e+00    5.37133005e+00    1.76915804e-02   -4.96923400e-02
4230     1.40675277e-08    8.07979689e-03    3.21869365e+00    5.35616844e+00    1.87765976e-03   -4.98289688e-02
4231     1.40708611e-08    3.55396927e-02    3.24532970e+00    5.33913160e+00   -1.47307418e-02   -4.99860192e-02
4232     1.40741944e-08    4.94246339e-02    3.25845489e+00    5.32678349e+00   -2.57301511e-02   -5.01029376e-02
4233     1.40775277e-08    4.44310448e-02    3.25304874e+00    5.32399458e+00   -2.67690842e-02   -5.01335298e-02
4234     1.40808611e-08    2.24663068e-02    3.23116091e+00    5.33188397e+00   -1.74071537e-02   -5.00655798e-02
4235     1.40841944e-08   -8.07979689e-03    3.20113976e+00    5.34732464e+00   -1.34152701e-03   -4.99261837e-02
4236     1.40875277e-08   -3.55396927e-02    3.17445099e+00    5.36428757e+00    1.51607574e-02   -4.97698988e-02
4237     1.40908611e-08   -4.94246339e-02    3.16129101e+00    5.37633654e+00    2.58429382e-02   -4.96559891e-02
4238     1.40941944e-08   -4.44310448e-02    3.16667964e+00    5.37903998e+00    2.67918859e-02   -4.96262604e-02
4239     1.40975277e-08   -2.24663068e-02    3.18854274e+00    5.37142209e+00    1.76912244e-02   -4.96915077e-02
4240     1.41008611e-08    8.07979689e-03    3.21851743e+00    5.35626034e+00    1.87719034e-03   -4.98281379e-02
4241     1.41041944e-08    3.55396927e-02    3.24515358e+00    5.33922321e+00   -1.47314583e-02   -4.99851911e-02
4242     1.41075277e-08    4.94246339e-02    3.25827888e+00    5.32687475e+00   -2.57311679e-02   -5.01021131e-02
4243     1.41108611e-08    4.44310448e-02    3.25287286e+00    5.32408551e+00   -2.67703607e-02   -5.01327085e-02
4244     1.41141944e-08    2.24663068e-02    3.23098515e+00    5.33197469e+00   -1.74085476e-02   -5.00647605e-02
4245     1.41175277e-08   -8.07979689e-03    3.20096412e+00    5.34741536e+00   -1.34282727e-03   -4.99253643e-02
4246     1.41208611e-08   -3.55396927e-02    3.17427544e+00    5.36437849e+00    1.51597363e-02   -4.97690774e-02
4247     1.41241944e-08   -4.94246339e-02    3.16111553e+00    5.37642774e+00    2.58422575e-02   -4.96551648e-02
4248     1.41275277e-08   -4.44310448e-02    3.16650421e+00    5.37913140e+00    2.67914581e-02   -4.96254339e-02
4249     1.41308611e-08   -2.24663068e-02    3.18836736e+00    5.37151356e+00    1.76908706e-02   -4.96906807e-02
4250     1.41341944e-08    8.07979689e-03    3.21834212e+00    5.35635167e+00    1.87672415e-03   -4.98273123e-02
4251     1.41375277e-08    3.55396927e-02    3.24497835e+00    5.33931426e+00   -1.47321701e-02   -4.99843683e-02
4252     1.41408611e-08    4.94246339e-02    3.25810377e+00    5.32696544e+00   -2.57321782e-02   -5.01012937e-02
4253     1.41441944e-08    4.44310448e-02    3.25269787e+00    5.32417586e+00   -2.67716294e-02   -5.01318925e-02
4254     1.41475277e-08    2.24663068e-02    3.23081029e+00    5.33206484e+00   -1.74099333e-02   -5.00639465e-02
4255     1.41508611e-08   -8.07979689e-03    3.20078937e+00    5.34750551e+00   -1.34412019e-03   -4.99245502e-02
4256     1.41541944e-08   -3.55396927e-02    3.17410078e+00    5.36446884e+00    1.51587209e-02   -4.97682612e-02
4257     1.41575277e-08   -4.94246339e-02    3.16094093e+00    5.37651838e+00    2.58415806e-02   -4.96543457e-02
4258     1.41608611e-08   -4.44310448e-02    3.16632967e+00    5.37922225e+00    2.67910329e-02   -4.96246127e-02
4259     1.41641944e-08   -2.24663068e-02    3.18819286e+00    5.37160446e+00    1.76905193e-02   -4.96898590e-02
4260     1.41675277e-08    8.07979689e-03    3.21816769e+00    5.35644242e+00    1.87626117e-03   -4.98264919e-02
4261     1.41708611e-08    3.55396927e-02    3.24480402e+00    5.33940473e+00   -1.47328771e-02   -4.99835507e-02
4262     1.41741944e-08    4.94246339e-02    3.25792954e+00    5.32705556e+00   -2.57331822e-02   -5.01004797e-02
4263     1.41775277e-08    4.44310448e-02    3.25252376e+00    5.32426565e+00   -2.67728905e-02   -5.01310816e-02
4264     1.41808611e-08    2.24663068e-02    3.23063631e+00    5.33215442e+00   -1.74113109e-02   -5.00631376e-02
4265     1.41841944e-08   -8.07979689e-03    3.20061551e+00    5.34759510e+00   -1.34540583e-03   -4.99237412e-02
4266     1.41875277e-08   -3.55396927e-02    3.17392701e+00    5.36455863e+00    1.51577110e-02   -4.97674502e-02
4267     1.41908611e-08   -4.94246339e-02    3.16076723e+00    5.37660845e+00    2.58409073e-02   -4.96535319e-02
4268     1.41941944e-08   -4.44310448e-02    3.16615601e+00    5.37931253e+00    2.67906101e-02   -4.96237967e-02
4269     1.41975277e-08   -2.24663068e-02    3.18801926e+00    5.37169478e+00    1.76901702e-02   -4.96890425e-02
4270     1.42008611e-08    8.07979689e-03    3.21799415e+00    5.35653261e+00    1.87580139e-03   -4.98256768e-02
4271     1.42041944e-08    3.55396927e-02    3.24463056e+00    5.33949464e+00   -1.47335794e-02   -4.99827383e-02
4272     1.42075277e-08    4.94246339e-02    3.25775619e+00    5.32714512e+00   -2.57341798e-02   -5.00996707e-02
4273     1.42108611e-08    4.44310448e-02    3.25235054e+00    5.32435487e+00   -2.67741439e-02   -5.01302760e-02
4274     1.42141944e-08    2.24663068e-02    3.23046322e+00    5.33224344e+00   -1.74126806e-02   -5.00623340e-02
4275     1.42175277e-08   -8.07979689e-03    3.20044253e+00    5.34768413e+00   -1.34668420e-03   -4.99229375e-02
4276     1.42208611e-08   -3.55396927e-02    3.17375412e+00    5.36464785e+00    1.51567067e-02   -4.97666444e-02
4277     1.42241944e-08   -4.94246339e-02    3.16059441e+00    5.37669795e+00    2.58402378e-02   -4.96527233e-02
4278     1.42275277e-08   -4.44310448e-02    3.16598324e+00    5.37940225e+00    2.67901898e-02   -4.96229859e-02
4279     1.42308611e-08   -2.24663068e-02    3.18784654e+00    5.37178455e+00    1.76898234e-02   -4.96882312e-02
4280     1.42341944e-08    8.07979689e-03    3.21782150e+00    5.35662224e+00    1.87534479e-03   -4.98248668e-02
4281     1.42375277e-08    3.55396927e-02    3.24445799e+00    5.33958399e+00   -1.47342770e-02   -4.99819311e-02
4282     1.42408611e-08    4.94246339e-02    3.25758373e+00    5.32723411e+00   -2.57351711e-02   -5.00988670e-02
4283     1.42441944e-08    4.44310448e-02    3.25217820e+00    5.32444354e+00   -2.67753897e-02   -5.01294755e-02
4284     1.42475277e-08    2.24663068e-02    3.23029100e+00    5.33233191e+00   -1.74140422e-02   -5.00615354e-02
4285     1.42508611e-08   -8.07979689e-03    3.20027043e+00    5.34777260e+00   -1.34795534e-03   -4.99221388e-02
4286     1.42541944e-08   -3.55396927e-02    3.17358211e+00    5.36473652e+00    1.51557079e-02   -4.97658438e-02
4287     1.42575277e-08   -4.94246339e-02    3.16042246e+00    5.37678689e+00    2.58395719e-02   -4.96519199e-02
4288     1.42608611e-08   -4.44310448e-02    3.16581134e+00    5.37949140e+00    2.67897720e-02   -4.96221803e-02
4289     1.42641944e-08   -2.24663068e-02    3.18767469e+00    5.37187375e+00    1.76894790e-02   -4.96874251e-02
4290     1.42675277e-08    8.07979689e-03    3.21764971e+00    5.35671131e+00    1.87489136e-03   -4.98240620e-02
4291     1.42708611e-08    3.55396927e-02    3.24428630e+00    5.33967278e+00   -1.47349699e-02   -4.99811291e-02
4292     1.42741944e-08    4.94246339e-02    3.25741215e+00    5.32732256e+00   -2.57361560e-02   -5.00980684e-02
4293     1.42775277e-08    4.44310448e-02    3.25200674e+00    5.32453166e+00   -2.67766279e-02   -5.01286801e-02
4294     1.42808611e-08    2.24663068e-02    3.23011966e+00    5.33241982e+00   -1.74153959e-02   -5.00607419e-02
4295     1.42841944e-08   -8.07979689e-03    3.20009920e+00    5.34786051e+00   -1.34921930e-03   -4.99213453e-02
4296     1.42875277e-08   -3.55396927e-02    3.17341098e+00    5.36482463e+00    1.51547147e-02   -4.97650482e-02
4297     1.42908611e-08   -4.94246339e-02    3.16025139e+00    5.37687528e+00    2.58389098e-02   -4.96511215e-02
4298     1.42941944e-08   -4.44310448e-02    3.16564032e+00    5.37958000e+00    2.67893566e-02   -4.96213798e-02
4299     1.42975277e-08   -2.24663068e-02    3.18750372e+00    5.37196240e+00    1.76891368e-02   -4.96866242e-02
4300     1.43008611e-08    8.07979689e-03    3.21747880e+00    5.35679982e+00    1.87444109e-03   -4.98232624e-02
4301     1.43041944e-08    3.55396927e-02    3.24411548e+00    5.33976101e+00   -1.47356581e-02   -4.99803321e-02
4302     1.43075277e-08    4.94246339e-02    3.25724143e+00    5.32741044e+00   -2.57371347e-02   -5.00972748e-02
4303     1.43108611e-08    4.44310448e-02    3.25183615e+00    5.32461922e+00   -2.67778586e-02   -5.01278897e-02
4304     1.43141944e-08    2.24663068e-02    3.22994919e+00    5.33250718e+00   -1.74167417e-02   -5.00599536e-02
4305     1.43175277e-08   -8.07979689e-03    3.19992884e+00    5.34794788e+00   -1.35047609e-03   -4.99205568e-02
4306     1.43208611e-08   -3.55396927e-02    3.17324071e+00    5.36491219e+00    1.51537270e-02   -4.97642578e-02
4307     1.43241944e-08   -4.94246339e-02    3.16008119e+00    5.37696311e+00    2.58382513e-02   -4.96503283e-02
4308     1.43275277e-08   -4.44310448e-02    3.16547017e+00    5.37966804e+00    2.67889436e-02   -4.96205845e-02
4309     1.43308611e-08   -2.24663068e-02    3.18733361e+00    5.37205049e+00    1.76887969e-02   -4.96858283e-02
4310     1.43341944e-08    8.07979689e-03    3.21730876e+00    5.35688778e+00    1.87399397e-03   -4.98224678e-02
4311     1.43375277e-08    3.55396927e-02    3.24394552e+00    5.33984870e+00   -1.47363418e-02   -4.99795403e-02
4312     1.43408611e-08    4.94246339e-02    3.25707158e+00    5.32749778e+00   -2.57381071e-02   -5.00964864e-02
4313     1.43441944e-08    4.44310448e-02    3.25166642e+00    5.32470624e+00   -2.67790819e-02   -5.01271044e-02
4314     1.43475277e-08    2.24663068e-02    3.22977959e+00    5.33259400e+00   -1.74180795e-02   -5.00591702e-02
4315     1.43508611e-08   -8.07979689e-03    3.19975935e+00    5.34803469e+00   -1.35172575e-03   -4.99197734e-02
4316     1.43541944e-08   -3.55396927e-02    3.17307131e+00    5.36499920e+00    1.51527447e-02   -4.97634724e-02
4317     1.43575277e-08   -4.94246339e-02    3.15991185e+00    5.37705039e+00    2.58375964e-02   -4.96495401e-02
4318     1.43608611e-08   -4.44310448e-02    3.16530088e+00    5.37975554e+00    2.67885331e-02   -4.96197942e-02
4319     1.43641944e-08   -2.24663068e-02    3.18716437e+00    5.37213803e+00    1.76884593e-02   -4.96850375e-02
4320     1.43675277e-08    8.07979689e-03    3.21713959e+00    5.35697519e+00    1.87354996e-03   -4.98216784e-02
4321     1.43708611e-08    3.55396927e-02    3.24377643e+00    5.33993583e+00   -1.47370208e-02   -4.99787535e-02
4322     1.43741944e-08    4.94246339e-02    3.25690260e+00    5.32758458e+00   -2.57390733e-02   -5.00957029e-02
4323     1.43775277e-08    4.44310448e-02    3.25149755e+00    5.32479271e+00   -2.67802976e-02   -5.01263242e-02
4324     1.43808611e-08    2.24663068e-02    3.22961085e+00    5.33268027e+00   -1.74194096e-02   -5.00583919e-02
4325     1.43841944e-08   -8.07979688e-03    3.19959072e+00    5.34812097e+00   -1.35296833e-03   -4.99189950e-02
4326     1.43875277e-08   -3.55396927e-02    3.17290277e+00    5.36508566e+00    1.51517679e-02   -4.97626920e-02
4327     1.43908611e-08   -4.94246339e-02    3.15974337e+00    5.37713713e+00    2.58369451e-02   -4.96487570e-02
4328     1.43941944e-08   -4.44310448e-02    3.16513245e+00    5.37984248e+00    2.67881249e-02   -4.96190090e-02
4329     1.43975277e-08   -2.24663068e-02    3.18699599e+00    5.37222502e+00    1.76881240e-02   -4.96842518e-02
4330     1.44008611e-08    8.07979688e-03    3.21697127e+00    5.35706205e+00    1.87310907e-03   -4.98208939e-02
4331     1.44041944e-08    3.55396927e-02    3.24360820e+00    5.34002242e+00   -1.47376953e-02   -4.99779717e-02
4332     1.44075277e-08    4.94246339e-02    3.25673447e+00    5.32767083e+00   -2.57400333e-02   -5.00949245e-02
4333     1.44108611e-08    4.44310448e-02    3.25132955e+00    5.32487864e+00   -2.67815060e-02   -5.01255489e-02
4334     1.44141944e-08    2.24663068e-02    3.22944296e+00    5.33276600e+00   -1.74207318e-02   -5.00576185e-02
4335     1.44175277e-08   -8.07979688e-03    3.19942295e+00    5.34820670e+00   -1.35420384e-03   -4.99182215e-02
4336     1.44208611e-08   -3.55396927e-02    3.17273508e+00    5.36517159e+00    1.51507965e-02   -4.97619166e-02
4337     1.44241944e-08   -4.94246339e-02    3.15957575e+00    5.37722332e+00    2.58362975e-02   -4.96479789e-02
4338     1.44275277e-08   -4.44310448e-02    3.16496487e+00    5.37992888e+00    2.67877192e-02   -4.96182288e-02
4339     1.44308611e-08   -2.24663068e-02    3.18682847e+00    5.37231147e+00    1.76877909e-02   -4.96834711e-02
4340     1.44341944e-08    8.07979688e-03    3.21680381e+00    5.35714836e+00    1.87267128e-03   -4.98201145e-02
4341     1.44375277e-08    3.55396927e-02    3.24344082e+00    5.34010847e+00   -1.47383652e-02   -4.99771949e-02
4342     1.44408611e-08    4.94246339e-02    3.25656720e+00    5.32775654e+00   -2.57409872e-02   -5.00941510e-02
4343     1.44441944e-08    4.44310448e-02    3.25116239e+00    5.32496403e+00   -2.67827069e-02   -5.01247785e-02
4344     1.44475277e-08    2.24663068e-02    3.22927593e+00    5.33285120e+00   -1.74220463e-02   -5.00568501e-02
4345     1.44508611e-08   -8.07979688e-03    3.19925602e+00    5.34829189e+00   -1.35543232e-03   -4.99174531e-02
4346     1.44541944e-08   -3.55396927e-02    3.17256825e+00    5.36525697e+00    1.51498305e-02   -4.97611462e-02
4347     1.44575277e-08   -4.94246339e-02    3.15940898e+00    5.37730898e+00    2.58356534e-02   -4.96472058e-02
4348     1.44608611e-08   -4.44310448e-02    3.16479815e+00    5.38001474e+00    2.67873159e-02   -4.96174536e-02
4349     1.44641944e-08   -2.24663068e-02    3.18666179e+00    5.37239737e+00    1.76874601e-02   -4.96826954e-02
4350     1.44675277e-08    8.07979688e-03    3.21663719e+00    5.35723414e+00    1.87223656e-03   -4.98193400e-02
4351     1.44708611e-08    3.55396927e-02    3.24327429e+00    5.34019398e+00   -1.47390305e-02   -4.99764231e-02
4352     1.44741944e-08    4.94246339e-02    3.25640077e+00    5.32784171e+00   -2.57419350e-02   -5.00933825e-02
4353     1.44775277e-08    4.44310448e-02    3.25099609e+00    5.32504888e+00   -2.67839005e-02   -5.01240131e-02
4354     1.44808611e-08    2.24663068e-02    3.22910974e+00    5.33293586e+00   -1.74233531e-02   -5.00560866e-02
4355     1.44841944e-08   -8.07979688e-03    3.19908995e+00    5.34837655e+00   -1.35665381e-03   -4.99166895e-02
4356     1.44875277e-08   -3.55396927e-02    3.17240226e+00    5.36534182e+00    1.51488699e-02   -4.97603807e-02
4357     1.44908611e-08   -4.94246339e-02    3.15924306e+00    5.37739409e+00    2.58350130e-02   -4.96464376e-02
4358     1.44941944e-08   -4.44310448e-02    3.16463228e+00    5.38010006e+00    2.67869150e-02   -4.96166833e-02
4359     1.44975277e-08   -2.24663068e-02    3.18649596e+00    5.37248274e+00    1.76871315e-02   -4.96819246e-02
4360     1.45008611e-08    8.07979688e-03    3.21647143e+00    5.35731938e+00    1.87180492e-03   -4.98185705e-02
4361     1.45041944e-08    3.55396927e-02    3.24310861e+00    5.34027895e+00   -1.47396914e-02   -4.99756562e-02
4362     1.45075277e-08    4.94246339e-02    3.25623520e+00    5.32792635e+00   -2.57428766e-02   -5.00926189e-02
4363     1.45108611e-08    4.44310448e-02    3.25083063e+00    5.32513321e+00   -2.67850869e-02   -5.01232526e-02
4364     1.45141944e-08    2.24663068e-02    3.22894440e+00    5.33301998e+00   -1.74246522e-02   -5.00553280e-02
4365     1.45175277e-08   -8.07979688e-03    3.19892472e+00    5.34846068e+00   -1.35786834e-03   -4.99159308e-02
4366     1.45208611e-08   -3.55396927e-02    3.17223712e+00    5.36542614e+00    1.51479146e-02   -4.97596201e-02
4367     1.45241944e-08   -4.94246339e-02    3.15907798e+00    5.37747867e+00    2.58343761e-02   -4.96456743e-02
4368     1.45275277e-08   -4.44310448e-02    3.16446724e+00    5.38018484e+00    2.67865165e-02   -4.96159179e-02
4369     1.45308611e-08   -2.24663068e-02    3.18633098e+00    5.37256758e+00    1.76868051e-02   -4.96811587e-02
4370     1.45341944e-08    8.07979688e-03    3.21630651e+00    5.35740409e+00    1.87137633e-03   -4.98178059e-02
4371     1.45375277e-08    3.55396927e-02    3.24294377e+00    5.34036340e+00   -1.47403477e-02   -4.99748941e-02
4372     1.45408611e-08    4.94246339e-02    3.25607046e+00    5.32801046e+00   -2.57438122e-02   -5.00918602e-02
4373     1.45441944e-08    4.44310448e-02    3.25066601e+00    5.32521700e+00   -2.67862659e-02   -5.01224970e-02
4374     1.45475277e-08    2.24663068e-02    3.22877990e+00    5.33310359e+00   -1.74259436e-02   -5.00545742e-02
4375     1.45508611e-08   -8.07979688e-03    3.19876033e+00    5.34854429e+00   -1.35907593e-03   -4.99151770e-02
4376     1.45541944e-08   -3.55396927e-02    3.17207281e+00    5.36550992e+00    1.51469647e-02   -4.97588644e-02
4377     1.45575277e-08   -4.94246339e-02    3.15891374e+00    5.37756273e+00    2.58337428e-02   -4.96449159e-02
4378     1.45608611e-08   -4.44310448e-02    3.16430305e+00    5.38026910e+00    2.67861204e-02   -4.96151575e-02
4379     1.45641944e-08   -2.24663068e-02    3.18616683e+00    5.37265188e+00    1.76864810e-02   -4.96803978e-02
4380     1.45675277e-08    8.07979688e-03    3.21614242e+00    5.35748826e+00    1.87095078e-03   -4.98170462e-02
4381     1.45708611e-08    3.55396927e-02    3.24277977e+00    5.34044731e+00   -1.47409996e-02   -4.99741370e-02
4382     1.45741944e-08    4.94246339e-02    3.25590656e+00    5.32809404e+00   -2.57447418e-02   -5.00911063e-02
4383     1.45775277e-08    4.44310448e-02    3.25050222e+00    5.32530028e+00   -2.67874377e-02   -5.01217461e-02
4384     1.45808611e-08    2.24663068e-02    3.22861624e+00    5.33318666e+00   -1.74272274e-02   -5.00538252e-02
4385     1.45841944e-08   -8.07979688e-03    3.19859677e+00    5.34862736e+00   -1.36027664e-03   -4.99144280e-02
4386     1.45875277e-08   -3.55396927e-02    3.17190934e+00    5.36559319e+00    1.51460201e-02   -4.97581135e-02
4387     1.45908611e-08   -4.94246339e-02    3.15875033e+00    5.37764625e+00    2.58331130e-02   -4.96441623e-02
4388     1.45941944e-08   -4.44310448e-02    3.16413969e+00    5.38035282e+00    2.67857266e-02   -4.96144019e-02
4389     1.45975277e-08   -2.24663068e-02    3.18600352e+00    5.37273565e+00    1.76861590e-02   -4.96796417e-02
4390     1.46008611e-08    8.07979688e-03    3.21597917e+00    5.35757191e+00    1.87052825e-03   -4.98162913e-02
4391     1.46041944e-08    3.55396927e-02    3.24261660e+00    5.34053070e+00   -1.47416471e-02   -4.99733847e-02
4392     1.46075277e-08    4.94246339e-02    3.25574349e+00    5.32817710e+00   -2.57456653e-02   -5.00903572e-02
4393     1.46108611e-08    4.44310448e-02    3.25033927e+00    5.32538303e+00   -2.67886023e-02   -5.01210001e-02
4394     1.46141944e-08    2.24663068e-02    3.22845341e+00    5.33326922e+00   -1.74285036e-02   -5.00530811e-02
4395     1.46175277e-08   -8.07979688e-03    3.19843405e+00    5.34870992e+00   -1.36147048e-03   -4.99136838e-02
4396     1.46208611e-08   -3.55396927e-02    3.17174670e+00    5.36567593e+00    1.51450807e-02   -4.97573674e-02
4397     1.46241944e-08   -4.94246339e-02    3.15858775e+00    5.37772925e+00    2.58324867e-02   -4.96434136e-02
4398     1.46275277e-08   -4.44310448e-02    3.16397716e+00    5.38043603e+00    2.67853351e-02   -4.96136512e-02
4399     1.46308611e-08   -2.24663068e-02    3.18584104e+00    5.37281890e+00    1.76858393e-02   -4.96788905e-02
4400     1.46341944e-08    8.07979688e-03    3.21581675e+00    5.35765504e+00    1.87010873e-03   -4.98155413e-02
4401     1.46375277e-08    3.55396927e-02    3.24245426e+00    5.34061357e+00   -1.47422901e-02   -4.99726372e-02
4402     1.46408611e-08    4.94246339e-02    3.25558125e+00    5.32825964e+00   -2.57465829e-02   -5.00896129e-02
4403     1.46441944e-08    4.44310448e-02    3.25017715e+00    5.32546526e+00   -2.67897597e-02   -5.01202589e-02
4404     1.46475277e-08    2.24663068e-02    3.22829140e+00    5.33335126e+00   -1.74297723e-02   -5.00523417e-02
4405     1.46508611e-08   -8.07979688e-03    3.19827215e+00    5.34879196e+00   -1.36265749e-03   -4.99129443e-02
4406     1.46541944e-08   -3.55396927e-02    3.17158489e+00    5.36575815e+00    1.51441466e-02   -4.97566261e-02
4407     1.46575277e-08   -4.94246339e-02    3.15842600e+00    5.37781173e+00    2.58318639e-02   -4.96426697e-02
4408     1.46608611e-08   -4.44310448e-02    3.16381545e+00    5.38051871e+00    2.67849461e-02   -4.96129052e-02
4409     1.46641944e-08   -2.24663068e-02    3.18567938e+00    5.37290163e+00    1.76855217e-02   -4.96781440e-02
4410     1.46675277e-08    8.07979688e-03    3.21565515e+00    5.35773764e+00    1.86969220e-03   -4.98147960e-02
4411     1.46708611e-08    3.55396927e-02    3.24229274e+00    5.34069591e+00   -1.47429287e-02   -4.99718945e-02
4412     1.46741944e-08    4.94246339e-02    3.25541984e+00    5.32834167e+00   -2.57474946e-02   -5.00888734e-02
4413     1.46775277e-08    4.44310448e-02    3.25001585e+00    5.32554697e+00   -2.67909100e-02   -5.01195224e-02
4414     1.46808611e-08    2.24663068e-02    3.22813022e+00    5.33343278e+00   -1.74310335e-02   -5.00516071e-02
4415     1.46841944e-08   -8.07979688e-03    3.19811107e+00    5.34887348e+00   -1.36383770e-03   -4.99122096e-02
4416     1.46875277e-08   -3.55396927e-02    3.17142390e+00    5.36583985e+00    1.51432178e-02   -4.97558895e-02
4417     1.46908611e-08   -4.94246339e-02    3.15826507e+00    5.37789369e+00    2.58312446e-02   -4.96419305e-02
4418     1.46941944e-08   -4.44310448e-02    3.16365457e+00    5.38060087e+00    2.67845593e-02   -4.96121640e-02
4419     1.46975277e-08   -2.24663068e-02    3.18551854e+00    5.37298384e+00    1.76852063e-02   -4.96774023e-02
4420     1.47008611e-08    8.07979688e-03    3.21549437e+00    5.35781973e+00    1.86927865e-03   -4.98140555e-02
4421     1.47041944e-08    3.55396927e-02    3.24213205e+00    5.34077774e+00   -1.47435630e-02   -4.99711565e-02
4422     1.47075277e-08    4.94246339e-02    3.25525925e+00    5.32842318e+00   -2.57484004e-02   -5.00881386e-02
4423     1.47108611e-08    4.44310448e-02    3.24985537e+00    5.32562817e+00   -2.67920533e-02   -5.01187906e-02
4424     1.47141944e-08    2.24663068e-02    3.22796985e+00    5.33351380e+00   -1.74322873e-02   -5.00508771e-02
4425     1.47175277e-08   -8.07979688e-03    3.19795081e+00    5.34895449e+00   -1.36501115e-03   -4.99114796e-02
4426     1.47208611e-08   -3.55396927e-02    3.17126373e+00    5.36592104e+00    1.51422941e-02   -4.97551577e-02
4427     1.47241944e-08   -4.94246339e-02    3.15810496e+00    5.37797514e+00    2.58306288e-02   -4.96411961e-02
4428     1.47275277e-08   -4.44310448e-02    3.16349451e+00    5.38068251e+00    2.67841749e-02   -4.96114276e-02
4429     1.47308611e-08   -2.24663068e-02    3.18535852e+00    5.37306553e+00    1.76848931e-02   -4.96766654e-02
4430     1.47341944e-08    8.07979688e-03    3.21533441e+00    5.35790130e+00    1.86886807e-03   -4.98133198e-02
4431     1.47375277e-08    3.55396927e-02    3.24197217e+00    5.34085906e+00   -1.47441929e-02   -4.99704233e-02
4432     1.47408611e-08    4.94246339e-02    3.25509947e+00    5.32850417e+00   -2.57493002e-02   -5.00874085e-02
4433     1.47441944e-08    4.44310448e-02    3.24969570e+00    5.32570887e+00   -2.67931894e-02   -5.01180635e-02
4434     1.47475277e-08    2.24663068e-02    3.22781030e+00    5.33359430e+00   -1.74335336e-02   -5.00501519e-02
4435     1.47508611e-08   -8.07979688e-03    3.19779137e+00    5.34903500e+00   -1.36617786e-03   -4.99107543e-02
4436     1.47541944e-08   -3.55396927e-02    3.17110437e+00    5.36600172e+00    1.51413757e-02   -4.97544306e-02
4437     1.47575277e-08   -4.94246339e-02    3.15794566e+00    5.37805608e+00    2.58300165e-02   -4.96404664e-02
4438     1.47608611e-08   -4.44310448e-02    3.16333525e+00    5.38076365e+00    2.67837928e-02   -4.96106959e-02
4439     1.47641944e-08   -2.24663068e-02    3.18519932e+00    5.37314672e+00    1.76845821e-02   -4.96759332e-02
4440     1.47675277e-08    8.07979688e-03    3.21517527e+00    5.35798236e+00    1.86846044e-03   -4.98125887e-02
4441     1.47708611e-08    3.55396927e-02    3.24181310e+00    5.34093987e+00   -1.47448184e-02   -4.99696947e-02
4442     1.47741944e-08    4.94246339e-02    3.25494050e+00    5.32858466e+00   -2.57501943e-02   -5.00866831e-02
4443     1.47775277e-08    4.44310448e-02    3.24953685e+00    5.32578905e+00   -2.67943186e-02   -5.01173410e-02
4444     1.47808611e-08    2.24663068e-02    3.22765157e+00    5.33367430e+00   -1.74347725e-02   -5.00494312e-02
4445     1.47841944e-08   -8.07979688e-03    3.19763273e+00    5.34911500e+00   -1.36733788e-03   -4.99100337e-02
4446     1.47875277e-08   -3.55396927e-02    3.17094582e+00    5.36608190e+00    1.51404624e-02   -4.97537081e-02
4447     1.47908611e-08   -4.94246339e-02    3.15778717e+00    5.37813651e+00    2.58294076e-02   -4.96397413e-02
4448     1.47941944e-08   -4.44310448e-02    3.16317681e+00    5.38084427e+00    2.67834130e-02   -4.96099689e-02
4449     1.47975277e-08   -2.24663068e-02    3.18504092e+00    5.37322739e+00    1.76842732e-02   -4.96752056e-02
4450     1.48008611e-08    8.07979688e-03    3.21501693e+00    5.35806292e+00    1.86805574e-03   -4.98118624e-02
4451     1.48041944e-08    3.55396927e-02    3.24165484e+00    5.34102018e+00   -1.47454397e-02   -4.99689708e-02
4452     1.48075277e-08    4.94246339e-02    3.25478234e+00    5.32866465e+00   -2.57510825e-02   -5.00859623e-02
4453     1.48108611e-08    4.44310448e-02    3.24937880e+00    5.32586874e+00   -2.67954408e-02   -5.01166232e-02
4454     1.48141944e-08    2.24663068e-02    3.22749363e+00    5.33375379e+00   -1.74360041e-02   -5.00487152e-02
4455     1.48175277e-08   -8.07979688e-03    3.19747491e+00    5.34919449e+00   -1.36849123e-03   -4.99093176e-02
4456     1.48208611e-08   -3.55396927e-02    3.17078807e+00    5.36616157e+00    1.51395542e-02   -4.97529902e-02
4457     1.48241944e-08   -4.94246339e-02    3.15762949e+00    5.37821643e+00    2.58288022e-02   -4.96390209e-02
4458     1.48275277e-08   -4.44310448e-02    3.16301917e+00    5.38092439e+00    2.67830355e-02   -4.96092465e-02
4459     1.48308611e-08   -2.24663068e-02    3.18488333e+00    5.37330756e+00    1.76839664e-02   -4.96744828e-02
4460     1.48341944e-08    8.07979688e-03    3.21485940e+00    5.35814297e+00    1.86765396e-03   -4.98111406e-02
4461     1.48375277e-08    3.55396927e-02    3.24149739e+00    5.34109997e+00   -1.47460567e-02   -4.99682516e-02
4462     1.48408611e-08    4.94246339e-02    3.25462499e+00    5.32874413e+00   -2.57519649e-02   -5.00852462e-02
4463     1.48441944e-08    4.44310448e-02    3.24922156e+00    5.32594792e+00   -2.67965560e-02   -5.01159100e-02
4464     1.48475277e-08    2.24663068e-02    3.22733650e+00    5.33383279e+00   -1.74372283e-02   -5.00480038e-02
4465     1.48508611e-08   -8.07979688e-03    3.19731788e+00    5.34927349e+00   -1.36963794e-03   -4.99086062e-02
4466     1.48541944e-08   -3.55396927e-02    3.17063113e+00    5.36624074e+00    1.51386512e-02   -4.97522770e-02
4467     1.48575277e-08   -4.94246339e-02    3.15747260e+00    5.37829585e+00    2.58282002e-02   -4.96383052e-02
4468     1.48608611e-08   -4.44310448e-02    3.16286233e+00    5.38100401e+00    2.67826603e-02   -4.96085287e-02
4469     1.48641944e-08   -2.24663068e-02    3.18472654e+00    5.37338722e+00    1.76836618e-02   -4.96737645e-02
4470     1.48675277e-08    8.07979688e-03    3.21470267e+00    5.35822251e+00    1.86725509e-03   -4.98104235e-02
4471     1.48708611e-08    3.55396927e-02    3.24134074e+00    5.34117927e+00   -1.47466694e-02   -4.99675369e-02
4472     1.48741944e-08    4.94246339e-02    3.25446843e+00    5.32882312e+00   -2.57528416e-02   -5.00845346e-02
4473     1.48775277e-08    4.44310448e-02    3.24906511e+00    5.32602661e+00   -2.67976643e-02   -5.01152013e-02
4474     1.48808611e-08    2.24663068e-02    3.22718017e+00    5.33391129e+00   -1.74384453e-02   -5.00472970e-02
4475     1.48841944e-08   -8.07979688e-03    3.19716165e+00    5.34935199e+00   -1.37077805e-03   -4.99078993e-02
4476     1.48875277e-08   -3.55396927e-02    3.17047498e+00    5.36631942e+00    1.51377532e-02   -4.97515683e-02
4477     1.48908611e-08   -4.94246339e-02    3.15731652e+00    5.37837478e+00    2.58276015e-02   -4.96375940e-02
4478     1.48941944e-08   -4.44310448e-02    3.16270629e+00    5.38108313e+00    2.67822874e-02   -4.96078156e-02
4479     1.48975277e-08   -2.24663068e-02    3.18457054e+00    5.37346639e+00    1.76833593e-02   -4.96730509e-02
4480     1.49008611e-08    8.07979688e-03    3.21454673e+00    5.35830156e+00    1.86685911e-03   -4.98097110e-02
4481     1.49041944e-08    3.55396927e-02    3.24118488e+00    5.34125808e+00   -1.47472778e-02   -4.99668268e-02
4482     1.49075277e-08    4.94246339e-02    3.25431267e+00    5.32890161e+00   -2.57537126e-02   -5.00838276e-02
4483     1.49108611e-08    4.44310448e-02    3.24890946e+00    5.32610481e+00   -2.67987658e-02   -5.01144972e-02
4484     1.49141944e-08    2.24663068e-02    3.22702464e+00    5.33398930e+00   -1.74396550e-02   -5.00465947e-02
4485     1.49175277e-08   -8.07979688e-03    3.19700622e+00    5.34942999e+00   -1.37191160e-03   -4.99071970e-02
4486     1.49208611e-08   -3.55396927e-02    3.17031963e+00    5.36639760e+00    1.51368604e-02   -4.97508642e-02
4487     1.49241944e-08   -4.94246339e-02    3.15716122e+00    5.37845321e+00    2.58270063e-02   -4.96368873e-02
4488     1.49275277e-08   -4.44310448e-02    3.16255105e+00    5.38116175e+00    2.67819167e-02   -4.96071070e-02
4489     1.49308611e-08   -2.24663068e-02    3.18441534e+00    5.37354505e+00    1.76830589e-02   -4.96723418e-02
4490     1.49341944e-08    8.07979688e-03    3.21439159e+00    5.35838011e+00    1.86646601e-03   -4.98090031e-02
4491     1.49375277e-08    3.55396927e-02    3.24102981e+00    5.34133638e+00   -1.47478821e-02   -4.99661213e-02
4492     1.49408611e-08    4.94246339e-02    3.25415770e+00    5.32897961e+00   -2.57545779e-02   -5.00831251e-02
4493     1.49441944e-08    4.44310448e-02    3.24875461e+00    5.32618251e+00   -2.67998604e-02   -5.01137976e-02
4494     1.49475277e-08    2.24663068e-02    3.22686989e+00    5.33406682e+00   -1.74408576e-02   -5.00458968e-02
4495     1.49508611e-08   -8.07979688e-03    3.19685157e+00    5.34950751e+00   -1.37303860e-03   -4.99064991e-02
4496     1.49541944e-08   -3.55396927e-02    3.17016507e+00    5.36647529e+00    1.51359725e-02   -4.97501646e-02
4497     1.49575277e-08   -4.94246339e-02    3.15700672e+00    5.37853114e+00    2.58264144e-02   -4.96361852e-02
4498     1.49608611e-08   -4.44310448e-02    3.16239659e+00    5.38123987e+00    2.67815483e-02   -4.96064030e-02
4499     1.49641944e-08   -2.24663068e-02    3.18426092e+00    5.37362323e+00    1.76827606e-02   -4.96716372e-02
4500     1.49675277e-08    8.07979688e-03    3.21423723e+00    5.35845817e+00    1.86607576e-03   -4.98082997e-02
4501     1.49708611e-08    3.55396927e-02    3.24087553e+00    5.34141420e+00   -1.47484821e-02   -4.99654202e-02
4502     1.49741944e-08    4.94246339e-02    3.25400352e+00    5.32905711e+00   -2.57554375e-02   -5.00824271e-02
4503     1.49775277e-08    4.44310448e-02    3.24860053e+00    5.32625972e+00   -2.68009482e-02   -5.01131025e-02
4504     1.49808611e-08    2.24663068e-02    3.22671593e+00    5.33414385e+00   -1.74420530e-02   -5.00452035e-02
4505     1.49841944e-08   -8.07979688e-03    3.19669771e+00    5.34958454e+00   -1.37415910e-03   -4.99058057e-02
4506     1.49875277e-08   -3.55396927e-02    3.17001129e+00    5.36655249e+00    1.51350897e-02   -4.97494695e-02
4507     1.49908611e-08   -4.94246339e-02    3.15685300e+00    5.37860859e+00    2.58258259e-02   -4.96354876e-02
4508     1.49941944e-08   -4.44310448e-02    3.16224291e+00    5.38131751e+00    2.67811821e-02   -4.96057034e-02
4509     1.49975277e-08   -2.24663068e-02    3.18410730e+00    5.37370091e+00    1.76824644e-02   -4.96709372e-02
4510     1.50008611e-08    8.07979688e-03    3.21408366e+00    5.35853574e+00    1.86568837e-03   -4.98076007e-02
4511     1.50041944e-08    3.55396927e-02    3.24072204e+00    5.34149153e+00   -1.47490780e-02   -4.99647237e-02
4512     1.50075277e-08    4.94246339e-02    3.25385012e+00    5.32913414e+00   -2.57562915e-02   -5.00817336e-02
4513     1.50108611e-08    4.44310448e-02    3.24844724e+00    5.32633646e+00   -2.68020293e-02   -5.01124118e-02
4514     1.50141944e-08    2.24663068e-02    3.22656275e+00    5.33422040e+00   -1.74432412e-02   -5.00445146e-02
4515     1.50175277e-08   -8.07979688e-03    3.19654464e+00    5.34966109e+00   -1.37527312e-03   -4.99051168e-02
4516     1.50208611e-08   -3.55396927e-02    3.16985829e+00    5.36662920e+00    1.51342119e-02   -4.97487788e-02
4517     1.50241944e-08   -4.94246339e-02    3.15670006e+00    5.37868555e+00    2.58252408e-02   -4.96347945e-02
4518     1.50275277e-08   -4.44310448e-02    3.16209002e+00    5.38139466e+00    2.67808182e-02   -4.96050084e-02
4519     1.50308611e-08   -2.24663068e-02    3.18395445e+00    5.37377811e+00    1.76821703e-02   -4.96702417e-02
4520     1.50341944e-08    8.07979688e-03    3.21393087e+00    5.35861283e+00    1.86530380e-03   -4.98069063e-02
4521     1.50375277e-08    3.55396927e-02    3.24056933e+00    5.34156837e+00   -1.47496698e-02   -4.99640316e-02
4522     1.50408611e-08    4.94246339e-02    3.25369750e+00    5.32921068e+00   -2.57571399e-02   -5.00810445e-02
4523     1.50441944e-08    4.44310448e-02    3.24829473e+00    5.32641270e+00   -2.68031036e-02   -5.01117256e-02
4524     1.50475277e-08    2.24663068e-02    3.22641035e+00    5.33429647e+00   -1.74444223e-02   -5.00438301e-02
4525     1.50508611e-08   -8.07979688e-03    3.19639234e+00    5.34973715e+00   -1.37638070e-03   -4.99044323e-02
4526     1.50541944e-08   -3.55396927e-02    3.16970607e+00    5.36670544e+00    1.51333390e-02   -4.97480926e-02
4527     1.50575277e-08   -4.94246339e-02    3.15654790e+00    5.37876202e+00    2.58246590e-02   -4.96341058e-02
4528     1.50608611e-08   -4.44310448e-02    3.16193790e+00    5.38147132e+00    2.67804566e-02   -4.96043178e-02
4529     1.50641944e-08   -2.24663068e-02    3.18380238e+00    5.37385482e+00    1.76818783e-02   -4.96695506e-02
4530     1.50675277e-08    8.07979688e-03    3.21377885e+00    5.35868943e+00    1.86492205e-03   -4.98062163e-02
4531     1.50708611e-08    3.55396927e-02    3.24041739e+00    5.34164474e+00   -1.47502574e-02   -4.99633439e-02
4532     1.50741944e-08    4.94246339e-02    3.25354566e+00    5.32928674e+00   -2.57579827e-02   -5.00803598e-02
4533     1.50775277e-08    4.44310448e-02    3.24814300e+00    5.32648848e+00   -2.68041713e-02   -5.01110437e-02
4534     1.50808611e-08    2.24663068e-02    3.22625872e+00    5.33437206e+00   -1.74455964e-02   -5.00431501e-02
4535     1.50841944e-08   -8.07979688e-03    3.19624081e+00    5.34981274e+00   -1.37748188e-03   -4.99037522e-02
4536     1.50875277e-08   -3.55396927e-02    3.16955463e+00    5.36678119e+00    1.51324711e-02   -4.97474108e-02
4537     1.50908611e-08   -4.94246339e-02    3.15639652e+00    5.37883802e+00    2.58240805e-02   -4.96334216e-02
4538     1.50941944e-08   -4.44310448e-02    3.16178656e+00    5.38154751e+00    2.67800971e-02   -4.96036317e-02
4539     1.50975277e-08   -2.24663068e-02    3.18365108e+00    5.37393105e+00    1.76815883e-02   -4.96688639e-02
4540     1.51008611e-08    8.07979688e-03    3.21362761e+00    5.35876555e+00    1.86454311e-03   -4.98055307e-02
4541     1.51041944e-08    3.55396927e-02    3.24026622e+00    5.34172062e+00   -1.47508409e-02   -4.99626607e-02
4542     1.51075277e-08    4.94246339e-02    3.25339459e+00    5.32936232e+00   -2.57588200e-02   -5.00796795e-02
4543     1.51108611e-08    4.44310448e-02    3.24799203e+00    5.32656377e+00   -2.68052322e-02   -5.01103663e-02
4544     1.51141944e-08    2.24663068e-02    3.22610787e+00    5.33444717e+00   -1.74467635e-02   -5.00424743e-02
4545     1.51175277e-08   -8.07979688e-03    3.19609005e+00    5.34988785e+00   -1.37857667e-03   -4.99030765e-02
4546     1.51208611e-08   -3.55396927e-02    3.16940395e+00    5.36685647e+00    1.51316081e-02   -4.97467334e-02
4547     1.51241944e-08   -4.94246339e-02    3.15624590e+00    5.37891353e+00    2.58235052e-02   -4.96327417e-02
4548     1.51275277e-08   -4.44310448e-02    3.16163599e+00    5.38162321e+00    2.67797399e-02   -4.96029499e-02
4549     1.51308611e-08   -2.24663068e-02    3.18350055e+00    5.37400681e+00    1.76813004e-02   -4.96681817e-02
4550     1.51341944e-08    8.07979688e-03    3.21347714e+00    5.35884119e+00    1.86416695e-03   -4.98048495e-02
4551     1.51375277e-08    3.55396927e-02    3.24011582e+00    5.34179603e+00   -1.47514203e-02   -4.99619818e-02
4552     1.51408611e-08    4.94246339e-02    3.25324428e+00    5.32943743e+00   -2.57596518e-02   -5.00790036e-02
4553     1.51441944e-08    4.44310448e-02    3.24784183e+00    5.32663859e+00   -2.68062866e-02   -5.01096932e-02
4554     1.51475277e-08    2.24663068e-02    3.22595778e+00    5.33452182e+00   -1.74479236e-02   -5.00418030e-02
4555     1.51508611e-08   -8.07979688e-03    3.19594006e+00    5.34996249e+00   -1.37966512e-03   -4.99024051e-02
4556     1.51541944e-08   -3.55396927e-02    3.16925404e+00    5.36693127e+00    1.51307501e-02   -4.97460603e-02
4557     1.51575277e-08   -4.94246339e-02    3.15609604e+00    5.37898858e+00    2.58229333e-02   -4.96320662e-02
4558     1.51608611e-08   -4.44310448e-02    3.16148618e+00    5.38169844e+00    2.67793848e-02   -4.96022725e-02
4559     1.51641944e-08   -2.24663068e-02    3.18335078e+00    5.37408208e+00    1.76810145e-02   -4.96675038e-02
4560     1.51675277e-08    8.07979688e-03    3.21332743e+00    5.35891636e+00    1.86379356e-03   -4.98041727e-02
4561     1.51708611e-08    3.55396927e-02    3.23996619e+00    5.34187096e+00   -1.47519957e-02   -4.99613073e-02
4562     1.51741944e-08    4.94246339e-02    3.25309474e+00    5.32951206e+00   -2.57604780e-02   -5.00783320e-02
4563     1.51775277e-08    4.44310448e-02    3.24769240e+00    5.32671295e+00   -2.68073344e-02   -5.01090243e-02
4564     1.51808611e-08    2.24663068e-02    3.22580845e+00    5.33459599e+00   -1.74490767e-02   -5.00411359e-02
4565     1.51841944e-08   -8.07979688e-03    3.19579083e+00    5.35003666e+00   -1.38074726e-03   -4.99017380e-02
4566     1.51875277e-08   -3.55396927e-02    3.16910489e+00    5.36700561e+00    1.51298969e-02   -4.97453915e-02
4567     1.51908611e-08   -4.94246339e-02    3.15594695e+00    5.37906315e+00    2.58223647e-02   -4.96313950e-02
4568     1.51941944e-08   -4.44310448e-02    3.16133713e+00    5.38177320e+00    2.67790320e-02   -4.96015995e-02
4569     1.51975277e-08   -2.24663068e-02    3.18320177e+00    5.37415689e+00    1.76807307e-02   -4.96668302e-02
4570     1.52008611e-08    8.07979688e-03    3.21317848e+00    5.35899105e+00    1.86342293e-03   -4.98035002e-02
4571     1.52041944e-08    3.55396927e-02    3.23981732e+00    5.34194542e+00   -1.47525670e-02   -4.99606371e-02
4572     1.52075277e-08    4.94246339e-02    3.25294596e+00    5.32958623e+00   -2.57612989e-02   -5.00776647e-02
4573     1.52108611e-08    4.44310448e-02    3.24754372e+00    5.32678683e+00   -2.68083756e-02   -5.01083598e-02
4574     1.52141944e-08    2.24663068e-02    3.22565988e+00    5.33466970e+00   -1.74502230e-02   -5.00404731e-02
4575     1.52175277e-08   -8.07979688e-03    3.19564236e+00    5.35011036e+00   -1.38182311e-03   -4.99010752e-02
4576     1.52208611e-08   -3.55396927e-02    3.16895650e+00    5.36707947e+00    1.51290485e-02   -4.97447270e-02
4577     1.52241944e-08   -4.94246339e-02    3.15579862e+00    5.37913725e+00    2.58217993e-02   -4.96307282e-02
4578     1.52275277e-08   -4.44310448e-02    3.16118884e+00    5.38184748e+00    2.67786813e-02   -4.96009307e-02
4579     1.52308611e-08   -2.24663068e-02    3.18305353e+00    5.37423122e+00    1.76804489e-02   -4.96661610e-02
4580     1.52341944e-08    8.07979688e-03    3.21303029e+00    5.35906528e+00    1.86305505e-03   -4.98028321e-02
4581     1.52375277e-08    3.55396927e-02    3.23966920e+00    5.34201942e+00   -1.47531343e-02   -4.99599712e-02
4582     1.52408611e-08    4.94246339e-02    3.25279794e+00    5.32965993e+00   -2.57621143e-02   -5.00770017e-02
4583     1.52441944e-08    4.44310448e-02    3.24739580e+00    5.32686025e+00   -2.68094103e-02   -5.01076996e-02
4584     1.52475277e-08    2.24663068e-02    3.22551207e+00    5.33474294e+00   -1.74513623e-02   -5.00398146e-02
4585     1.52508611e-08   -8.07979688e-03    3.19549465e+00    5.35018360e+00   -1.38289271e-03   -4.99004167e-02
4586     1.52541944e-08   -3.55396927e-02    3.16880886e+00    5.36715288e+00    1.51282050e-02   -4.97440668e-02
4587     1.52575277e-08   -4.94246339e-02    3.15565104e+00    5.37921089e+00    2.58212371e-02   -4.96300656e-02
4588     1.52608611e-08   -4.44310448e-02    3.16104130e+00    5.38192131e+00    2.67783329e-02   -4.96002663e-02
4589     1.52641944e-08   -2.24663068e-02    3.18290603e+00    5.37430509e+00    1.76801691e-02   -4.96654961e-02
4590     1.52675277e-08    8.07979688e-03    3.21288285e+00    5.35913904e+00    1.86268989e-03   -4.98021682e-02
4591     1.52708611e-08    3.55396927e-02    3.23952183e+00    5.34209295e+00   -1.47536976e-02   -4.99593095e-02
4592     1.52741944e-08    4.94246339e-02    3.25265066e+00    5.32973317e+00   -2.57629244e-02   -5.00763429e-02
4593     1.52775277e-08    4.44310448e-02    3.24724863e+00    5.32693321e+00   -2.68104385e-02   -5.01070436e-02
4594     1.52808611e-08    2.24663068e-02    3.22536500e+00    5.33481573e+00   -1.74524949e-02   -5.00391602e-02
4595     1.52841944e-08   -8.07979688e-03    3.19534768e+00    5.35025638e+00   -1.38395610e-03   -4.98997623e-02
4596     1.52875277e-08   -3.55396927e-02    3.16866197e+00    5.36722582e+00    1.51273663e-02   -4.97434108e-02
4597     1.52908611e-08   -4.94246339e-02    3.15550420e+00    5.37928407e+00    2.58206782e-02   -4.96294072e-02
4598     1.52941944e-08   -4.44310448e-02    3.16089451e+00    5.38199466e+00    2.67779865e-02   -4.95996061e-02
4599     1.52975277e-08   -2.24663068e-02    3.18275929e+00    5.37437850e+00    1.76798913e-02   -4.96648354e-02
4600     1.53008611e-08    8.07979688e-03    3.21273616e+00    5.35921234e+00    1.86232744e-03   -4.98015085e-02
4601     1.53041944e-08    3.55396927e-02    3.23937522e+00    5.34216602e+00   -1.47542569e-02   -4.99586521e-02
4602     1.53075277e-08    4.94246339e-02    3.25250414e+00    5.32980595e+00   -2.57637290e-02   -5.00756884e-02
4603     1.53108611e-08    4.44310448e-02    3.24710221e+00    5.32700572e+00   -2.68114603e-02   -5.01063917e-02
4604     1.53141944e-08    2.24663068e-02    3.22521869e+00    5.33488805e+00   -1.74536206e-02   -5.00385101e-02
4605     1.53175277e-08   -8.07979688e-03    3.19520146e+00    5.35032871e+00   -1.38501329e-03   -4.98991122e-02
4606     1.53208611e-08   -3.55396927e-02    3.16851583e+00    5.36729830e+00    1.51265324e-02   -4.97427591e-02
4607     1.53241944e-08   -4.94246339e-02    3.15535812e+00    5.37935678e+00    2.58201225e-02   -4.96287531e-02
4608     1.53275277e-08   -4.44310448e-02    3.16074847e+00    5.38206756e+00    2.67776424e-02   -4.95989502e-02
4609     1.53308611e-08   -2.24663068e-02    3.18261329e+00    5.37445144e+00    1.76796155e-02   -4.96641790e-02
4610     1.53341944e-08    8.07979688e-03    3.21259021e+00    5.35928518e+00    1.86196770e-03   -4.98008531e-02
4611     1.53375277e-08    3.55396927e-02    3.23922935e+00    5.34223864e+00   -1.47548123e-02   -4.99579990e-02
4612     1.53408611e-08    4.94246339e-02    3.25235836e+00    5.32987828e+00   -2.57645284e-02   -5.00750381e-02
4613     1.53441944e-08    4.44310448e-02    3.24695653e+00    5.32707776e+00   -2.68124757e-02   -5.01057441e-02
4614     1.53475277e-08    2.24663068e-02    3.22507312e+00    5.33495992e+00   -1.74547395e-02   -5.00378642e-02
4615     1.53508611e-08   -8.07979688e-03    3.19505599e+00    5.35040057e+00   -1.38606433e-03   -4.98984663e-02
4616     1.53541944e-08   -3.55396927e-02    3.16837043e+00    5.36737033e+00    1.51257033e-02   -4.97421115e-02
4617     1.53575277e-08   -4.94246339e-02    3.15521278e+00    5.37942904e+00    2.58195700e-02   -4.96281032e-02
4618     1.53608611e-08   -4.44310448e-02    3.16060317e+00    5.38214000e+00    2.67773003e-02   -4.95982984e-02
4619     1.53641944e-08   -2.24663068e-02    3.18246803e+00    5.37452393e+00    1.76793416e-02   -4.96635267e-02
4620     1.53675277e-08    8.07979688e-03    3.21244501e+00    5.35935756e+00    1.86161064e-03   -4.98002019e-02
4621     1.53708611e-08    3.55396927e-02    3.23908421e+00    5.34231079e+00   -1.47553638e-02   -4.99573499e-02
4622     1.53741944e-08    4.94246339e-02    3.25221332e+00    5.32995015e+00   -2.57653224e-02   -5.00743919e-02
4623     1.53775277e-08    4.44310448e-02    3.24681160e+00    5.32714936e+00   -2.68134847e-02   -5.01051006e-02
4624     1.53808611e-08    2.24663068e-02    3.22492828e+00    5.33503135e+00   -1.74558517e-02   -5.00372224e-02
4625     1.53841944e-08   -8.07979688e-03    3.19491125e+00    5.35047199e+00   -1.38710925e-03   -4.98978245e-02
4626     1.53875277e-08   -3.55396927e-02    3.16822577e+00    5.36744190e+00    1.51248788e-02   -4.97414681e-02
4627     1.53908611e-08   -4.94246339e-02    3.15506817e+00    5.37950084e+00    2.58190207e-02   -4.96274575e-02
4628     1.53941944e-08   -4.44310448e-02    3.16045861e+00    5.38221198e+00    2.67769605e-02   -4.95976509e-02
4629     1.53975277e-08   -2.24663068e-02    3.18232351e+00    5.37459596e+00    1.76790698e-02   -4.96628787e-02
4630     1.54008611e-08    8.07979688e-03    3.21230054e+00    5.35942949e+00    1.86125624e-03   -4.97995548e-02
4631     1.54041944e-08    3.55396927e-02    3.23893982e+00    5.34238250e+00   -1.47559114e-02   -4.99567051e-02
4632     1.54075277e-08    4.94246339e-02    3.25206902e+00    5.33002157e+00   -2.57661112e-02   -5.00737498e-02
4633     1.54108611e-08    4.44310448e-02    3.24666739e+00    5.32722050e+00   -2.68144874e-02   -5.01044613e-02
4634     1.54141944e-08    2.24663068e-02    3.22478419e+00    5.33510232e+00   -1.74569573e-02   -5.00365847e-02
4635     1.54175277e-08   -8.07979688e-03    3.19476725e+00    5.35054296e+00   -1.38814807e-03   -4.98971868e-02
4636     1.54208611e-08   -3.55396927e-02    3.16808184e+00    5.36751303e+00    1.51240592e-02   -4.97408288e-02
4637     1.54241944e-08   -4.94246339e-02    3.15492430e+00    5.37957219e+00    2.58184745e-02   -4.96268159e-02
4638     1.54275277e-08   -4.44310448e-02    3.16031478e+00    5.38228351e+00    2.67766227e-02   -4.95970075e-02
4639     1.54308611e-08   -2.24663068e-02    3.18217972e+00    5.37466754e+00    1.76787999e-02   -4.96622348e-02
4640     1.54341944e-08    8.07979688e-03    3.21215681e+00    5.35950096e+00    1.86090450e-03   -4.97989119e-02
4641     1.54375277e-08    3.55396927e-02    3.23879616e+00    5.34245375e+00   -1.47564551e-02   -4.99560644e-02
4642     1.54408611e-08    4.94246339e-02    3.25192545e+00    5.33009254e+00   -2.57668948e-02   -5.00731119e-02
4643     1.54441944e-08    4.44310448e-02    3.24652393e+00    5.32729120e+00   -2.68154837e-02   -5.01038260e-02
4644     1.54475277e-08    2.24663068e-02    3.22464082e+00    5.33517284e+00   -1.74580561e-02   -5.00359512e-02
4645     1.54508611e-08   -8.07979688e-03    3.19462397e+00    5.35061348e+00   -1.38918082e-03   -4.98965532e-02
4646     1.54541944e-08   -3.55396927e-02    3.16793865e+00    5.36758370e+00    1.51232442e-02   -4.97401936e-02
4647     1.54575277e-08   -4.94246339e-02    3.15478116e+00    5.37964310e+00    2.58179315e-02   -4.96261784e-02
4648     1.54608611e-08   -4.44310448e-02    3.16017168e+00    5.38235459e+00    2.67762871e-02   -4.95963682e-02
4649     1.54641944e-08   -2.24663068e-02    3.18203667e+00    5.37473867e+00    1.76785320e-02   -4.96615950e-02
4650     1.54675277e-08    8.07979688e-03    3.21201381e+00    5.35957199e+00    1.86055540e-03   -4.97982732e-02
4651     1.54708611e-08    3.55396927e-02    3.23865323e+00    5.34252456e+00   -1.47569949e-02   -4.99554278e-02
4652     1.54741944e-08    4.94246339e-02    3.25178261e+00    5.33016306e+00   -2.57676731e-02   -5.00724781e-02
4653     1.54775277e-08    4.44310448e-02    3.24638119e+00    5.32736145e+00   -2.68164738e-02   -5.01031949e-02
4654     1.54808611e-08    2.24663068e-02    3.22449818e+00    5.33524293e+00   -1.74591484e-02   -5.00353216e-02
4655     1.54841944e-08   -8.07979688e-03    3.19448143e+00    5.35068356e+00   -1.39020755e-03   -4.98959237e-02
4656     1.54875277e-08   -3.55396927e-02    3.16779618e+00    5.36765394e+00    1.51224338e-02   -4.97395625e-02
4657     1.54908611e-08   -4.94246339e-02    3.15463875e+00    5.37971356e+00    2.58173916e-02   -4.96255451e-02
4658     1.54941944e-08   -4.44310448e-02    3.16002931e+00    5.38242523e+00    2.67759535e-02   -4.95957330e-02
4659     1.54975277e-08   -2.24663068e-02    3.18189434e+00    5.37480935e+00    1.76782660e-02   -4.96609593e-02
4660     1.55008611e-08    8.07979688e-03    3.21187153e+00    5.35964257e+00    1.86020893e-03   -4.97976385e-02
4661     1.55041944e-08    3.55396927e-02    3.23851103e+00    5.34259492e+00   -1.47575309e-02   -4.99547952e-02
4662     1.55075277e-08    4.94246339e-02    3.25164049e+00    5.33023314e+00   -2.57684462e-02   -5.00718483e-02
4663     1.55108611e-08    4.44310448e-02    3.24623917e+00    5.32743127e+00   -2.68174576e-02   -5.01025677e-02
4664     1.55141944e-08    2.24663068e-02    3.22435627e+00    5.33531257e+00   -1.74602340e-02   -5.00346962e-02
4665     1.55175277e-08   -8.07979688e-03    3.19433961e+00    5.35075319e+00   -1.39122828e-03   -4.98952983e-02
4666     1.55208611e-08   -3.55396927e-02    3.16765444e+00    5.36772373e+00    1.51216281e-02   -4.97389355e-02
4667     1.55241944e-08   -4.94246339e-02    3.15449706e+00    5.37978357e+00    2.58168549e-02   -4.96249158e-02
4668     1.55275277e-08   -4.44310448e-02    3.15988766e+00    5.38249542e+00    2.67756221e-02   -4.95951020e-02
4669     1.55308611e-08   -2.24663068e-02    3.18175273e+00    5.37487959e+00    1.76780020e-02   -4.96603277e-02
4670     1.55341944e-08    8.07979688e-03    3.21172998e+00    5.35971271e+00    1.85986506e-03   -4.97970079e-02
4671     1.55375277e-08    3.55396927e-02    3.23836955e+00    5.34266485e+00   -1.47580631e-02   -4.99541668e-02
4672     1.55408611e-08    4.94246339e-02    3.25149910e+00    5.33030279e+00   -2.57692142e-02   -5.00712226e-02
4673     1.55441944e-08    4.44310448e-02    3.24609788e+00    5.32750064e+00   -2.68184353e-02   -5.01019446e-02
4674     1.55475277e-08    2.24663068e-02    3.22421508e+00    5.33538177e+00   -1.74613131e-02   -5.00340747e-02
4675     1.55508611e-08   -8.07979688e-03    3.19419851e+00    5.35082239e+00   -1.39224304e-03   -4.98946768e-02
4676     1.55541944e-08   -3.55396927e-02    3.16751341e+00    5.36779308e+00    1.51208271e-02   -4.97383125e-02
4677     1.55575277e-08   -4.94246339e-02    3.15435609e+00    5.37985315e+00    2.58163212e-02   -4.96242905e-02
4678     1.55608611e-08   -4.44310448e-02    3.15974673e+00    5.38256517e+00    2.67752927e-02   -4.95944749e-02
4679     1.55641944e-08   -2.24663068e-02    3.18161185e+00    5.37494939e+00    1.76777399e-02   -4.96597002e-02
4680     1.55675277e-08    8.07979688e-03    3.21158915e+00    5.35978241e+00    1.85952379e-03   -4.97963813e-02
4681     1.55708611e-08    3.55396927e-02    3.23822878e+00    5.34273433e+00   -1.47585914e-02   -4.99535423e-02
4682     1.55741944e-08    4.94246339e-02    3.25135842e+00    5.33037199e+00   -2.57699771e-02   -5.00706009e-02
4683     1.55775277e-08    4.44310448e-02    3.24595730e+00    5.32756958e+00   -2.68194068e-02   -5.01013255e-02
4684     1.55808611e-08    2.24663068e-02    3.22407460e+00    5.33545054e+00   -1.74623857e-02   -5.00334573e-02
4685     1.55841944e-08   -8.07979688e-03    3.19405813e+00    5.35089116e+00   -1.39325185e-03   -4.98940594e-02
4686     1.55875277e-08   -3.55396927e-02    3.16737310e+00    5.36786200e+00    1.51200306e-02   -4.97376935e-02
4687     1.55908611e-08   -4.94246339e-02    3.15421583e+00    5.37992229e+00    2.58157907e-02   -4.96236692e-02
4688     1.55941944e-08   -4.44310448e-02    3.15960652e+00    5.38263449e+00    2.67749655e-02   -4.95938519e-02
4689     1.55975277e-08   -2.24663068e-02    3.18147167e+00    5.37501875e+00    1.76774797e-02   -4.96590767e-02
4690     1.56008611e-08    8.07979688e-03    3.21144903e+00    5.35985168e+00    1.85918510e-03   -4.97957587e-02
4691     1.56041944e-08    3.55396927e-02    3.23808873e+00    5.34280338e+00   -1.47591160e-02   -4.99529219e-02
4692     1.56075277e-08    4.94246339e-02    3.25121846e+00    5.33044076e+00   -2.57707349e-02   -5.00699831e-02
4693     1.56108611e-08    4.44310448e-02    3.24581744e+00    5.32763809e+00   -2.68203721e-02   -5.01007104e-02
4694     1.56141944e-08    2.24663068e-02    3.22393484e+00    5.33551888e+00   -1.74634518e-02   -5.00328438e-02
4695     1.56175277e-08   -8.07979688e-03    3.19391846e+00    5.35095949e+00   -1.39425476e-03   -4.98934459e-02
4696     1.56208611e-08   -3.55396927e-02    3.16723351e+00    5.36793048e+00    1.51192387e-02   -4.97370784e-02
4697     1.56241944e-08   -4.94246339e-02    3.15407629e+00    5.37999099e+00    2.58152632e-02   -4.96230520e-02
4698     1.56275277e-08   -4.44310448e-02    3.15946702e+00    5.38270336e+00    2.67746402e-02   -4.95932329e-02
4699     1.56308611e-08   -2.24663068e-02    3.18133221e+00    5.37508767e+00    1.76772214e-02   -4.96584572e-02
4700     1.56341944e-08    8.07979688e-03    3.21130962e+00    5.35992050e+00    1.85884898e-03   -4.97951402e-02
4701     1.56375277e-08    3.55396927e-02    3.23794940e+00    5.34287199e+00   -1.47596369e-02   -4.99523054e-02
4702     1.56408611e-08    4.94246339e-02    3.25107921e+00    5.33050910e+00   -2.57714876e-02   -5.00693694e-02
4703     1.56441944e-08    4.44310448e-02    3.24567828e+00    5.32770616e+00   -2.68213314e-02   -5.01000992e-02
4704     1.56475277e-08    2.24663068e-02    3.22379579e+00    5.33558679e+00   -1.74645114e-02   -5.00322342e-02
4705     1.56508611e-08   -8.07979688e-03    3.19377950e+00    5.35102739e+00   -1.39525180e-03   -4.98928363e-02
4706     1.56541944e-08   -3.55396927e-02    3.16709462e+00    5.36799853e+00    1.51184514e-02   -4.97364674e-02
4707     1.56575277e-08   -4.94246339e-02    3.15393746e+00    5.38005926e+00    2.58147389e-02   -4.96224387e-02
4708     1.56608611e-08   -4.44310448e-02    3.15932823e+00    5.38277181e+00    2.67743171e-02   -4.95926178e-02
4709     1.56641944e-08   -2.24663068e-02    3.18119346e+00    5.37515616e+00    1.76769650e-02   -4.96578416e-02
4710     1.56675277e-08    8.07979688e-03    3.21117092e+00    5.35998890e+00    1.85851541e-03   -4.97945256e-02
4711     1.56708611e-08    3.55396927e-02    3.23781077e+00    5.34294017e+00   -1.47601540e-02   -4.99516929e-02
4712     1.56741944e-08    4.94246339e-02    3.25094067e+00    5.33057701e+00   -2.57722353e-02   -5.00687595e-02
4713     1.56775277e-08    4.44310448e-02    3.24553984e+00    5.32777381e+00   -2.68222846e-02   -5.00994920e-02
4714     1.56808611e-08    2.24663068e-02    3.22365744e+00    5.33565427e+00   -1.74655647e-02   -5.00316286e-02
4715     1.56841944e-08   -8.07979688e-03    3.19364124e+00    5.35109487e+00   -1.39624299e-03   -4.98922307e-02
4716     1.56875277e-08   -3.55396927e-02    3.16695644e+00    5.36806616e+00    1.51176686e-02   -4.97358602e-02
4717     1.56908611e-08   -4.94246339e-02    3.15379933e+00    5.38012710e+00    2.58142175e-02   -4.96218293e-02
4718     1.56941944e-08   -4.44310448e-02    3.15919014e+00    5.38283982e+00    2.67739960e-02   -4.95920067e-02
4719     1.56975277e-08   -2.24663068e-02    3.18105542e+00    5.37522423e+00    1.76767104e-02   -4.96572300e-02
4720     1.57008611e-08    8.07979688e-03    3.21103293e+00    5.36005686e+00    1.85818437e-03   -4.97939149e-02
4721     1.57041944e-08    3.55396927e-02    3.23767284e+00    5.34300793e+00   -1.47606675e-02   -4.99510843e-02
4722     1.57075277e-08    4.94246339e-02    3.25080283e+00    5.33064450e+00   -2.57729780e-02   -5.00681536e-02
4723     1.57108611e-08    4.44310448e-02    3.24540210e+00    5.32784104e+00   -2.68232317e-02   -5.00988886e-02
4724     1.57141944e-08    2.24663068e-02    3.22351980e+00    5.33572133e+00   -1.74666115e-02   -5.00310268e-02
4725     1.57175277e-08   -8.07979688e-03    3.19350369e+00    5.35116192e+00   -1.39722836e-03   -4.98916290e-02
4726     1.57208611e-08   -3.55396927e-02    3.16681896e+00    5.36813336e+00    1.51168904e-02   -4.97352569e-02
4727     1.57241944e-08   -4.94246339e-02    3.15366190e+00    5.38019452e+00    2.58136992e-02   -4.96212238e-02
4728     1.57275277e-08   -4.44310448e-02    3.15905275e+00    5.38290741e+00    2.67736769e-02   -4.95913995e-02
4729     1.57308611e-08   -2.24663068e-02    3.18091807e+00    5.37529186e+00    1.76764578e-02   -4.96566223e-02
4730     1.57341944e-08    8.07979688e-03    3.21089564e+00    5.36012440e+00    1.85785586e-03   -4.97933081e-02
4731     1.57375277e-08    3.55396927e-02    3.23753562e+00    5.34307526e+00   -1.47611772e-02   -4.99504796e-02
4732     1.57408611e-08    4.94246339e-02    3.25066569e+00    5.33071156e+00   -2.57737157e-02   -5.00675516e-02
4733     1.57441944e-08    4.44310448e-02    3.24526505e+00    5.32790784e+00   -2.68241729e-02   -5.00982891e-02
4734     1.57475277e-08    2.24663068e-02    3.22338285e+00    5.33578797e+00   -1.74676520e-02   -5.00304289e-02
4735     1.57508611e-08   -8.07979688e-03    3.19336684e+00    5.35122855e+00   -1.39820794e-03   -4.98910311e-02
4736     1.57541944e-08   -3.55396927e-02    3.16668218e+00    5.36820014e+00    1.51161166e-02   -4.97346576e-02
4737     1.57575277e-08   -4.94246339e-02    3.15352517e+00    5.38026151e+00    2.58131839e-02   -4.96206223e-02
4738     1.57608611e-08   -4.44310448e-02    3.15891606e+00    5.38297457e+00    2.67733599e-02   -4.95907962e-02
4739     1.57641944e-08   -2.24663068e-02    3.18078142e+00    5.37535907e+00    1.76762070e-02   -4.96560186e-02
4740     1.57675277e-08    8.07979688e-03    3.21075904e+00    5.36019152e+00    1.85752985e-03   -4.97927053e-02
4741     1.57708611e-08    3.55396927e-02    3.23739909e+00    5.34314217e+00   -1.47616833e-02   -4.99498788e-02
4742     1.57741944e-08    4.94246339e-02    3.25052924e+00    5.33077820e+00   -2.57744484e-02   -5.00669534e-02
4743     1.57775277e-08    4.44310448e-02    3.24512870e+00    5.32797422e+00   -2.68251081e-02   -5.00976934e-02
4744     1.57808611e-08    2.24663068e-02    3.22324660e+00    5.33585418e+00   -1.74686862e-02   -5.00298349e-02
4745     1.57841944e-08   -8.07979688e-03    3.19323068e+00    5.35129476e+00   -1.39918178e-03   -4.98904371e-02
4746     1.57875277e-08   -3.55396927e-02    3.16654609e+00    5.36826649e+00    1.51153472e-02   -4.97340620e-02
4747     1.57908611e-08   -4.94246339e-02    3.15338914e+00    5.38032808e+00    2.58126716e-02   -4.96200246e-02
4748     1.57941944e-08   -4.44310448e-02    3.15878007e+00    5.38304132e+00    2.67730449e-02   -4.95901968e-02
4749     1.57975277e-08   -2.24663068e-02    3.18064547e+00    5.37542586e+00    1.76759581e-02   -4.96554186e-02
4750     1.58008611e-08    8.07979688e-03    3.21062314e+00    5.36025822e+00    1.85720634e-03   -4.97921063e-02
4751     1.58041944e-08    3.55396927e-02    3.23726325e+00    5.34320866e+00   -1.47621857e-02   -4.99492818e-02
4752     1.58075277e-08    4.94246339e-02    3.25039349e+00    5.33084442e+00   -2.57751763e-02   -5.00663590e-02
4753     1.58108611e-08    4.44310448e-02    3.24499305e+00    5.32804019e+00   -2.68260374e-02   -5.00971016e-02
4754     1.58141944e-08    2.24663068e-02    3.22311105e+00    5.33591999e+00   -1.74697141e-02   -5.00292446e-02
4755     1.58175277e-08   -8.07979688e-03    3.19309521e+00    5.35136055e+00   -1.40014988e-03   -4.98898469e-02
4756     1.58208611e-08   -3.55396927e-02    3.16641069e+00    5.36833243e+00    1.51145824e-02   -4.97334703e-02
4757     1.58241944e-08   -4.94246339e-02    3.15325380e+00    5.38039424e+00    2.58121624e-02   -4.96194307e-02
4758     1.58275277e-08   -4.44310448e-02    3.15864477e+00    5.38310764e+00    2.67727319e-02   -4.95896012e-02
4759     1.58308611e-08   -2.24663068e-02    3.18051020e+00    5.37549223e+00    1.76757110e-02   -4.96548226e-02
4760     1.58341944e-08    8.07979688e-03    3.21048792e+00    5.36032449e+00    1.85688531e-03   -4.97915111e-02
4761     1.58375277e-08    3.55396927e-02    3.23712811e+00    5.34327473e+00   -1.47626846e-02   -4.99486886e-02
4762     1.58408611e-08    4.94246339e-02    3.25025843e+00    5.33091023e+00   -2.57758992e-02   -5.00657685e-02
4763     1.58441944e-08    4.44310448e-02    3.24485808e+00    5.32810574e+00   -2.68269607e-02   -5.00965136e-02
4764     1.58475277e-08    2.24663068e-02    3.22297618e+00    5.33598537e+00   -1.74707358e-02   -5.00286582e-02
4765     1.58508611e-08   -8.07979688e-03    3.19296043e+00    5.35142594e+00   -1.40111230e-03   -4.98892604e-02
4766     1.58541944e-08   -3.55396927e-02    3.16627598e+00    5.36839796e+00    1.51138219e-02   -4.97328824e-02
4767     1.58575277e-08   -4.94246339e-02    3.15311914e+00    5.38045998e+00    2.58116561e-02   -4.96188407e-02
4768     1.58608611e-08   -4.44310448e-02    3.15851015e+00    5.38317354e+00    2.67724208e-02   -4.95890095e-02
4769     1.58641944e-08   -2.24663068e-02    3.18037563e+00    5.37555819e+00    1.76754658e-02   -4.96542303e-02
4770     1.58675277e-08    8.07979688e-03    3.21035340e+00    5.36039035e+00    1.85656674e-03   -4.97909198e-02
4771     1.58708611e-08    3.55396927e-02    3.23699365e+00    5.34334039e+00   -1.47631798e-02   -4.99480993e-02
4772     1.58741944e-08    4.94246339e-02    3.25012405e+00    5.33097562e+00   -2.57766173e-02   -5.00651817e-02
4773     1.58775277e-08    4.44310448e-02    3.24472380e+00    5.32817088e+00   -2.68278782e-02   -5.00959293e-02
4774     1.58808611e-08    2.24663068e-02    3.22284199e+00    5.33605035e+00   -1.74717513e-02   -5.00280755e-02
4775     1.58841944e-08   -8.07979688e-03    3.19282633e+00    5.35149091e+00   -1.40206905e-03   -4.98886778e-02
4776     1.58875277e-08   -3.55396927e-02    3.16614196e+00    5.36846307e+00    1.51130658e-02   -4.97322983e-02
4777     1.58908611e-08   -4.94246339e-02    3.15298516e+00    5.38052530e+00    2.58111527e-02   -4.96182544e-02
4778     1.58941944e-08   -4.44310448e-02    3.15837622e+00    5.38323904e+00    2.67721118e-02   -4.95884215e-02
4779     1.58975277e-08   -2.24663068e-02    3.18024173e+00    5.37562372e+00    1.76752224e-02   -4.96536419e-02
4780     1.59008611e-08    8.07979688e-03    3.21021955e+00    5.36045580e+00    1.85625061e-03   -4.97903322e-02
4781     1.59041944e-08    3.55396927e-02    3.23685987e+00    5.34340563e+00   -1.47636714e-02   -4.99475137e-02
4782     1.59075277e-08    4.94246339e-02    3.24999036e+00    5.33104061e+00   -2.57773306e-02   -5.00645987e-02
4783     1.59108611e-08    4.44310448e-02    3.24459020e+00    5.32823561e+00   -2.68287899e-02   -5.00953488e-02
4784     1.59141944e-08    2.24663068e-02    3.22270849e+00    5.33611492e+00   -1.74727606e-02   -5.00274965e-02
4785     1.59175277e-08   -8.07979688e-03    3.19269291e+00    5.35155547e+00   -1.40302016e-03   -4.98880989e-02
4786     1.59208611e-08   -3.55396927e-02    3.16600861e+00    5.36852778e+00    1.51123141e-02   -4.97317179e-02
4787     1.59241944e-08   -4.94246339e-02    3.15285187e+00    5.38059022e+00    2.58106523e-02   -4.96176719e-02
4788     1.59275277e-08   -4.44310448e-02    3.15824296e+00    5.38330412e+00    2.67718048e-02   -4.95878373e-02
4789     1.59308611e-08   -2.24663068e-02    3.18010852e+00    5.37568885e+00    1.76749808e-02   -4.96530572e-02
4790     1.59341944e-08    8.07979688e-03    3.21008639e+00    5.36052084e+00    1.85593692e-03   -4.97897484e-02
4791     1.59375277e-08    3.55396927e-02    3.23672678e+00    5.34347047e+00   -1.47641595e-02   -4.99469319e-02
4792     1.59408611e-08    4.94246339e-02    3.24985735e+00    5.33110518e+00   -2.57780390e-02   -5.00640195e-02
4793     1.59441944e-08    4.44310448e-02    3.24445728e+00    5.32829994e+00   -2.68296958e-02   -5.00947720e-02
4794     1.59475277e-08    2.24663068e-02    3.22257566e+00    5.33617909e+00   -1.74737638e-02   -5.00269213e-02
4795     1.59508611e-08   -8.07979688e-03    3.19256017e+00    5.35161963e+00   -1.40396567e-03   -4.98875237e-02
4796     1.59541944e-08   -3.55396927e-02    3.16587594e+00    5.36859208e+00    1.51115668e-02   -4.97311412e-02
4797     1.59575277e-08   -4.94246339e-02    3.15271925e+00    5.38065472e+00    2.58101549e-02   -4.96170931e-02
4798     1.59608611e-08   -4.44310448e-02    3.15811038e+00    5.38336879e+00    2.67714997e-02   -4.95872569e-02
4799     1.59641944e-08   -2.24663068e-02    3.17997598e+00    5.37575357e+00    1.76747410e-02   -4.96524763e-02
4800     1.59675277e-08    8.07979688e-03    3.20995390e+00    5.36058547e+00    1.85562566e-03   -4.97891683e-02
4801     1.59708611e-08    3.55396927e-02    3.23659435e+00    5.34353490e+00   -1.47646441e-02   -4.99463538e-02
4802     1.59741944e-08    4.94246339e-02    3.24972501e+00    5.33116936e+00   -2.57787427e-02   -5.00634439e-02
4803     1.59775277e-08    4.44310448e-02    3.24432503e+00    5.32836386e+00   -2.68305960e-02   -5.00941989e-02
4804     1.59808611e-08    2.24663068e-02    3.22244351e+00    5.33624285e+00   -1.74747609e-02   -5.00263498e-02
4805     1.59841944e-08   -8.07979688e-03    3.19242811e+00    5.35168338e+00   -1.40490561e-03   -4.98869521e-02
4806     1.59875277e-08   -3.55396927e-02    3.16574395e+00    5.36865597e+00    1.51108238e-02   -4.97305683e-02
4807     1.59908611e-08   -4.94246339e-02    3.15258731e+00    5.38071883e+00    2.58096603e-02   -4.96165181e-02
4808     1.59941944e-08   -4.44310448e-02    3.15797848e+00    5.38343306e+00    2.67711966e-02   -4.95866802e-02
4809     1.59975277e-08   -2.24663068e-02    3.17984411e+00    5.37581789e+00    1.76745030e-02   -4.96518991e-02
4810     1.60008611e-08    8.07979688e-03    3.20982208e+00    5.36064970e+00    1.85531679e-03   -4.97885920e-02
4811     1.60041944e-08    3.55396927e-02    3.23646260e+00    5.34359893e+00   -1.47651251e-02   -4.99457794e-02
4812     1.60075277e-08    4.94246339e-02    3.24959334e+00    5.33123312e+00   -2.57794416e-02   -5.00628721e-02
4813     1.60108611e-08    4.44310448e-02    3.24419346e+00    5.32842738e+00   -2.68314904e-02   -5.00936295e-02
4814     1.60141944e-08    2.24663068e-02    3.22231203e+00    5.33630621e+00   -1.74757518e-02   -5.00257819e-02
4815     1.60175277e-08   -8.07979688e-03    3.19229671e+00    5.35174673e+00   -1.40584000e-03   -4.98863843e-02
4816     1.60208611e-08   -3.55396927e-02    3.16561262e+00    5.36871947e+00    1.51100851e-02   -4.97299990e-02
4817     1.60241944e-08   -4.94246339e-02    3.15245604e+00    5.38078253e+00    2.58091687e-02   -4.96159467e-02
4818     1.60275277e-08   -4.44310448e-02    3.15784724e+00    5.38349692e+00    2.67708954e-02   -4.95861072e-02
4819     1.60308611e-08   -2.24663068e-02    3.17971292e+00    5.37588180e+00    1.76742668e-02   -4.96513256e-02
4820     1.60341944e-08    8.07979688e-03    3.20969094e+00    5.36071352e+00    1.85501032e-03   -4.97880194e-02
4821     1.60375277e-08    3.55396927e-02    3.23633152e+00    5.34366255e+00   -1.47656027e-02   -4.99452087e-02
4822     1.60408611e-08    4.94246339e-02    3.24946234e+00    5.33129649e+00   -2.57801358e-02   -5.00623039e-02
4823     1.60441944e-08    4.44310448e-02    3.24406255e+00    5.32849050e+00   -2.68323791e-02   -5.00930637e-02
4824     1.60475277e-08    2.24663068e-02    3.22218121e+00    5.33636917e+00   -1.74767368e-02   -5.00252177e-02
4825     1.60508611e-08   -8.07979688e-03    3.19216598e+00    5.35180969e+00   -1.40676888e-03   -4.98858201e-02
4826     1.60541944e-08   -3.55396927e-02    3.16548196e+00    5.36878256e+00    1.51093507e-02   -4.97294334e-02
4827     1.60575277e-08   -4.94246339e-02    3.15232543e+00    5.38084583e+00    2.58086800e-02   -4.96153790e-02
4828     1.60608611e-08   -4.44310448e-02    3.15771667e+00    5.38356038e+00    2.67705962e-02   -4.95855378e-02
4829     1.60641944e-08   -2.24663068e-02    3.17958239e+00    5.37594531e+00    1.76740324e-02   -4.96507557e-02
4830     1.60675277e-08    8.07979688e-03    3.20956046e+00    5.36077694e+00    1.85470623e-03   -4.97874504e-02
4831     1.60708611e-08    3.55396927e-02    3.23620111e+00    5.34372578e+00   -1.47660768e-02   -4.99446417e-02
4832     1.60741944e-08    4.94246339e-02    3.24933200e+00    5.33135947e+00   -2.57808253e-02   -5.00617393e-02
4833     1.60775277e-08    4.44310448e-02    3.24393230e+00    5.32855323e+00   -2.68332621e-02   -5.00925016e-02
4834     1.60808611e-08    2.24663068e-02    3.22205106e+00    5.33643174e+00   -1.74777158e-02   -5.00246571e-02
4835     1.60841944e-08   -8.07979688e-03    3.19203592e+00    5.35187225e+00   -1.40769227e-03   -4.98852595e-02
4836     1.60875277e-08   -3.55396927e-02    3.16535197e+00    5.36884526e+00    1.51086205e-02   -4.97288714e-02
4837     1.60908611e-08   -4.94246339e-02    3.15219548e+00    5.38090873e+00    2.58081941e-02   -4.96148150e-02
4838     1.60941944e-08   -4.44310448e-02    3.15758677e+00    5.38362345e+00    2.67702989e-02   -4.95849721e-02
4839     1.60975277e-08   -2.24663068e-02    3.17945252e+00    5.37600842e+00    1.76737997e-02   -4.96501895e-02
4840     1.61008611e-08    8.07979688e-03    3.20943064e+00    5.36083996e+00    1.85440449e-03   -4.97868850e-02
4841     1.61041944e-08    3.55396927e-02    3.23607135e+00    5.34378861e+00   -1.47665474e-02   -4.99440782e-02
4842     1.61075277e-08    4.94246339e-02    3.24920233e+00    5.33142204e+00   -2.57815102e-02   -5.00611784e-02
4843     1.61108611e-08    4.44310448e-02    3.24380272e+00    5.32861556e+00   -2.68341395e-02   -5.00919431e-02
4844     1.61141944e-08    2.24663068e-02    3.22192157e+00    5.33649391e+00   -1.74786887e-02   -5.00241001e-02
4845     1.61175277e-08   -8.07979688e-03    3.19190651e+00    5.35193442e+00   -1.40861021e-03   -4.98847026e-02
4846     1.61208611e-08   -3.55396927e-02    3.16522263e+00    5.36890756e+00    1.51078946e-02   -4.97283130e-02
4847     1.61241944e-08   -4.94246339e-02    3.15206620e+00    5.38097123e+00    2.58077111e-02   -4.96142546e-02
4848     1.61275277e-08   -4.44310448e-02    3.15745752e+00    5.38368612e+00    2.67700035e-02   -4.95844101e-02
4849     1.61308611e-08   -2.24663068e-02    3.17932331e+00    5.37607114e+00    1.76735688e-02   -4.96496270e-02
4850     1.61341944e-08    8.07979688e-03    3.20930148e+00    5.36090259e+00    1.85410511e-03   -4.97863233e-02
4851     1.61375277e-08    3.55396927e-02    3.23594226e+00    5.34385104e+00   -1.47670146e-02   -4.99435184e-02
4852     1.61408611e-08    4.94246339e-02    3.24907331e+00    5.33148423e+00   -2.57821904e-02   -5.00606211e-02
4853     1.61441944e-08    4.44310448e-02    3.24367379e+00    5.32867750e+00   -2.68350113e-02   -5.00913881e-02
4854     1.61475277e-08    2.24663068e-02    3.22179274e+00    5.33655570e+00   -1.74796558e-02   -5.00235466e-02
4855     1.61508611e-08   -8.07979688e-03    3.19177777e+00    5.35199619e+00   -1.40952272e-03   -4.98841492e-02
4856     1.61541944e-08   -3.55396927e-02    3.16509395e+00    5.36896948e+00    1.51071730e-02   -4.97277582e-02
4857     1.61575277e-08   -4.94246339e-02    3.15193757e+00    5.38103335e+00    2.58072310e-02   -4.96136977e-02
4858     1.61608611e-08   -4.44310448e-02    3.15732893e+00    5.38374839e+00    2.67697101e-02   -4.95838516e-02
4859     1.61641944e-08   -2.24663068e-02    3.17919476e+00    5.37613346e+00    1.76733396e-02   -4.96490680e-02
4860     1.61675277e-08    8.07979688e-03    3.20917297e+00    5.36096483e+00    1.85380806e-03   -4.97857652e-02
4861     1.61708611e-08    3.55396927e-02    3.23581382e+00    5.34391309e+00   -1.47674785e-02   -4.99429622e-02
4862     1.61741944e-08    4.94246339e-02    3.24894495e+00    5.33154602e+00   -2.57828660e-02   -5.00600673e-02
4863     1.61775277e-08    4.44310448e-02    3.24354552e+00    5.32873905e+00   -2.68358776e-02   -5.00908367e-02
4864     1.61808611e-08    2.24663068e-02    3.22166456e+00    5.33661710e+00   -1.74806169e-02   -5.00229967e-02
4865     1.61841944e-08   -8.07979688e-03    3.19164967e+00    5.35205758e+00   -1.41042984e-03   -4.98835993e-02
4866     1.61875277e-08   -3.55396927e-02    3.16496592e+00    5.36903100e+00    1.51064555e-02   -4.97272070e-02
4867     1.61908611e-08   -4.94246339e-02    3.15180959e+00    5.38109507e+00    2.58067536e-02   -4.96131445e-02
4868     1.61941944e-08   -4.44310448e-02    3.15720099e+00    5.38381028e+00    2.67694185e-02   -4.95832967e-02
4869     1.61975277e-08   -2.24663068e-02    3.17906686e+00    5.37619539e+00    1.76731122e-02   -4.96485127e-02
4870     1.62008611e-08    8.07979688e-03    3.20904512e+00    5.36102668e+00    1.85351332e-03   -4.97852107e-02
4871     1.62041944e-08    3.55396927e-02    3.23568603e+00    5.34397475e+00   -1.47679389e-02   -4.99424095e-02
4872     1.62075277e-08    4.94246339e-02    3.24881724e+00    5.33160743e+00   -2.57835370e-02   -5.00595171e-02
4873     1.62108611e-08    4.44310448e-02    3.24341790e+00    5.32880022e+00   -2.68367383e-02   -5.00902888e-02
4874     1.62141944e-08    2.24663068e-02    3.22153703e+00    5.33667811e+00   -1.74815722e-02   -5.00224504e-02
4875     1.62175277e-08   -8.07979688e-03    3.19152222e+00    5.35211859e+00   -1.41133159e-03   -4.98830530e-02
4876     1.62208611e-08   -3.55396927e-02    3.16483855e+00    5.36909214e+00    1.51057422e-02   -4.97266593e-02
4877     1.62241944e-08   -4.94246339e-02    3.15168226e+00    5.38115641e+00    2.58062791e-02   -4.96125947e-02
4878     1.62275277e-08   -4.44310448e-02    3.15707370e+00    5.38387178e+00    2.67691288e-02   -4.95827454e-02
4879     1.62308611e-08   -2.24663068e-02    3.17893960e+00    5.37625693e+00    1.76728865e-02   -4.96479609e-02
4880     1.62341944e-08    8.07979688e-03    3.20891791e+00    5.36108814e+00    1.85322090e-03   -4.97846597e-02
4881     1.62375277e-08    3.55396927e-02    3.23555889e+00    5.34403602e+00   -1.47683960e-02   -4.99418604e-02
4882     1.62408611e-08    4.94246339e-02    3.24869018e+00    5.33166846e+00   -2.57842035e-02   -5.00589704e-02
4883     1.62441944e-08    4.44310448e-02    3.24329093e+00    5.32886101e+00   -2.68375935e-02   -5.00897445e-02
4884     1.62475277e-08    2.24663068e-02    3.22141015e+00    5.33673874e+00   -1.74825217e-02   -5.00219075e-02
4885     1.62508611e-08   -8.07979688e-03    3.19139543e+00    5.35217921e+00   -1.41222799e-03   -4.98825102e-02
4886     1.62541944e-08   -3.55396927e-02    3.16471181e+00    5.36915290e+00    1.51050330e-02   -4.97261151e-02
4887     1.62575277e-08   -4.94246339e-02    3.15155558e+00    5.38121737e+00    2.58058075e-02   -4.96120486e-02
4888     1.62608611e-08   -4.44310448e-02    3.15694705e+00    5.38393289e+00    2.67688411e-02   -4.95821976e-02
4889     1.62641944e-08   -2.24663068e-02    3.17881300e+00    5.37631809e+00    1.76726625e-02   -4.96474126e-02
4890     1.62675277e-08    8.07979688e-03    3.20879136e+00    5.36114921e+00    1.85293076e-03   -4.97841122e-02
4891     1.62708611e-08    3.55396927e-02    3.23543239e+00    5.34409690e+00   -1.47688497e-02   -4.99413148e-02
4892     1.62741944e-08    4.94246339e-02    3.24856376e+00    5.33172910e+00   -2.57848654e-02   -5.00584272e-02
4893     1.62775277e-08    4.44310448e-02    3.24316460e+00    5.32892141e+00   -2.68384433e-02   -5.00892036e-02
4894     1.62808611e-08    2.24663068e-02    3.22128391e+00    5.33679899e+00   -1.74834653e-02   -5.00213682e-02
4895     1.62841944e-08   -8.07979688e-03    3.19126927e+00    5.35223945e+00   -1.41311909e-03   -4.98819709e-02
4896     1.62875277e-08   -3.55396927e-02    3.16458572e+00    5.36921327e+00    1.51043280e-02   -4.97255744e-02
4897     1.62908611e-08   -4.94246339e-02    3.15142954e+00    5.38127794e+00    2.58053386e-02   -4.96115059e-02
4898     1.62941944e-08   -4.44310448e-02    3.15682105e+00    5.38399362e+00    2.67685551e-02   -4.95816533e-02
4899     1.62975277e-08   -2.24663068e-02    3.17868703e+00    5.37637887e+00    1.76724402e-02   -4.96468678e-02
4900     1.63008611e-08    8.07979688e-03    3.20866544e+00    5.36120991e+00    1.85264290e-03   -4.97835682e-02
4901     1.63041944e-08    3.55396927e-02    3.23530654e+00    5.34415741e+00   -1.47693001e-02   -4.99407727e-02
4902     1.63075277e-08    4.94246339e-02    3.24843799e+00    5.33178936e+00   -2.57855229e-02   -5.00578874e-02
4903     1.63108611e-08    4.44310448e-02    3.24303891e+00    5.32898143e+00   -2.68392876e-02   -5.00886662e-02
4904     1.63141944e-08    2.24663068e-02    3.22115831e+00    5.33685886e+00   -1.74844032e-02   -5.00208322e-02
4905     1.63175277e-08   -8.07979688e-03    3.19114375e+00    5.35229931e+00   -1.41400492e-03   -4.98814350e-02
4906     1.63208611e-08   -3.55396927e-02    3.16446028e+00    5.36927326e+00    1.51036271e-02   -4.97250372e-02
4907     1.63241944e-08   -4.94246339e-02    3.15130414e+00    5.38133813e+00    2.58048724e-02   -4.96109667e-02
4908     1.63275277e-08   -4.44310448e-02    3.15669569e+00    5.38405396e+00    2.67682711e-02   -4.95811125e-02
4909     1.63308611e-08   -2.24663068e-02    3.17856171e+00    5.37643926e+00    1.76722196e-02   -4.96463265e-02
4910     1.63341944e-08    8.07979688e-03    3.20854016e+00    5.36127022e+00    1.85235730e-03   -4.97830277e-02
4911     1.63375277e-08    3.55396927e-02    3.23518132e+00    5.34421753e+00   -1.47697472e-02   -4.99402340e-02
4912     1.63408611e-08    4.94246339e-02    3.24831285e+00    5.33184924e+00   -2.57861759e-02   -5.00573512e-02
4913     1.63441944e-08    4.44310448e-02    3.24291386e+00    5.32904108e+00   -2.68401265e-02   -5.00881323e-02
4914     1.63475277e-08    2.24663068e-02    3.22103335e+00    5.33691836e+00   -1.74853353e-02   -5.00202998e-02
4915     1.63508611e-08   -8.07979688e-03    3.19101887e+00    5.35235880e+00   -1.41488548e-03   -4.98809026e-02
4916     1.63541944e-08   -3.55396927e-02    3.16433546e+00    5.36933288e+00    1.51029302e-02   -4.97245034e-02
4917     1.63575277e-08   -4.94246339e-02    3.15117937e+00    5.38139794e+00    2.58044091e-02   -4.96104309e-02
4918     1.63608611e-08   -4.44310448e-02    3.15657096e+00    5.38411393e+00    2.67679889e-02   -4.95805752e-02
4919     1.63641944e-08   -2.24663068e-02    3.17843702e+00    5.37649928e+00    1.76720007e-02   -4.96457887e-02
4920     1.63675277e-08    8.07979688e-03    3.20841552e+00    5.36133015e+00    1.85207395e-03   -4.97824907e-02
4921     1.63708611e-08    3.55396927e-02    3.23505674e+00    5.34427728e+00   -1.47701910e-02   -4.99396988e-02
4922     1.63741944e-08    4.94246339e-02    3.24818834e+00    5.33190875e+00   -2.57868244e-02   -5.00568183e-02
4923     1.63775277e-08    4.44310448e-02    3.24278944e+00    5.32910036e+00   -2.68409601e-02   -5.00876017e-02
4924     1.63808611e-08    2.24663068e-02    3.22090902e+00    5.33697748e+00   -1.74862617e-02   -5.00197707e-02
4925     1.63841944e-08   -8.07979688e-03    3.19089463e+00    5.35241791e+00   -1.41576083e-03   -4.98803736e-02
4926     1.63875277e-08   -3.55396927e-02    3.16421128e+00    5.36939213e+00    1.51022375e-02   -4.97239731e-02
4927     1.63908611e-08   -4.94246339e-02    3.15105524e+00    5.38145738e+00    2.58039485e-02   -4.96098986e-02
4928     1.63941944e-08   -4.44310448e-02    3.15644687e+00    5.38417353e+00    2.67677085e-02   -4.95800413e-02
4929     1.63975277e-08   -2.24663068e-02    3.17831296e+00    5.37655892e+00    1.76717835e-02   -4.96452543e-02
4930     1.64008611e-08    8.07979688e-03    3.20829151e+00    5.36138971e+00    1.85179283e-03   -4.97819571e-02
4931     1.64041944e-08    3.55396927e-02    3.23493279e+00    5.34433666e+00   -1.47706315e-02   -4.99391670e-02
4932     1.64075277e-08    4.94246339e-02    3.24806447e+00    5.33196789e+00   -2.57874686e-02   -5.00562889e-02
4933     1.64108611e-08    4.44310448e-02    3.24266566e+00    5.32915926e+00   -2.68417883e-02   -5.00870746e-02
4934     1.64141944e-08    2.24663068e-02    3.22078532e+00    5.33703623e+00   -1.74871825e-02   -5.00192450e-02
4935     1.64175277e-08   -8.07979688e-03    3.19077101e+00    5.35247666e+00   -1.41663098e-03   -4.98798479e-02
4936     1.64208611e-08   -3.55396927e-02    3.16408773e+00    5.36945100e+00    1.51015488e-02   -4.97234461e-02
4937     1.64241944e-08   -4.94246339e-02    3.15093174e+00    5.38151644e+00    2.58034906e-02   -4.96093697e-02
4938     1.64275277e-08   -4.44310448e-02    3.15632340e+00    5.38423275e+00    2.67674300e-02   -4.95795108e-02
4939     1.64308611e-08   -2.24663068e-02    3.17818953e+00    5.37661818e+00    1.76715679e-02   -4.96447234e-02
4940     1.64341944e-08    8.07979688e-03    3.20816812e+00    5.36144890e+00    1.85151393e-03   -4.97814269e-02
4941     1.64375277e-08    3.55396927e-02    3.23480947e+00    5.34439567e+00   -1.47710689e-02   -4.99386386e-02
4942     1.64408611e-08    4.94246339e-02    3.24794123e+00    5.33202665e+00   -2.57881083e-02   -5.00557628e-02
4943     1.64441944e-08    4.44310448e-02    3.24254250e+00    5.32921779e+00   -2.68426112e-02   -5.00865508e-02
4944     1.64475277e-08    2.24663068e-02    3.22066225e+00    5.33709462e+00   -1.74880976e-02   -5.00187227e-02
4945     1.64508611e-08   -8.07979688e-03    3.19064802e+00    5.35253503e+00   -1.41749597e-03   -4.98793257e-02
4946     1.64541944e-08   -3.55396927e-02    3.16396481e+00    5.36950950e+00    1.51008641e-02   -4.97229226e-02
4947     1.64575277e-08   -4.94246339e-02    3.15080886e+00    5.38157514e+00    2.58030354e-02   -4.96088442e-02
4948     1.64608611e-08   -4.44310448e-02    3.15620056e+00    5.38429160e+00    2.67671533e-02   -4.95789838e-02
4949     1.64641944e-08   -2.24663068e-02    3.17806673e+00    5.37667708e+00    1.76713540e-02   -4.96441958e-02
4950     1.64675277e-08    8.07979688e-03    3.20804537e+00    5.36150772e+00    1.85123724e-03   -4.97809001e-02
4951     1.64708611e-08    3.55396927e-02    3.23468678e+00    5.34445430e+00   -1.47715030e-02   -4.99381136e-02
4952     1.64741944e-08    4.94246339e-02    3.24781861e+00    5.33208505e+00   -2.57887437e-02   -5.00552402e-02
4953     1.64775277e-08    4.44310448e-02    3.24241996e+00    5.32927596e+00   -2.68434288e-02   -5.00860304e-02
4954     1.64808611e-08    2.24663068e-02    3.22053981e+00    5.33715264e+00   -1.74890071e-02   -5.00182037e-02
4955     1.64841944e-08   -8.07979688e-03    3.19052566e+00    5.35259304e+00   -1.41835582e-03   -4.98788068e-02
4956     1.64875277e-08   -3.55396927e-02    3.16384251e+00    5.36956764e+00    1.51001834e-02   -4.97224023e-02
4957     1.64908611e-08   -4.94246339e-02    3.15068661e+00    5.38163347e+00    2.58025830e-02   -4.96083220e-02
4958     1.64941944e-08   -4.44310448e-02    3.15607835e+00    5.38435008e+00    2.67668784e-02   -4.95784601e-02
4959     1.64975277e-08   -2.24663068e-02    3.17794455e+00    5.37673561e+00    1.76711418e-02   -4.96436716e-02
4960     1.65008611e-08    8.07979688e-03    3.20792323e+00    5.36156617e+00    1.85096274e-03   -4.97803767e-02
4961     1.65041944e-08    3.55396927e-02    3.23456470e+00    5.34451257e+00   -1.47719339e-02   -4.99375919e-02
4962     1.65075277e-08    4.94246339e-02    3.24769661e+00    5.33214309e+00   -2.57893747e-02   -5.00547208e-02
4963     1.65108611e-08    4.44310448e-02    3.24229805e+00    5.32933377e+00   -2.68442412e-02   -5.00855133e-02
4964     1.65141944e-08    2.24663068e-02    3.22041798e+00    5.33721029e+00   -1.74899111e-02   -5.00176881e-02
4965     1.65175277e-08   -8.07979688e-03    3.19040391e+00    5.35265069e+00   -1.41921057e-03   -4.98782912e-02
4966     1.65208611e-08   -3.55396927e-02    3.16372082e+00    5.36962541e+00    1.50995067e-02   -4.97218854e-02
4967     1.65241944e-08   -4.94246339e-02    3.15056498e+00    5.38169143e+00    2.58021332e-02   -4.96078032e-02
4968     1.65275277e-08   -4.44310448e-02    3.15595675e+00    5.38440819e+00    2.67666053e-02   -4.95779397e-02
4969     1.65308611e-08   -2.24663068e-02    3.17782299e+00    5.37679377e+00    1.76709312e-02   -4.96431508e-02
4970     1.65341944e-08    8.07979688e-03    3.20780172e+00    5.36162425e+00    1.85069041e-03   -4.97798567e-02
4971     1.65375277e-08    3.55396927e-02    3.23444325e+00    5.34457047e+00   -1.47723616e-02   -4.99370736e-02
4972     1.65408611e-08    4.94246339e-02    3.24757523e+00    5.33220076e+00   -2.57900015e-02   -5.00542048e-02
4973     1.65441944e-08    4.44310448e-02    3.24217676e+00    5.32939121e+00   -2.68450483e-02   -5.00849995e-02
4974     1.65475277e-08    2.24663068e-02    3.22029677e+00    5.33726758e+00   -1.74908094e-02   -5.00171758e-02
4975     1.65508611e-08   -8.07979688e-03    3.19028278e+00    5.35270797e+00   -1.42006023e-03   -4.98777789e-02
4976     1.65541944e-08   -3.55396927e-02    3.16359976e+00    5.36968282e+00    1.50988340e-02   -4.97213719e-02
4977     1.65575277e-08   -4.94246339e-02    3.15044396e+00    5.38174903e+00    2.58016862e-02   -4.96072877e-02
4978     1.65608611e-08   -4.44310448e-02    3.15583577e+00    5.38446594e+00    2.67663340e-02   -4.95774227e-02
4979     1.65641944e-08   -2.24663068e-02    3.17770204e+00    5.37685157e+00    1.76707222e-02   -4.96426333e-02
4980     1.65675277e-08    8.07979688e-03    3.20768082e+00    5.36168197e+00    1.85042025e-03   -4.97793399e-02
4981     1.65708611e-08    3.55396927e-02    3.23432241e+00    5.34462802e+00   -1.47727862e-02   -4.99365586e-02
4982     1.65741944e-08    4.94246339e-02    3.24745447e+00    5.33225807e+00   -2.57906239e-02   -5.00536921e-02
4983     1.65775277e-08    4.44310448e-02    3.24205608e+00    5.32944829e+00   -2.68458503e-02   -5.00844891e-02
4984     1.65808611e-08    2.24663068e-02    3.22017618e+00    5.33732452e+00   -1.74917023e-02   -5.00166667e-02
4985     1.65841944e-08   -8.07979688e-03    3.19016227e+00    5.35276490e+00   -1.42090484e-03   -4.98772699e-02
4986     1.65875277e-08   -3.55396927e-02    3.16347931e+00    5.36973988e+00    1.50981652e-02   -4.97208616e-02
4987     1.65908611e-08   -4.94246339e-02    3.15032356e+00    5.38180627e+00    2.58012417e-02   -4.96067756e-02
4988     1.65941944e-08   -4.44310448e-02    3.15571540e+00    5.38452333e+00    2.67660645e-02   -4.95769090e-02
4989     1.65975277e-08   -2.24663068e-02    3.17758171e+00    5.37690900e+00    1.76705148e-02   -4.96421191e-02
4990     1.66008611e-08    8.07979688e-03    3.20756054e+00    5.36173933e+00    1.85015224e-03   -4.97788265e-02
4991     1.66041944e-08    3.55396927e-02    3.23420219e+00    5.34468520e+00   -1.47732076e-02   -4.99360469e-02
4992     1.66075277e-08    4.94246339e-02    3.24733431e+00    5.33231502e+00   -2.57912421e-02   -5.00531827e-02
4993     1.66108611e-08    4.44310448e-02    3.24193601e+00    5.32950502e+00   -2.68466471e-02   -5.00839818e-02
4994     1.66141944e-08    2.24663068e-02    3.22005620e+00    5.33738110e+00   -1.74925897e-02   -5.00161609e-02
4995     1.66175277e-08   -8.07979688e-03    3.19004236e+00    5.35282147e+00   -1.42174443e-03   -4.98767642e-02
4996     1.66208611e-08   -3.55396927e-02    3.16335947e+00    5.36979657e+00    1.50975003e-02   -4.97203546e-02
4997     1.66241944e-08   -4.94246339e-02    3.15020376e+00    5.38186315e+00    2.58008000e-02   -4.96062667e-02
4998     1.66275277e-08   -4.44310448e-02    3.15559565e+00    5.38458036e+00    2.67657968e-02   -4.95763986e-02
4999     1.66308611e-08   -2.24663068e-02    3.17746199e+00    5.37696608e+00    1.76703091e-02   -4.96416082e-02
5000     1.66341944e-08    8.07979688e-03    3.20744086e+00    5.36179633e+00    1.84988637e-03   -4.97783163e-02
5001     1.66375277e-08    3.55396927e-02    3.23408257e+00    5.34474202e+00   -1.47736259e-02   -4.99355385e-02
5002     1.66408611e-08    4.94246339e-02    3.24721477e+00    5.33237161e+00   -2.57918561e-02   -5.00526765e-02
5003     1.66441944e-08    4.44310448e-02    3.24181655e+00    5.32956139e+00   -2.68474388e-02   -5.00834779e-02
5004     1.66475277e-08    2.24663068e-02    3.21993682e+00    5.33743732e+00   -1.74934717e-02   -5.00156584e-02
5005     1.66508611e-08   -8.07979688e-03    3.18992307e+00    5.35287768e+00   -1.42257902e-03   -4.98762617e-02
5006     1.66541944e-08   -3.55396927e-02    3.16324024e+00    5.36985291e+00    1.50968393e-02   -4.97198508e-02
5007     1.66575277e-08   -4.94246339e-02    3.15008458e+00    5.38191967e+00    2.58003608e-02   -4.96057610e-02
5008     1.66608611e-08   -4.44310448e-02    3.15547649e+00    5.38463704e+00    2.67655308e-02   -4.95758914e-02
5009     1.66641944e-08   -2.24663068e-02    3.17734287e+00    5.37702280e+00    1.76701049e-02   -4.96411006e-02
5010     1.66675277e-08    8.07979688e-03    3.20732179e+00    5.36185297e+00    1.84962262e-03   -4.97778094e-02
5011     1.66708611e-08    3.55396927e-02    3.23396356e+00    5.34479849e+00   -1.47740411e-02   -4.99350333e-02
5012     1.66741944e-08    4.94246339e-02    3.24709583e+00    5.33242785e+00   -2.57924659e-02   -5.00521736e-02
5013     1.66775277e-08    4.44310448e-02    3.24169769e+00    5.32961740e+00   -2.68482254e-02   -5.00829771e-02
5014     1.66808611e-08    2.24663068e-02    3.21981805e+00    5.33749320e+00   -1.74943482e-02   -5.00151590e-02
5015     1.66841944e-08   -8.07979688e-03    3.18980437e+00    5.35293354e+00   -1.42340864e-03   -4.98757624e-02
5016     1.66875277e-08   -3.55396927e-02    3.16312161e+00    5.36990889e+00    1.50961822e-02   -4.97193503e-02
5017     1.66908611e-08   -4.94246339e-02    3.14996599e+00    5.38197584e+00    2.57999243e-02   -4.96052586e-02
5018     1.66941944e-08   -4.44310448e-02    3.15535795e+00    5.38469335e+00    2.67652666e-02   -4.95753875e-02
5019     1.66975277e-08   -2.24663068e-02    3.17722436e+00    5.37707916e+00    1.76699023e-02   -4.96405962e-02
5020     1.67008611e-08    8.07979688e-03    3.20720332e+00    5.36190926e+00    1.84936097e-03   -4.97773057e-02
5021     1.67041944e-08    3.55396927e-02    3.23384515e+00    5.34485461e+00   -1.47744533e-02   -4.99345313e-02
5022     1.67075277e-08    4.94246339e-02    3.24697750e+00    5.33248374e+00   -2.57930715e-02   -5.00516738e-02
5023     1.67108611e-08    4.44310448e-02    3.24157944e+00    5.32967307e+00   -2.68490070e-02   -5.00824796e-02
5024     1.67141944e-08    2.24663068e-02    3.21969988e+00    5.33754872e+00   -1.74952194e-02   -5.00146629e-02
5025     1.67175277e-08   -8.07979688e-03    3.18968628e+00    5.35298906e+00   -1.42423333e-03   -4.98752663e-02
5026     1.67208611e-08   -3.55396927e-02    3.16300358e+00    5.36996453e+00    1.50955289e-02   -4.97188529e-02
5027     1.67241944e-08   -4.94246339e-02    3.14984801e+00    5.38203166e+00    2.57994904e-02   -4.96047594e-02
5028     1.67275277e-08   -4.44310448e-02    3.15524000e+00    5.38474932e+00    2.67650041e-02   -4.95748868e-02
5029     1.67308611e-08   -2.24663068e-02    3.17710645e+00    5.37713517e+00    1.76697013e-02   -4.96400950e-02
5030     1.67341944e-08    8.07979688e-03    3.20708546e+00    5.36196520e+00    1.84910142e-03   -4.97768053e-02
5031     1.67375277e-08    3.55396927e-02    3.23372734e+00    5.34491038e+00   -1.47748624e-02   -4.99340325e-02
5032     1.67408611e-08    4.94246339e-02    3.24685977e+00    5.33253928e+00   -2.57936729e-02   -5.00511773e-02
5033     1.67441944e-08    4.44310448e-02    3.24146179e+00    5.32972839e+00   -2.68497835e-02   -5.00819852e-02
5034     1.67475277e-08    2.24663068e-02    3.21958231e+00    5.33760389e+00   -1.74960852e-02   -5.00141699e-02
5035     1.67508611e-08   -8.07979688e-03    3.18956879e+00    5.35304422e+00   -1.42505310e-03   -4.98747734e-02
5036     1.67541944e-08   -3.55396927e-02    3.16288615e+00    5.37001981e+00    1.50948795e-02   -4.97183588e-02
5037     1.67575277e-08   -4.94246339e-02    3.14973063e+00    5.38208713e+00    2.57990591e-02   -4.96042634e-02
5038     1.67608611e-08   -4.44310448e-02    3.15512265e+00    5.38480494e+00    2.67647434e-02   -4.95743893e-02
5039     1.67641944e-08   -2.24663068e-02    3.17698914e+00    5.37719084e+00    1.76695019e-02   -4.96395971e-02
5040     1.67675277e-08    8.07979688e-03    3.20696819e+00    5.36202079e+00    1.84884395e-03   -4.97763080e-02
5041     1.67708611e-08    3.55396927e-02    3.23361013e+00    5.34496580e+00   -1.47752684e-02   -4.99335370e-02
5042     1.67741944e-08    4.94246339e-02    3.24674263e+00    5.33259448e+00   -2.57942702e-02   -5.00506839e-02
5043     1.67775277e-08    4.44310448e-02    3.24134473e+00    5.32978336e+00   -2.68505550e-02   -5.00814940e-02
5044     1.67808611e-08    2.24663068e-02    3.21946534e+00    5.33765872e+00   -1.74969456e-02   -5.00136801e-02
5045     1.67841944e-08   -8.07979688e-03    3.18945189e+00    5.35309904e+00   -1.42586799e-03   -4.98742836e-02
5046     1.67875277e-08   -3.55396927e-02    3.16276931e+00    5.37007476e+00    1.50942339e-02   -4.97178678e-02
5047     1.67908611e-08   -4.94246339e-02    3.14961384e+00    5.38214225e+00    2.57986304e-02   -4.96037706e-02
5048     1.67941944e-08   -4.44310448e-02    3.15500590e+00    5.38486021e+00    2.67644844e-02   -4.95738950e-02
5049     1.67975277e-08   -2.24663068e-02    3.17687242e+00    5.37724615e+00    1.76693040e-02   -4.96391023e-02
5050     1.68008611e-08    8.07979688e-03    3.20685151e+00    5.36207603e+00    1.84858855e-03   -4.97758139e-02
5051     1.68041944e-08    3.55396927e-02    3.23349352e+00    5.34502087e+00   -1.47756714e-02   -4.99330445e-02
5052     1.68075277e-08    4.94246339e-02    3.24662608e+00    5.33264933e+00   -2.57948635e-02   -5.00501937e-02
5053     1.68108611e-08    4.44310448e-02    3.24122827e+00    5.32983800e+00   -2.68513216e-02   -5.00810059e-02
5054     1.68141944e-08    2.24663068e-02    3.21934896e+00    5.33771321e+00   -1.74978008e-02   -5.00131934e-02
5055     1.68175277e-08   -8.07979688e-03    3.18933559e+00    5.35315352e+00   -1.42667802e-03   -4.98737970e-02
5056     1.68208611e-08   -3.55396927e-02    3.16265307e+00    5.37012935e+00    1.50935921e-02   -4.97173799e-02
5057     1.68241944e-08   -4.94246339e-02    3.14949764e+00    5.38219702e+00    2.57982043e-02   -4.96032809e-02
5058     1.68275277e-08   -4.44310448e-02    3.15488974e+00    5.38491513e+00    2.67642271e-02   -4.95734038e-02
5059     1.68308611e-08   -2.24663068e-02    3.17675629e+00    5.37730112e+00    1.76691077e-02   -4.96386106e-02
5060     1.68341944e-08    8.07979688e-03    3.20673543e+00    5.36213093e+00    1.84833519e-03   -4.97753230e-02
5061     1.68375277e-08    3.55396927e-02    3.23337749e+00    5.34507560e+00   -1.47760715e-02   -4.99325553e-02
5062     1.68408611e-08    4.94246339e-02    3.24651013e+00    5.33270383e+00   -2.57954526e-02   -5.00497066e-02
5063     1.68441944e-08    4.44310448e-02    3.24111239e+00    5.32989228e+00   -2.68520832e-02   -5.00805210e-02
5064     1.68475277e-08    2.24663068e-02    3.21923317e+00    5.33776736e+00   -1.74986507e-02   -5.00127098e-02
5065     1.68508611e-08   -8.07979688e-03    3.18921987e+00    5.35320766e+00   -1.42748322e-03   -4.98733135e-02
5066     1.68541944e-08   -3.55396927e-02    3.16253742e+00    5.37018361e+00    1.50929541e-02   -4.97168952e-02
5067     1.68575277e-08   -4.94246339e-02    3.14938203e+00    5.38225146e+00    2.57977807e-02   -4.96027944e-02
5068     1.68608611e-08   -4.44310448e-02    3.15477416e+00    5.38496971e+00    2.67639715e-02   -4.95729158e-02
5069     1.68641944e-08   -2.24663068e-02    3.17664075e+00    5.37735575e+00    1.76689129e-02   -4.96381222e-02
5070     1.68675277e-08    8.07979688e-03    3.20661993e+00    5.36218548e+00    1.84808388e-03   -4.97748352e-02
5071     1.68708611e-08    3.55396927e-02    3.23326205e+00    5.34512999e+00   -1.47764685e-02   -4.99320691e-02
5072     1.68741944e-08    4.94246339e-02    3.24639476e+00    5.33275800e+00   -2.57960378e-02   -5.00492226e-02
5073     1.68775277e-08    4.44310448e-02    3.24099711e+00    5.32994623e+00   -2.68528399e-02   -5.00800391e-02
5074     1.68808611e-08    2.24663068e-02    3.21911796e+00    5.33782117e+00   -1.74994954e-02   -5.00122293e-02
5075     1.68841944e-08   -8.07979688e-03    3.18910474e+00    5.35326145e+00   -1.42828362e-03   -4.98728331e-02
5076     1.68875277e-08   -3.55396927e-02    3.16242235e+00    5.37023752e+00    1.50923198e-02   -4.97164136e-02
5077     1.68908611e-08   -4.94246339e-02    3.14926701e+00    5.38230555e+00    2.57973596e-02   -4.96023110e-02
5078     1.68941944e-08   -4.44310448e-02    3.15465918e+00    5.38502395e+00    2.67637176e-02   -4.95724309e-02
5079     1.68975277e-08   -2.24663068e-02    3.17652580e+00    5.37741003e+00    1.76687196e-02   -4.96376368e-02
5080     1.69008611e-08    8.07979688e-03    3.20650502e+00    5.36223970e+00    1.84783460e-03   -4.97743505e-02
5081     1.69041944e-08    3.55396927e-02    3.23314720e+00    5.34518403e+00   -1.47768626e-02   -4.99315861e-02
5082     1.69075277e-08    4.94246339e-02    3.24627998e+00    5.33281183e+00   -2.57966189e-02   -5.00487417e-02
5083     1.69108611e-08    4.44310448e-02    3.24088240e+00    5.32999985e+00   -2.68535918e-02   -5.00795603e-02
5084     1.69141944e-08    2.24663068e-02    3.21900334e+00    5.33787464e+00   -1.75003349e-02   -5.00117519e-02
5085     1.69175277e-08   -8.07979688e-03    3.18899020e+00    5.35331492e+00   -1.42907924e-03   -4.98723557e-02
5086     1.69208611e-08   -3.55396927e-02    3.16230786e+00    5.37029110e+00    1.50916892e-02   -4.97159350e-02
5087     1.69241944e-08   -4.94246339e-02    3.14915257e+00    5.38235931e+00    2.57969411e-02   -4.96018306e-02
5088     1.69275277e-08   -4.44310448e-02    3.15454477e+00    5.38507785e+00    2.67634654e-02   -4.95719491e-02
5089     1.69308611e-08   -2.24663068e-02    3.17641143e+00    5.37746398e+00    1.76685279e-02   -4.96371545e-02
5090     1.69341944e-08    8.07979688e-03    3.20639069e+00    5.36229357e+00    1.84758732e-03   -4.97738689e-02
5091     1.69375277e-08    3.55396927e-02    3.23303293e+00    5.34523774e+00   -1.47772538e-02   -4.99311061e-02
5092     1.69408611e-08    4.94246339e-02    3.24616577e+00    5.33286532e+00   -2.57971960e-02   -5.00482639e-02
5093     1.69441944e-08    4.44310448e-02    3.24076828e+00    5.33005313e+00   -2.68543388e-02   -5.00790846e-02
5094     1.69475277e-08    2.24663068e-02    3.21888930e+00    5.33792778e+00   -1.75011692e-02   -5.00112776e-02
5095     1.69508611e-08   -8.07979688e-03    3.18887623e+00    5.35336804e+00   -1.42987012e-03   -4.98718815e-02
5096     1.69541944e-08   -3.55396927e-02    3.16219396e+00    5.37034435e+00    1.50910624e-02   -4.97154595e-02
5097     1.69575277e-08   -4.94246339e-02    3.14903871e+00    5.38241273e+00    2.57965251e-02   -4.96013533e-02
5098     1.69608611e-08   -4.44310448e-02    3.15443094e+00    5.38513141e+00    2.67632149e-02   -4.95714704e-02
5099     1.69641944e-08   -2.24663068e-02    3.17629764e+00    5.37751759e+00    1.76683377e-02   -4.96366753e-02
5100     1.69675277e-08    8.07979688e-03    3.20627694e+00    5.36234711e+00    1.84734205e-03   -4.97733904e-02
5101     1.69708611e-08    3.55396927e-02    3.23291923e+00    5.34529112e+00   -1.47776420e-02   -4.99306292e-02
5102     1.69741944e-08    4.94246339e-02    3.24605215e+00    5.33291848e+00   -2.57977691e-02   -5.00477891e-02
5103     1.69775277e-08    4.44310448e-02    3.24065473e+00    5.33010607e+00   -2.68550809e-02   -5.00786119e-02
5104     1.69808611e-08    2.24663068e-02    3.21877583e+00    5.33798059e+00   -1.75019984e-02   -5.00108062e-02
5105     1.69841944e-08   -8.07979688e-03    3.18876284e+00    5.35342084e+00   -1.43065627e-03   -4.98714102e-02
5106     1.69875277e-08   -3.55396927e-02    3.16208063e+00    5.37039726e+00    1.50904392e-02   -4.97149871e-02
5107     1.69908611e-08   -4.94246339e-02    3.14892542e+00    5.38246582e+00    2.57961115e-02   -4.96008791e-02
5108     1.69941944e-08   -4.44310448e-02    3.15431769e+00    5.38518464e+00    2.67629661e-02   -4.95709947e-02
5109     1.69975277e-08   -2.24663068e-02    3.17618442e+00    5.37757086e+00    1.76681490e-02   -4.96361992e-02
5110     1.70008611e-08    8.07979688e-03    3.20616377e+00    5.36240032e+00    1.84709876e-03   -4.97729149e-02
5111     1.70041944e-08    3.55396927e-02    3.23280612e+00    5.34534416e+00   -1.47780274e-02   -4.99301553e-02
5112     1.70075277e-08    4.94246339e-02    3.24593910e+00    5.33297131e+00   -2.57983383e-02   -5.00473174e-02
5113     1.70108611e-08    4.44310448e-02    3.24054176e+00    5.33015869e+00   -2.68558183e-02   -5.00781422e-02
5114     1.70141944e-08    2.24663068e-02    3.21866295e+00    5.33803306e+00   -1.75028225e-02   -5.00103379e-02
5115     1.70175277e-08   -8.07979688e-03    3.18865002e+00    5.35347330e+00   -1.43143773e-03   -4.98709419e-02
5116     1.70208611e-08   -3.55396927e-02    3.16196787e+00    5.37044984e+00    1.50898197e-02   -4.97145176e-02
5117     1.70241944e-08   -4.94246339e-02    3.14881271e+00    5.38251857e+00    2.57957005e-02   -4.96004079e-02
5118     1.70275277e-08   -4.44310448e-02    3.15420501e+00    5.38523754e+00    2.67627189e-02   -4.95705221e-02
5119     1.70308611e-08   -2.24663068e-02    3.17607177e+00    5.37762380e+00    1.76679617e-02   -4.96357261e-02
5120     1.70341944e-08    8.07979688e-03    3.20605117e+00    5.36245319e+00    1.84685744e-03   -4.97724425e-02
5121     1.70375277e-08    3.55396927e-02    3.23269357e+00    5.34539688e+00   -1.47784098e-02   -4.99296845e-02
5122     1.70408611e-08    4.94246339e-02    3.24582663e+00    5.33302380e+00   -2.57989036e-02   -5.00468486e-02
5123     1.70441944e-08    4.44310448e-02    3.24042937e+00    5.33021098e+00   -2.68565509e-02   -5.00776756e-02
5124     1.70475277e-08    2.24663068e-02    3.21855063e+00    5.33808521e+00   -1.75036415e-02   -5.00098726e-02
5125     1.70508611e-08   -8.07979688e-03    3.18853778e+00    5.35352544e+00   -1.43221452e-03   -4.98704767e-02
5126     1.70541944e-08   -3.55396927e-02    3.16185569e+00    5.37050209e+00    1.50892039e-02   -4.97140512e-02
5127     1.70575277e-08   -4.94246339e-02    3.14870057e+00    5.38257100e+00    2.57952919e-02   -4.95999397e-02
5128     1.70608611e-08   -4.44310448e-02    3.15409291e+00    5.38529011e+00    2.67624733e-02   -4.95700525e-02
5129     1.70641944e-08   -2.24663068e-02    3.17595970e+00    5.37767642e+00    1.76677760e-02   -4.96352560e-02
5130     1.70675277e-08    8.07979688e-03    3.20593914e+00    5.36250574e+00    1.84661808e-03   -4.97719730e-02
5131     1.70708611e-08    3.55396927e-02    3.23258160e+00    5.34544926e+00   -1.47787894e-02   -4.99292166e-02
5132     1.70741944e-08    4.94246339e-02    3.24571472e+00    5.33307597e+00   -2.57994650e-02   -5.00463829e-02
5133     1.70775277e-08    4.44310448e-02    3.24031754e+00    5.33026294e+00   -2.68572788e-02   -5.00772119e-02
5134     1.70808611e-08    2.24663068e-02    3.21843888e+00    5.33813704e+00   -1.75044555e-02   -5.00094102e-02
5135     1.70841944e-08   -8.07979688e-03    3.18842610e+00    5.35357726e+00   -1.43298668e-03   -4.98700144e-02
5136     1.70875277e-08   -3.55396927e-02    3.16174407e+00    5.37055402e+00    1.50885916e-02   -4.97135878e-02
5137     1.70908611e-08   -4.94246339e-02    3.14858900e+00    5.38262310e+00    2.57948858e-02   -4.95994745e-02
5138     1.70941944e-08   -4.44310448e-02    3.15398137e+00    5.38534235e+00    2.67622294e-02   -4.95695859e-02
5139     1.70975277e-08   -2.24663068e-02    3.17584820e+00    5.37772870e+00    1.76675917e-02   -4.96347889e-02
5140     1.71008611e-08    8.07979688e-03    3.20582768e+00    5.36255796e+00    1.84638067e-03   -4.97715066e-02
5141     1.71041944e-08    3.55396927e-02    3.23247019e+00    5.34550132e+00   -1.47791662e-02   -4.99287517e-02
5142     1.71075277e-08    4.94246339e-02    3.24560338e+00    5.33312782e+00   -2.58000225e-02   -5.00459201e-02
5143     1.71108611e-08    4.44310448e-02    3.24020627e+00    5.33031457e+00   -2.68580020e-02   -5.00767511e-02
5144     1.71141944e-08    2.24663068e-02    3.21832769e+00    5.33818854e+00   -1.75052644e-02   -5.00089508e-02
5145     1.71175277e-08   -8.07979688e-03    3.18831499e+00    5.35362875e+00   -1.43375421e-03   -4.98695551e-02
5146     1.71208611e-08   -3.55396927e-02    3.16163302e+00    5.37060562e+00    1.50879830e-02   -4.97131273e-02
5147     1.71241944e-08   -4.94246339e-02    3.14847799e+00    5.38267487e+00    2.57944822e-02   -4.95990123e-02
5148     1.71275277e-08   -4.44310448e-02    3.15387039e+00    5.38539426e+00    2.67619872e-02   -4.95691222e-02
5149     1.71308611e-08   -2.24663068e-02    3.17573725e+00    5.37778066e+00    1.76674089e-02   -4.96343248e-02
5150     1.71341944e-08    8.07979688e-03    3.20571678e+00    5.36260985e+00    1.84614519e-03   -4.97710431e-02
5151     1.71375277e-08    3.55396927e-02    3.23235934e+00    5.34555305e+00   -1.47795401e-02   -4.99282898e-02
5152     1.71408611e-08    4.94246339e-02    3.24549260e+00    5.33317934e+00   -2.58005762e-02   -5.00454603e-02
5153     1.71441944e-08    4.44310448e-02    3.24009557e+00    5.33036589e+00   -2.68587206e-02   -5.00762933e-02
5154     1.71475277e-08    2.24663068e-02    3.21821707e+00    5.33823972e+00   -1.75060684e-02   -5.00084943e-02
5155     1.71508611e-08   -8.07979688e-03    3.18820444e+00    5.35367991e+00   -1.43451716e-03   -4.98690986e-02
5156     1.71541944e-08   -3.55396927e-02    3.16152252e+00    5.37065690e+00    1.50873780e-02   -4.97126697e-02
5157     1.71575277e-08   -4.94246339e-02    3.14836754e+00    5.38272632e+00    2.57940809e-02   -4.95985530e-02
5158     1.71608611e-08   -4.44310448e-02    3.15375998e+00    5.38544585e+00    2.67617465e-02   -4.95686615e-02
5159     1.71641944e-08   -2.24663068e-02    3.17562687e+00    5.37783230e+00    1.76672275e-02   -4.96338636e-02
5160     1.71675277e-08    8.07979688e-03    3.20560644e+00    5.36266142e+00    1.84591163e-03   -4.97705826e-02
5161     1.71708611e-08    3.55396927e-02    3.23224906e+00    5.34560446e+00   -1.47799112e-02   -4.99278309e-02
5162     1.71741944e-08    4.94246339e-02    3.24538239e+00    5.33323055e+00   -2.58011260e-02   -5.00450034e-02
5163     1.71775277e-08    4.44310448e-02    3.23998543e+00    5.33041688e+00   -2.68594344e-02   -5.00758384e-02
5164     1.71808611e-08    2.24663068e-02    3.21810701e+00    5.33829058e+00   -1.75068674e-02   -5.00080407e-02
5165     1.71841944e-08   -8.07979688e-03    3.18809445e+00    5.35373076e+00   -1.43527555e-03   -4.98686452e-02
5166     1.71875277e-08   -3.55396927e-02    3.16141259e+00    5.37070786e+00    1.50867766e-02   -4.97122151e-02
5167     1.71908611e-08   -4.94246339e-02    3.14825765e+00    5.38277745e+00    2.57936821e-02   -4.95980967e-02
5168     1.71941944e-08   -4.44310448e-02    3.15365012e+00    5.38549712e+00    2.67615075e-02   -4.95682038e-02
5169     1.71975277e-08   -2.24663068e-02    3.17551705e+00    5.37788361e+00    1.76670476e-02   -4.96334054e-02
5170     1.72008611e-08    8.07979688e-03    3.20549666e+00    5.36271267e+00    1.84567997e-03   -4.97701250e-02
5171     1.72041944e-08    3.55396927e-02    3.23213933e+00    5.34565555e+00   -1.47802796e-02   -4.99273748e-02
5172     1.72075277e-08    4.94246339e-02    3.24527273e+00    5.33328143e+00   -2.58016721e-02   -5.00445494e-02
5173     1.72108611e-08    4.44310448e-02    3.23987585e+00    5.33046756e+00   -2.68601437e-02   -5.00753864e-02
5174     1.72141944e-08    2.24663068e-02    3.21799750e+00    5.33834112e+00   -1.75076614e-02   -5.00075901e-02
5175     1.72175277e-08   -8.07979688e-03    3.18798502e+00    5.35378129e+00   -1.43602941e-03   -4.98681946e-02
5176     1.72208611e-08   -3.55396927e-02    3.16130322e+00    5.37075851e+00    1.50861787e-02   -4.97117633e-02
5177     1.72241944e-08   -4.94246339e-02    3.14814832e+00    5.38282826e+00    2.57932857e-02   -4.95976432e-02
5178     1.72275277e-08   -4.44310448e-02    3.15354082e+00    5.38554807e+00    2.67612701e-02   -4.95677489e-02
5179     1.72308611e-08   -2.24663068e-02    3.17540779e+00    5.37793460e+00    1.76668691e-02   -4.96329501e-02
5180     1.72341944e-08    8.07979688e-03    3.20538743e+00    5.36276359e+00    1.84545021e-03   -4.97696703e-02
5181     1.72375277e-08    3.55396927e-02    3.23203016e+00    5.34570633e+00   -1.47806452e-02   -4.99269217e-02
5182     1.72408611e-08    4.94246339e-02    3.24516362e+00    5.33333199e+00   -2.58022144e-02   -5.00440982e-02
5183     1.72441944e-08    4.44310448e-02    3.23976682e+00    5.33051793e+00   -2.68608484e-02   -5.00749373e-02
5184     1.72475277e-08    2.24663068e-02    3.21788855e+00    5.33839135e+00   -1.75084506e-02   -5.00071423e-02
5185     1.72508611e-08   -8.07979688e-03    3.18787614e+00    5.35383151e+00   -1.43677875e-03   -4.98677468e-02
5186     1.72541944e-08   -3.55396927e-02    3.16119440e+00    5.37080883e+00    1.50855843e-02   -4.97113145e-02
5187     1.72575277e-08   -4.94246339e-02    3.14803954e+00    5.38287876e+00    2.57928917e-02   -4.95971927e-02
5188     1.72608611e-08   -4.44310448e-02    3.15343208e+00    5.38559870e+00    2.67610342e-02   -4.95672970e-02
5189     1.72641944e-08   -2.24663068e-02    3.17529907e+00    5.37798528e+00    1.76666921e-02   -4.96324977e-02
5190     1.72675277e-08    8.07979688e-03    3.20527876e+00    5.36281421e+00    1.84522232e-03   -4.97692186e-02
5191     1.72708611e-08    3.55396927e-02    3.23192154e+00    5.34575678e+00   -1.47810080e-02   -4.99264714e-02
5192     1.72741944e-08    4.94246339e-02    3.24505507e+00    5.33338225e+00   -2.58027529e-02   -5.00436500e-02
5193     1.72775277e-08    4.44310448e-02    3.23965834e+00    5.33056797e+00   -2.68615485e-02   -5.00744911e-02
5194     1.72808611e-08    2.24663068e-02    3.21778015e+00    5.33844126e+00   -1.75092349e-02   -5.00066973e-02
5195     1.72841944e-08   -8.07979688e-03    3.18776781e+00    5.35388141e+00   -1.43752361e-03   -4.98673020e-02
5196     1.72875277e-08   -3.55396927e-02    3.16108612e+00    5.37085885e+00    1.50849935e-02   -4.97108685e-02
5197     1.72908611e-08   -4.94246339e-02    3.14793131e+00    5.38292894e+00    2.57925000e-02   -4.95967450e-02
5198     1.72941944e-08   -4.44310448e-02    3.15332388e+00    5.38564901e+00    2.67608000e-02   -4.95668479e-02
5199     1.72975277e-08   -2.24663068e-02    3.17519091e+00    5.37803564e+00    1.76665164e-02   -4.96320481e-02
5200     1.73008611e-08    8.07979688e-03    3.20517064e+00    5.36286450e+00    1.84499630e-03   -4.97687696e-02
5201     1.73041944e-08    3.55396927e-02    3.23181347e+00    5.34580693e+00   -1.47813681e-02   -4.99260240e-02
5202     1.73075277e-08    4.94246339e-02    3.24494707e+00    5.33343219e+00   -2.58032878e-02   -5.00432046e-02
5203     1.73108611e-08    4.44310448e-02    3.23955042e+00    5.33061771e+00   -2.68622441e-02   -5.00740477e-02
5204     1.73141944e-08    2.24663068e-02    3.21767230e+00    5.33849087e+00   -1.75100143e-02   -5.00062552e-02
5205     1.73175277e-08   -8.07979688e-03    3.18766003e+00    5.35393101e+00   -1.43826401e-03   -4.98668599e-02
5206     1.73208611e-08   -3.55396927e-02    3.16097840e+00    5.37090855e+00    1.50844061e-02   -4.97104253e-02
5207     1.73241944e-08   -4.94246339e-02    3.14782363e+00    5.38297880e+00    2.57921108e-02   -4.95963001e-02
5208     1.73275277e-08   -4.44310448e-02    3.15321623e+00    5.38569902e+00    2.67605673e-02   -4.95664017e-02
5209     1.73308611e-08   -2.24663068e-02    3.17508329e+00    5.37808569e+00    1.76663422e-02   -4.96316015e-02
5210     1.73341944e-08    8.07979688e-03    3.20506306e+00    5.36291449e+00    1.84477214e-03   -4.97683236e-02
5211     1.73375277e-08    3.55396927e-02    3.23170595e+00    5.34585676e+00   -1.47817255e-02   -4.99255794e-02
5212     1.73408611e-08    4.94246339e-02    3.24483961e+00    5.33348181e+00   -2.58038189e-02   -5.00427620e-02
5213     1.73441944e-08    4.44310448e-02    3.23944303e+00    5.33066714e+00   -2.68629352e-02   -5.00736071e-02
5214     1.73475277e-08    2.24663068e-02    3.21756499e+00    5.33854016e+00   -1.75107890e-02   -5.00058159e-02
5215     1.73508611e-08   -8.07979688e-03    3.18755279e+00    5.35398029e+00   -1.43899999e-03   -4.98664207e-02
5216     1.73541944e-08   -3.55396927e-02    3.16087122e+00    5.37095794e+00    1.50838222e-02   -4.97099850e-02
5217     1.73575277e-08   -4.94246339e-02    3.14771649e+00    5.38302836e+00    2.57917238e-02   -4.95958581e-02
5218     1.73608611e-08   -4.44310448e-02    3.15310913e+00    5.38574871e+00    2.67603362e-02   -4.95659584e-02
5219     1.73641944e-08   -2.24663068e-02    3.17497622e+00    5.37813543e+00    1.76661693e-02   -4.96311576e-02
5220     1.73675277e-08    8.07979688e-03    3.20495603e+00    5.36296416e+00    1.84454981e-03   -4.97678804e-02
5221     1.73708611e-08    3.55396927e-02    3.23159897e+00    5.34590628e+00   -1.47820802e-02   -4.99251377e-02
5222     1.73741944e-08    4.94246339e-02    3.24473270e+00    5.33353113e+00   -2.58043464e-02   -5.00423223e-02
5223     1.73775277e-08    4.44310448e-02    3.23933619e+00    5.33071626e+00   -2.68636218e-02   -5.00731693e-02
5224     1.73808611e-08    2.24663068e-02    3.21745823e+00    5.33858915e+00   -1.75115588e-02   -5.00053794e-02
5225     1.73841944e-08   -8.07979688e-03    3.18744610e+00    5.35402927e+00   -1.43973155e-03   -4.98659843e-02
5226     1.73875277e-08   -3.55396927e-02    3.16076458e+00    5.37100703e+00    1.50832417e-02   -4.97095475e-02
5227     1.73908611e-08   -4.94246339e-02    3.14760990e+00    5.38307761e+00    2.57913393e-02   -4.95954190e-02
5228     1.73941944e-08   -4.44310448e-02    3.15300257e+00    5.38579809e+00    2.67601066e-02   -4.95655178e-02
5229     1.73975277e-08   -2.24663068e-02    3.17486969e+00    5.37818485e+00    1.76659979e-02   -4.96307166e-02
5230     1.74008611e-08    8.07979688e-03    3.20484954e+00    5.36301353e+00    1.84432932e-03   -4.97674399e-02
5231     1.74041944e-08    3.55396927e-02    3.23149254e+00    5.34595550e+00   -1.47824322e-02   -4.99246988e-02
5232     1.74075277e-08    4.94246339e-02    3.24462633e+00    5.33358015e+00   -2.58048702e-02   -5.00418854e-02
5233     1.74108611e-08    4.44310448e-02    3.23922989e+00    5.33076508e+00   -2.68643040e-02   -5.00727343e-02
5234     1.74141944e-08    2.24663068e-02    3.21735201e+00    5.33863783e+00   -1.75123239e-02   -5.00049457e-02
5235     1.74175277e-08   -8.07979688e-03    3.18733994e+00    5.35407794e+00   -1.44045874e-03   -4.98655506e-02
5236     1.74208611e-08   -3.55396927e-02    3.16065848e+00    5.37105580e+00    1.50826647e-02   -4.97091127e-02
5237     1.74241944e-08   -4.94246339e-02    3.14750384e+00    5.38312655e+00    2.57909570e-02   -4.95949826e-02
5238     1.74275277e-08   -4.44310448e-02    3.15289654e+00    5.38584717e+00    2.67598786e-02   -4.95650801e-02
5239     1.74308611e-08   -2.24663068e-02    3.17476370e+00    5.37823397e+00    1.76658278e-02   -4.96302784e-02
5240     1.74341944e-08    8.07979688e-03    3.20474359e+00    5.36306259e+00    1.84411064e-03   -4.97670023e-02
5241     1.74375277e-08    3.55396927e-02    3.23138664e+00    5.34600441e+00   -1.47827816e-02   -4.99242626e-02
5242     1.74408611e-08    4.94246339e-02    3.24452049e+00    5.33362886e+00   -2.58053904e-02   -5.00414512e-02
5243     1.74441944e-08    4.44310448e-02    3.23912413e+00    5.33081359e+00   -2.68649817e-02   -5.00723021e-02
5244     1.74475277e-08    2.24663068e-02    3.21724632e+00    5.33868622e+00   -1.75130843e-02   -5.00045147e-02
5245     1.74508611e-08   -8.07979688e-03    3.18723432e+00    5.35412631e+00   -1.44118157e-03   -4.98651197e-02
5246     1.74541944e-08   -3.55396927e-02    3.16055292e+00    5.37110428e+00    1.50820911e-02   -4.97086807e-02
5247     1.74575277e-08   -4.94246339e-02    3.14739832e+00    5.38317519e+00    2.57905771e-02   -4.95945490e-02
5248     1.74608611e-08   -4.44310448e-02    3.15279105e+00    5.38589594e+00    2.67596522e-02   -4.95646451e-02
5249     1.74641944e-08   -2.24663068e-02    3.17465824e+00    5.37828279e+00    1.76656591e-02   -4.96298430e-02
5250     1.74675277e-08    8.07979688e-03    3.20463817e+00    5.36311134e+00    1.84389376e-03   -4.97665675e-02
5251     1.74708611e-08    3.55396927e-02    3.23128127e+00    5.34605301e+00   -1.47831283e-02   -4.99238293e-02
5252     1.74741944e-08    4.94246339e-02    3.24441519e+00    5.33367726e+00   -2.58059070e-02   -5.00410198e-02
5253     1.74775277e-08    4.44310448e-02    3.23901890e+00    5.33086180e+00   -2.68656551e-02   -5.00718726e-02
5254     1.74808611e-08    2.24663068e-02    3.21714117e+00    5.33873430e+00   -1.75138400e-02   -5.00040865e-02
5255     1.74841944e-08   -8.07979688e-03    3.18712924e+00    5.35417438e+00   -1.44190007e-03   -4.98646916e-02
5256     1.74875277e-08   -3.55396927e-02    3.16044789e+00    5.37115245e+00    1.50815209e-02   -4.97082515e-02
5257     1.74908611e-08   -4.94246339e-02    3.14729333e+00    5.38322352e+00    2.57901994e-02   -4.95941181e-02
5258     1.74941944e-08   -4.44310448e-02    3.15268610e+00    5.38594440e+00    2.67594272e-02   -4.95642129e-02
5259     1.74975277e-08   -2.24663068e-02    3.17455332e+00    5.37833130e+00    1.76654918e-02   -4.96294103e-02
5260     1.75008611e-08    8.07979688e-03    3.20453329e+00    5.36315979e+00    1.84367866e-03   -4.97661354e-02
5261     1.75041944e-08    3.55396927e-02    3.23117644e+00    5.34610131e+00   -1.47834724e-02   -4.99233986e-02
5262     1.75075277e-08    4.94246339e-02    3.24431042e+00    5.33372537e+00   -2.58064201e-02   -5.00405911e-02
5263     1.75108611e-08    4.44310448e-02    3.23891421e+00    5.33090971e+00   -2.68663241e-02   -5.00714458e-02
5264     1.75141944e-08    2.24663068e-02    3.21703654e+00    5.33878208e+00   -1.75145910e-02   -5.00036610e-02
5265     1.75175277e-08   -8.07979688e-03    3.18702468e+00    5.35422215e+00   -1.44261427e-03   -4.98642662e-02
5266     1.75208611e-08   -3.55396927e-02    3.16034340e+00    5.37120033e+00    1.50809540e-02   -4.97078250e-02
5267     1.75241944e-08   -4.94246339e-02    3.14718888e+00    5.38327156e+00    2.57898240e-02   -4.95936900e-02
5268     1.75275277e-08   -4.44310448e-02    3.15258167e+00    5.38599257e+00    2.67592038e-02   -4.95637835e-02
5269     1.75308611e-08   -2.24663068e-02    3.17444892e+00    5.37837951e+00    1.76653258e-02   -4.96289804e-02
5270     1.75341944e-08    8.07979688e-03    3.20442893e+00    5.36320794e+00    1.84346535e-03   -4.97657061e-02
5271     1.75375277e-08    3.55396927e-02    3.23107214e+00    5.34614932e+00   -1.47838140e-02   -4.99229707e-02
5272     1.75408611e-08    4.94246339e-02    3.24420618e+00    5.33377318e+00   -2.58069295e-02   -5.00401651e-02
5273     1.75441944e-08    4.44310448e-02    3.23881004e+00    5.33095732e+00   -2.68669888e-02   -5.00710218e-02
5274     1.75475277e-08    2.24663068e-02    3.21693245e+00    5.33882956e+00   -1.75153374e-02   -5.00032382e-02
5275     1.75508611e-08   -8.07979688e-03    3.18692066e+00    5.35426962e+00   -1.44332419e-03   -4.98638435e-02
5276     1.75541944e-08   -3.55396927e-02    3.16023943e+00    5.37124790e+00    1.50803906e-02   -4.97074013e-02
5277     1.75575277e-08   -4.94246339e-02    3.14708495e+00    5.38331929e+00    2.57894510e-02   -4.95932646e-02
5278     1.75608611e-08   -4.44310448e-02    3.15247778e+00    5.38604044e+00    2.67589819e-02   -4.95633567e-02
5279     1.75641944e-08   -2.24663068e-02    3.17434506e+00    5.37842742e+00    1.76651611e-02   -4.96285533e-02
5280     1.75675277e-08    8.07979688e-03    3.20432511e+00    5.36325579e+00    1.84325380e-03   -4.97652795e-02
5281     1.75708611e-08    3.55396927e-02    3.23096836e+00    5.34619702e+00   -1.47841529e-02   -4.99225456e-02
5282     1.75741944e-08    4.94246339e-02    3.24410247e+00    5.33382069e+00   -2.58074355e-02   -5.00397419e-02
5283     1.75775277e-08    4.44310448e-02    3.23870640e+00    5.33100464e+00   -2.68676492e-02   -5.00706004e-02
5284     1.75808611e-08    2.24663068e-02    3.21682888e+00    5.33887675e+00   -1.75160792e-02   -5.00028180e-02
5285     1.75841944e-08   -8.07979688e-03    3.18681716e+00    5.35431680e+00   -1.44402986e-03   -4.98634235e-02
5286     1.75875277e-08   -3.55396927e-02    3.16013598e+00    5.37129518e+00    1.50798304e-02   -4.97069802e-02
5287     1.75908611e-08   -4.94246339e-02    3.14698154e+00    5.38336673e+00    2.57890801e-02   -4.95928419e-02
5288     1.75941944e-08   -4.44310448e-02    3.15237441e+00    5.38608801e+00    2.67587615e-02   -4.95629327e-02
5289     1.75975277e-08   -2.24663068e-02    3.17424172e+00    5.37847503e+00    1.76649978e-02   -4.96281288e-02
5290     1.76008611e-08    8.07979688e-03    3.20422181e+00    5.36330335e+00    1.84304400e-03   -4.97648556e-02
5291     1.76041944e-08    3.55396927e-02    3.23086511e+00    5.34624443e+00   -1.47844893e-02   -4.99221231e-02
5292     1.76075277e-08    4.94246339e-02    3.24399929e+00    5.33386790e+00   -2.58079379e-02   -5.00393213e-02
5293     1.76108611e-08    4.44310448e-02    3.23860329e+00    5.33105166e+00   -2.68683053e-02   -5.00701817e-02
5294     1.76141944e-08    2.24663068e-02    3.21672584e+00    5.33892365e+00   -1.75168164e-02   -5.00024006e-02
5295     1.76175277e-08   -8.07979688e-03    3.18671418e+00    5.35436368e+00   -1.44473130e-03   -4.98630061e-02
5296     1.76208611e-08   -3.55396927e-02    3.16003306e+00    5.37134217e+00    1.50792736e-02   -4.97065618e-02
5297     1.76241944e-08   -4.94246339e-02    3.14687866e+00    5.38341387e+00    2.57887116e-02   -4.95924219e-02
5298     1.76275277e-08   -4.44310448e-02    3.15227156e+00    5.38613528e+00    2.67585426e-02   -4.95625114e-02
5299     1.76308611e-08   -2.24663068e-02    3.17413890e+00    5.37852235e+00    1.76648358e-02   -4.96277070e-02
5300     1.76341944e-08    8.07979688e-03    3.20411903e+00    5.36335061e+00    1.84283594e-03   -4.97644344e-02
5301     1.76375277e-08    3.55396927e-02    3.23076239e+00    5.34629155e+00   -1.47848231e-02   -4.99217033e-02
5302     1.76408611e-08    4.94246339e-02    3.24389662e+00    5.33391483e+00   -2.58084369e-02   -5.00389034e-02
5303     1.76441944e-08    4.44310448e-02    3.23850069e+00    5.33109839e+00   -2.68689571e-02   -5.00697657e-02
5304     1.76475277e-08    2.24663068e-02    3.21662332e+00    5.33897025e+00   -1.75175490e-02   -5.00019858e-02
5305     1.76508611e-08   -8.07979688e-03    3.18661173e+00    5.35441027e+00   -1.44542853e-03   -4.98625914e-02
5306     1.76541944e-08   -3.55396927e-02    3.15993066e+00    5.37138887e+00    1.50787200e-02   -4.97061460e-02
5307     1.76575277e-08   -4.94246339e-02    3.14677630e+00    5.38346073e+00    2.57883452e-02   -4.95920046e-02
5308     1.76608611e-08   -4.44310448e-02    3.15216923e+00    5.38618226e+00    2.67583252e-02   -4.95620928e-02
5309     1.76641944e-08   -2.24663068e-02    3.17403660e+00    5.37856938e+00    1.76646751e-02   -4.96272879e-02
5310     1.76675277e-08    8.07979688e-03    3.20401677e+00    5.36339758e+00    1.84262961e-03   -4.97640159e-02
5311     1.76708611e-08    3.55396927e-02    3.23066018e+00    5.34633838e+00   -1.47851544e-02   -4.99212862e-02
5312     1.76741944e-08    4.94246339e-02    3.24379447e+00    5.33396146e+00   -2.58089324e-02   -5.00384882e-02
5313     1.76775277e-08    4.44310448e-02    3.23839861e+00    5.33114484e+00   -2.68696047e-02   -5.00693523e-02
5314     1.76808611e-08    2.24663068e-02    3.21652131e+00    5.33901657e+00   -1.75182771e-02   -5.00015737e-02
5315     1.76841944e-08   -8.07979688e-03    3.18650979e+00    5.35445658e+00   -1.44612158e-03   -4.98621793e-02
5316     1.76875277e-08   -3.55396927e-02    3.15982877e+00    5.37143527e+00    1.50781698e-02   -4.97057329e-02
5317     1.76908611e-08   -4.94246339e-02    3.14667446e+00    5.38350729e+00    2.57879811e-02   -4.95915899e-02
5318     1.76941944e-08   -4.44310448e-02    3.15206741e+00    5.38622895e+00    2.67581092e-02   -4.95616768e-02
5319     1.76975277e-08   -2.24663068e-02    3.17393482e+00    5.37861611e+00    1.76645157e-02   -4.96268715e-02
5320     1.77008611e-08    8.07979688e-03    3.20391502e+00    5.36344425e+00    1.84242499e-03   -4.97636000e-02
5321     1.77041944e-08    3.55396927e-02    3.23055848e+00    5.34638491e+00   -1.47854831e-02   -4.99208717e-02
5322     1.77075277e-08    4.94246339e-02    3.24369284e+00    5.33400780e+00   -2.58094245e-02   -5.00380755e-02
5323     1.77108611e-08    4.44310448e-02    3.23829705e+00    5.33119099e+00   -2.68702482e-02   -5.00689416e-02
5324     1.77141944e-08    2.24663068e-02    3.21641982e+00    5.33906260e+00   -1.75190007e-02   -5.00011641e-02
5325     1.77175277e-08   -8.07979688e-03    3.18640837e+00    5.35450259e+00   -1.44681048e-03   -4.98617699e-02
5326     1.77208611e-08   -3.55396927e-02    3.15972740e+00    5.37148139e+00    1.50776228e-02   -4.97053224e-02
5327     1.77241944e-08   -4.94246339e-02    3.14657313e+00    5.38355356e+00    2.57876192e-02   -4.95911778e-02
5328     1.77275277e-08   -4.44310448e-02    3.15196611e+00    5.38627535e+00    2.67578947e-02   -4.95612634e-02
5329     1.77308611e-08   -2.24663068e-02    3.17383355e+00    5.37866256e+00    1.76643577e-02   -4.96264577e-02
5330     1.77341944e-08    8.07979688e-03    3.20381379e+00    5.36349064e+00    1.84222208e-03   -4.97631867e-02
5331     1.77375277e-08    3.55396927e-02    3.23045730e+00    5.34643116e+00   -1.47858094e-02   -4.99204598e-02
5332     1.77408611e-08    4.94246339e-02    3.24359172e+00    5.33405386e+00   -2.58099131e-02   -5.00376655e-02
5333     1.77441944e-08    4.44310448e-02    3.23819600e+00    5.33123686e+00   -2.68708874e-02   -5.00685334e-02
5334     1.77475277e-08    2.24663068e-02    3.21631885e+00    5.33910834e+00   -1.75197198e-02   -5.00007572e-02
5335     1.77508611e-08   -8.07979688e-03    3.18630745e+00    5.35454832e+00   -1.44749525e-03   -4.98613630e-02
5336     1.77541944e-08   -3.55396927e-02    3.15962655e+00    5.37152722e+00    1.50770790e-02   -4.97049145e-02
5337     1.77575277e-08   -4.94246339e-02    3.14647231e+00    5.38359954e+00    2.57872595e-02   -4.95907684e-02
5338     1.77608611e-08   -4.44310448e-02    3.15186533e+00    5.38632146e+00    2.67576817e-02   -4.95608527e-02
5339     1.77641944e-08   -2.24663068e-02    3.17373279e+00    5.37870871e+00    1.76642009e-02   -4.96260465e-02
5340     1.77675277e-08    8.07979688e-03    3.20371307e+00    5.36353674e+00    1.84202085e-03   -4.97627761e-02
5341     1.77708611e-08    3.55396927e-02    3.23035663e+00    5.34647712e+00   -1.47861332e-02   -4.99200505e-02
5342     1.77741944e-08    4.94246339e-02    3.24349111e+00    5.33409963e+00   -2.58103984e-02   -5.00372581e-02
5343     1.77775277e-08    4.44310448e-02    3.23809546e+00    5.33128244e+00   -2.68715225e-02   -5.00681278e-02
5344     1.77808611e-08    2.24663068e-02    3.21621838e+00    5.33915380e+00   -1.75204345e-02   -5.00003528e-02
5345     1.77841944e-08   -8.07979688e-03    3.18620705e+00    5.35459377e+00   -1.44817591e-03   -4.98609588e-02
5346     1.77875277e-08   -3.55396927e-02    3.15952620e+00    5.37157277e+00    1.50765384e-02   -4.97045092e-02
5347     1.77908611e-08   -4.94246339e-02    3.14637200e+00    5.38364524e+00    2.57869019e-02   -4.95903616e-02
5348     1.77941944e-08   -4.44310448e-02    3.15176505e+00    5.38636729e+00    2.67574701e-02   -4.95604446e-02
5349     1.77975277e-08   -2.24663068e-02    3.17363255e+00    5.37875458e+00    1.76640454e-02   -4.96256379e-02
5350     1.78008611e-08    8.07979688e-03    3.20361286e+00    5.36358255e+00    1.84182130e-03   -4.97623680e-02
5351     1.78041944e-08    3.55396927e-02    3.23025647e+00    5.34652279e+00   -1.47864546e-02   -4.99196439e-02
5352     1.78075277e-08    4.94246339e-02    3.24339101e+00    5.33414512e+00   -2.58108803e-02   -5.00368533e-02
5353     1.78108611e-08    4.44310448e-02    3.23799543e+00    5.33132775e+00   -2.68721535e-02   -5.00677248e-02
5354     1.78141944e-08    2.24663068e-02    3.21611842e+00    5.33919898e+00   -1.75211447e-02   -4.99999510e-02
5355     1.78175277e-08   -8.07979688e-03    3.18610716e+00    5.35463894e+00   -1.44885249e-03   -4.98605570e-02
5356     1.78208611e-08   -3.55396927e-02    3.15942635e+00    5.37161803e+00    1.50760011e-02   -4.97041065e-02
5357     1.78241944e-08   -4.94246339e-02    3.14627220e+00    5.38369066e+00    2.57865466e-02   -4.95899573e-02
5358     1.78275277e-08   -4.44310448e-02    3.15166528e+00    5.38641283e+00    2.67572600e-02   -4.95600390e-02
5359     1.78308611e-08   -2.24663068e-02    3.17353280e+00    5.37880017e+00    1.76638911e-02   -4.96252319e-02
5360     1.78341944e-08    8.07979688e-03    3.20351316e+00    5.36362809e+00    1.84162341e-03   -4.97619626e-02
5361     1.78375277e-08    3.55396927e-02    3.23015682e+00    5.34656818e+00   -1.47867735e-02   -4.99192398e-02
5362     1.78408611e-08    4.94246339e-02    3.24329142e+00    5.33419033e+00   -2.58113589e-02   -5.00364510e-02
5363     1.78441944e-08    4.44310448e-02    3.23789591e+00    5.33137277e+00   -2.68727804e-02   -5.00673244e-02
5364     1.78475277e-08    2.24663068e-02    3.21601896e+00    5.33924388e+00   -1.75218506e-02   -4.99995518e-02
5365     1.78508611e-08   -8.07979688e-03    3.18600776e+00    5.35468382e+00   -1.44952502e-03   -4.98601579e-02
5366     1.78541944e-08   -3.55396927e-02    3.15932702e+00    5.37166301e+00    1.50754670e-02   -4.97037064e-02
5367     1.78575277e-08   -4.94246339e-02    3.14617290e+00    5.38373579e+00    2.57861934e-02   -4.95895556e-02
5368     1.78608611e-08   -4.44310448e-02    3.15156601e+00    5.38645809e+00    2.67570512e-02   -4.95596361e-02
5369     1.78641944e-08   -2.24663068e-02    3.17343357e+00    5.37884547e+00    1.76637381e-02   -4.96248285e-02
5370     1.78675277e-08    8.07979688e-03    3.20341396e+00    5.36367334e+00    1.84142718e-03   -4.97615597e-02
5371     1.78708611e-08    3.55396927e-02    3.23005767e+00    5.34661330e+00   -1.47870900e-02   -4.99188382e-02
5372     1.78741944e-08    4.94246339e-02    3.24319233e+00    5.33423525e+00   -2.58118341e-02   -5.00360513e-02
5373     1.78775277e-08    4.44310448e-02    3.23779688e+00    5.33141751e+00   -2.68734032e-02   -5.00669265e-02
5374     1.78808611e-08    2.24663068e-02    3.21592001e+00    5.33928850e+00   -1.75225521e-02   -4.99991550e-02
5375     1.78841944e-08   -8.07979688e-03    3.18590888e+00    5.35472843e+00   -1.45019351e-03   -4.98597613e-02
5376     1.78875277e-08   -3.55396927e-02    3.15922818e+00    5.37170772e+00    1.50749360e-02   -4.97033087e-02
5377     1.78908611e-08   -4.94246339e-02    3.14607410e+00    5.38378065e+00    2.57858423e-02   -4.95891564e-02
5378     1.78941944e-08   -4.44310448e-02    3.15146724e+00    5.38650307e+00    2.67568440e-02   -4.95592356e-02
5379     1.78975277e-08   -2.24663068e-02    3.17333483e+00    5.37889050e+00    1.76635864e-02   -4.96244276e-02
5380     1.79008611e-08    8.07979688e-03    3.20331526e+00    5.36371830e+00    1.84123259e-03   -4.97611593e-02
5381     1.79041944e-08    3.55396927e-02    3.22995902e+00    5.34665813e+00   -1.47874041e-02   -4.99184392e-02
5382     1.79075277e-08    4.94246339e-02    3.24309374e+00    5.33427990e+00   -2.58123060e-02   -5.00356541e-02
5383     1.79108611e-08    4.44310448e-02    3.23769836e+00    5.33146198e+00   -2.68740220e-02   -5.00665311e-02
5384     1.79141944e-08    2.24663068e-02    3.21582155e+00    5.33933284e+00   -1.75232493e-02   -4.99987608e-02
5385     1.79175277e-08   -8.07979688e-03    3.18581048e+00    5.35477276e+00   -1.45085799e-03   -4.98593671e-02
5386     1.79208611e-08   -3.55396927e-02    3.15912984e+00    5.37175215e+00    1.50744081e-02   -4.97029136e-02
5387     1.79241944e-08   -4.94246339e-02    3.14597580e+00    5.38382523e+00    2.57854934e-02   -4.95887598e-02
5388     1.79275277e-08   -4.44310448e-02    3.15136897e+00    5.38654778e+00    2.67566381e-02   -4.95588377e-02
5389     1.79308611e-08   -2.24663068e-02    3.17323659e+00    5.37893524e+00    1.76634359e-02   -4.96240293e-02
5390     1.79341944e-08    8.07979688e-03    3.20321706e+00    5.36376300e+00    1.84103963e-03   -4.97607615e-02
5391     1.79375277e-08    3.55396927e-02    3.22986086e+00    5.34670269e+00   -1.47877158e-02   -4.99180427e-02
5392     1.79408611e-08    4.94246339e-02    3.24299564e+00    5.33432428e+00   -2.58127747e-02   -5.00352594e-02
5393     1.79441944e-08    4.44310448e-02    3.23760033e+00    5.33150617e+00   -2.68746368e-02   -5.00661382e-02
5394     1.79475277e-08    2.24663068e-02    3.21572360e+00    5.33937691e+00   -1.75239421e-02   -4.99983691e-02
5395     1.79508611e-08   -8.07979688e-03    3.18571259e+00    5.35481682e+00   -1.45151848e-03   -4.98589755e-02
5396     1.79541944e-08   -3.55396927e-02    3.15903200e+00    5.37179630e+00    1.50738834e-02   -4.97025210e-02
5397     1.79575277e-08   -4.94246339e-02    3.14587800e+00    5.38386953e+00    2.57851466e-02   -4.95883657e-02
5398     1.79608611e-08   -4.44310448e-02    3.15127120e+00    5.38659220e+00    2.67564336e-02   -4.95584424e-02
5399     1.79641944e-08   -2.24663068e-02    3.17313885e+00    5.37897971e+00    1.76632866e-02   -4.96236334e-02
5400     1.79675277e-08    8.07979688e-03    3.20311935e+00    5.36380741e+00    1.84084828e-03   -4.97603662e-02
5401     1.79708611e-08    3.55396927e-02    3.22976320e+00    5.34674697e+00   -1.47880251e-02   -4.99176487e-02
5402     1.79741944e-08    4.94246339e-02    3.24289804e+00    5.33436838e+00   -2.58132401e-02   -5.00348672e-02
5403     1.79775277e-08    4.44310448e-02    3.23750280e+00    5.33155009e+00   -2.68752476e-02   -5.00657477e-02
5404     1.79808611e-08    2.24663068e-02    3.21562613e+00    5.33942071e+00   -1.75246307e-02   -4.99979799e-02
5405     1.79841944e-08   -8.07979688e-03    3.18561519e+00    5.35486060e+00   -1.45217501e-03   -4.98585864e-02
5406     1.79875277e-08   -3.55396927e-02    3.15893465e+00    5.37184018e+00    1.50733618e-02   -4.97021309e-02
5407     1.79908611e-08   -4.94246339e-02    3.14578069e+00    5.38391356e+00    2.57848019e-02   -4.95879741e-02
5408     1.79941944e-08   -4.44310448e-02    3.15117392e+00    5.38663635e+00    2.67562305e-02   -4.95580495e-02
5409     1.79975277e-08   -2.24663068e-02    3.17304160e+00    5.37902391e+00    1.76631386e-02   -4.96232401e-02
5410     1.80008611e-08    8.07979688e-03    3.20302214e+00    5.36385155e+00    1.84065854e-03   -4.97599734e-02
5411     1.80041944e-08    3.55396927e-02    3.22966604e+00    5.34679097e+00   -1.47883320e-02   -4.99172572e-02
5412     1.80075277e-08    4.94246339e-02    3.24280094e+00    5.33441220e+00   -2.58137023e-02   -5.00344775e-02
5413     1.80108611e-08    4.44310448e-02    3.23740576e+00    5.33159373e+00   -2.68758544e-02   -5.00653598e-02
5414     1.80141944e-08    2.24663068e-02    3.21552916e+00    5.33946423e+00   -1.75253150e-02   -4.99975931e-02
5415     1.80175277e-08   -8.07979688e-03    3.18551828e+00    5.35490412e+00   -1.45282760e-03   -4.98581997e-02
5416     1.80208611e-08   -3.55396927e-02    3.15883779e+00    5.37188379e+00    1.50728433e-02   -4.97017432e-02
5417     1.80241944e-08   -4.94246339e-02    3.14568387e+00    5.38395731e+00    2.57844593e-02   -4.95875849e-02
5418     1.80275277e-08   -4.44310448e-02    3.15107713e+00    5.38668023e+00    2.67560288e-02   -4.95576591e-02
5419     1.80308611e-08   -2.24663068e-02    3.17294484e+00    5.37906783e+00    1.76629918e-02   -4.96228493e-02
5420     1.80341944e-08    8.07979688e-03    3.20292542e+00    5.36389542e+00    1.84047040e-03   -4.97595831e-02
5421     1.80375277e-08    3.55396927e-02    3.22956936e+00    5.34683471e+00   -1.47886367e-02   -4.99168682e-02
5422     1.80408611e-08    4.94246339e-02    3.24270432e+00    5.33445576e+00   -2.58141612e-02   -5.00340902e-02
5423     1.80441944e-08    4.44310448e-02    3.23730921e+00    5.33163711e+00   -2.68764573e-02   -5.00649743e-02
5424     1.80475277e-08    2.24663068e-02    3.21543268e+00    5.33950749e+00   -1.75259951e-02   -4.99972088e-02
5425     1.80508611e-08   -8.07979688e-03    3.18542186e+00    5.35494736e+00   -1.45347628e-03   -4.98578155e-02
5426     1.80541944e-08   -3.55396927e-02    3.15874143e+00    5.37192713e+00    1.50723279e-02   -4.97013580e-02
5427     1.80575277e-08   -4.94246339e-02    3.14558754e+00    5.38400080e+00    2.57841188e-02   -4.95871983e-02
5428     1.80608611e-08   -4.44310448e-02    3.15098083e+00    5.38672384e+00    2.67558285e-02   -4.95572712e-02
5429     1.80641944e-08   -2.24663068e-02    3.17284857e+00    5.37911148e+00    1.76628462e-02   -4.96224609e-02
5430     1.80675277e-08    8.07979688e-03    3.20282918e+00    5.36393902e+00    1.84028383e-03   -4.97591952e-02
5431     1.80708611e-08    3.55396927e-02    3.22947318e+00    5.34687818e+00   -1.47889390e-02   -4.99164816e-02
5432     1.80741944e-08    4.94246339e-02    3.24260819e+00    5.33449905e+00   -2.58146170e-02   -5.00337054e-02
5433     1.80775277e-08    4.44310448e-02    3.23721315e+00    5.33168022e+00   -2.68770563e-02   -5.00645912e-02
5434     1.80808611e-08    2.24663068e-02    3.21533668e+00    5.33955048e+00   -1.75266710e-02   -4.99968269e-02
5435     1.80841944e-08   -8.07979688e-03    3.18532593e+00    5.35499034e+00   -1.45412107e-03   -4.98574337e-02
5436     1.80875277e-08   -3.55396927e-02    3.15864554e+00    5.37197020e+00    1.50718155e-02   -4.97009753e-02
5437     1.80908611e-08   -4.94246339e-02    3.14549170e+00    5.38404401e+00    2.57837804e-02   -4.95868140e-02
5438     1.80941944e-08   -4.44310448e-02    3.15088501e+00    5.38676718e+00    2.67556296e-02   -4.95568857e-02
5439     1.80975277e-08   -2.24663068e-02    3.17275278e+00    5.37915486e+00    1.76627018e-02   -4.96220750e-02
5440     1.81008611e-08    8.07979688e-03    3.20273343e+00    5.36398235e+00    1.84009883e-03   -4.97588098e-02
5441     1.81041944e-08    3.55396927e-02    3.22937747e+00    5.34692137e+00   -1.47892389e-02   -4.99160975e-02
5442     1.81075277e-08    4.94246339e-02    3.24251255e+00    5.33454207e+00   -2.58150696e-02   -5.00333231e-02
5443     1.81108611e-08    4.44310448e-02    3.23711757e+00    5.33172306e+00   -2.68776514e-02   -5.00642106e-02
5444     1.81141944e-08    2.24663068e-02    3.21524117e+00    5.33959320e+00   -1.75273427e-02   -4.99964474e-02
5445     1.81175277e-08   -8.07979688e-03    3.18523048e+00    5.35503305e+00   -1.45476198e-03   -4.98570543e-02
5446     1.81208611e-08   -3.55396927e-02    3.15855014e+00    5.37201300e+00    1.50713062e-02   -4.97005949e-02
5447     1.81241944e-08   -4.94246339e-02    3.14539634e+00    5.38408696e+00    2.57834440e-02   -4.95864322e-02
5448     1.81275277e-08   -4.44310448e-02    3.15078968e+00    5.38681025e+00    2.67554320e-02   -4.95565027e-02
5449     1.81308611e-08   -2.24663068e-02    3.17265748e+00    5.37919797e+00    1.76625586e-02   -4.96216915e-02
5450     1.81341944e-08    8.07979688e-03    3.20263816e+00    5.36402541e+00    1.83991540e-03   -4.97584268e-02
5451     1.81375277e-08    3.55396927e-02    3.22928225e+00    5.34696431e+00   -1.47895366e-02   -4.99157158e-02
5452     1.81408611e-08    4.94246339e-02    3.24241739e+00    5.33458482e+00   -2.58155191e-02   -5.00329431e-02
5453     1.81441944e-08    4.44310448e-02    3.23702247e+00    5.33176564e+00   -2.68782426e-02   -5.00638324e-02
5454     1.81475277e-08    2.24663068e-02    3.21514614e+00    5.33963566e+00   -1.75280102e-02   -4.99960703e-02
5455     1.81508611e-08   -8.07979688e-03    3.18513551e+00    5.35507549e+00   -1.45539906e-03   -4.98566773e-02
5456     1.81541944e-08   -3.55396927e-02    3.15845523e+00    5.37205554e+00    1.50707999e-02   -4.97002170e-02
5457     1.81575277e-08   -4.94246339e-02    3.14530145e+00    5.38412965e+00    2.57831097e-02   -4.95860528e-02
5458     1.81608611e-08   -4.44310448e-02    3.15069483e+00    5.38685305e+00    2.67552357e-02   -4.95561221e-02
5459     1.81641944e-08   -2.24663068e-02    3.17256266e+00    5.37924082e+00    1.76624165e-02   -4.96213105e-02
5460     1.81675277e-08    8.07979688e-03    3.20254338e+00    5.36406821e+00    1.83973350e-03   -4.97580462e-02
5461     1.81708611e-08    3.55396927e-02    3.22918751e+00    5.34700697e+00   -1.47898321e-02   -4.99153365e-02
5462     1.81741944e-08    4.94246339e-02    3.24232270e+00    5.33462731e+00   -2.58159654e-02   -5.00325655e-02
5463     1.81775277e-08    4.44310448e-02    3.23692785e+00    5.33180796e+00   -2.68788300e-02   -5.00634565e-02
5464     1.81808611e-08    2.24663068e-02    3.21505159e+00    5.33967786e+00   -1.75286736e-02   -4.99956956e-02
5465     1.81841944e-08   -8.07979688e-03    3.18504102e+00    5.35511768e+00   -1.45603231e-03   -4.98563027e-02
5466     1.81875277e-08   -3.55396927e-02    3.15836079e+00    5.37209782e+00    1.50702966e-02   -4.96998414e-02
5467     1.81908611e-08   -4.94246339e-02    3.14520705e+00    5.38417207e+00    2.57827774e-02   -4.95856758e-02
5468     1.81941944e-08   -4.44310448e-02    3.15060046e+00    5.38689559e+00    2.67550408e-02   -4.95557439e-02
5469     1.81975277e-08   -2.24663068e-02    3.17246831e+00    5.37928340e+00    1.76622757e-02   -4.96209318e-02
5470     1.82008611e-08    8.07979688e-03    3.20244907e+00    5.36411074e+00    1.83955315e-03   -4.97576680e-02
5471     1.82041944e-08    3.55396927e-02    3.22909325e+00    5.34704938e+00   -1.47901252e-02   -4.99149596e-02
5472     1.82075277e-08    4.94246339e-02    3.24222850e+00    5.33466954e+00   -2.58164086e-02   -5.00321903e-02
5473     1.82108611e-08    4.44310448e-02    3.23683371e+00    5.33185001e+00   -2.68794136e-02   -5.00630830e-02
5474     1.82141944e-08    2.24663068e-02    3.21495751e+00    5.33971980e+00   -1.75293329e-02   -4.99953232e-02
5475     1.82175277e-08   -8.07979688e-03    3.18494701e+00    5.35515961e+00   -1.45666176e-03   -4.98559304e-02
5476     1.82208611e-08   -3.55396927e-02    3.15826682e+00    5.37213983e+00    1.50697963e-02   -4.96994682e-02
5477     1.82241944e-08   -4.94246339e-02    3.14511313e+00    5.38421423e+00    2.57824472e-02   -4.95853012e-02
5478     1.82275277e-08   -4.44310448e-02    3.15050656e+00    5.38693787e+00    2.67548473e-02   -4.95553680e-02
5479     1.82308611e-08   -2.24663068e-02    3.17237444e+00    5.37932572e+00    1.76621360e-02   -4.96205555e-02
5480     1.82341944e-08    8.07979688e-03    3.20235524e+00    5.36415301e+00    1.83937431e-03   -4.97572922e-02
5481     1.82375277e-08    3.55396927e-02    3.22899947e+00    5.34709152e+00   -1.47904162e-02   -4.99145851e-02
5482     1.82408611e-08    4.94246339e-02    3.24213477e+00    5.33471151e+00   -2.58168488e-02   -5.00318175e-02
5483     1.82441944e-08    4.44310448e-02    3.23674005e+00    5.33189181e+00   -2.68799934e-02   -5.00627119e-02
5484     1.82475277e-08    2.24663068e-02    3.21486391e+00    5.33976148e+00   -1.75299881e-02   -4.99949532e-02
5485     1.82508611e-08   -8.07979688e-03    3.18485347e+00    5.35520127e+00   -1.45728743e-03   -4.98555606e-02
5486     1.82541944e-08   -3.55396927e-02    3.15817333e+00    5.37218159e+00    1.50692989e-02   -4.96990974e-02
5487     1.82575277e-08   -4.94246339e-02    3.14501967e+00    5.38425613e+00    2.57821189e-02   -4.95849289e-02
5488     1.82608611e-08   -4.44310448e-02    3.15041314e+00    5.38697989e+00    2.67546550e-02   -4.95549946e-02
5489     1.82641944e-08   -2.24663068e-02    3.17228105e+00    5.37936778e+00    1.76619975e-02   -4.96201816e-02
5490     1.82675277e-08    8.07979688e-03    3.20226188e+00    5.36419502e+00    1.83919699e-03   -4.97569188e-02
5491     1.82708611e-08    3.55396927e-02    3.22890615e+00    5.34713341e+00   -1.47907049e-02   -4.99142129e-02
5492     1.82741944e-08    4.94246339e-02    3.24204151e+00    5.33475322e+00   -2.58172859e-02   -5.00314470e-02
5493     1.82775277e-08    4.44310448e-02    3.23664685e+00    5.33193335e+00   -2.68805695e-02   -5.00623431e-02
5494     1.82808611e-08    2.24663068e-02    3.21477079e+00    5.33980290e+00   -1.75306393e-02   -4.99945856e-02
5495     1.82841944e-08   -8.07979688e-03    3.18476040e+00    5.35524268e+00   -1.45790935e-03   -4.98551930e-02
5496     1.82875277e-08   -3.55396927e-02    3.15808031e+00    5.37222309e+00    1.50688045e-02   -4.96987289e-02
5497     1.82908611e-08   -4.94246339e-02    3.14492669e+00    5.38429777e+00    2.57817927e-02   -4.95845590e-02
5498     1.82941944e-08   -4.44310448e-02    3.15032019e+00    5.38702165e+00    2.67544641e-02   -4.95546234e-02
5499     1.82975277e-08   -2.24663068e-02    3.17218812e+00    5.37940959e+00    1.76618601e-02   -4.96198101e-02
5500     1.83008611e-08    8.07979688e-03    3.20216899e+00    5.36423678e+00    1.83902117e-03   -4.97565477e-02
5501     1.83041944e-08    3.55396927e-02    3.22881331e+00    5.34717503e+00   -1.47909914e-02   -4.99138430e-02
5502     1.83075277e-08    4.94246339e-02    3.24194872e+00    5.33479468e+00   -2.58177199e-02   -5.00310788e-02
5503     1.83108611e-08    4.44310448e-02    3.23655413e+00    5.33197463e+00   -2.68811418e-02   -5.00619766e-02
5504     1.83141944e-08    2.24663068e-02    3.21467813e+00    5.33984407e+00   -1.75312865e-02   -4.99942202e-02
5505     1.83175277e-08   -8.07979688e-03    3.18466780e+00    5.35528383e+00   -1.45852753e-03   -4.98548278e-02
5506     1.83208611e-08   -3.55396927e-02    3.15798776e+00    5.37226433e+00    1.50683131e-02   -4.96983628e-02
5507     1.83241944e-08   -4.94246339e-02    3.14483418e+00    5.38433915e+00    2.57814685e-02   -4.95841914e-02
5508     1.83275277e-08   -4.44310448e-02    3.15022770e+00    5.38706315e+00    2.67542745e-02   -4.95542547e-02
5509     1.83308611e-08   -2.24663068e-02    3.17209567e+00    5.37945113e+00    1.76617238e-02   -4.96194409e-02
5510     1.83341944e-08    8.07979688e-03    3.20207657e+00    5.36427827e+00    1.83884684e-03   -4.97561790e-02
5511     1.83375277e-08    3.55396927e-02    3.22872093e+00    5.34721640e+00   -1.47912757e-02   -4.99134755e-02
5512     1.83408611e-08    4.94246339e-02    3.24185640e+00    5.33483588e+00   -2.58181509e-02   -5.00307130e-02
5513     1.83441944e-08    4.44310448e-02    3.23646187e+00    5.33201566e+00   -2.68817104e-02   -5.00616125e-02
5514     1.83475277e-08    2.24663068e-02    3.21458593e+00    5.33988498e+00   -1.75319296e-02   -4.99938572e-02
5515     1.83508611e-08   -8.07979688e-03    3.18457567e+00    5.35532474e+00   -1.45914201e-03   -4.98544648e-02
5516     1.83541944e-08   -3.55396927e-02    3.15789568e+00    5.37230532e+00    1.50678245e-02   -4.96979989e-02
5517     1.83575277e-08   -4.94246339e-02    3.14474213e+00    5.38438028e+00    2.57811462e-02   -4.95838261e-02
5518     1.83608611e-08   -4.44310448e-02    3.15013568e+00    5.38710439e+00    2.67540862e-02   -4.95538882e-02
5519     1.83641944e-08   -2.24663068e-02    3.17200368e+00    5.37949242e+00    1.76615887e-02   -4.96190740e-02
5520     1.83675277e-08    8.07979688e-03    3.20198461e+00    5.36431951e+00    1.83867399e-03   -4.97558126e-02
5521     1.83708611e-08    3.55396927e-02    3.22862902e+00    5.34725752e+00   -1.47915578e-02   -4.99131103e-02
5522     1.83741944e-08    4.94246339e-02    3.24176455e+00    5.33487683e+00   -2.58185789e-02   -5.00303495e-02
5523     1.83775277e-08    4.44310448e-02    3.23637008e+00    5.33205643e+00   -2.68822753e-02   -5.00612506e-02
5524     1.83808611e-08    2.24663068e-02    3.21449421e+00    5.33992565e+00   -1.75325688e-02   -4.99934964e-02
5525     1.83841944e-08   -8.07979688e-03    3.18448400e+00    5.35536538e+00   -1.45975280e-03   -4.98541042e-02
5526     1.83875277e-08   -3.55396927e-02    3.15780406e+00    5.37234606e+00    1.50673389e-02   -4.96976374e-02
5527     1.83908611e-08   -4.94246339e-02    3.14465055e+00    5.38442115e+00    2.57808259e-02   -4.95834632e-02
5528     1.83941944e-08   -4.44310448e-02    3.15004413e+00    5.38714539e+00    2.67538992e-02   -4.95535241e-02
5529     1.83975277e-08   -2.24663068e-02    3.17191215e+00    5.37953345e+00    1.76614547e-02   -4.96187094e-02
5530     1.84008611e-08    8.07979688e-03    3.20189312e+00    5.36436050e+00    1.83850260e-03   -4.97554485e-02
5531     1.84041944e-08    3.55396927e-02    3.22853757e+00    5.34729838e+00   -1.47918378e-02   -4.99127474e-02
5532     1.84075277e-08    4.94246339e-02    3.24167315e+00    5.33491752e+00   -2.58190040e-02   -5.00299882e-02
5533     1.84108611e-08    4.44310448e-02    3.23627875e+00    5.33209696e+00   -2.68828365e-02   -5.00608910e-02
5534     1.84141944e-08    2.24663068e-02    3.21440294e+00    5.33996606e+00   -1.75332040e-02   -4.99931380e-02
5535     1.84175277e-08   -8.07979688e-03    3.18439279e+00    5.35540578e+00   -1.46035993e-03   -4.98537458e-02
5536     1.84208611e-08   -3.55396927e-02    3.15771290e+00    5.37238655e+00    1.50668561e-02   -4.96972781e-02
5537     1.84241944e-08   -4.94246339e-02    3.14455943e+00    5.38446178e+00    2.57805075e-02   -4.95831025e-02
5538     1.84275277e-08   -4.44310448e-02    3.14995303e+00    5.38718613e+00    2.67537135e-02   -4.95531622e-02
5539     1.84308611e-08   -2.24663068e-02    3.17182108e+00    5.37957423e+00    1.76613219e-02   -4.96183471e-02
5540     1.84341944e-08    8.07979688e-03    3.20180209e+00    5.36440123e+00    1.83833267e-03   -4.97550866e-02
5541     1.84375277e-08    3.55396927e-02    3.22844659e+00    5.34733899e+00   -1.47921156e-02   -4.99123868e-02
5542     1.84408611e-08    4.94246339e-02    3.24158222e+00    5.33495796e+00   -2.58194261e-02   -5.00296292e-02
5543     1.84441944e-08    4.44310448e-02    3.23618788e+00    5.33213724e+00   -2.68833941e-02   -5.00605337e-02
5544     1.84475277e-08    2.24663068e-02    3.21431213e+00    5.34000622e+00   -1.75338353e-02   -4.99927817e-02
5545     1.84508611e-08   -8.07979688e-03    3.18430204e+00    5.35544593e+00   -1.46096342e-03   -4.98533897e-02
5546     1.84541944e-08   -3.55396927e-02    3.15762220e+00    5.37242679e+00    1.50663762e-02   -4.96969210e-02
5547     1.84575277e-08   -4.94246339e-02    3.14446876e+00    5.38450215e+00    2.57801911e-02   -4.95827441e-02
5548     1.84608611e-08   -4.44310448e-02    3.14986240e+00    5.38722661e+00    2.67535290e-02   -4.95528027e-02
5549     1.84641944e-08   -2.24663068e-02    3.17173048e+00    5.37961477e+00    1.76611901e-02   -4.96179871e-02
5550     1.84675277e-08    8.07979688e-03    3.20171151e+00    5.36444172e+00    1.83816418e-03   -4.97547271e-02
5551     1.84708611e-08    3.55396927e-02    3.22835606e+00    5.34737936e+00   -1.47923913e-02   -4.99120284e-02
5552     1.84741944e-08    4.94246339e-02    3.24149175e+00    5.33499816e+00   -2.58198452e-02   -5.00292725e-02
5553     1.84775277e-08    4.44310448e-02    3.23609746e+00    5.33217726e+00   -2.68839481e-02   -5.00601786e-02
5554     1.84808611e-08    2.24663068e-02    3.21422178e+00    5.34004614e+00   -1.75344627e-02   -4.99924277e-02
5555     1.84841944e-08   -8.07979688e-03    3.18421175e+00    5.35548584e+00   -1.46156328e-03   -4.98530358e-02
5556     1.84875277e-08   -3.55396927e-02    3.15753196e+00    5.37246678e+00    1.50658992e-02   -4.96965663e-02
5557     1.84908611e-08   -4.94246339e-02    3.14437856e+00    5.38454228e+00    2.57798766e-02   -4.95823879e-02
5558     1.84941944e-08   -4.44310448e-02    3.14977222e+00    5.38726686e+00    2.67533458e-02   -4.95524453e-02
5559     1.84975277e-08   -2.24663068e-02    3.17164032e+00    5.37965505e+00    1.76610594e-02   -4.96176293e-02
5560     1.85008611e-08    8.07979688e-03    3.20162140e+00    5.36448196e+00    1.83799713e-03   -4.97543697e-02
5561     1.85041944e-08    3.55396927e-02    3.22826598e+00    5.34741947e+00   -1.47926649e-02   -4.99116723e-02
5562     1.85075277e-08    4.94246339e-02    3.24140173e+00    5.33503811e+00   -2.58202615e-02   -5.00289180e-02
5563     1.85108611e-08    4.44310448e-02    3.23600751e+00    5.33221705e+00   -2.68844985e-02   -5.00598258e-02
5564     1.85141944e-08    2.24663068e-02    3.21413189e+00    5.34008581e+00   -1.75350862e-02   -4.99920760e-02
5565     1.85175277e-08   -8.07979688e-03    3.18412192e+00    5.35552549e+00   -1.46215955e-03   -4.98526841e-02
5566     1.85208611e-08   -3.55396927e-02    3.15744217e+00    5.37250652e+00    1.50654250e-02   -4.96962137e-02
5567     1.85241944e-08   -4.94246339e-02    3.14428880e+00    5.38458216e+00    2.57795641e-02   -4.95820340e-02
5568     1.85275277e-08   -4.44310448e-02    3.14968249e+00    5.38730685e+00    2.67531639e-02   -4.95520903e-02
5569     1.85308611e-08   -2.24663068e-02    3.17155063e+00    5.37969508e+00    1.76609299e-02   -4.96172738e-02
5570     1.85341944e-08    8.07979688e-03    3.20153173e+00    5.36452194e+00    1.83783150e-03   -4.97540147e-02
5571     1.85375277e-08    3.55396927e-02    3.22817637e+00    5.34745934e+00   -1.47929363e-02   -4.99113184e-02
5572     1.85408611e-08    4.94246339e-02    3.24131217e+00    5.33507781e+00   -2.58206748e-02   -5.00285658e-02
5573     1.85441944e-08    4.44310448e-02    3.23591800e+00    5.33225659e+00   -2.68850453e-02   -5.00594751e-02
5574     1.85475277e-08    2.24663068e-02    3.21404245e+00    5.34012523e+00   -1.75357059e-02   -4.99917264e-02
5575     1.85508611e-08   -8.07979688e-03    3.18403253e+00    5.35556491e+00   -1.46275223e-03   -4.98523347e-02
5576     1.85541944e-08   -3.55396927e-02    3.15735284e+00    5.37254602e+00    1.50649536e-02   -4.96958634e-02
5577     1.85575277e-08   -4.94246339e-02    3.14419950e+00    5.38462179e+00    2.57792534e-02   -4.95816823e-02
5578     1.85608611e-08   -4.44310448e-02    3.14959322e+00    5.38734660e+00    2.67529833e-02   -4.95517374e-02
5579     1.85641944e-08   -2.24663068e-02    3.17146138e+00    5.37973487e+00    1.76608014e-02   -4.96169206e-02
5580     1.85675277e-08    8.07979688e-03    3.20144252e+00    5.36456169e+00    1.83766728e-03   -4.97536618e-02
5581     1.85708611e-08    3.55396927e-02    3.22808720e+00    5.34749896e+00   -1.47932057e-02   -4.99109668e-02
5582     1.85741944e-08    4.94246339e-02    3.24122305e+00    5.33511728e+00   -2.58210853e-02   -5.00282157e-02
5583     1.85775277e-08    4.44310448e-02    3.23582895e+00    5.33229588e+00   -2.68855885e-02   -5.00591267e-02
5584     1.85808611e-08    2.24663068e-02    3.21395346e+00    5.34016442e+00   -1.75363217e-02   -4.99913791e-02
5585     1.85841944e-08   -8.07979688e-03    3.18394360e+00    5.35560408e+00   -1.46334137e-03   -4.98519874e-02
5586     1.85875277e-08   -3.55396927e-02    3.15726395e+00    5.37258528e+00    1.50644850e-02   -4.96955153e-02
5587     1.85908611e-08   -4.94246339e-02    3.14411065e+00    5.38466118e+00    2.57789447e-02   -4.95813328e-02
5588     1.85941944e-08   -4.44310448e-02    3.14950440e+00    5.38738610e+00    2.67528038e-02   -4.95513868e-02
5589     1.85975277e-08   -2.24663068e-02    3.17137258e+00    5.37977442e+00    1.76606740e-02   -4.96165695e-02
5590     1.86008611e-08    8.07979688e-03    3.20135376e+00    5.36460119e+00    1.83750446e-03   -4.97533112e-02
5591     1.86041944e-08    3.55396927e-02    3.22799848e+00    5.34753835e+00   -1.47934731e-02   -4.99106173e-02
5592     1.86075277e-08    4.94246339e-02    3.24113438e+00    5.33515649e+00   -2.58214929e-02   -5.00278679e-02
5593     1.86108611e-08    4.44310448e-02    3.23574034e+00    5.33233494e+00   -2.68861283e-02   -5.00587804e-02
5594     1.86141944e-08    2.24663068e-02    3.21386491e+00    5.34020336e+00   -1.75369337e-02   -4.99910339e-02
5595     1.86175277e-08   -8.07979688e-03    3.18385511e+00    5.35564301e+00   -1.46392697e-03   -4.98516424e-02
5596     1.86208611e-08   -3.55396927e-02    3.15717551e+00    5.37262429e+00    1.50640192e-02   -4.96951693e-02
5597     1.86241944e-08   -4.94246339e-02    3.14402225e+00    5.38470033e+00    2.57786378e-02   -4.95809856e-02
5598     1.86275277e-08   -4.44310448e-02    3.14941602e+00    5.38742536e+00    2.67526256e-02   -4.95510384e-02
5599     1.86308611e-08   -2.24663068e-02    3.17128424e+00    5.37981372e+00    1.76605476e-02   -4.96162207e-02
5600     1.86341944e-08    8.07979688e-03    3.20126544e+00    5.36464045e+00    1.83734304e-03   -4.97529628e-02
5601     1.86375277e-08    3.55396927e-02    3.22791021e+00    5.34757749e+00   -1.47937384e-02   -4.99102700e-02
5602     1.86408611e-08    4.94246339e-02    3.24104617e+00    5.33519547e+00   -2.58218976e-02   -5.00275222e-02
5603     1.86441944e-08    4.44310448e-02    3.23565218e+00    5.33237375e+00   -2.68866645e-02   -5.00584364e-02
5604     1.86475277e-08    2.24663068e-02    3.21377681e+00    5.34024207e+00   -1.75375420e-02   -4.99906909e-02
5605     1.86508611e-08   -8.07979688e-03    3.18376707e+00    5.35568170e+00   -1.46450906e-03   -4.98512995e-02
5606     1.86541944e-08   -3.55396927e-02    3.15708752e+00    5.37266307e+00    1.50635561e-02   -4.96948256e-02
5607     1.86575277e-08   -4.94246339e-02    3.14393429e+00    5.38473924e+00    2.57783328e-02   -4.95806404e-02
5608     1.86608611e-08   -4.44310448e-02    3.14932809e+00    5.38746438e+00    2.67524487e-02   -4.95506921e-02
5609     1.86641944e-08   -2.24663068e-02    3.17119633e+00    5.37985279e+00    1.76604223e-02   -4.96158740e-02
5610     1.86675277e-08    8.07979688e-03    3.20117757e+00    5.36467947e+00    1.83718299e-03   -4.97526166e-02
5611     1.86708611e-08    3.55396927e-02    3.22782238e+00    5.34761639e+00   -1.47940016e-02   -4.99099249e-02
5612     1.86741944e-08    4.94246339e-02    3.24095839e+00    5.33523421e+00   -2.58222996e-02   -5.00271787e-02
5613     1.86775277e-08    4.44310448e-02    3.23556447e+00    5.33241233e+00   -2.68871973e-02   -5.00580944e-02
5614     1.86808611e-08    2.24663068e-02    3.21368916e+00    5.34028054e+00   -1.75381464e-02   -4.99903500e-02
5615     1.86841944e-08   -8.07979688e-03    3.18367947e+00    5.35572016e+00   -1.46508765e-03   -4.98509587e-02
5616     1.86875277e-08   -3.55396927e-02    3.15699996e+00    5.37270161e+00    1.50630958e-02   -4.96944840e-02
5617     1.86908611e-08   -4.94246339e-02    3.14384677e+00    5.38477791e+00    2.57780297e-02   -4.95802975e-02
5618     1.86941944e-08   -4.44310448e-02    3.14924060e+00    5.38750316e+00    2.67522729e-02   -4.95503481e-02
5619     1.86975277e-08   -2.24663068e-02    3.17110887e+00    5.37989161e+00    1.76602981e-02   -4.96155295e-02
5620     1.87008611e-08    8.07979688e-03    3.20109014e+00    5.36471825e+00    1.83702431e-03   -4.97522725e-02
5621     1.87041944e-08    3.55396927e-02    3.22773499e+00    5.34765505e+00   -1.47942628e-02   -4.99095820e-02
5622     1.87075277e-08    4.94246339e-02    3.24087106e+00    5.33527272e+00   -2.58226987e-02   -5.00268373e-02
5623     1.87108611e-08    4.44310448e-02    3.23547719e+00    5.33245067e+00   -2.68877266e-02   -5.00577547e-02
5624     1.87141944e-08    2.24663068e-02    3.21360195e+00    5.34031877e+00   -1.75387472e-02   -4.99900113e-02
5625     1.87175277e-08   -8.07979688e-03    3.18359232e+00    5.35575837e+00   -1.46566278e-03   -4.98506201e-02
5626     1.87208611e-08   -3.55396927e-02    3.15691285e+00    5.37273991e+00    1.50626382e-02   -4.96941445e-02
5627     1.87241944e-08   -4.94246339e-02    3.14375970e+00    5.38481634e+00    2.57777284e-02   -4.95799567e-02
5628     1.87275277e-08   -4.44310448e-02    3.14915355e+00    5.38754171e+00    2.67520984e-02   -4.95500061e-02
5629     1.87308611e-08   -2.24663068e-02    3.17102185e+00    5.37993019e+00    1.76601749e-02   -4.96151871e-02
5630     1.87341944e-08    8.07979688e-03    3.20100315e+00    5.36475679e+00    1.83686699e-03   -4.97519306e-02
5631     1.87375277e-08    3.55396927e-02    3.22764804e+00    5.34769348e+00   -1.47945220e-02   -4.99092412e-02
5632     1.87408611e-08    4.94246339e-02    3.24078416e+00    5.33531098e+00   -2.58230951e-02   -5.00264981e-02
5633     1.87441944e-08    4.44310448e-02    3.23539036e+00    5.33248878e+00   -2.68882525e-02   -5.00574170e-02
5634     1.87475277e-08    2.24663068e-02    3.21351517e+00    5.34035677e+00   -1.75393442e-02   -4.99896747e-02
5635     1.87508611e-08   -8.07979688e-03    3.18350560e+00    5.35579636e+00   -1.46623446e-03   -4.98502836e-02
5636     1.87541944e-08   -3.55396927e-02    3.15682618e+00    5.37277798e+00    1.50621834e-02   -4.96938072e-02
5637     1.87575277e-08   -4.94246339e-02    3.14367306e+00    5.38485454e+00    2.57774289e-02   -4.95796181e-02
5638     1.87608611e-08   -4.44310448e-02    3.14906694e+00    5.38758002e+00    2.67519250e-02   -4.95496664e-02
5639     1.87641944e-08   -2.24663068e-02    3.17093526e+00    5.37996854e+00    1.76600527e-02   -4.96148469e-02
5640     1.87675277e-08    8.07979688e-03    3.20091660e+00    5.36479509e+00    1.83671101e-03   -4.97515908e-02
5641     1.87708611e-08    3.55396927e-02    3.22756153e+00    5.34773167e+00   -1.47947792e-02   -4.99089026e-02
5642     1.87741944e-08    4.94246339e-02    3.24069770e+00    5.33534902e+00   -2.58234887e-02   -5.00261610e-02
5643     1.87775277e-08    4.44310448e-02    3.23530396e+00    5.33252665e+00   -2.68887750e-02   -5.00570815e-02
5644     1.87808611e-08    2.24663068e-02    3.21342883e+00    5.34039453e+00   -1.75399376e-02   -4.99893402e-02
5645     1.87841944e-08   -8.07979688e-03    3.18341932e+00    5.35583411e+00   -1.46680271e-03   -4.98499492e-02
5646     1.87875277e-08   -3.55396927e-02    3.15673994e+00    5.37281581e+00    1.50617312e-02   -4.96934719e-02
5647     1.87908611e-08   -4.94246339e-02    3.14358686e+00    5.38489250e+00    2.57771313e-02   -4.95792815e-02
5648     1.87941944e-08   -4.44310448e-02    3.14898076e+00    5.38761809e+00    2.67517529e-02   -4.95493287e-02
5649     1.87975277e-08   -2.24663068e-02    3.17084911e+00    5.38000666e+00    1.76599316e-02   -4.96145089e-02
5650     1.88008611e-08    8.07979688e-03    3.20083048e+00    5.36483317e+00    1.83655638e-03   -4.97512531e-02
5651     1.88041944e-08    3.55396927e-02    3.22747546e+00    5.34776962e+00   -1.47950345e-02   -4.99085660e-02
5652     1.88075277e-08    4.94246339e-02    3.24061168e+00    5.33538682e+00   -2.58238796e-02   -5.00258260e-02
5653     1.88108611e-08    4.44310448e-02    3.23521799e+00    5.33256430e+00   -2.68892941e-02   -5.00567480e-02
5654     1.88141944e-08    2.24663068e-02    3.21334293e+00    5.34043207e+00   -1.75405273e-02   -4.99890079e-02
5655     1.88175277e-08   -8.07979688e-03    3.18333347e+00    5.35587163e+00   -1.46736756e-03   -4.98496169e-02
5656     1.88208611e-08   -3.55396927e-02    3.15665414e+00    5.37285341e+00    1.50612818e-02   -4.96931388e-02
5657     1.88241944e-08   -4.94246339e-02    3.14350109e+00    5.38493024e+00    2.57768355e-02   -4.95789471e-02
5658     1.88275277e-08   -4.44310448e-02    3.14889502e+00    5.38765593e+00    2.67515820e-02   -4.95489932e-02
5659     1.88308611e-08   -2.24663068e-02    3.17076340e+00    5.38004454e+00    1.76598115e-02   -4.96141729e-02
5660     1.88341944e-08    8.07979688e-03    3.20074480e+00    5.36487100e+00    1.83640307e-03   -4.97509176e-02
5661     1.88375277e-08    3.55396927e-02    3.22738982e+00    5.34780735e+00   -1.47952878e-02   -4.99082316e-02
5662     1.88408611e-08    4.94246339e-02    3.24052609e+00    5.33542439e+00   -2.58242678e-02   -5.00254931e-02
5663     1.88441944e-08    4.44310448e-02    3.23513246e+00    5.33260171e+00   -2.68898098e-02   -5.00564167e-02
5664     1.88475277e-08    2.24663068e-02    3.21325746e+00    5.34046937e+00   -1.75411133e-02   -4.99886775e-02
5665     1.88508611e-08   -8.07979688e-03    3.18324805e+00    5.35590892e+00   -1.46792902e-03   -4.98492867e-02
5666     1.88541944e-08   -3.55396927e-02    3.15656877e+00    5.37289078e+00    1.50608350e-02   -4.96928078e-02
5667     1.88575277e-08   -4.94246339e-02    3.14341575e+00    5.38496774e+00    2.57765415e-02   -4.95786148e-02
5668     1.88608611e-08   -4.44310448e-02    3.14880971e+00    5.38769354e+00    2.67514122e-02   -4.95486598e-02
5669     1.88641944e-08   -2.24663068e-02    3.17067811e+00    5.38008219e+00    1.76596924e-02   -4.96138391e-02
5670     1.88675277e-08    8.07979688e-03    3.20065955e+00    5.36490861e+00    1.83625107e-03   -4.97505841e-02
5671     1.88708611e-08    3.55396927e-02    3.22730461e+00    5.34784485e+00   -1.47955391e-02   -4.99078992e-02
5672     1.88741944e-08    4.94246339e-02    3.24044093e+00    5.33546173e+00   -2.58246532e-02   -5.00251623e-02
5673     1.88775277e-08    4.44310448e-02    3.23504736e+00    5.33263889e+00   -2.68903222e-02   -5.00560874e-02
5674     1.88808611e-08    2.24663068e-02    3.21317241e+00    5.34050645e+00   -1.75416957e-02   -4.99883493e-02
5675     1.88841944e-08   -8.07979688e-03    3.18316306e+00    5.35594599e+00   -1.46848711e-03   -4.98489586e-02
5676     1.88875277e-08   -3.55396927e-02    3.15648383e+00    5.37292793e+00    1.50603908e-02   -4.96924788e-02
5677     1.88908611e-08   -4.94246339e-02    3.14333084e+00    5.38500501e+00    2.57762493e-02   -4.95782845e-02
5678     1.88941944e-08   -4.44310448e-02    3.14872483e+00    5.38773092e+00    2.67512436e-02   -4.95483284e-02
5679     1.88975277e-08   -2.24663068e-02    3.17059325e+00    5.38011961e+00    1.76595743e-02   -4.96135073e-02
5680     1.89008611e-08    8.07979688e-03    3.20057472e+00    5.36494599e+00    1.83610038e-03   -4.97502527e-02
5681     1.89041944e-08    3.55396927e-02    3.22721982e+00    5.34788211e+00   -1.47957885e-02   -4.99075690e-02
5682     1.89075277e-08    4.94246339e-02    3.24035620e+00    5.33549884e+00   -2.58250360e-02   -5.00248335e-02
5683     1.89108611e-08    4.44310448e-02    3.23496268e+00    5.33267585e+00   -2.68908312e-02   -5.00557602e-02
5684     1.89141944e-08    2.24663068e-02    3.21308780e+00    5.34054330e+00   -1.75422746e-02   -4.99880231e-02
5685     1.89175277e-08   -8.07979688e-03    3.18307850e+00    5.35598282e+00   -1.46904186e-03   -4.98486325e-02
5686     1.89208611e-08   -3.55396927e-02    3.15639931e+00    5.37296484e+00    1.50599493e-02   -4.96921519e-02
5687     1.89241944e-08   -4.94246339e-02    3.14324636e+00    5.38504205e+00    2.57759589e-02   -4.95779563e-02
5688     1.89275277e-08   -4.44310448e-02    3.14864037e+00    5.38776807e+00    2.67510762e-02   -4.95479991e-02
5689     1.89308611e-08   -2.24663068e-02    3.17050882e+00    5.38015680e+00    1.76594572e-02   -4.96131776e-02
5690     1.89341944e-08    8.07979688e-03    3.20049032e+00    5.36498314e+00    1.83595099e-03   -4.97499234e-02
5691     1.89375277e-08    3.55396927e-02    3.22713547e+00    5.34791915e+00   -1.47960360e-02   -4.99072408e-02
5692     1.89408611e-08    4.94246339e-02    3.24027189e+00    5.33553572e+00   -2.58254161e-02   -5.00245068e-02
5693     1.89441944e-08    4.44310448e-02    3.23487844e+00    5.33271258e+00   -2.68913370e-02   -5.00554350e-02
5694     1.89475277e-08    2.24663068e-02    3.21300361e+00    5.34057992e+00   -1.75428498e-02   -4.99876990e-02
5695     1.89508611e-08   -8.07979688e-03    3.18299437e+00    5.35601943e+00   -1.46959329e-03   -4.98483085e-02
5696     1.89541944e-08   -3.55396927e-02    3.15631522e+00    5.37300153e+00    1.50595104e-02   -4.96918271e-02
5697     1.89575277e-08   -4.94246339e-02    3.14316230e+00    5.38507887e+00    2.57756703e-02   -4.95776302e-02
5698     1.89608611e-08   -4.44310448e-02    3.14855634e+00    5.38780499e+00    2.67509099e-02   -4.95476719e-02
5699     1.89641944e-08   -2.24663068e-02    3.17042482e+00    5.38019376e+00    1.76593411e-02   -4.96128499e-02
5700     1.89675277e-08    8.07979688e-03    3.20040635e+00    5.36502006e+00    1.83580288e-03   -4.97495962e-02
5701     1.89708611e-08    3.55396927e-02    3.22705153e+00    5.34795596e+00   -1.47962815e-02   -4.99069146e-02
5702     1.89741944e-08    4.94246339e-02    3.24018801e+00    5.33557238e+00   -2.58257936e-02   -5.00241822e-02
5703     1.89775277e-08    4.44310448e-02    3.23479461e+00    5.33274908e+00   -2.68918395e-02   -5.00551119e-02
5704     1.89808611e-08    2.24663068e-02    3.21291984e+00    5.34061633e+00   -1.75434215e-02   -4.99873768e-02
5705     1.89841944e-08   -8.07979688e-03    3.18291065e+00    5.35605582e+00   -1.47014141e-03   -4.98479865e-02
5706     1.89875277e-08   -3.55396927e-02    3.15623155e+00    5.37303800e+00    1.50590742e-02   -4.96915042e-02
5707     1.89908611e-08   -4.94246339e-02    3.14307867e+00    5.38511546e+00    2.57753834e-02   -4.95773061e-02
5708     1.89941944e-08   -4.44310448e-02    3.14847273e+00    5.38784169e+00    2.67507447e-02   -4.95473467e-02
5709     1.89975277e-08   -2.24663068e-02    3.17034124e+00    5.38023050e+00    1.76592259e-02   -4.96125243e-02
5710     1.90008611e-08    8.07979688e-03    3.20032280e+00    5.36505676e+00    1.83565605e-03   -4.97492710e-02
5711     1.90041944e-08    3.55396927e-02    3.22696802e+00    5.34799255e+00   -1.47965252e-02   -4.99065905e-02
5712     1.90075277e-08    4.94246339e-02    3.24010455e+00    5.33560882e+00   -2.58261684e-02   -5.00238595e-02
5713     1.90108611e-08    4.44310448e-02    3.23471121e+00    5.33278537e+00   -2.68923387e-02   -5.00547907e-02
5714     1.90141944e-08    2.24663068e-02    3.21283649e+00    5.34065250e+00   -1.75439897e-02   -4.99870567e-02
5715     1.90175277e-08   -8.07979688e-03    3.18282736e+00    5.35609198e+00   -1.47068625e-03   -4.98476665e-02
5716     1.90208611e-08   -3.55396927e-02    3.15614830e+00    5.37307424e+00    1.50586405e-02   -4.96911834e-02
5717     1.90241944e-08   -4.94246339e-02    3.14299545e+00    5.38515183e+00    2.57750983e-02   -4.95769840e-02
5718     1.90275277e-08   -4.44310448e-02    3.14838954e+00    5.38787816e+00    2.67505808e-02   -4.95470236e-02
5719     1.90308611e-08   -2.24663068e-02    3.17025807e+00    5.38026702e+00    1.76591118e-02   -4.96122008e-02
5720     1.90341944e-08    8.07979688e-03    3.20023967e+00    5.36509324e+00    1.83551049e-03   -4.97489478e-02
5721     1.90375277e-08    3.55396927e-02    3.22688493e+00    5.34802892e+00   -1.47967670e-02   -4.99062683e-02
5722     1.90408611e-08    4.94246339e-02    3.24002151e+00    5.33564503e+00   -2.58265406e-02   -5.00235389e-02
5723     1.90441944e-08    4.44310448e-02    3.23462822e+00    5.33282143e+00   -2.68928347e-02   -5.00544716e-02
5724     1.90475277e-08    2.24663068e-02    3.21275357e+00    5.34068846e+00   -1.75445544e-02   -4.99867386e-02
5725     1.90508611e-08   -8.07979688e-03    3.18274449e+00    5.35612793e+00   -1.47122782e-03   -4.98473485e-02
5726     1.90541944e-08   -3.55396927e-02    3.15606547e+00    5.37311027e+00    1.50582093e-02   -4.96908646e-02
5727     1.90575277e-08   -4.94246339e-02    3.14291265e+00    5.38518797e+00    2.57748150e-02   -4.95766640e-02
5728     1.90608611e-08   -4.44310448e-02    3.14830677e+00    5.38791442e+00    2.67504179e-02   -4.95467025e-02
5729     1.90641944e-08   -2.24663068e-02    3.17017533e+00    5.38030331e+00    1.76589986e-02   -4.96118792e-02
5730     1.90675277e-08    8.07979688e-03    3.20015695e+00    5.36512949e+00    1.83536618e-03   -4.97486266e-02
5731     1.90708611e-08    3.55396927e-02    3.22680226e+00    5.34806506e+00   -1.47970070e-02   -4.99059482e-02
5732     1.90741944e-08    4.94246339e-02    3.23993888e+00    5.33568103e+00   -2.58269103e-02   -5.00232203e-02
5733     1.90775277e-08    4.44310448e-02    3.23454565e+00    5.33285727e+00   -2.68933275e-02   -5.00541545e-02
5734     1.90808611e-08    2.24663068e-02    3.21267106e+00    5.34072420e+00   -1.75451156e-02   -4.99864225e-02
5735     1.90841944e-08   -8.07979688e-03    3.18266203e+00    5.35616365e+00   -1.47176616e-03   -4.98470324e-02
5736     1.90875277e-08   -3.55396927e-02    3.15598306e+00    5.37314607e+00    1.50577808e-02   -4.96905478e-02
5737     1.90908611e-08   -4.94246339e-02    3.14283027e+00    5.38522390e+00    2.57745333e-02   -4.95763459e-02
5738     1.90941944e-08   -4.44310448e-02    3.14822442e+00    5.38795045e+00    2.67502562e-02   -4.95463833e-02
5739     1.90975277e-08   -2.24663068e-02    3.17009300e+00    5.38033938e+00    1.76588864e-02   -4.96115597e-02
5740     1.91008611e-08    8.07979688e-03    3.20007465e+00    5.36516552e+00    1.83522311e-03   -4.97483074e-02
5741     1.91041944e-08    3.55396927e-02    3.22672000e+00    5.34810099e+00   -1.47972451e-02   -4.99056301e-02
5742     1.91075277e-08    4.94246339e-02    3.23985667e+00    5.33571680e+00   -2.58272773e-02   -5.00229036e-02
5743     1.91108611e-08    4.44310448e-02    3.23446350e+00    5.33289289e+00   -2.68938171e-02   -5.00538393e-02
5744     1.91141944e-08    2.24663068e-02    3.21258896e+00    5.34075972e+00   -1.75456733e-02   -4.99861083e-02
5745     1.91175277e-08   -8.07979688e-03    3.18257999e+00    5.35619916e+00   -1.47230126e-03   -4.98467184e-02
5746     1.91208611e-08   -3.55396927e-02    3.15590106e+00    5.37318165e+00    1.50573548e-02   -4.96902329e-02
5747     1.91241944e-08   -4.94246339e-02    3.14274831e+00    5.38525960e+00    2.57742534e-02   -4.95760298e-02
5748     1.91275277e-08   -4.44310448e-02    3.14814248e+00    5.38798626e+00    2.67500956e-02   -4.95460662e-02
5749     1.91308611e-08   -2.24663068e-02    3.17001108e+00    5.38037523e+00    1.76587751e-02   -4.96112421e-02
5750     1.91341944e-08    8.07979688e-03    3.19999277e+00    5.36520134e+00    1.83508128e-03   -4.97479903e-02
5751     1.91375277e-08    3.55396927e-02    3.22663816e+00    5.34813669e+00   -1.47974813e-02   -4.99053140e-02
5752     1.91408611e-08    4.94246339e-02    3.23977488e+00    5.33575236e+00   -2.58276418e-02   -5.00225889e-02
5753     1.91441944e-08    4.44310448e-02    3.23438176e+00    5.33292830e+00   -2.68943036e-02   -5.00535261e-02
5754     1.91475277e-08    2.24663068e-02    3.21250728e+00    5.34079503e+00   -1.75462276e-02   -4.99857961e-02
5755     1.91508611e-08   -8.07979688e-03    3.18249835e+00    5.35623445e+00   -1.47283317e-03   -4.98464063e-02
5756     1.91541944e-08   -3.55396927e-02    3.15581947e+00    5.37321702e+00    1.50569313e-02   -4.96899201e-02
5757     1.91575277e-08   -4.94246339e-02    3.14266675e+00    5.38529509e+00    2.57739752e-02   -4.95757157e-02
5758     1.91608611e-08   -4.44310448e-02    3.14806095e+00    5.38802185e+00    2.67499361e-02   -4.95457510e-02
5759     1.91641944e-08   -2.24663068e-02    3.16992958e+00    5.38041087e+00    1.76586648e-02   -4.96109265e-02
5760     1.91675277e-08    8.07979688e-03    3.19991129e+00    5.36523693e+00    1.83494068e-03   -4.97476751e-02
5761     1.91708611e-08    3.55396927e-02    3.22655672e+00    5.34817218e+00   -1.47977158e-02   -4.99049998e-02
5762     1.91741944e-08    4.94246339e-02    3.23969349e+00    5.33578770e+00   -2.58280038e-02   -5.00222762e-02
5763     1.91775277e-08    4.44310448e-02    3.23430043e+00    5.33296349e+00   -2.68947868e-02   -5.00532149e-02
5764     1.91808611e-08    2.24663068e-02    3.21242600e+00    5.34083012e+00   -1.75467785e-02   -4.99854858e-02
5765     1.91841944e-08   -8.07979688e-03    3.18241713e+00    5.35626953e+00   -1.47336189e-03   -4.98460962e-02
5766     1.91875277e-08   -3.55396927e-02    3.15573829e+00    5.37325217e+00    1.50565103e-02   -4.96896091e-02
5767     1.91908611e-08   -4.94246339e-02    3.14258561e+00    5.38533037e+00    2.57736987e-02   -4.95754035e-02
5768     1.91941944e-08   -4.44310448e-02    3.14797983e+00    5.38805723e+00    2.67497777e-02   -4.95454378e-02
5769     1.91975277e-08   -2.24663068e-02    3.16984848e+00    5.38044628e+00    1.76585554e-02   -4.96106129e-02
5770     1.92008611e-08    8.07979688e-03    3.19983023e+00    5.36527231e+00    1.83480129e-03   -4.97473618e-02
5771     1.92041944e-08    3.55396927e-02    3.22647570e+00    5.34820745e+00   -1.47979484e-02   -4.99046876e-02
5772     1.92075277e-08    4.94246339e-02    3.23961252e+00    5.33582283e+00   -2.58283633e-02   -5.00219655e-02
5773     1.92108611e-08    4.44310448e-02    3.23421951e+00    5.33299847e+00   -2.68952670e-02   -5.00529055e-02
5774     1.92141944e-08    2.24663068e-02    3.21234514e+00    5.34086499e+00   -1.75473260e-02   -4.99851775e-02
5775     1.92175277e-08   -8.07979688e-03    3.18233632e+00    5.35630439e+00   -1.47388744e-03   -4.98457879e-02
5776     1.92208611e-08   -3.55396927e-02    3.15565752e+00    5.37328711e+00    1.50560918e-02   -4.96893001e-02
5777     1.92241944e-08   -4.94246339e-02    3.14250487e+00    5.38536543e+00    2.57734239e-02   -4.95750933e-02
5778     1.92275277e-08   -4.44310448e-02    3.14789911e+00    5.38809239e+00    2.67496204e-02   -4.95451265e-02
5779     1.92308611e-08   -2.24663068e-02    3.16976779e+00    5.38048149e+00    1.76584469e-02   -4.96103013e-02
5780     1.92341944e-08    8.07979688e-03    3.19974957e+00    5.36530747e+00    1.83466311e-03   -4.97470505e-02
5781     1.92375277e-08    3.55396927e-02    3.22639508e+00    5.34824251e+00   -1.47981792e-02   -4.99043773e-02
5782     1.92408611e-08    4.94246339e-02    3.23953195e+00    5.33585774e+00   -2.58287202e-02   -5.00216566e-02
5783     1.92441944e-08    4.44310448e-02    3.23413899e+00    5.33303324e+00   -2.68957441e-02   -5.00525982e-02
5784     1.92475277e-08    2.24663068e-02    3.21226468e+00    5.34089966e+00   -1.75478701e-02   -4.99848711e-02
5785     1.92508611e-08   -8.07979688e-03    3.18225591e+00    5.35633904e+00   -1.47440985e-03   -4.98454816e-02
5786     1.92541944e-08   -3.55396927e-02    3.15557716e+00    5.37332183e+00    1.50556758e-02   -4.96889931e-02
5787     1.92575277e-08   -4.94246339e-02    3.14242453e+00    5.38540027e+00    2.57731507e-02   -4.95747850e-02
5788     1.92608611e-08   -4.44310448e-02    3.14781881e+00    5.38812734e+00    2.67494641e-02   -4.95448172e-02
5789     1.92641944e-08   -2.24663068e-02    3.16968751e+00    5.38051647e+00    1.76583394e-02   -4.96099915e-02
5790     1.92675277e-08    8.07979688e-03    3.19966932e+00    5.36534242e+00    1.83452612e-03   -4.97467411e-02
5791     1.92708611e-08    3.55396927e-02    3.22631486e+00    5.34827736e+00   -1.47984083e-02   -4.99040690e-02
5792     1.92741944e-08    4.94246339e-02    3.23945178e+00    5.33589244e+00   -2.58290747e-02   -5.00213497e-02
5793     1.92775277e-08    4.44310448e-02    3.23405888e+00    5.33306779e+00   -2.68962180e-02   -5.00522927e-02
5794     1.92808611e-08    2.24663068e-02    3.21218462e+00    5.34093411e+00   -1.75484108e-02   -4.99845666e-02
5795     1.92841944e-08   -8.07979688e-03    3.18217591e+00    5.35637348e+00   -1.47492914e-03   -4.98451773e-02
5796     1.92875277e-08   -3.55396927e-02    3.15549720e+00    5.37335635e+00    1.50552623e-02   -4.96886879e-02
5797     1.92908611e-08   -4.94246339e-02    3.14234460e+00    5.38543490e+00    2.57728793e-02   -4.95744787e-02
5798     1.92941944e-08   -4.44310448e-02    3.14773890e+00    5.38816207e+00    2.67493090e-02   -4.95445098e-02
5799     1.92975277e-08   -2.24663068e-02    3.16960763e+00    5.38055125e+00    1.76582328e-02   -4.96096837e-02
5800     1.93008611e-08    8.07979688e-03    3.19958947e+00    5.36537716e+00    1.83439033e-03   -4.97464337e-02
5801     1.93041944e-08    3.55396927e-02    3.22623505e+00    5.34831199e+00   -1.47986356e-02   -4.99037626e-02
5802     1.93075277e-08    4.94246339e-02    3.23937202e+00    5.33592693e+00   -2.58294267e-02   -5.00210447e-02
5803     1.93108611e-08    4.44310448e-02    3.23397917e+00    5.33310213e+00   -2.68966889e-02   -5.00519891e-02
5804     1.93141944e-08    2.24663068e-02    3.21210496e+00    5.34096835e+00   -1.75489483e-02   -4.99842640e-02
5805     1.93175277e-08   -8.07979688e-03    3.18209630e+00    5.35640771e+00   -1.47544531e-03   -4.98448748e-02
5806     1.93208611e-08   -3.55396927e-02    3.15541763e+00    5.37339065e+00    1.50548512e-02   -4.96883847e-02
5807     1.93241944e-08   -4.94246339e-02    3.14226507e+00    5.38546933e+00    2.57726095e-02   -4.95741742e-02
5808     1.93275277e-08   -4.44310448e-02    3.14765940e+00    5.38819660e+00    2.67491550e-02   -4.95442043e-02
5809     1.93308611e-08   -2.24663068e-02    3.16952815e+00    5.38058581e+00    1.76581270e-02   -4.96093778e-02
5810     1.93341944e-08    8.07979688e-03    3.19951002e+00    5.36541169e+00    1.83425571e-03   -4.97461281e-02
5811     1.93375277e-08    3.55396927e-02    3.22615564e+00    5.34834642e+00   -1.47988611e-02   -4.99034580e-02
5812     1.93408611e-08    4.94246339e-02    3.23929265e+00    5.33596121e+00   -2.58297763e-02   -5.00207416e-02
5813     1.93441944e-08    4.44310448e-02    3.23389986e+00    5.33313627e+00   -2.68971568e-02   -5.00516874e-02
5814     1.93475277e-08    2.24663068e-02    3.21202571e+00    5.34100239e+00   -1.75494824e-02   -4.99839633e-02
5815     1.93508611e-08   -8.07979688e-03    3.18201710e+00    5.35644173e+00   -1.47595840e-03   -4.98445742e-02
5816     1.93541944e-08   -3.55396927e-02    3.15533847e+00    5.37342475e+00    1.50544426e-02   -4.96880833e-02
5817     1.93575277e-08   -4.94246339e-02    3.14218594e+00    5.38550354e+00    2.57723413e-02   -4.95738716e-02
5818     1.93608611e-08   -4.44310448e-02    3.14758029e+00    5.38823091e+00    2.67490020e-02   -4.95439007e-02
5819     1.93641944e-08   -2.24663068e-02    3.16944907e+00    5.38062016e+00    1.76580222e-02   -4.96090738e-02
5820     1.93675277e-08    8.07979688e-03    3.19943097e+00    5.36544600e+00    1.83412226e-03   -4.97458245e-02
5821     1.93708611e-08    3.55396927e-02    3.22607663e+00    5.34838063e+00   -1.47990849e-02   -4.99031554e-02
5822     1.93741944e-08    4.94246339e-02    3.23921369e+00    5.33599529e+00   -2.58301234e-02   -5.00204403e-02
5823     1.93775277e-08    4.44310448e-02    3.23382095e+00    5.33317020e+00   -2.68976216e-02   -5.00513876e-02
5824     1.93808611e-08    2.24663068e-02    3.21194685e+00    5.34103622e+00   -1.75500132e-02   -4.99836644e-02
5825     1.93841944e-08   -8.07979688e-03    3.18193829e+00    5.35647554e+00   -1.47646843e-03   -4.98442754e-02
5826     1.93875277e-08   -3.55396927e-02    3.15525971e+00    5.37345864e+00    1.50540363e-02   -4.96877838e-02
5827     1.93908611e-08   -4.94246339e-02    3.14210721e+00    5.38553754e+00    2.57720748e-02   -4.95735710e-02
5828     1.93941944e-08   -4.44310448e-02    3.14750158e+00    5.38826502e+00    2.67488500e-02   -4.95435990e-02
5829     1.93975277e-08   -2.24663068e-02    3.16937038e+00    5.38065431e+00    1.76579183e-02   -4.96087717e-02
5830     1.94008611e-08    8.07979688e-03    3.19935231e+00    5.36548011e+00    1.83398996e-03   -4.97455227e-02
5831     1.94041944e-08    3.55396927e-02    3.22599801e+00    5.34841464e+00   -1.47993070e-02   -4.99028546e-02
5832     1.94075277e-08    4.94246339e-02    3.23913512e+00    5.33602915e+00   -2.58304681e-02   -5.00201409e-02
5833     1.94108611e-08    4.44310448e-02    3.23374243e+00    5.33320392e+00   -2.68980835e-02   -5.00510896e-02
5834     1.94141944e-08    2.24663068e-02    3.21186839e+00    5.34106984e+00   -1.75505408e-02   -4.99833674e-02
5835     1.94175277e-08   -8.07979688e-03    3.18185988e+00    5.35650915e+00   -1.47697540e-03   -4.98439785e-02
5836     1.94208611e-08   -3.55396927e-02    3.15518134e+00    5.37349232e+00    1.50536325e-02   -4.96874862e-02
5837     1.94241944e-08   -4.94246339e-02    3.14202887e+00    5.38557134e+00    2.57718099e-02   -4.95732721e-02
5838     1.94275277e-08   -4.44310448e-02    3.14742327e+00    5.38829892e+00    2.67486991e-02   -4.95432992e-02
5839     1.94308611e-08   -2.24663068e-02    3.16929209e+00    5.38068825e+00    1.76578153e-02   -4.96084715e-02
5840     1.94341944e-08    8.07979688e-03    3.19927405e+00    5.36551402e+00    1.83385882e-03   -4.97452228e-02
5841     1.94375277e-08    3.55396927e-02    3.22591979e+00    5.34844844e+00   -1.47995274e-02   -4.99025557e-02
5842     1.94408611e-08    4.94246339e-02    3.23905694e+00    5.33606281e+00   -2.58308105e-02   -5.00198434e-02
5843     1.94441944e-08    4.44310448e-02    3.23366431e+00    5.33323744e+00   -2.68985423e-02   -5.00507935e-02
5844     1.94475277e-08    2.24663068e-02    3.21179032e+00    5.34110326e+00   -1.75510651e-02   -4.99830722e-02
5845     1.94508611e-08   -8.07979688e-03    3.18178186e+00    5.35654256e+00   -1.47747934e-03   -4.98436835e-02
5846     1.94541944e-08   -3.55396927e-02    3.15510336e+00    5.37352580e+00    1.50532311e-02   -4.96871904e-02
5847     1.94575277e-08   -4.94246339e-02    3.14195093e+00    5.38560494e+00    2.57715466e-02   -4.95729752e-02
5848     1.94608611e-08   -4.44310448e-02    3.14734535e+00    5.38833261e+00    2.67485493e-02   -4.95430012e-02
5849     1.94641944e-08   -2.24663068e-02    3.16921420e+00    5.38072198e+00    1.76577131e-02   -4.96081731e-02
5850     1.94675277e-08    8.07979688e-03    3.19919619e+00    5.36554771e+00    1.83372881e-03   -4.97449248e-02
5851     1.94708611e-08    3.55396927e-02    3.22584196e+00    5.34848204e+00   -1.47997460e-02   -4.99022586e-02
5852     1.94741944e-08    4.94246339e-02    3.23897916e+00    5.33609627e+00   -2.58311504e-02   -5.00195477e-02
5853     1.94775277e-08    4.44310448e-02    3.23358658e+00    5.33327075e+00   -2.68989982e-02   -5.00504992e-02
5854     1.94808611e-08    2.24663068e-02    3.21171265e+00    5.34113648e+00   -1.75515862e-02   -4.99827789e-02
5855     1.94841944e-08   -8.07979688e-03    3.18170424e+00    5.35657576e+00   -1.47798027e-03   -4.98433903e-02
5856     1.94875277e-08   -3.55396927e-02    3.15502578e+00    5.37355907e+00    1.50528321e-02   -4.96868964e-02
5857     1.94908611e-08   -4.94246339e-02    3.14187337e+00    5.38563833e+00    2.57712849e-02   -4.95726800e-02
5858     1.94941944e-08   -4.44310448e-02    3.14726782e+00    5.38836610e+00    2.67484005e-02   -4.95427051e-02
5859     1.94975277e-08   -2.24663068e-02    3.16913669e+00    5.38075551e+00    1.76576118e-02   -4.96078765e-02
5860     1.95008611e-08    8.07979688e-03    3.19911871e+00    5.36558121e+00    1.83359994e-03   -4.97446286e-02
5861     1.95041944e-08    3.55396927e-02    3.22576452e+00    5.34851543e+00   -1.47999630e-02   -4.99019634e-02
5862     1.95075277e-08    4.94246339e-02    3.23890177e+00    5.33612952e+00   -2.58314880e-02   -5.00192539e-02
5863     1.95108611e-08    4.44310448e-02    3.23350924e+00    5.33330386e+00   -2.68994511e-02   -5.00502068e-02
5864     1.95141944e-08    2.24663068e-02    3.21163536e+00    5.34116949e+00   -1.75521040e-02   -4.99824874e-02
5865     1.95175277e-08   -8.07979688e-03    3.18162700e+00    5.35660876e+00   -1.47847821e-03   -4.98430989e-02
5866     1.95208611e-08   -3.55396927e-02    3.15494858e+00    5.37359214e+00    1.50524354e-02   -4.96866043e-02
5867     1.95241944e-08   -4.94246339e-02    3.14179621e+00    5.38567151e+00    2.57710249e-02   -4.95723867e-02
5868     1.95275277e-08   -4.44310448e-02    3.14719068e+00    5.38839939e+00    2.67482527e-02   -4.95424108e-02
5869     1.95308611e-08   -2.24663068e-02    3.16905957e+00    5.38078884e+00    1.76575114e-02   -4.96075819e-02
5870     1.95341944e-08    8.07979688e-03    3.19904162e+00    5.36561450e+00    1.83347219e-03   -4.97443342e-02
5871     1.95375277e-08    3.55396927e-02    3.22568747e+00    5.34854862e+00   -1.48001783e-02   -4.99016700e-02
5872     1.95408611e-08    4.94246339e-02    3.23882476e+00    5.33616258e+00   -2.58318232e-02   -5.00189618e-02
5873     1.95441944e-08    4.44310448e-02    3.23343228e+00    5.33333678e+00   -2.68999012e-02   -5.00499161e-02
5874     1.95475277e-08    2.24663068e-02    3.21155846e+00    5.34120231e+00   -1.75526187e-02   -4.99821977e-02
5875     1.95508611e-08   -8.07979688e-03    3.18155015e+00    5.35664157e+00   -1.47897317e-03   -4.98428093e-02
5876     1.95541944e-08   -3.55396927e-02    3.15487177e+00    5.37362502e+00    1.50520411e-02   -4.96863140e-02
5877     1.95575277e-08   -4.94246339e-02    3.14171943e+00    5.38570450e+00    2.57707664e-02   -4.95720953e-02
5878     1.95608611e-08   -4.44310448e-02    3.14711392e+00    5.38843247e+00    2.67481060e-02   -4.95421183e-02
5879     1.95641944e-08   -2.24663068e-02    3.16898284e+00    5.38082196e+00    1.76574119e-02   -4.96072890e-02
5880     1.95675277e-08    8.07979688e-03    3.19896492e+00    5.36564759e+00    1.83334555e-03   -4.97440417e-02
5881     1.95708611e-08    3.55396927e-02    3.22561081e+00    5.34858161e+00   -1.48003919e-02   -4.99013785e-02
5882     1.95741944e-08    4.94246339e-02    3.23874814e+00    5.33619543e+00   -2.58321561e-02   -5.00186716e-02
5883     1.95775277e-08    4.44310448e-02    3.23335571e+00    5.33336949e+00   -2.69003483e-02   -5.00496273e-02
5884     1.95808611e-08    2.24663068e-02    3.21148195e+00    5.34123492e+00   -1.75531303e-02   -4.99819098e-02
5885     1.95841944e-08   -8.07979688e-03    3.18147369e+00    5.35667417e+00   -1.47946517e-03   -4.98425215e-02
5886     1.95875277e-08   -3.55396927e-02    3.15479535e+00    5.37365769e+00    1.50516491e-02   -4.96860254e-02
5887     1.95908611e-08   -4.94246339e-02    3.14164304e+00    5.38573729e+00    2.57705095e-02   -4.95718056e-02
5888     1.95941944e-08   -4.44310448e-02    3.14703755e+00    5.38846535e+00    2.67479603e-02   -4.95418277e-02
5889     1.95975277e-08   -2.24663068e-02    3.16890650e+00    5.38085488e+00    1.76573132e-02   -4.96069979e-02
5890     1.96008611e-08    8.07979688e-03    3.19888860e+00    5.36568047e+00    1.83322002e-03   -4.97437509e-02
5891     1.96041944e-08    3.55396927e-02    3.22553453e+00    5.34861440e+00   -1.48006039e-02   -4.99010887e-02
5892     1.96075277e-08    4.94246339e-02    3.23867191e+00    5.33622809e+00   -2.58324867e-02   -5.00183832e-02
5893     1.96108611e-08    4.44310448e-02    3.23327953e+00    5.33340200e+00   -2.69007925e-02   -5.00493402e-02
5894     1.96141944e-08    2.24663068e-02    3.21140581e+00    5.34126734e+00   -1.75536387e-02   -4.99816237e-02
5895     1.96175277e-08   -8.07979688e-03    3.18139760e+00    5.35670657e+00   -1.47995424e-03   -4.98422355e-02
5896     1.96208611e-08   -3.55396927e-02    3.15471931e+00    5.37369017e+00    1.50512594e-02   -4.96857387e-02
5897     1.96241944e-08   -4.94246339e-02    3.14156703e+00    5.38576988e+00    2.57702541e-02   -4.95715177e-02
5898     1.96275277e-08   -4.44310448e-02    3.14696157e+00    5.38849804e+00    2.67478155e-02   -4.95415388e-02
5899     1.96308611e-08   -2.24663068e-02    3.16883053e+00    5.38088761e+00    1.76572153e-02   -4.96067086e-02
5900     1.96341944e-08    8.07979688e-03    3.19881267e+00    5.36571317e+00    1.83309558e-03   -4.97434620e-02
5901     1.96375277e-08    3.55396927e-02    3.22545863e+00    5.34864700e+00   -1.48008143e-02   -4.99008007e-02
5902     1.96408611e-08    4.94246339e-02    3.23859606e+00    5.33626054e+00   -2.58328150e-02   -5.00180965e-02
5903     1.96441944e-08    4.44310448e-02    3.23320373e+00    5.33343432e+00   -2.69012339e-02   -5.00490549e-02
5904     1.96475277e-08    2.24663068e-02    3.21133007e+00    5.34129957e+00   -1.75541439e-02   -4.99813393e-02
5905     1.96508611e-08   -8.07979688e-03    3.18132190e+00    5.35673878e+00   -1.48044039e-03   -4.98419512e-02
5906     1.96541944e-08   -3.55396927e-02    3.15464365e+00    5.37372244e+00    1.50508720e-02   -4.96854537e-02
5907     1.96575277e-08   -4.94246339e-02    3.14149140e+00    5.38580227e+00    2.57700004e-02   -4.95712316e-02
5908     1.96608611e-08   -4.44310448e-02    3.14688596e+00    5.38853053e+00    2.67476718e-02   -4.95412517e-02
5909     1.96641944e-08   -2.24663068e-02    3.16875495e+00    5.38092014e+00    1.76571183e-02   -4.96064212e-02
5910     1.96675277e-08    8.07979688e-03    3.19873711e+00    5.36574566e+00    1.83297222e-03   -4.97431749e-02
5911     1.96708611e-08    3.55396927e-02    3.22538311e+00    5.34867940e+00   -1.48010230e-02   -4.99005145e-02
5912     1.96741944e-08    4.94246339e-02    3.23852058e+00    5.33629281e+00   -2.58331411e-02   -5.00178117e-02
5913     1.96775277e-08    4.44310448e-02    3.23312831e+00    5.33346645e+00   -2.69016724e-02   -5.00487714e-02
5914     1.96808611e-08    2.24663068e-02    3.21125470e+00    5.34133160e+00   -1.75546461e-02   -4.99810567e-02
5915     1.96841944e-08   -8.07979688e-03    3.18124658e+00    5.35677080e+00   -1.48092363e-03   -4.98416687e-02
5916     1.96875277e-08   -3.55396927e-02    3.15456836e+00    5.37375453e+00    1.50504870e-02   -4.96851705e-02
5917     1.96908611e-08   -4.94246339e-02    3.14141615e+00    5.38583446e+00    2.57697481e-02   -4.95709473e-02
5918     1.96941944e-08   -4.44310448e-02    3.14681073e+00    5.38856282e+00    2.67475291e-02   -4.95409664e-02
5919     1.96975277e-08   -2.24663068e-02    3.16867975e+00    5.38095247e+00    1.76570221e-02   -4.96061355e-02
5920     1.97008611e-08    8.07979688e-03    3.19866194e+00    5.36577796e+00    1.83284994e-03   -4.97428895e-02
5921     1.97041944e-08    3.55396927e-02    3.22530797e+00    5.34871160e+00   -1.48012301e-02   -4.99002300e-02
5922     1.97075277e-08    4.94246339e-02    3.23844549e+00    5.33632487e+00   -2.58334648e-02   -5.00175285e-02
5923     1.97108611e-08    4.44310448e-02    3.23305326e+00    5.33349838e+00   -2.69021081e-02   -5.00484896e-02
5924     1.97141944e-08    2.24663068e-02    3.21117970e+00    5.34136343e+00   -1.75551451e-02   -4.99807758e-02
5925     1.97175277e-08   -8.07979688e-03    3.18117164e+00    5.35680262e+00   -1.48140399e-03   -4.98413880e-02
5926     1.97208611e-08   -3.55396927e-02    3.15449346e+00    5.37378642e+00    1.50501042e-02   -4.96848891e-02
5927     1.97241944e-08   -4.94246339e-02    3.14134127e+00    5.38586647e+00    2.57694975e-02   -4.95706647e-02
5928     1.97275277e-08   -4.44310448e-02    3.14673588e+00    5.38859492e+00    2.67473874e-02   -4.95406829e-02
5929     1.97308611e-08   -2.24663068e-02    3.16860492e+00    5.38098460e+00    1.76569268e-02   -4.96058515e-02
5930     1.97341944e-08    8.07979688e-03    3.19858714e+00    5.36581006e+00    1.83272873e-03   -4.97426058e-02
5931     1.97375277e-08    3.55396927e-02    3.22523321e+00    5.34874360e+00   -1.48014356e-02   -4.98999474e-02
5932     1.97408611e-08    4.94246339e-02    3.23837077e+00    5.33635675e+00   -2.58337864e-02   -5.00172472e-02
5933     1.97441944e-08    4.44310448e-02    3.23297860e+00    5.33353011e+00   -2.69025410e-02   -5.00482096e-02
5934     1.97475277e-08    2.24663068e-02    3.21110509e+00    5.34139507e+00   -1.75556412e-02   -4.99804967e-02
5935     1.97508611e-08   -8.07979688e-03    3.18109707e+00    5.35683425e+00   -1.48188149e-03   -4.98411090e-02
5936     1.97541944e-08   -3.55396927e-02    3.15441893e+00    5.37381812e+00    1.50497236e-02   -4.96846094e-02
5937     1.97575277e-08   -4.94246339e-02    3.14126677e+00    5.38589827e+00    2.57692483e-02   -4.95703839e-02
5938     1.97608611e-08   -4.44310448e-02    3.14666141e+00    5.38862682e+00    2.67472466e-02   -4.95404011e-02
5939     1.97641944e-08   -2.24663068e-02    3.16853047e+00    5.38101654e+00    1.76568322e-02   -4.96055693e-02
5940     1.97675277e-08    8.07979688e-03    3.19851271e+00    5.36584197e+00    1.83260858e-03   -4.97423240e-02
5941     1.97708611e-08    3.55396927e-02    3.22515882e+00    5.34877542e+00   -1.48016396e-02   -4.98996664e-02
5942     1.97741944e-08    4.94246339e-02    3.23829643e+00    5.33638843e+00   -2.58341056e-02   -5.00169675e-02
5943     1.97775277e-08    4.44310448e-02    3.23290430e+00    5.33356166e+00   -2.69029711e-02   -5.00479313e-02
5944     1.97808611e-08    2.24663068e-02    3.21103084e+00    5.34142653e+00   -1.75561341e-02   -4.99802193e-02
5945     1.97841944e-08   -8.07979688e-03    3.18102287e+00    5.35686569e+00   -1.48235614e-03   -4.98408317e-02
5946     1.97875277e-08   -3.55396927e-02    3.15434478e+00    5.37384962e+00    1.50493454e-02   -4.96843314e-02
5947     1.97908611e-08   -4.94246339e-02    3.14119265e+00    5.38592989e+00    2.57690007e-02   -4.95701048e-02
5948     1.97941944e-08   -4.44310448e-02    3.14658730e+00    5.38865853e+00    2.67471069e-02   -4.95401210e-02
5949     1.97975277e-08   -2.24663068e-02    3.16845639e+00    5.38104829e+00    1.76567385e-02   -4.96052889e-02
5950     1.98008611e-08    8.07979688e-03    3.19843866e+00    5.36587368e+00    1.83248948e-03   -4.97420438e-02
5951     1.98041944e-08    3.55396927e-02    3.22508481e+00    5.34880704e+00   -1.48018419e-02   -4.98993872e-02
5952     1.98075277e-08    4.94246339e-02    3.23822245e+00    5.33641992e+00   -2.58344227e-02   -5.00166896e-02
5953     1.98108611e-08    4.44310448e-02    3.23283038e+00    5.33359301e+00   -2.69033984e-02   -5.00476547e-02
5954     1.98141944e-08    2.24663068e-02    3.21095697e+00    5.34145779e+00   -1.75566241e-02   -4.99799436e-02
5955     1.98175277e-08   -8.07979688e-03    3.18094905e+00    5.35689694e+00   -1.48282795e-03   -4.98405561e-02
5956     1.98208611e-08   -3.55396927e-02    3.15427099e+00    5.37388094e+00    1.50489693e-02   -4.96840551e-02
5957     1.98241944e-08   -4.94246339e-02    3.14111889e+00    5.38596131e+00    2.57687545e-02   -4.95698274e-02
5958     1.98275277e-08   -4.44310448e-02    3.14651357e+00    5.38869005e+00    2.67469681e-02   -4.95398427e-02
5959     1.98308611e-08   -2.24663068e-02    3.16838268e+00    5.38107985e+00    1.76566456e-02   -4.96050102e-02
5960     1.98341944e-08    8.07979688e-03    3.19836498e+00    5.36590521e+00    1.83237142e-03   -4.97417654e-02
5961     1.98375277e-08    3.55396927e-02    3.22501116e+00    5.34883847e+00   -1.48020427e-02   -4.98991097e-02
5962     1.98408611e-08    4.94246339e-02    3.23814885e+00    5.33645122e+00   -2.58347376e-02   -5.00164134e-02
5963     1.98441944e-08    4.44310448e-02    3.23275683e+00    5.33362418e+00   -2.69038230e-02   -5.00473798e-02
5964     1.98475277e-08    2.24663068e-02    3.21088347e+00    5.34148886e+00   -1.75571110e-02   -4.99796696e-02
5965     1.98508611e-08   -8.07979688e-03    3.18087560e+00    5.35692800e+00   -1.48329696e-03   -4.98402822e-02
5966     1.98541944e-08   -3.55396927e-02    3.15419758e+00    5.37391206e+00    1.50485955e-02   -4.96837806e-02
5967     1.98575277e-08   -4.94246339e-02    3.14104551e+00    5.38599255e+00    2.57685099e-02   -4.95695518e-02
5968     1.98608611e-08   -4.44310448e-02    3.14644021e+00    5.38872138e+00    2.67468302e-02   -4.95395661e-02
5969     1.98641944e-08   -2.24663068e-02    3.16830934e+00    5.38111122e+00    1.76565535e-02   -4.96047332e-02
5970     1.98675277e-08    8.07979688e-03    3.19829167e+00    5.36593654e+00    1.83225440e-03   -4.97414887e-02
5971     1.98708611e-08    3.55396927e-02    3.22493789e+00    5.34886972e+00   -1.48022420e-02   -4.98988339e-02
5972     1.98741944e-08    4.94246339e-02    3.23807562e+00    5.33648233e+00   -2.58350503e-02   -5.00161389e-02
5973     1.98775277e-08    4.44310448e-02    3.23268364e+00    5.33365516e+00   -2.69042448e-02   -5.00471066e-02
5974     1.98808611e-08    2.24663068e-02    3.21081034e+00    5.34151975e+00   -1.75575949e-02   -4.99793973e-02
5975     1.98841944e-08   -8.07979688e-03    3.18080251e+00    5.35695887e+00   -1.48376316e-03   -4.98400101e-02
5976     1.98875277e-08   -3.55396927e-02    3.15412453e+00    5.37394300e+00    1.50482239e-02   -4.96835077e-02
5977     1.98908611e-08   -4.94246339e-02    3.14097249e+00    5.38602360e+00    2.57682668e-02   -4.95692778e-02
5978     1.98941944e-08   -4.44310448e-02    3.14636722e+00    5.38875252e+00    2.67466933e-02   -4.95392912e-02
5979     1.98975277e-08   -2.24663068e-02    3.16823637e+00    5.38114240e+00    1.76564622e-02   -4.96044579e-02
5980     1.99008611e-08    8.07979688e-03    3.19821873e+00    5.36596769e+00    1.83213840e-03   -4.97412137e-02
5981     1.99041944e-08    3.55396927e-02    3.22486498e+00    5.34890077e+00   -1.48024397e-02   -4.98985598e-02
5982     1.99075277e-08    4.94246339e-02    3.23800275e+00    5.33651326e+00   -2.58353608e-02   -5.00158661e-02
5983     1.99108611e-08    4.44310448e-02    3.23261083e+00    5.33368595e+00   -2.69046639e-02   -5.00468351e-02
5984     1.99141944e-08    2.24663068e-02    3.21073757e+00    5.34155045e+00   -1.75580759e-02   -4.99791267e-02
5985     1.99175277e-08   -8.07979688e-03    3.18072979e+00    5.35698955e+00   -1.48422659e-03   -4.98397396e-02
5986     1.99208611e-08   -3.55396927e-02    3.15405185e+00    5.37397376e+00    1.50478545e-02   -4.96832365e-02
5987     1.99241944e-08   -4.94246339e-02    3.14089984e+00    5.38605446e+00    2.57680251e-02   -4.95690055e-02
5988     1.99275277e-08   -4.44310448e-02    3.14629459e+00    5.38878347e+00    2.67465574e-02   -4.95390180e-02
5989     1.99308611e-08   -2.24663068e-02    3.16816376e+00    5.38117339e+00    1.76563716e-02   -4.96041843e-02
5990     1.99341944e-08    8.07979688e-03    3.19814615e+00    5.36599865e+00    1.83202342e-03   -4.97409404e-02
5991     1.99375277e-08    3.55396927e-02    3.22479243e+00    5.34893164e+00   -1.48026358e-02   -4.98982874e-02
5992     1.99408611e-08    4.94246339e-02    3.23793025e+00    5.33654400e+00   -2.58356692e-02   -5.00155949e-02
5993     1.99441944e-08    4.44310448e-02    3.23253837e+00    5.33371656e+00   -2.69050804e-02   -5.00465652e-02
5994     1.99475277e-08    2.24663068e-02    3.21066517e+00    5.34158096e+00   -1.75585539e-02   -4.99788578e-02
5995     1.99508611e-08   -8.07979688e-03    3.18065743e+00    5.35702006e+00   -1.48468726e-03   -4.98394707e-02
5996     1.99541944e-08   -3.55396927e-02    3.15397953e+00    5.37400432e+00    1.50474873e-02   -4.96829670e-02
5997     1.99575277e-08   -4.94246339e-02    3.14082755e+00    5.38608513e+00    2.57677850e-02   -4.95687349e-02
5998     1.99608611e-08   -4.44310448e-02    3.14622232e+00    5.38881424e+00    2.67464224e-02   -4.95387464e-02
5999     1.99641944e-08   -2.24663068e-02    3.16809152e+00    5.38120419e+00    1.76562819e-02   -4.96039123e-02
6000     1.99675277e-08    8.07979688e-03    3.19807393e+00    5.36602943e+00    1.83190944e-03   -4.97406688e-02
6001     1.99708611e-08    3.55396927e-02    3.22472025e+00    5.34896232e+00   -1.48028305e-02   -4.98980167e-02
6002     1.99741944e-08    4.94246339e-02    3.23785811e+00    5.33657455e+00   -2.58359754e-02   -5.00153254e-02
6003     1.99775277e-08    4.44310448e-02    3.23246628e+00    5.33374698e+00   -2.69054941e-02   -5.00462970e-02
6004     1.99808611e-08    2.24663068e-02    3.21059313e+00    5.34161130e+00   -1.75590290e-02   -4.99785905e-02
6005     1.99841944e-08   -8.07979688e-03    3.18058544e+00    5.35705037e+00   -1.48514519e-03   -4.98392035e-02
6006     1.99875277e-08   -3.55396927e-02    3.15390757e+00    5.37403471e+00    1.50471223e-02   -4.96826991e-02
6007     1.99908611e-08   -4.94246339e-02    3.14075562e+00    5.38611562e+00    2.57675463e-02   -4.95684660e-02
6008     1.99941944e-08   -4.44310448e-02    3.14615042e+00    5.38884482e+00    2.67462883e-02   -4.95384766e-02
6009     1.99975277e-08   -2.24663068e-02    3.16801963e+00    5.38123481e+00    1.76561929e-02   -4.96036421e-02
6010     2.00000000e-08   -1.01900517e-14    3.19010190e+00    5.37028906e+00    6.12256746e-03   -4.97020585e-02
End of Xyce(TM) Simulation
