Index       TIME              V(IN)            V(BASE)           V(COLL)           V(OUT)           V(OUT_50)          I(V_DD)     
0        0.00000000e+00    0.00000000e+00    8.45087147e-01    1.18491081e+00    1.77023224e+00   -2.34217835e-38   -3.64883881e-03
1        3.33333333e-12    1.46946313e-02    8.57165959e-01    1.17054500e+00    1.76104339e+00   -8.61454886e-03   -3.69478307e-03
2        6.66666667e-12    2.37764129e-02    8.63673180e-01    1.14879681e+00    1.74633729e+00   -2.18631070e-02   -3.76831357e-03
3        9.66666667e-12    2.42145790e-02    8.63144329e-01    1.13683220e+00    1.73695542e+00   -2.94763894e-02   -3.81522289e-03
4        1.23666667e-11    1.81163283e-02    8.57701848e-01    1.13792119e+00    1.73558015e+00   -2.92710228e-02   -3.82209924e-03
5        1.46278701e-11    9.37285220e-03    8.50538958e-01    1.14780398e+00    1.74010619e+00   -2.36743307e-02   -3.79946903e-03
6        1.66629532e-11    1.74994514e-05    8.43207468e-01    1.16270931e+00    1.74815460e+00   -1.50147958e-02   -3.75922699e-03
7        1.86980362e-11   -9.34039695e-03    8.36058648e-01    1.18004403e+00    1.75779962e+00   -4.96320748e-03   -3.71100189e-03
8        2.20313696e-11   -2.11870376e-02    8.27797563e-01    1.21263063e+00    1.77676789e+00    1.37133869e-02   -3.61616055e-03
9        2.53647029e-11   -2.49409500e-02    8.26269401e-01    1.23799648e+00    1.79242464e+00    2.79803508e-02   -3.53787678e-03
10       2.86980362e-11   -1.91682672e-02    8.31984178e-01    1.24534912e+00    1.79877768e+00    3.23232658e-02   -3.50611160e-03
11       3.20313696e-11   -6.07395788e-03    8.42706249e-01    1.23084212e+00    1.79344167e+00    2.50740180e-02   -3.53279163e-03
12       3.53647029e-11    9.34039695e-03    8.54257922e-01    1.19843636e+00    1.77737949e+00    7.91229084e-03   -3.61310254e-03
13       3.86980362e-11    2.11870376e-02    8.62225644e-01    1.16065009e+00    1.75605710e+00   -1.32327489e-02   -3.71971449e-03
14       4.20313696e-11    2.49409500e-02    8.63637135e-01    1.13331839e+00    1.73833433e+00   -2.95300933e-02   -3.80832835e-03
15       4.53647029e-11    1.91682672e-02    8.57985646e-01    1.12736217e+00    1.73194984e+00   -3.38034604e-02   -3.84025078e-03
16       4.86980362e-11    6.07395788e-03    8.47387743e-01    1.14421150e+00    1.73930948e+00   -2.45003599e-02   -3.80345258e-03
17       5.20313696e-11   -9.34039695e-03    8.35830273e-01    1.17629970e+00    1.75667640e+00   -6.11300054e-03   -3.71661801e-03
18       5.53647029e-11   -2.11870376e-02    8.27718732e-01    1.21127207e+00    1.77681878e+00    1.37740088e-02   -3.61590612e-03
19       5.86980362e-11   -2.49409500e-02    8.26210112e-01    1.23692059e+00    1.79255053e+00    2.81096394e-02   -3.53724736e-03
20       6.20313696e-11   -1.91682672e-02    8.31931752e-01    1.24439531e+00    1.79892312e+00    3.24631373e-02   -3.50538441e-03
21       6.53647029e-11   -6.07395788e-03    8.42658933e-01    1.22996762e+00    1.79358489e+00    2.52027101e-02   -3.53207557e-03
22       6.86980362e-11    9.34039695e-03    8.54214771e-01    1.19763235e+00    1.77752582e+00    8.03569736e-03   -3.61237090e-03
23       7.20313696e-11    2.11870376e-02    8.62186125e-01    1.15990855e+00    1.75620562e+00   -1.31151821e-02   -3.71897188e-03
24       7.53647029e-11    2.49409500e-02    8.63600841e-01    1.13262624e+00    1.73847548e+00   -2.94272483e-02   -3.80762262e-03
25       7.86980362e-11    1.91682672e-02    8.57952479e-01    1.12672204e+00    1.73208905e+00   -3.37091261e-02   -3.83955473e-03
26       8.20313696e-11    6.07395788e-03    8.47357536e-01    1.14361209e+00    1.73943579e+00   -2.44246021e-02   -3.80282107e-03
27       8.53647029e-11   -9.34039695e-03    8.35802960e-01    1.17574606e+00    1.75679926e+00   -6.04545587e-03   -3.71600368e-03
28       8.86980362e-11   -2.11870376e-02    8.27694098e-01    1.21075562e+00    1.77693012e+00    1.38260434e-02   -3.61534942e-03
29       9.20313696e-11   -2.49409500e-02    8.26188022e-01    1.23644547e+00    1.79266044e+00    2.81569390e-02   -3.53669778e-03
30       9.53647029e-11   -1.91682672e-02    8.31911994e-01    1.24395617e+00    1.79902743e+00    3.25019569e-02   -3.50486287e-03
31       9.86980362e-11   -6.07395788e-03    8.42641295e-01    1.22956482e+00    1.79369062e+00    2.52404065e-02   -3.53154690e-03
32       1.02031370e-10    9.34039695e-03    8.54198962e-01    1.19725983e+00    1.77762955e+00    8.06902496e-03   -3.61185223e-03
33       1.05364703e-10    2.11870376e-02    8.62171921e-01    1.15956367e+00    1.75630921e+00   -1.30841517e-02   -3.71845397e-03
34       1.08698036e-10    2.49409500e-02    8.63588083e-01    1.13230489e+00    1.73857556e+00   -2.94016055e-02   -3.80712220e-03
35       1.12031370e-10    1.91682672e-02    8.57941113e-01    1.12642287e+00    1.73218586e+00   -3.36883103e-02   -3.83907071e-03
36       1.15364703e-10    6.07395788e-03    8.47347511e-01    1.14333323e+00    1.73952808e+00   -2.44094903e-02   -3.80235958e-03
37       1.18698036e-10   -9.34039695e-03    8.35794221e-01    1.17548655e+00    1.75688751e+00   -6.03523694e-03   -3.71556243e-03
38       1.22031370e-10   -2.11870376e-02    8.27686565e-01    1.21051444e+00    1.77701474e+00    1.38320910e-02   -3.61492632e-03
39       1.25364703e-10   -2.49409500e-02    8.26181605e-01    1.23622183e+00    1.79274218e+00    2.81598019e-02   -3.53628911e-03
40       1.28698036e-10   -1.91682672e-02    8.31906590e-01    1.24374910e+00    1.79910725e+00    3.25027886e-02   -3.50446375e-03
41       1.32031370e-10   -6.07395788e-03    8.42636795e-01    1.22937308e+00    1.79376889e+00    2.52396751e-02   -3.53115557e-03
42       1.35364703e-10    9.34039695e-03    8.54195249e-01    1.19708171e+00    1.77770647e+00    8.06703643e-03   -3.61146764e-03
43       1.38698036e-10    2.11870376e-02    8.62168903e-01    1.15939770e+00    1.75638432e+00   -1.30877615e-02   -3.71807842e-03
44       1.42031370e-10    2.49409500e-02    8.63585708e-01    1.13214981e+00    1.73864852e+00   -2.94070641e-02   -3.80675741e-03
45       1.45364703e-10    1.91682672e-02    8.57939358e-01    1.12627800e+00    1.73225636e+00   -3.36957916e-02   -3.83871819e-03
46       1.48698036e-10    6.07395788e-03    8.47346359e-01    1.14319787e+00    1.73959615e+00   -2.44188528e-02   -3.80201927e-03
47       1.52031370e-10   -9.34039695e-03    8.35793649e-01    1.17536034e+00    1.75695333e+00   -6.04616457e-03   -3.71523333e-03
48       1.55364703e-10   -2.11870376e-02    8.27686530e-01    1.21039671e+00    1.77707857e+00    1.38199467e-02   -3.61460714e-03
49       1.58698036e-10   -2.49409500e-02    8.26182055e-01    1.23611215e+00    1.79280435e+00    2.81468290e-02   -3.53597827e-03
50       1.62031370e-10   -1.91682672e-02    8.31907463e-01    1.24364653e+00    1.79916777e+00    3.24890594e-02   -3.50416113e-03
51       1.65364703e-10   -6.07395788e-03    8.42638033e-01    1.22927705e+00    1.79382783e+00    2.52253039e-02   -3.53086085e-03
52       1.68698036e-10    9.34039695e-03    8.54196804e-01    1.19699141e+00    1.77776359e+00    8.05183098e-03   -3.61118203e-03
53       1.72031370e-10    2.11870376e-02    8.62170751e-01    1.15931289e+00    1.75643967e+00   -1.31036986e-02   -3.71780165e-03
54       1.75364703e-10    2.49409500e-02    8.63587833e-01    1.13207002e+00    1.73870198e+00   -2.94238082e-02   -3.80649012e-03
55       1.78698036e-10    1.91682672e-02    8.57941760e-01    1.12620317e+00    1.73230814e+00   -3.37130769e-02   -3.83845928e-03
56       1.82031370e-10    6.07395788e-03    8.47349034e-01    1.14312765e+00    1.73964631e+00   -2.44365857e-02   -3.80176843e-03
57       1.85364703e-10   -9.34039695e-03    8.35796587e-01    1.17529470e+00    1.75700224e+00   -6.06396991e-03   -3.71498878e-03
58       1.88698036e-10   -2.11870376e-02    8.27689708e-01    1.21033519e+00    1.77712629e+00    1.38021414e-02   -3.61436853e-03
59       1.92031370e-10   -2.49409500e-02    8.26185437e-01    1.23605437e+00    1.79285100e+00    2.81291367e-02   -3.53574500e-03
60       1.95364703e-10   -1.91682672e-02    8.31911005e-01    1.24359172e+00    1.79921306e+00    3.24711876e-02   -3.50393469e-03
61       1.98698036e-10   -6.07395788e-03    8.42641701e-01    1.22922482e+00    1.79387156e+00    2.52070761e-02   -3.53064221e-03
62       2.02031370e-10    9.34039695e-03    8.54200582e-01    1.19694146e+00    1.77780549e+00    8.03300806e-03   -3.61097253e-03
63       2.05364703e-10    2.11870376e-02    8.62174640e-01    1.15926540e+00    1.75647985e+00   -1.31229743e-02   -3.71760077e-03
64       2.08698036e-10    2.49409500e-02    8.63591839e-01    1.13202496e+00    1.73874055e+00   -2.94433936e-02   -3.80629726e-03
65       2.12031370e-10    1.91682672e-02    8.57945888e-01    1.12616066e+00    1.73234541e+00   -3.37326592e-02   -3.83827293e-03
66       2.15364703e-10    6.07395788e-03    8.47353285e-01    1.14308758e+00    1.73968248e+00   -2.44559670e-02   -3.80158758e-03
67       2.18698036e-10   -9.34039695e-03    8.35800960e-01    1.17525710e+00    1.75703762e+00   -6.08286749e-03   -3.71481189e-03
68       2.22031370e-10   -2.11870376e-02    8.27694187e-01    1.21029977e+00    1.77716096e+00    1.37837741e-02   -3.61419519e-03
69       2.25364703e-10   -2.49409500e-02    8.26189995e-01    1.23602076e+00    1.79288490e+00    2.81112165e-02   -3.53557548e-03
70       2.28698036e-10   -1.91682672e-02    8.31915608e-01    1.24355926e+00    1.79924584e+00    3.24533324e-02   -3.50377081e-03
71       2.32031370e-10   -6.07395788e-03    8.42646326e-01    1.22919317e+00    1.79390286e+00    2.51889485e-02   -3.53048568e-03
72       2.35364703e-10    9.34039695e-03    8.54205224e-01    1.19691057e+00    1.77783508e+00    8.01438532e-03   -3.61082461e-03
73       2.38698036e-10    2.11870376e-02    8.62179314e-01    1.15923561e+00    1.75650782e+00   -1.31419546e-02   -3.71746091e-03
74       2.42031370e-10    2.49409500e-02    8.63596558e-01    1.13199645e+00    1.73876714e+00   -2.94624823e-02   -3.80616428e-03
75       2.45364703e-10    1.91682672e-02    8.57950660e-01    1.12613359e+00    1.73237095e+00   -3.37515373e-02   -3.83814523e-03
76       2.48698036e-10    6.07395788e-03    8.47358115e-01    1.14306197e+00    1.73970724e+00   -2.44743894e-02   -3.80146381e-03
77       2.52031370e-10   -9.34039695e-03    8.35805847e-01    1.17523300e+00    1.75706186e+00   -6.10060123e-03   -3.71469070e-03
78       2.55364703e-10   -2.11870376e-02    8.27699120e-01    1.21027696e+00    1.77718476e+00    1.37667652e-02   -3.61407618e-03
79       2.58698036e-10   -2.49409500e-02    8.26194952e-01    1.23599888e+00    1.79290815e+00    2.80947649e-02   -3.53545926e-03
80       2.62031370e-10   -1.91682672e-02    8.31920559e-01    1.24353772e+00    1.79926814e+00    3.24370280e-02   -3.50365931e-03
81       2.65364703e-10   -6.07395788e-03    8.42651252e-01    1.22917167e+00    1.79392382e+00    2.51723913e-02   -3.53038092e-03
82       2.68698036e-10    9.34039695e-03    8.54210130e-01    1.19688917e+00    1.77785445e+00    7.99736813e-03   -3.61072774e-03
83       2.72031370e-10    2.11870376e-02    8.62184217e-01    1.15921470e+00    1.75652572e+00   -1.31593001e-02   -3.71737141e-03
84       2.75364703e-10    2.49409500e-02    8.63601473e-01    1.13197629e+00    1.73878385e+00   -2.94798627e-02   -3.80608075e-03
85       2.78698036e-10    1.91682672e-02    8.57955597e-01    1.12611437e+00    1.73238679e+00   -3.37686391e-02   -3.83806605e-03
86       2.82031370e-10    6.07395788e-03    8.47363079e-01    1.14304375e+00    1.73972249e+00   -2.44909490e-02   -3.80138753e-03
87       2.85364703e-10   -9.34039695e-03    8.35810839e-01    1.17521583e+00    1.75707678e+00   -6.11641587e-03   -3.71461609e-03
88       2.88698036e-10   -2.11870376e-02    8.27704131e-01    1.21026068e+00    1.77719944e+00    1.37517284e-02   -3.61400282e-03
89       2.92031370e-10   -2.49409500e-02    8.26199961e-01    1.23598312e+00    1.79292241e+00    2.80803022e-02   -3.53538794e-03
90       2.95364703e-10   -1.91682672e-02    8.31925541e-01    1.24352194e+00    1.79928161e+00    3.24227289e-02   -3.50359197e-03
91       2.98698036e-10   -6.07395788e-03    8.42656191e-01    1.22915560e+00    1.79393607e+00    2.51578361e-02   -3.53031967e-03
92       3.02031370e-10    9.34039695e-03    8.54215031e-01    1.19687291e+00    1.77786527e+00    7.98236427e-03   -3.61067366e-03
93       3.05364703e-10    2.11870376e-02    8.62189101e-01    1.15919866e+00    1.75653520e+00   -1.31746273e-02   -3.71732400e-03
94       3.08698036e-10    2.49409500e-02    8.63606356e-01    1.13196077e+00    1.73879230e+00   -2.94952037e-02   -3.80603852e-03
95       3.12031370e-10    1.91682672e-02    8.57960489e-01    1.12609954e+00    1.73239451e+00   -3.37836902e-02   -3.83802744e-03
96       3.15364703e-10    6.07395788e-03    8.47367984e-01    1.14302969e+00    1.73972979e+00   -2.45054428e-02   -3.80135105e-03
97       3.18698036e-10   -9.34039695e-03    8.35815758e-01    1.17520259e+00    1.75708388e+00   -6.13016918e-03   -3.71458062e-03
98       3.22031370e-10   -2.11870376e-02    8.27709055e-01    1.21024811e+00    1.77720641e+00    1.37387464e-02   -3.61396795e-03
99       3.25364703e-10   -2.49409500e-02    8.26204873e-01    1.23597088e+00    1.79292909e+00    2.80678747e-02   -3.53535454e-03
100      3.28698036e-10   -1.91682672e-02    8.31930416e-01    1.24350953e+00    1.79928762e+00    3.24104558e-02   -3.50356191e-03
101      3.32031370e-10   -6.07395788e-03    8.42661016e-01    1.22914275e+00    1.79394099e+00    2.51452976e-02   -3.53029507e-03
102      3.35364703e-10    9.34039695e-03    8.54219814e-01    1.19685976e+00    1.77786889e+00    7.96938029e-03   -3.61065555e-03
103      3.38698036e-10    2.11870376e-02    8.62193861e-01    1.15918562e+00    1.75653762e+00   -1.31879366e-02   -3.71731189e-03
104      3.42031370e-10    2.49409500e-02    8.63611109e-01    1.13194812e+00    1.73879382e+00   -2.95085266e-02   -3.80603092e-03
105      3.45364703e-10    1.91682672e-02    8.57965243e-01    1.12608746e+00    1.73239543e+00   -3.37967337e-02   -3.83802283e-03
106      3.48698036e-10    6.07395788e-03    8.47372744e-01    1.14301826e+00    1.73973040e+00   -2.45179432e-02   -3.80134799e-03
107      3.52031370e-10   -9.34039695e-03    8.35820525e-01    1.17519184e+00    1.75708439e+00   -6.14195733e-03   -3.71457804e-03
108      3.55364703e-10   -2.11870376e-02    8.27713821e-01    1.21023792e+00    1.77720691e+00    1.37276992e-02   -3.61396547e-03
109      3.58698036e-10   -2.49409500e-02    8.26209622e-01    1.23596092e+00    1.79292939e+00    2.80573496e-02   -3.53535304e-03
110      3.62031370e-10   -1.91682672e-02    8.31935124e-01    1.24349934e+00    1.79928736e+00    3.24000664e-02   -3.50356322e-03
111      3.65364703e-10   -6.07395788e-03    8.42665673e-01    1.22913208e+00    1.79393975e+00    2.51346342e-02   -3.53030127e-03
112      3.68698036e-10    9.34039695e-03    8.54224426e-01    1.19684875e+00    1.77786648e+00    7.95827296e-03   -3.61066759e-03
113      3.72031370e-10    2.11870376e-02    8.62198449e-01    1.15917464e+00    1.75653413e+00   -1.31993716e-02   -3.71732933e-03
114      3.75364703e-10    2.49409500e-02    8.63615688e-01    1.13193748e+00    1.73878954e+00   -2.95199825e-02   -3.80605228e-03
115      3.78698036e-10    1.91682672e-02    8.57969822e-01    1.12607732e+00    1.73239067e+00   -3.38079282e-02   -3.83804666e-03
116      3.82031370e-10    6.07395788e-03    8.47377325e-01    1.14300869e+00    1.73972542e+00   -2.45286204e-02   -3.80137288e-03
117      3.85364703e-10   -9.34039695e-03    8.35825108e-01    1.17518288e+00    1.75707940e+00   -6.15195871e-03   -3.71460300e-03
118      3.88698036e-10   -2.11870376e-02    8.27718401e-01    1.21022945e+00    1.77720197e+00    1.37183996e-02   -3.61399013e-03
119      3.92031370e-10   -2.49409500e-02    8.26214181e-01    1.23595261e+00    1.79292434e+00    2.80485368e-02   -3.53537829e-03
120      3.95364703e-10   -1.91682672e-02    8.31939643e-01    1.24349077e+00    1.79928184e+00    3.23913686e-02   -3.50359081e-03
121      3.98698036e-10   -6.07395788e-03    8.42670141e-01    1.22912301e+00    1.79393336e+00    2.51256558e-02   -3.53033321e-03
122      4.02031370e-10    9.34039695e-03    8.54228850e-01    1.19683934e+00    1.77785904e+00    7.94885319e-03   -3.61070480e-03
123      4.05364703e-10    2.11870376e-02    8.62202849e-01    1.15916525e+00    1.75652572e+00   -1.32091199e-02   -3.71737138e-03
124      4.08698036e-10    2.49409500e-02    8.63620078e-01    1.13192840e+00    1.73878045e+00   -2.95297611e-02   -3.80609773e-03
125      4.12031370e-10    1.91682672e-02    8.57974209e-01    1.12606868e+00    1.73238118e+00   -3.38174651e-02   -3.83809412e-03
126      4.15364703e-10    6.07395788e-03    8.47381712e-01    1.14300057e+00    1.73971580e+00   -2.45376694e-02   -3.80142100e-03
127      4.18698036e-10   -9.34039695e-03    8.35829496e-01    1.17517531e+00    1.75706983e+00   -6.16037009e-03   -3.71465084e-03
128      4.22031370e-10   -2.11870376e-02    8.27722783e-01    1.21022231e+00    1.77719253e+00    1.37106488e-02   -3.61403737e-03
129      4.25364703e-10   -2.49409500e-02    8.26218542e-01    1.23594560e+00    1.79291484e+00    2.80412379e-02   -3.53542578e-03
130      4.28698036e-10   -1.91682672e-02    8.31943964e-01    1.24348349e+00    1.79927195e+00    3.23841646e-02   -3.50364024e-03
131      4.32031370e-10   -6.07395788e-03    8.42674412e-01    1.22911524e+00    1.79392270e+00    2.51181675e-02   -3.53038651e-03
132      4.35364703e-10    9.34039695e-03    8.54233080e-01    1.19683122e+00    1.77784743e+00    7.94092777e-03   -3.61076285e-03
133      4.38698036e-10    2.11870376e-02    8.62207054e-01    1.15915715e+00    1.75651325e+00   -1.32173726e-02   -3.71743376e-03
134      4.42031370e-10    2.49409500e-02    8.63624274e-01    1.13192058e+00    1.73876739e+00   -2.95380532e-02   -3.80616307e-03
135      4.45364703e-10    1.91682672e-02    8.57978401e-01    1.12606126e+00    1.73236778e+00   -3.38255348e-02   -3.83816108e-03
136      4.48698036e-10    6.07395788e-03    8.47385903e-01    1.14299364e+00    1.73970234e+00   -2.45452810e-02   -3.80148828e-03
137      4.52031370e-10   -9.34039695e-03    8.35833686e-01    1.17516887e+00    1.75705649e+00   -6.16738168e-03   -3.71471756e-03
138      4.55364703e-10   -2.11870376e-02    8.27726966e-01    1.21021627e+00    1.77717936e+00    1.37042570e-02   -3.61410322e-03
139      4.58698036e-10   -2.49409500e-02    8.26222704e-01    1.23593967e+00    1.79290168e+00    2.80352652e-02   -3.53549159e-03
140      4.62031370e-10   -1.91682672e-02    8.31948087e-01    1.24347729e+00    1.79925847e+00    3.23782685e-02   -3.50370765e-03
141      4.65364703e-10   -6.07395788e-03    8.42678486e-01    1.22910856e+00    1.79390853e+00    2.51119859e-02   -3.53045736e-03
142      4.68698036e-10    9.34039695e-03    8.54237114e-01    1.19682421e+00    1.77783240e+00    7.93431509e-03   -3.61083799e-03
143      4.72031370e-10    2.11870376e-02    8.62211066e-01    1.15915014e+00    1.75649744e+00   -1.32243092e-02   -3.71751278e-03
144      4.75364703e-10    2.49409500e-02    8.63628276e-01    1.13191383e+00    1.73875107e+00   -2.95450374e-02   -3.80624465e-03
145      4.78698036e-10    1.91682672e-02    8.57982399e-01    1.12605490e+00    1.73235122e+00   -3.38323145e-02   -3.83824392e-03
146      4.82031370e-10    6.07395788e-03    8.47389900e-01    1.14298771e+00    1.73968577e+00   -2.45516317e-02   -3.80157117e-03
147      4.85364703e-10   -9.34039695e-03    8.35837680e-01    1.17516341e+00    1.75704007e+00   -6.17316831e-03   -3.71479965e-03
148      4.88698036e-10   -2.11870376e-02    8.27730952e-01    1.21021117e+00    1.77716315e+00    1.36990513e-02   -3.61418424e-03
149      4.92031370e-10   -2.49409500e-02    8.26226669e-01    1.23593465e+00    1.79288553e+00    2.80304478e-02   -3.53557234e-03
150      4.95364703e-10   -1.91682672e-02    8.31952014e-01    1.24347200e+00    1.79924206e+00    3.23735114e-02   -3.50378969e-03
151      4.98698036e-10   -6.07395788e-03    8.42682368e-01    1.22910281e+00    1.79389151e+00    2.51069443e-02   -3.53054245e-03
152      5.02031370e-10    9.34039695e-03    8.54240957e-01    1.19681814e+00    1.77781461e+00    7.92885020e-03   -3.61092696e-03
153      5.05364703e-10    2.11870376e-02    8.62214887e-01    1.15914408e+00    1.75647896e+00   -1.32300932e-02   -3.71760522e-03
154      5.08698036e-10    2.49409500e-02    8.63632088e-01    1.13190801e+00    1.73873214e+00   -2.95508756e-02   -3.80633929e-03
155      5.12031370e-10    1.91682672e-02    8.57986206e-01    1.12604943e+00    1.73233209e+00   -3.38379648e-02   -3.83833954e-03
156      5.15364703e-10    6.07395788e-03    8.47393705e-01    1.14298266e+00    1.73966668e+00   -2.45568806e-02   -3.80166660e-03
157      5.18698036e-10   -9.34039695e-03    8.35841482e-01    1.17515878e+00    1.75702118e+00   -6.17788723e-03   -3.71489409e-03
158      5.22031370e-10   -2.11870376e-02    8.27734746e-01    1.21020687e+00    1.77714451e+00    1.36948764e-02   -3.61427744e-03
159      5.25364703e-10   -2.49409500e-02    8.26230442e-01    1.23593042e+00    1.79286699e+00    2.80266328e-02   -3.53566507e-03
160      5.28698036e-10   -1.91682672e-02    8.31955751e-01    1.24346750e+00    1.79922331e+00    3.23697426e-02   -3.50388346e-03
161      5.32031370e-10   -6.07395788e-03    8.42686060e-01    1.22909787e+00    1.79387221e+00    2.51028937e-02   -3.53063893e-03
162      5.35364703e-10    9.34039695e-03    8.54244613e-01    1.19681290e+00    1.77779461e+00    7.92438554e-03   -3.61102693e-03
163      5.38698036e-10    2.11870376e-02    8.62218523e-01    1.15913884e+00    1.75645834e+00   -1.32348707e-02   -3.71770829e-03
164      5.42031370e-10    2.49409500e-02    8.63635714e-01    1.13190300e+00    1.73871115e+00   -2.95557127e-02   -3.80644426e-03
165      5.45364703e-10    1.91682672e-02    8.57989829e-01    1.12604475e+00    1.73231095e+00   -3.38426293e-02   -3.83844524e-03
166      5.48698036e-10    6.07395788e-03    8.47397324e-01    1.14297836e+00    1.73964562e+00   -2.45611695e-02   -3.80177190e-03
167      5.52031370e-10   -9.34039695e-03    8.35845098e-01    1.17515487e+00    1.75700035e+00   -6.18167842e-03   -3.71499826e-03
168      5.55364703e-10   -2.11870376e-02    8.27738353e-01    1.21020326e+00    1.77712395e+00    1.36915945e-02   -3.61438024e-03
169      5.58698036e-10   -2.49409500e-02    8.26234029e-01    1.23592687e+00    1.79284655e+00    2.80236845e-02   -3.53576724e-03
170      5.62031370e-10   -1.91682672e-02    8.31959302e-01    1.24346369e+00    1.79920271e+00    3.23668283e-02   -3.50398644e-03
171      5.65364703e-10   -6.07395788e-03    8.42689569e-01    1.22909364e+00    1.79385114e+00    2.50997017e-02   -3.53074432e-03
172      5.68698036e-10    9.34039695e-03    8.54248087e-01    1.19680838e+00    1.77777291e+00    7.92079006e-03   -3.61113546e-03
173      5.72031370e-10    2.11870376e-02    8.62221978e-01    1.15913432e+00    1.75643608e+00   -1.32387716e-02   -3.71781960e-03
174      5.75364703e-10    2.49409500e-02    8.63639161e-01    1.13189870e+00    1.73868856e+00   -2.95596775e-02   -3.80655720e-03
175      5.78698036e-10    1.91682672e-02    8.57993271e-01    1.12604076e+00    1.73228826e+00   -3.38464353e-02   -3.83855868e-03
176      5.82031370e-10    6.07395788e-03    8.47400763e-01    1.14297472e+00    1.73962304e+00   -2.45646243e-02   -3.80188480e-03
177      5.85364703e-10   -9.34039695e-03    8.35848533e-01    1.17515160e+00    1.75697802e+00   -6.18466588e-03   -3.71510989e-03
178      5.88698036e-10   -2.11870376e-02    8.27741779e-01    1.21020027e+00    1.77710192e+00    1.36890837e-02   -3.61449040e-03
179      5.92031370e-10   -2.49409500e-02    8.26237435e-01    1.23592392e+00    1.79282467e+00    2.80214832e-02   -3.53587665e-03
180      5.95364703e-10   -1.91682672e-02    8.31962674e-01    1.24346049e+00    1.79918071e+00    3.23646503e-02   -3.50409645e-03
181      5.98698036e-10   -6.07395788e-03    8.42692901e-01    1.22909003e+00    1.79382871e+00    2.50972516e-02   -3.53085646e-03
182      6.02031370e-10    9.34039695e-03    8.54251387e-01    1.19680450e+00    1.77774991e+00    7.91794779e-03   -3.61125045e-03
183      6.05364703e-10    2.11870376e-02    8.62225259e-01    1.15913044e+00    1.75641259e+00   -1.32419111e-02   -3.71793707e-03
184      6.08698036e-10    2.49409500e-02    8.63642434e-01    1.13189502e+00    1.73866479e+00   -2.95628840e-02   -3.80667607e-03
185      6.12031370e-10    1.91682672e-02    8.57996540e-01    1.12603737e+00    1.73226443e+00   -3.38494957e-02   -3.83867786e-03
186      6.15364703e-10    6.07395788e-03    8.47404029e-01    1.14297167e+00    1.73959934e+00   -2.45673564e-02   -3.80200330e-03
187      6.18698036e-10   -9.34039695e-03    8.35851794e-01    1.17514888e+00    1.75695459e+00   -6.18695909e-03   -3.71522704e-03
188      6.22031370e-10   -2.11870376e-02    8.27745030e-01    1.21019780e+00    1.77707880e+00    1.36872366e-02   -3.61460601e-03
189      6.25364703e-10   -2.49409500e-02    8.26240666e-01    1.23592149e+00    1.79280172e+00    2.80199232e-02   -3.53599138e-03
190      6.28698036e-10   -1.91682672e-02    8.31965874e-01    1.24345782e+00    1.79915767e+00    3.23631046e-02   -3.50421164e-03
191      6.32031370e-10   -6.07395788e-03    8.42696063e-01    1.22908697e+00    1.79380529e+00    2.50954400e-02   -3.53097354e-03
192      6.35364703e-10    9.34039695e-03    8.54254517e-01    1.19680117e+00    1.77772598e+00    7.91575638e-03   -3.61137009e-03
193      6.38698036e-10    2.11870376e-02    8.62228373e-01    1.15912712e+00    1.75638821e+00   -1.32443908e-02   -3.71805893e-03
194      6.42031370e-10    2.49409500e-02    8.63645540e-01    1.13189189e+00    1.73864018e+00   -2.95654329e-02   -3.80679911e-03
195      6.45364703e-10    1.91682672e-02    8.57999641e-01    1.12603452e+00    1.73223979e+00   -3.38519102e-02   -3.83880106e-03
196      6.48698036e-10    6.07395788e-03    8.47407126e-01    1.14296912e+00    1.73957486e+00   -2.45694638e-02   -3.80212572e-03
197      6.52031370e-10   -9.34039695e-03    8.35854887e-01    1.17514664e+00    1.75693039e+00   -6.18865462e-03   -3.71534803e-03
198      6.55364703e-10   -2.11870376e-02    8.27748114e-01    1.21019579e+00    1.77705492e+00    1.36859586e-02   -3.61472541e-03
199      6.58698036e-10   -2.49409500e-02    8.26243731e-01    1.23591951e+00    1.79277803e+00    2.80189116e-02   -3.53610983e-03
200      6.62031370e-10   -1.91682672e-02    8.31968908e-01    1.24345560e+00    1.79913392e+00    3.23620996e-02   -3.50433039e-03
201      6.65364703e-10   -6.07395788e-03    8.42699060e-01    1.22908438e+00    1.79378121e+00    2.50941762e-02   -3.53109396e-03
202      6.68698036e-10    9.34039695e-03    8.54257485e-01    1.19679834e+00    1.77770143e+00    7.91412557e-03   -3.61149283e-03
203      6.72031370e-10    2.11870376e-02    8.62231324e-01    1.15912428e+00    1.75636327e+00   -1.32463005e-02   -3.71818366e-03
204      6.75364703e-10    2.49409500e-02    8.63648484e-01    1.13188924e+00    1.73861503e+00   -2.95674132e-02   -3.80692484e-03
205      6.78698036e-10    1.91682672e-02    8.58002581e-01    1.12603212e+00    1.73221464e+00   -3.38537668e-02   -3.83892681e-03
206      6.82031370e-10    6.07395788e-03    8.47410062e-01    1.14296700e+00    1.73954988e+00   -2.45710332e-02   -3.80225061e-03
207      6.85364703e-10   -9.34039695e-03    8.35857818e-01    1.17514482e+00    1.75690571e+00   -6.18983744e-03   -3.71547144e-03
208      6.88698036e-10   -2.11870376e-02    8.27751035e-01    1.21019418e+00    1.77703056e+00    1.36851665e-02   -3.61484720e-03
209      6.92031370e-10   -2.49409500e-02    8.26246634e-01    1.23591792e+00    1.79275388e+00    2.80183667e-02   -3.53623061e-03
210      6.95364703e-10   -1.91682672e-02    8.31971781e-01    1.24345378e+00    1.79910973e+00    3.23615549e-02   -3.50445135e-03
211      6.98698036e-10   -6.07395788e-03    8.42701900e-01    1.22908221e+00    1.79375672e+00    2.50933804e-02   -3.53121640e-03
212      7.02031370e-10    9.34039695e-03    8.54260297e-01    1.19679594e+00    1.77767653e+00    7.91297591e-03   -3.61161736e-03
213      7.05364703e-10    2.11870376e-02    8.62234121e-01    1.15912188e+00    1.75633801e+00   -1.32477193e-02   -3.71830996e-03
214      7.08698036e-10    2.49409500e-02    8.63651274e-01    1.13188701e+00    1.73858960e+00   -2.95689032e-02   -3.80705198e-03
215      7.12031370e-10    1.91682672e-02    8.58005366e-01    1.12603012e+00    1.73218923e+00   -3.38551429e-02   -3.83905385e-03
216      7.15364703e-10    6.07395788e-03    8.47412843e-01    1.14296528e+00    1.73952466e+00   -2.45721408e-02   -3.80237672e-03
217      7.18698036e-10   -9.34039695e-03    8.35860594e-01    1.17514335e+00    1.75688079e+00   -6.19058228e-03   -3.71559605e-03
218      7.22031370e-10   -2.11870376e-02    8.27753802e-01    1.21019292e+00    1.77700597e+00    1.36847874e-02   -3.61497017e-03
219      7.25364703e-10   -2.49409500e-02    8.26249383e-01    1.23591667e+00    1.79272950e+00    2.80182171e-02   -3.53635252e-03
220      7.28698036e-10   -1.91682672e-02    8.31974502e-01    1.24345231e+00    1.79908533e+00    3.23613999e-02   -3.50457334e-03
221      7.32031370e-10   -6.07395788e-03    8.42704588e-01    1.22908041e+00    1.79373206e+00    2.50929825e-02   -3.53133969e-03
222      7.35364703e-10    9.34039695e-03    8.54262959e-01    1.19679391e+00    1.77765149e+00    7.91223757e-03   -3.61174255e-03
223      7.38698036e-10    2.11870376e-02    8.62236768e-01    1.15911986e+00    1.75631265e+00   -1.32487168e-02   -3.71843673e-03
224      7.42031370e-10    2.49409500e-02    8.63653915e-01    1.13188514e+00    1.73856411e+00   -2.95699721e-02   -3.80717946e-03
225      7.45364703e-10    1.91682672e-02    8.58008003e-01    1.12602848e+00    1.73216377e+00   -3.38561067e-02   -3.83918114e-03
226      7.48698036e-10    6.07395788e-03    8.47415476e-01    1.14296388e+00    1.73949939e+00   -2.45728536e-02   -3.80250304e-03
227      7.52031370e-10   -9.34039695e-03    8.35863221e-01    1.17514221e+00    1.75685583e+00   -6.19095472e-03   -3.71572085e-03
228      7.55364703e-10   -2.11870376e-02    8.27756420e-01    1.21019195e+00    1.77698134e+00    1.36847571e-02   -3.61509332e-03
229      7.58698036e-10   -2.49409500e-02    8.26251985e-01    1.23591571e+00    1.79270508e+00    2.80183999e-02   -3.53647458e-03
230      7.62031370e-10   -1.91682672e-02    8.31977077e-01    1.24345115e+00    1.79906092e+00    3.23615730e-02   -3.50469539e-03
231      7.65364703e-10   -6.07395788e-03    8.42707131e-01    1.22907893e+00    1.79370742e+00    2.50929211e-02   -3.53146290e-03
232      7.68698036e-10    9.34039695e-03    8.54265478e-01    1.19679221e+00    1.77762651e+00    7.91184921e-03   -3.61186746e-03
233      7.72031370e-10    2.11870376e-02    8.62239273e-01    1.15911816e+00    1.75628739e+00   -1.32493543e-02   -3.71856306e-03
234      7.75364703e-10    2.49409500e-02    8.63656414e-01    1.13188360e+00    1.73853873e+00   -2.95706805e-02   -3.80730637e-03
235      7.78698036e-10    1.91682672e-02    8.58010498e-01    1.12602715e+00    1.73213844e+00   -3.38567183e-02   -3.83930779e-03
236      7.82031370e-10    6.07395788e-03    8.47417966e-01    1.14296278e+00    1.73947427e+00   -2.45732304e-02   -3.80262867e-03
237      7.85364703e-10   -9.34039695e-03    8.35865706e-01    1.17514133e+00    1.75683101e+00   -6.19101228e-03   -3.71584496e-03
238      7.88698036e-10   -2.11870376e-02    8.27758897e-01    1.21019124e+00    1.77695684e+00    1.36850198e-02   -3.61521579e-03
239      7.92031370e-10   -2.49409500e-02    8.26254445e-01    1.23591501e+00    1.79268081e+00    2.80188606e-02   -3.53659594e-03
240      7.95364703e-10   -1.91682672e-02    8.31979511e-01    1.24345024e+00    1.79903667e+00    3.23620200e-02   -3.50481667e-03
241      7.98698036e-10   -6.07395788e-03    8.42709537e-01    1.22907772e+00    1.79368296e+00    2.50931422e-02   -3.53158520e-03
242      8.02031370e-10    9.34039695e-03    8.54267859e-01    1.19679081e+00    1.77760174e+00    7.91175703e-03   -3.61199130e-03
243      8.05364703e-10    2.11870376e-02    8.62241643e-01    1.15911676e+00    1.75626237e+00   -1.32496854e-02   -3.71868817e-03
244      8.08698036e-10    2.49409500e-02    8.63658777e-01    1.13188234e+00    1.73851361e+00   -2.95710817e-02   -3.80743195e-03
245      8.12031370e-10    1.91682672e-02    8.58012857e-01    1.12602608e+00    1.73211339e+00   -3.38570304e-02   -3.83943304e-03
246      8.15364703e-10    6.07395788e-03    8.47420321e-01    1.14296192e+00    1.73944942e+00   -2.45733229e-02   -3.80275290e-03
247      8.18698036e-10   -9.34039695e-03    8.35868056e-01    1.17514069e+00    1.75680647e+00   -6.19080528e-03   -3.71596766e-03
248      8.22031370e-10   -2.11870376e-02    8.27761238e-01    1.21019076e+00    1.77693262e+00    1.36855265e-02   -3.61533689e-03
249      8.25364703e-10   -2.49409500e-02    8.26256770e-01    1.23591452e+00    1.79265682e+00    2.80195511e-02   -3.53671592e-03
250      8.28698036e-10   -1.91682672e-02    8.31981812e-01    1.24344956e+00    1.79901270e+00    3.23626940e-02   -3.50493649e-03
251      8.32031370e-10   -6.07395788e-03    8.42711810e-01    1.22907675e+00    1.79365882e+00    2.50935991e-02   -3.53170592e-03
252      8.35364703e-10    9.34039695e-03    8.54270111e-01    1.19678965e+00    1.77757731e+00    7.91191395e-03   -3.61211343e-03
253      8.38698036e-10    2.11870376e-02    8.62243882e-01    1.15911560e+00    1.75623772e+00   -1.32497574e-02   -3.71881142e-03
254      8.42031370e-10    2.49409500e-02    8.63661011e-01    1.13188131e+00    1.73848888e+00   -2.95712227e-02   -3.80755558e-03
255      8.45364703e-10    1.91682672e-02    8.58015087e-01    1.12602524e+00    1.73208874e+00   -3.38570890e-02   -3.83955630e-03
256      8.48698036e-10    6.07395788e-03    8.47422547e-01    1.14296128e+00    1.73942498e+00   -2.45731763e-02   -3.80287511e-03
257      8.52031370e-10   -9.34039695e-03    8.35870276e-01    1.17514025e+00    1.75678232e+00   -6.19037773e-03   -3.71608838e-03
258      8.55364703e-10   -2.11870376e-02    8.27763450e-01    1.21019046e+00    1.77690880e+00    1.36862344e-02   -3.61545601e-03
259      8.58698036e-10   -2.49409500e-02    8.26258967e-01    1.23591422e+00    1.79263322e+00    2.80204300e-02   -3.53683392e-03
260      8.62031370e-10   -1.91682672e-02    8.31983986e-01    1.24344907e+00    1.79898914e+00    3.23635538e-02   -3.50505430e-03
261      8.65364703e-10   -6.07395788e-03    8.42713957e-01    1.22907599e+00    1.79363510e+00    2.50942506e-02   -3.53182452e-03
262      8.68698036e-10    9.34039695e-03    8.54272237e-01    1.19678871e+00    1.77755334e+00    7.91227880e-03   -3.61223329e-03
263      8.72031370e-10    2.11870376e-02    8.62245997e-01    1.15911467e+00    1.75621354e+00   -1.32496114e-02   -3.71893229e-03
264      8.75364703e-10    2.49409500e-02    8.63663121e-01    1.13188050e+00    1.73846465e+00   -2.95711443e-02   -3.80767675e-03
265      8.78698036e-10    1.91682672e-02    8.58017193e-01    1.12602460e+00    1.73206459e+00   -3.38569347e-02   -3.83967705e-03
266      8.82031370e-10    6.07395788e-03    8.47424649e-01    1.14296083e+00    1.73940104e+00   -2.45728299e-02   -3.80299482e-03
267      8.85364703e-10   -9.34039695e-03    8.35872373e-01    1.17513998e+00    1.75675868e+00   -6.18976800e-03   -3.71620661e-03
268      8.88698036e-10   -2.11870376e-02    8.27765538e-01    1.21019032e+00    1.77688546e+00    1.36871066e-02   -3.61557268e-03
269      8.92031370e-10   -2.49409500e-02    8.26261041e-01    1.23591407e+00    1.79261010e+00    2.80214609e-02   -3.53694948e-03
270      8.95364703e-10   -1.91682672e-02    8.31986038e-01    1.24344875e+00    1.79896607e+00    3.23645638e-02   -3.50516963e-03
271      8.98698036e-10   -6.07395788e-03    8.42715985e-01    1.22907542e+00    1.79361189e+00    2.50950610e-02   -3.53194054e-03
272      9.02031370e-10    9.34039695e-03    8.54274245e-01    1.19678797e+00    1.77752991e+00    7.91281567e-03   -3.61235045e-03
273      9.05364703e-10    2.11870376e-02    8.62247994e-01    1.15911392e+00    1.75618993e+00   -1.32492836e-02   -3.71905036e-03
274      9.08698036e-10    2.49409500e-02    8.63665113e-01    1.13187988e+00    1.73844099e+00   -2.95708823e-02   -3.80779505e-03
275      9.12031370e-10    1.91682672e-02    8.58019182e-01    1.12602413e+00    1.73204102e+00   -3.38566026e-02   -3.83979490e-03
276      9.15364703e-10    6.07395788e-03    8.47426633e-01    1.14296054e+00    1.73937767e+00   -2.45723183e-02   -3.80311163e-03
277      9.18698036e-10   -9.34039695e-03    8.35874353e-01    1.17513986e+00    1.75673561e+00   -6.18900947e-03   -3.71632197e-03
278      9.22031370e-10   -2.11870376e-02    8.27767510e-01    1.21019031e+00    1.77686270e+00    1.36881106e-02   -3.61568652e-03
279      9.25364703e-10   -2.49409500e-02    8.26262999e-01    1.23591406e+00    1.79258755e+00    2.80226126e-02   -3.53706223e-03
280      9.28698036e-10   -1.91682672e-02    8.31987975e-01    1.24344857e+00    1.79894358e+00    3.23656930e-02   -3.50528211e-03
281      9.32031370e-10   -6.07395788e-03    8.42717898e-01    1.22907499e+00    1.79358927e+00    2.50959994e-02   -3.53205363e-03
282      9.35364703e-10    9.34039695e-03    8.54276140e-01    1.19678738e+00    1.77750709e+00    7.91349329e-03   -3.61246457e-03
283      9.38698036e-10    2.11870376e-02    8.62249879e-01    1.15911334e+00    1.75616694e+00   -1.32488054e-02   -3.71916529e-03
284      9.42031370e-10    2.49409500e-02    8.63666993e-01    1.13187940e+00    1.73841797e+00   -2.95704682e-02   -3.80791015e-03
285      9.45364703e-10    1.91682672e-02    8.58021058e-01    1.12602381e+00    1.73201810e+00   -3.38561237e-02   -3.83990952e-03
286      9.48698036e-10    6.07395788e-03    8.47428506e-01    1.14296038e+00    1.73935495e+00   -2.45716715e-02   -3.80322523e-03
287      9.52031370e-10   -9.34039695e-03    8.35876220e-01    1.17513986e+00    1.75671317e+00   -6.18813118e-03   -3.71643416e-03
288      9.55364703e-10   -2.11870376e-02    8.27769370e-01    1.21019042e+00    1.77684055e+00    1.36892186e-02   -3.61579723e-03
289      9.58698036e-10   -2.49409500e-02    8.26264845e-01    1.23591416e+00    1.79256563e+00    2.80238579e-02   -3.53717185e-03
290      9.62031370e-10   -1.91682672e-02    8.31989803e-01    1.24344851e+00    1.79892171e+00    3.23669149e-02   -3.50539144e-03
291      9.65364703e-10   -6.07395788e-03    8.42719704e-01    1.22907470e+00    1.79356730e+00    2.50970388e-02   -3.53216349e-03
292      9.68698036e-10    9.34039695e-03    8.54277928e-01    1.19678694e+00    1.77748492e+00    7.91428448e-03   -3.61257538e-03
293      9.72031370e-10    2.11870376e-02    8.62251657e-01    1.15911290e+00    1.75614464e+00   -1.32482042e-02   -3.71927681e-03
294      9.75364703e-10    2.49409500e-02    8.63668767e-01    1.13187907e+00    1.73839564e+00   -2.95699291e-02   -3.80802179e-03
295      9.78698036e-10    1.91682672e-02    8.58022829e-01    1.12602361e+00    1.73199586e+00   -3.38555248e-02   -3.84002068e-03
296      9.82031370e-10    6.07395788e-03    8.47430272e-01    1.14296033e+00    1.73933293e+00   -2.45709156e-02   -3.80333537e-03
297      9.85364703e-10   -9.34039695e-03    8.35877982e-01    1.17513996e+00    1.75669141e+00   -6.18715824e-03   -3.71654293e-03
298      9.88698036e-10   -2.11870376e-02    8.27771124e-01    1.21019062e+00    1.77681909e+00    1.36904065e-02   -3.61590456e-03
299      9.92031370e-10   -2.49409500e-02    8.26266587e-01    1.23591435e+00    1.79254437e+00    2.80251734e-02   -3.53727813e-03
300      9.95364703e-10   -1.91682672e-02    8.31991526e-01    1.24344855e+00    1.79890052e+00    3.23682062e-02   -3.50549741e-03
301      9.98698036e-10   -6.07395788e-03    8.42721406e-01    1.22907453e+00    1.79354601e+00    2.50981562e-02   -3.53226993e-03
302      1.00203137e-09    9.34039695e-03    8.54279613e-01    1.19678663e+00    1.77746347e+00    7.91516569e-03   -3.61268266e-03
303      1.00536470e-09    2.11870376e-02    8.62253334e-01    1.15911258e+00    1.75612305e+00   -1.32475038e-02   -3.71938473e-03
304      1.00869804e-09    2.49409500e-02    8.63670440e-01    1.13187885e+00    1.73837404e+00   -2.95692887e-02   -3.80812979e-03
305      1.01203137e-09    1.91682672e-02    8.58024498e-01    1.12602352e+00    1.73197436e+00   -3.38548292e-02   -3.84012818e-03
306      1.01536470e-09    6.07395788e-03    8.47431938e-01    1.14296038e+00    1.73931162e+00   -2.45700731e-02   -3.80344188e-03
307      1.01869804e-09   -9.34039695e-03    8.35879643e-01    1.17514015e+00    1.75667038e+00   -6.18611238e-03   -3.71664811e-03
308      1.02203137e-09   -2.11870376e-02    8.27772778e-01    1.21019091e+00    1.77679833e+00    1.36916535e-02   -3.61600835e-03
309      1.02536470e-09   -2.49409500e-02    8.26268229e-01    1.23591462e+00    1.79252382e+00    2.80265391e-02   -3.53738089e-03
310      1.02869804e-09   -1.91682672e-02    8.31993150e-01    1.24344868e+00    1.79888003e+00    3.23695472e-02   -3.50559984e-03
311      1.03203137e-09   -6.07395788e-03    8.42723010e-01    1.22907445e+00    1.79352545e+00    2.50993315e-02   -3.53237277e-03
312      1.03536470e-09    9.34039695e-03    8.54281202e-01    1.19678641e+00    1.77744275e+00    7.91611656e-03   -3.61278627e-03
313      1.03869804e-09    2.11870376e-02    8.62254915e-01    1.15911237e+00    1.75610222e+00   -1.32467248e-02   -3.71948891e-03
314      1.04203137e-09    2.49409500e-02    8.63672016e-01    1.13187873e+00    1.73835320e+00   -2.95685676e-02   -3.80823401e-03
315      1.04536470e-09    1.91682672e-02    8.58026072e-01    1.12602352e+00    1.73195362e+00   -3.38540571e-02   -3.84023189e-03
316      1.04869804e-09    6.07395788e-03    8.47433508e-01    1.14296051e+00    1.73929107e+00   -2.45691637e-02   -3.80354463e-03
317      1.05203137e-09   -9.34039695e-03    8.35881209e-01    1.17514041e+00    1.75665009e+00   -6.18501230e-03   -3.71674957e-03
318      1.05536470e-09   -2.11870376e-02    8.27774337e-01    1.21019125e+00    1.77677830e+00    1.36929418e-02   -3.61610848e-03
319      1.05869804e-09   -2.49409500e-02    8.26269777e-01    1.23591496e+00    1.79250400e+00    2.80279378e-02   -3.53748002e-03
320      1.06203137e-09   -1.91682672e-02    8.31994681e-01    1.24344888e+00    1.79886027e+00    3.23709210e-02   -3.50569863e-03
321      1.06536470e-09   -6.07395788e-03    8.42724522e-01    1.22907445e+00    1.79350562e+00    2.51005476e-02   -3.53247191e-03
322      1.06869804e-09    9.34039695e-03    8.54282700e-01    1.19678629e+00    1.77742278e+00    7.91711955e-03   -3.61288611e-03
323      1.07203137e-09    2.11870376e-02    8.62256404e-01    1.15911225e+00    1.75608215e+00   -1.32458851e-02   -3.71958926e-03
324      1.07536470e-09    2.49409500e-02    8.63673502e-01    1.13187869e+00    1.73833313e+00   -2.95677836e-02   -3.80833436e-03
325      1.07869804e-09    1.91682672e-02    8.58027555e-01    1.12602360e+00    1.73193365e+00   -3.38532259e-02   -3.84033174e-03
326      1.08203137e-09    6.07395788e-03    8.47434988e-01    1.14296071e+00    1.73927129e+00   -2.45682040e-02   -3.80364354e-03
327      1.08536470e-09   -9.34039695e-03    8.35882684e-01    1.17514072e+00    1.75663055e+00   -6.18387405e-03   -3.71684724e-03
328      1.08869804e-09   -2.11870376e-02    8.27775805e-01    1.21019165e+00    1.77675903e+00    1.36942561e-02   -3.61620486e-03
329      1.09203137e-09   -2.49409500e-02    8.26271234e-01    1.23591534e+00    1.79248491e+00    2.80293549e-02   -3.53757543e-03
330      1.09536470e-09   -1.91682672e-02    8.31996123e-01    1.24344913e+00    1.79884126e+00    3.23723131e-02   -3.50579369e-03
331      1.09869804e-09   -6.07395788e-03    8.42725947e-01    1.22907452e+00    1.79348654e+00    2.51017897e-02   -3.53256729e-03
332      1.10203137e-09    9.34039695e-03    8.54284110e-01    1.19678624e+00    1.77740358e+00    7.91815959e-03   -3.61298212e-03
333      1.10536470e-09    2.11870376e-02    8.62257808e-01    1.15911220e+00    1.75606286e+00   -1.32450000e-02   -3.71968572e-03
334      1.10869804e-09    2.49409500e-02    8.63674902e-01    1.13187873e+00    1.73831384e+00   -2.95669521e-02   -3.80843081e-03
335      1.11203137e-09    1.91682672e-02    8.58028951e-01    1.12602374e+00    1.73191446e+00   -3.38523507e-02   -3.84042768e-03
336      1.11536470e-09    6.07395788e-03    8.47436381e-01    1.14296097e+00    1.73925229e+00   -2.45672087e-02   -3.80373857e-03
337      1.11869804e-09   -9.34039695e-03    8.35884073e-01    1.17514109e+00    1.75661179e+00   -6.18271135e-03   -3.71694107e-03
338      1.12203137e-09   -2.11870376e-02    8.27777188e-01    1.21019209e+00    1.77674051e+00    1.36955835e-02   -3.61629745e-03
339      1.12536470e-09   -2.49409500e-02    8.26272607e-01    1.23591577e+00    1.79246658e+00    2.80307780e-02   -3.53766708e-03
340      1.12869804e-09   -1.91682672e-02    8.31997480e-01    1.24344943e+00    1.79882300e+00    3.23737113e-02   -3.50588500e-03
341      1.13203137e-09   -6.07395788e-03    8.42727288e-01    1.22907465e+00    1.79346823e+00    2.51030455e-02   -3.53265887e-03
342      1.13536470e-09    9.34039695e-03    8.54285439e-01    1.19678626e+00    1.77738515e+00    7.91922380e-03   -3.61307427e-03
343      1.13869804e-09    2.11870376e-02    8.62259129e-01    1.15911222e+00    1.75604435e+00   -1.32440827e-02   -3.71977827e-03
344      1.14203137e-09    2.49409500e-02    8.63676220e-01    1.13187882e+00    1.73829534e+00   -2.95660861e-02   -3.80852332e-03
345      1.14536470e-09    1.91682672e-02    8.58030267e-01    1.12602394e+00    1.73189606e+00   -3.38514443e-02   -3.84051970e-03
346      1.14869804e-09    6.07395788e-03    8.47437693e-01    1.14296127e+00    1.73923406e+00   -2.45661900e-02   -3.80382970e-03
347      1.15203137e-09   -9.34039695e-03    8.35885381e-01    1.17514149e+00    1.75659379e+00   -6.18153587e-03   -3.71703105e-03
348      1.15536470e-09   -2.11870376e-02    8.27778490e-01    1.21019256e+00    1.77672275e+00    1.36969130e-02   -3.61638624e-03
349      1.15869804e-09   -2.49409500e-02    8.26273899e-01    1.23591622e+00    1.79244901e+00    2.80321965e-02   -3.53775497e-03
350      1.16203137e-09   -1.91682672e-02    8.31998759e-01    1.24344977e+00    1.79880549e+00    3.23751054e-02   -3.50597255e-03
351      1.16536470e-09   -6.07395788e-03    8.42728551e-01    1.22907483e+00    1.79345067e+00    2.51043044e-02   -3.53274665e-03
352      1.16869804e-09    9.34039695e-03    8.54286689e-01    1.19678633e+00    1.77736749e+00    7.92030122e-03   -3.61316256e-03
353      1.17203137e-09    2.11870376e-02    8.62260373e-01    1.15911229e+00    1.75602661e+00   -1.32431445e-02   -3.71986693e-03
354      1.17536470e-09    2.49409500e-02    8.63677461e-01    1.13187896e+00    1.73827762e+00   -2.95651971e-02   -3.80861192e-03
355      1.17869804e-09    1.91682672e-02    8.58031505e-01    1.12602417e+00    1.73187844e+00   -3.38505178e-02   -3.84060781e-03
356      1.18203137e-09    6.07395788e-03    8.47438928e-01    1.14296160e+00    1.73921661e+00   -2.45651586e-02   -3.80391696e-03
357      1.18536470e-09   -9.34039695e-03    8.35886612e-01    1.17514192e+00    1.75657656e+00   -6.18035750e-03   -3.71711721e-03
358      1.18869804e-09   -2.11870376e-02    8.27779716e-01    1.21019305e+00    1.77670575e+00    1.36982355e-02   -3.61647126e-03
359      1.19203137e-09   -2.49409500e-02    8.26275116e-01    1.23591670e+00    1.79243218e+00    2.80336019e-02   -3.53783912e-03
360      1.19536470e-09   -1.91682672e-02    8.31999962e-01    1.24345014e+00    1.79878873e+00    3.23764867e-02   -3.50605635e-03
361      1.19869804e-09   -6.07395788e-03    8.42729739e-01    1.22907504e+00    1.79343387e+00    2.51055574e-02   -3.53283066e-03
362      1.20203137e-09    9.34039695e-03    8.54287866e-01    1.19678645e+00    1.77735059e+00    7.92138254e-03   -3.61324704e-03
363      1.20536470e-09    2.11870376e-02    8.62261544e-01    1.15911241e+00    1.75600965e+00   -1.32421950e-02   -3.71995173e-03
364      1.20869804e-09    2.49409500e-02    8.63678629e-01    1.13187914e+00    1.73826067e+00   -2.95642945e-02   -3.80869664e-03
365      1.21203137e-09    1.91682672e-02    8.58032671e-01    1.12602444e+00    1.73186159e+00   -3.38495807e-02   -3.84069205e-03
366      1.21536470e-09    6.07395788e-03    8.47440091e-01    1.14296197e+00    1.73919992e+00   -2.45641232e-02   -3.80400038e-03
367      1.21869804e-09   -9.34039695e-03    8.35887771e-01    1.17514237e+00    1.75656008e+00   -6.17918453e-03   -3.71719958e-03
368      1.22203137e-09   -2.11870376e-02    8.27780869e-01    1.21019356e+00    1.77668949e+00    1.36995433e-02   -3.61655254e-03
369      1.22536470e-09   -2.49409500e-02    8.26276260e-01    1.23591720e+00    1.79241609e+00    2.80349868e-02   -3.53791957e-03
370      1.22869804e-09   -1.91682672e-02    8.32001094e-01    1.24345053e+00    1.79877271e+00    3.23778480e-02   -3.50613646e-03
371      1.23203137e-09   -6.07395788e-03    8.42730857e-01    1.22907529e+00    1.79341781e+00    2.51067973e-02   -3.53291094e-03
372      1.23536470e-09    9.34039695e-03    8.54288974e-01    1.19678660e+00    1.77733445e+00    7.92245996e-03   -3.61332775e-03
373      1.23869804e-09    2.11870376e-02    8.62262646e-01    1.15911256e+00    1.75599346e+00   -1.32412423e-02   -3.72003272e-03
374      1.24203137e-09    2.49409500e-02    8.63679728e-01    1.13187936e+00    1.73824449e+00   -2.95633867e-02   -3.80877755e-03
375      1.24536470e-09    1.91682672e-02    8.58033767e-01    1.12602474e+00    1.73184550e+00   -3.38486407e-02   -3.84077249e-03
376      1.24869804e-09    6.07395788e-03    8.47441184e-01    1.14296235e+00    1.73918399e+00   -2.45630915e-02   -3.80408003e-03
377      1.25203137e-09   -9.34039695e-03    8.35888861e-01    1.17514284e+00    1.75654436e+00   -6.17802390e-03   -3.71727822e-03
378      1.25536470e-09   -2.11870376e-02    8.27781954e-01    1.21019408e+00    1.77667397e+00    1.37008301e-02   -3.61663014e-03
379      1.25869804e-09   -2.49409500e-02    8.26277337e-01    1.23591771e+00    1.79240073e+00    2.80363454e-02   -3.53799637e-03
380      1.26203137e-09   -1.91682672e-02    8.32002159e-01    1.24345094e+00    1.79875741e+00    3.23791836e-02   -3.50621293e-03
381      1.26536470e-09   -6.07395788e-03    8.42731909e-01    1.22907556e+00    1.79340249e+00    2.51080178e-02   -3.53298755e-03
382      1.26869804e-09    9.34039695e-03    8.54290016e-01    1.19678678e+00    1.77731905e+00    7.92352693e-03   -3.61340475e-03
383      1.27203137e-09    2.11870376e-02    8.62263682e-01    1.15911274e+00    1.75597800e+00   -1.32402933e-02   -3.72010998e-03
384      1.27536470e-09    2.49409500e-02    8.63680761e-01    1.13187960e+00    1.73822906e+00   -2.95624804e-02   -3.80885471e-03
385      1.27869804e-09    1.91682672e-02    8.58034799e-01    1.12602506e+00    1.73183016e+00   -3.38477048e-02   -3.84084920e-03
386      1.28203137e-09    6.07395788e-03    8.47442213e-01    1.14296275e+00    1.73916880e+00   -2.45620696e-02   -3.80415598e-03
387      1.28536470e-09   -9.34039695e-03    8.35889886e-01    1.17514331e+00    1.75652936e+00   -6.17688134e-03   -3.71735320e-03
388      1.28869804e-09   -2.11870376e-02    8.27782974e-01    1.21019461e+00    1.77665917e+00    1.37020906e-02   -3.61670414e-03
389      1.29203137e-09   -2.49409500e-02    8.26278349e-01    1.23591822e+00    1.79238608e+00    2.80376729e-02   -3.53806960e-03
390      1.29536470e-09   -1.91682672e-02    8.32003160e-01    1.24345136e+00    1.79874283e+00    3.23804886e-02   -3.50628583e-03
391      1.29869804e-09   -6.07395788e-03    8.42732898e-01    1.22907585e+00    1.79338788e+00    2.51092140e-02   -3.53306059e-03
392      1.30203137e-09    9.34039695e-03    8.54290995e-01    1.19678699e+00    1.77730437e+00    7.92457804e-03   -3.61347813e-03
393      1.30536470e-09    2.11870376e-02    8.62264657e-01    1.15911295e+00    1.75596328e+00   -1.32393536e-02   -3.72018359e-03
394      1.30869804e-09    2.49409500e-02    8.63681733e-01    1.13187987e+00    1.73821436e+00   -2.95615815e-02   -3.80892822e-03
395      1.31203137e-09    1.91682672e-02    8.58035769e-01    1.12602539e+00    1.73181555e+00   -3.38467783e-02   -3.84092226e-03
396      1.31536470e-09    6.07395788e-03    8.47443181e-01    1.14296316e+00    1.73915434e+00   -2.45610628e-02   -3.80422832e-03
397      1.31869804e-09   -9.34039695e-03    8.35890850e-01    1.17514380e+00    1.75651508e+00   -6.17576154e-03   -3.71742462e-03
398      1.32203137e-09   -2.11870376e-02    8.27783934e-01    1.21019514e+00    1.77664508e+00    1.37033207e-02   -3.61677462e-03
399      1.32536470e-09   -2.49409500e-02    8.26279301e-01    1.23591873e+00    1.79237213e+00    2.80389653e-02   -3.53813935e-03
400      1.32869804e-09   -1.91682672e-02    8.32004102e-01    1.24345179e+00    1.79872895e+00    3.23817594e-02   -3.50635525e-03
401      1.33203137e-09   -6.07395788e-03    8.42733828e-01    1.22907616e+00    1.79337398e+00    2.51103819e-02   -3.53313012e-03
402      1.33536470e-09    9.34039695e-03    8.54291916e-01    1.19678722e+00    1.77729040e+00    7.92560885e-03   -3.61354798e-03
403      1.33869804e-09    2.11870376e-02    8.62265573e-01    1.15911318e+00    1.75594927e+00   -1.32384281e-02   -3.72025364e-03
404      1.34203137e-09    2.49409500e-02    8.63682648e-01    1.13188014e+00    1.73820037e+00   -2.95606947e-02   -3.80899816e-03
405      1.34536470e-09    1.91682672e-02    8.58036681e-01    1.12602574e+00    1.73180164e+00   -3.38458660e-02   -3.84099178e-03
406      1.34869804e-09    6.07395788e-03    8.47444090e-01    1.14296358e+00    1.73914057e+00   -2.45600754e-02   -3.80429715e-03
407      1.35203137e-09   -9.34039695e-03    8.35891757e-01    1.17514428e+00    1.75650149e+00   -6.17466829e-03   -3.71749257e-03
408      1.35536470e-09   -2.11870376e-02    8.27784836e-01    1.21019566e+00    1.77663167e+00    1.37045172e-02   -3.61684167e-03
409      1.35869804e-09   -2.49409500e-02    8.26280196e-01    1.23591925e+00    1.79235886e+00    2.80402198e-02   -3.53820570e-03
410      1.36203137e-09   -1.91682672e-02    8.32004987e-01    1.24345222e+00    1.79871574e+00    3.23829929e-02   -3.50642130e-03
411      1.36536470e-09   -6.07395788e-03    8.42734703e-01    1.22907648e+00    1.79336075e+00    2.51115181e-02   -3.53319625e-03
412      1.36869804e-09    9.34039695e-03    8.54292782e-01    1.19678746e+00    1.77727712e+00    7.92661579e-03   -3.61361441e-03
413      1.37203137e-09    2.11870376e-02    8.62266434e-01    1.15911342e+00    1.75593595e+00   -1.32375205e-02   -3.72032024e-03
414      1.37536470e-09    2.49409500e-02    8.63683507e-01    1.13188043e+00    1.73818707e+00   -2.95598239e-02   -3.80906465e-03
415      1.37869804e-09    1.91682672e-02    8.58037538e-01    1.12602609e+00    1.73178843e+00   -3.38449716e-02   -3.84105785e-03
416      1.38203137e-09    6.07395788e-03    8.47444945e-01    1.14296399e+00    1.73912749e+00   -2.45591109e-02   -3.80436256e-03
417      1.38536470e-09   -9.34039695e-03    8.35892609e-01    1.17514476e+00    1.75648857e+00   -6.17360459e-03   -3.71755715e-03
418      1.38869804e-09   -2.11870376e-02    8.27785684e-01    1.21019618e+00    1.77661892e+00    1.37056774e-02   -3.61690539e-03
419      1.39203137e-09   -2.49409500e-02    8.26281038e-01    1.23591975e+00    1.79234625e+00    2.80414341e-02   -3.53826876e-03
420      1.39536470e-09   -1.91682672e-02    8.32005819e-01    1.24345265e+00    1.79870319e+00    3.23841869e-02   -3.50648406e-03
421      1.39869804e-09   -6.07395788e-03    8.42735525e-01    1.22907680e+00    1.79334818e+00    2.51126203e-02   -3.53325909e-03
422      1.40203137e-09    9.34039695e-03    8.54293596e-01    1.19678771e+00    1.77726450e+00    7.92759599e-03   -3.61367751e-03
423      1.40536470e-09    2.11870376e-02    8.62267244e-01    1.15911368e+00    1.75592330e+00   -1.32366341e-02   -3.72038350e-03
424      1.40869804e-09    2.49409500e-02    8.63684314e-01    1.13188073e+00    1.73817444e+00   -2.95589724e-02   -3.80912779e-03
425      1.41203137e-09    1.91682672e-02    8.58038344e-01    1.12602645e+00    1.73177588e+00   -3.38440981e-02   -3.84112060e-03
426      1.41536470e-09    6.07395788e-03    8.47445749e-01    1.14296441e+00    1.73911506e+00   -2.45581718e-02   -3.80442468e-03
427      1.41869804e-09   -9.34039695e-03    8.35893410e-01    1.17514523e+00    1.75647631e+00   -6.17257275e-03   -3.71761847e-03
428      1.42203137e-09   -2.11870376e-02    8.27786480e-01    1.21019670e+00    1.77660682e+00    1.37067995e-02   -3.61696591e-03
429      1.42536470e-09   -2.49409500e-02    8.26281828e-01    1.23592025e+00    1.79233427e+00    2.80426065e-02   -3.53832864e-03
430      1.42869804e-09   -1.91682672e-02    8.32006600e-01    1.24345307e+00    1.79869127e+00    3.23853399e-02   -3.50654365e-03
431      1.43203137e-09   -6.07395788e-03    8.42736297e-01    1.22907712e+00    1.79333625e+00    2.51136865e-02   -3.53331874e-03
432      1.43536470e-09    9.34039695e-03    8.54294361e-01    1.19678798e+00    1.77725252e+00    7.92854725e-03   -3.61373740e-03
433      1.43869804e-09    2.11870376e-02    8.62268005e-01    1.15911394e+00    1.75591129e+00   -1.32357712e-02   -3.72044353e-03
434      1.44203137e-09    2.49409500e-02    8.63685073e-01    1.13188104e+00    1.73816246e+00   -2.95581428e-02   -3.80918771e-03
435      1.44536470e-09    1.91682672e-02    8.58039101e-01    1.12602681e+00    1.73176397e+00   -3.38432481e-02   -3.84118013e-03
436      1.44869804e-09    6.07395788e-03    8.47446504e-01    1.14296483e+00    1.73910328e+00   -2.45572604e-02   -3.80448361e-03
437      1.45203137e-09   -9.34039695e-03    8.35894162e-01    1.17514570e+00    1.75646467e+00   -6.17157450e-03   -3.71767665e-03
438      1.45536470e-09   -2.11870376e-02    8.27787229e-01    1.21019720e+00    1.77659534e+00    1.37078821e-02   -3.61702332e-03
439      1.45869804e-09   -2.49409500e-02    8.26282571e-01    1.23592074e+00    1.79232291e+00    2.80437361e-02   -3.53838545e-03
440      1.46203137e-09   -1.91682672e-02    8.32007335e-01    1.24345349e+00    1.79867996e+00    3.23864507e-02   -3.50660018e-03
441      1.46536470e-09   -6.07395788e-03    8.42737022e-01    1.22907745e+00    1.79332494e+00    2.51147156e-02   -3.53337532e-03
442      1.46869804e-09    9.34039695e-03    8.54295079e-01    1.19678824e+00    1.77724116e+00    7.92946790e-03   -3.61379420e-03
443      1.47203137e-09    2.11870376e-02    8.62268720e-01    1.15911420e+00    1.75589991e+00   -1.32349339e-02   -3.72050045e-03
444      1.47536470e-09    2.49409500e-02    8.63685786e-01    1.13188134e+00    1.73815110e+00   -2.95573369e-02   -3.80924451e-03
445      1.47869804e-09    1.91682672e-02    8.58039812e-01    1.12602716e+00    1.73175269e+00   -3.38424233e-02   -3.84123657e-03
446      1.48203137e-09    6.07395788e-03    8.47447213e-01    1.14296524e+00    1.73909210e+00   -2.45563783e-02   -3.80453948e-03
447      1.48536470e-09   -9.34039695e-03    8.35894869e-01    1.17514616e+00    1.75645364e+00   -6.17061108e-03   -3.71773181e-03
448      1.48869804e-09   -2.11870376e-02    8.27787932e-01    1.21019769e+00    1.77658445e+00    1.37089244e-02   -3.61707775e-03
449      1.49203137e-09   -2.49409500e-02    8.26283268e-01    1.23592122e+00    1.79231214e+00    2.80448222e-02   -3.53843930e-03
450      1.49536470e-09   -1.91682672e-02    8.32008025e-01    1.24345391e+00    1.79866925e+00    3.23875188e-02   -3.50665376e-03
451      1.49869804e-09   -6.07395788e-03    8.42737704e-01    1.22907778e+00    1.79331421e+00    2.51157065e-02   -3.53342895e-03
452      1.50203137e-09    9.34039695e-03    8.54295754e-01    1.19678851e+00    1.77723040e+00    7.93035674e-03   -3.61384802e-03
453      1.50536470e-09    2.11870376e-02    8.62269391e-01    1.15911447e+00    1.75588912e+00   -1.32341236e-02   -3.72055438e-03
454      1.50869804e-09    2.49409500e-02    8.63686456e-01    1.13188165e+00    1.73814033e+00   -2.95565564e-02   -3.80929833e-03
455      1.51203137e-09    1.91682672e-02    8.58040480e-01    1.12602752e+00    1.73174199e+00   -3.38416252e-02   -3.84129004e-03
456      1.51536470e-09    6.07395788e-03    8.47447879e-01    1.14296564e+00    1.73908152e+00   -2.45555266e-02   -3.80459240e-03
457      1.51869804e-09   -9.34039695e-03    8.35895532e-01    1.17514661e+00    1.75644319e+00   -6.16968329e-03   -3.71778405e-03
458      1.52203137e-09   -2.11870376e-02    8.27788592e-01    1.21019817e+00    1.77657414e+00    1.37099260e-02   -3.61712930e-03
459      1.52536470e-09   -2.49409500e-02    8.26283924e-01    1.23592169e+00    1.79230194e+00    2.80458645e-02   -3.53849031e-03
460      1.52869804e-09   -1.91682672e-02    8.32008673e-01    1.24345431e+00    1.79865910e+00    3.23885440e-02   -3.50670451e-03
461      1.53203137e-09   -6.07395788e-03    8.42738343e-01    1.22907810e+00    1.79330405e+00    2.51166590e-02   -3.53347973e-03
462      1.53536470e-09    9.34039695e-03    8.54296388e-01    1.19678878e+00    1.77722020e+00    7.93121299e-03   -3.61389899e-03
463      1.53869804e-09    2.11870376e-02    8.62270022e-01    1.15911474e+00    1.75587891e+00   -1.32333413e-02   -3.72060545e-03
464      1.54203137e-09    2.49409500e-02    8.63687085e-01    1.13188195e+00    1.73813015e+00   -2.95558023e-02   -3.80934927e-03
465      1.54536470e-09    1.91682672e-02    8.58041108e-01    1.12602786e+00    1.73173187e+00   -3.38408549e-02   -3.84134065e-03
466      1.54869804e-09    6.07395788e-03    8.47448505e-01    1.14296603e+00    1.73907150e+00   -2.45547062e-02   -3.80464250e-03
467      1.55203137e-09   -9.34039695e-03    8.35896156e-01    1.17514705e+00    1.75643330e+00   -6.16879155e-03   -3.71783351e-03
468      1.55536470e-09   -2.11870376e-02    8.27789212e-01    1.21019863e+00    1.77656438e+00    1.37108867e-02   -3.61717810e-03
469      1.55869804e-09   -2.49409500e-02    8.26284539e-01    1.23592214e+00    1.79229228e+00    2.80468632e-02   -3.53853859e-03
470      1.56203137e-09   -1.91682672e-02    8.32009281e-01    1.24345471e+00    1.79864949e+00    3.23895262e-02   -3.50675255e-03
471      1.56536470e-09   -6.07395788e-03    8.42738944e-01    1.22907842e+00    1.79329444e+00    2.51175727e-02   -3.53352780e-03
472      1.56869804e-09    9.34039695e-03    8.54296983e-01    1.19678905e+00    1.77721056e+00    7.93203621e-03   -3.61394721e-03
473      1.57203137e-09    2.11870376e-02    8.62270614e-01    1.15911501e+00    1.75586925e+00   -1.32325877e-02   -3.72065376e-03
474      1.57536470e-09    2.49409500e-02    8.63687675e-01    1.13188225e+00    1.73812051e+00   -2.95550754e-02   -3.80939747e-03
475      1.57869804e-09    1.91682672e-02    8.58041697e-01    1.12602821e+00    1.73172230e+00   -3.38401128e-02   -3.84138852e-03
476      1.58203137e-09    6.07395788e-03    8.47449092e-01    1.14296642e+00    1.73906202e+00   -2.45539173e-02   -3.80468988e-03
477      1.58536470e-09   -9.34039695e-03    8.35896741e-01    1.17514747e+00    1.75642394e+00   -6.16793601e-03   -3.71788029e-03
478      1.58869804e-09   -2.11870376e-02    8.27789795e-01    1.21019908e+00    1.77655515e+00    1.37118067e-02   -3.61722426e-03
479      1.59203137e-09   -2.49409500e-02    8.26285117e-01    1.23592259e+00    1.79228315e+00    2.80478187e-02   -3.53858426e-03
480      1.59536470e-09   -1.91682672e-02    8.32009852e-01    1.24345510e+00    1.79864040e+00    3.23904660e-02   -3.50679798e-03
481      1.59869804e-09   -6.07395788e-03    8.42739509e-01    1.22907873e+00    1.79328535e+00    2.51184479e-02   -3.53357325e-03
482      1.60203137e-09    9.34039695e-03    8.54297542e-01    1.19678931e+00    1.77720144e+00    7.93282623e-03   -3.61399281e-03
483      1.60536470e-09    2.11870376e-02    8.62271170e-01    1.15911527e+00    1.75586011e+00   -1.32318631e-02   -3.72069943e-03
484      1.60869804e-09    2.49409500e-02    8.63688230e-01    1.13188254e+00    1.73811139e+00   -2.95543761e-02   -3.80944304e-03
485      1.61203137e-09    1.91682672e-02    8.58042250e-01    1.12602854e+00    1.73171324e+00   -3.38393995e-02   -3.84143378e-03
486      1.61536470e-09    6.07395788e-03    8.47449644e-01    1.14296679e+00    1.73905306e+00   -2.45531602e-02   -3.80473468e-03
487      1.61869804e-09   -9.34039695e-03    8.35897291e-01    1.17514789e+00    1.75641510e+00   -6.16711652e-03   -3.71792451e-03
488      1.62203137e-09   -2.11870376e-02    8.27790341e-01    1.21019952e+00    1.77654642e+00    1.37126865e-02   -3.61726790e-03
489      1.62536470e-09   -2.49409500e-02    8.26285659e-01    1.23592301e+00    1.79227451e+00    2.80487314e-02   -3.53862744e-03
490      1.62869804e-09   -1.91682672e-02    8.32010389e-01    1.24345547e+00    1.79863181e+00    3.23913638e-02   -3.50684093e-03
491      1.63203137e-09   -6.07395788e-03    8.42740038e-01    1.22907903e+00    1.79327676e+00    2.51192850e-02   -3.53361621e-03
492      1.63536470e-09    9.34039695e-03    8.54298067e-01    1.19678957e+00    1.77719282e+00    7.93358315e-03   -3.61403591e-03
493      1.63869804e-09    2.11870376e-02    8.62271692e-01    1.15911553e+00    1.75585148e+00   -1.32311679e-02   -3.72074260e-03
494      1.64203137e-09    2.49409500e-02    8.63688751e-01    1.13188283e+00    1.73810278e+00   -2.95537046e-02   -3.80948609e-03
495      1.64536470e-09    1.91682672e-02    8.58042770e-01    1.12602886e+00    1.73170469e+00   -3.38387150e-02   -3.84147655e-03
496      1.64869804e-09    6.07395788e-03    8.47450162e-01    1.14296715e+00    1.73904460e+00   -2.45524348e-02   -3.80477700e-03
497      1.65203137e-09   -9.34039695e-03    8.35897806e-01    1.17514828e+00    1.75640674e+00   -6.16633272e-03   -3.71796629e-03
498      1.65536470e-09   -2.11870376e-02    8.27790855e-01    1.21019994e+00    1.77653817e+00    1.37135266e-02   -3.61730913e-03
499      1.65869804e-09   -2.49409500e-02    8.26286168e-01    1.23592342e+00    1.79226635e+00    2.80496023e-02   -3.53866823e-03
500      1.66203137e-09   -1.91682672e-02    8.32010892e-01    1.24345583e+00    1.79862370e+00    3.23922204e-02   -3.50688150e-03
501      1.66536470e-09   -6.07395788e-03    8.42740536e-01    1.22907933e+00    1.79326864e+00    2.51200845e-02   -3.53365679e-03
502      1.66869804e-09    9.34039695e-03    8.54298559e-01    1.19678983e+00    1.77718468e+00    7.93430726e-03   -3.61407661e-03
503      1.67203137e-09    2.11870376e-02    8.62272182e-01    1.15911579e+00    1.75584333e+00   -1.32305017e-02   -3.72078336e-03
504      1.67536470e-09    2.49409500e-02    8.63689239e-01    1.13188311e+00    1.73809465e+00   -2.95530610e-02   -3.80952675e-03
505      1.67869804e-09    1.91682672e-02    8.58043257e-01    1.12602918e+00    1.73169661e+00   -3.38380592e-02   -3.84151693e-03
506      1.68203137e-09    6.07395788e-03    8.47450648e-01    1.14296751e+00    1.73903661e+00   -2.45517408e-02   -3.80481697e-03
507      1.68536470e-09   -9.34039695e-03    8.35898291e-01    1.17514867e+00    1.75639885e+00   -6.16558410e-03   -3.71800574e-03
508      1.68869804e-09   -2.11870376e-02    8.27791336e-01    1.21020034e+00    1.77653039e+00    1.37143279e-02   -3.61734805e-03
509      1.69203137e-09   -2.49409500e-02    8.26286646e-01    1.23592382e+00    1.79225865e+00    2.80504323e-02   -3.53870674e-03
510      1.69536470e-09   -1.91682672e-02    8.32011364e-01    1.24345618e+00    1.79861604e+00    3.23930368e-02   -3.50691981e-03
511      1.69869804e-09   -6.07395788e-03    8.42741002e-01    1.22907962e+00    1.79326098e+00    2.51208471e-02   -3.53369511e-03
512      1.70203137e-09    9.34039695e-03    8.54299022e-01    1.19679008e+00    1.77717699e+00    7.93499904e-03   -3.61411504e-03
513      1.70536470e-09    2.11870376e-02    8.62272642e-01    1.15911604e+00    1.75583563e+00   -1.32298644e-02   -3.72082183e-03
514      1.70869804e-09    2.49409500e-02    8.63689698e-01    1.13188339e+00    1.73808698e+00   -2.95524449e-02   -3.80956512e-03
515      1.71203137e-09    1.91682672e-02    8.58043715e-01    1.12602949e+00    1.73168899e+00   -3.38374318e-02   -3.84155504e-03
516      1.71536470e-09    6.07395788e-03    8.47451104e-01    1.14296785e+00    1.73902906e+00   -2.45510777e-02   -3.80485468e-03
517      1.71869804e-09   -9.34039695e-03    8.35898745e-01    1.17514904e+00    1.75639141e+00   -6.16486995e-03   -3.71804297e-03
518      1.72203137e-09   -2.11870376e-02    8.27791788e-01    1.21020073e+00    1.77652304e+00    1.37150912e-02   -3.61738479e-03
519      1.72536470e-09   -2.49409500e-02    8.26287094e-01    1.23592420e+00    1.79225138e+00    2.80512224e-02   -3.53874308e-03
520      1.72869804e-09   -1.91682672e-02    8.32011808e-01    1.24345652e+00    1.79860881e+00    3.23938140e-02   -3.50695595e-03
521      1.73203137e-09   -6.07395788e-03    8.42741440e-01    1.22907990e+00    1.79325375e+00    2.51215737e-02   -3.53373126e-03
522      1.73536470e-09    9.34039695e-03    8.54299455e-01    1.19679032e+00    1.77716974e+00    7.93565909e-03   -3.61415129e-03
523      1.73869804e-09    2.11870376e-02    8.62273073e-01    1.15911628e+00    1.75582837e+00   -1.32292555e-02   -3.72085813e-03
524      1.74203137e-09    2.49409500e-02    8.63690128e-01    1.13188366e+00    1.73807974e+00   -2.95518561e-02   -3.80960132e-03
525      1.74536470e-09    1.91682672e-02    8.58044144e-01    1.12602978e+00    1.73168180e+00   -3.38368325e-02   -3.84159098e-03
526      1.74869804e-09    6.07395788e-03    8.47451532e-01    1.14296817e+00    1.73902195e+00   -2.45504450e-02   -3.80489026e-03
527      1.75203137e-09   -9.34039695e-03    8.35899171e-01    1.17514940e+00    1.75638438e+00   -6.16418949e-03   -3.71807809e-03
528      1.75536470e-09   -2.11870376e-02    8.27792212e-01    1.21020111e+00    1.77651611e+00    1.37158177e-02   -3.61741945e-03
529      1.75869804e-09   -2.49409500e-02    8.26287515e-01    1.23592456e+00    1.79224453e+00    2.80519738e-02   -3.53877737e-03
530      1.76203137e-09   -1.91682672e-02    8.32012224e-01    1.24345685e+00    1.79860199e+00    3.23945531e-02   -3.50699005e-03
531      1.76536470e-09   -6.07395788e-03    8.42741851e-01    1.22908018e+00    1.79324693e+00    2.51222653e-02   -3.53376535e-03
532      1.76869804e-09    9.34039695e-03    8.54299862e-01    1.19679056e+00    1.77716290e+00    7.93628812e-03   -3.61418548e-03
533      1.77203137e-09    2.11870376e-02    8.62273478e-01    1.15911652e+00    1.75582153e+00   -1.32286746e-02   -3.72089236e-03
534      1.77536470e-09    2.49409500e-02    8.63690532e-01    1.13188391e+00    1.73807291e+00   -2.95512941e-02   -3.80963545e-03
535      1.77869804e-09    1.91682672e-02    8.58044547e-01    1.12603007e+00    1.73167503e+00   -3.38362607e-02   -3.84162487e-03
536      1.78203137e-09    6.07395788e-03    8.47451934e-01    1.14296849e+00    1.73901524e+00   -2.45498421e-02   -3.80492380e-03
537      1.78536470e-09   -9.34039695e-03    8.35899571e-01    1.17514974e+00    1.75637776e+00   -6.16354181e-03   -3.71811119e-03
538      1.78869804e-09   -2.11870376e-02    8.27792610e-01    1.21020147e+00    1.77650958e+00    1.37165083e-02   -3.61745212e-03
539      1.79203137e-09   -2.49409500e-02    8.26287910e-01    1.23592492e+00    1.79223806e+00    2.80526877e-02   -3.53880969e-03
540      1.79536470e-09   -1.91682672e-02    8.32012614e-01    1.24345716e+00    1.79859556e+00    3.23952553e-02   -3.50702219e-03
541      1.79869804e-09   -6.07395788e-03    8.42742237e-01    1.22908044e+00    1.79324050e+00    2.51229229e-02   -3.53379749e-03
542      1.80203137e-09    9.34039695e-03    8.54300244e-01    1.19679079e+00    1.77715646e+00    7.93688696e-03   -3.61421770e-03
543      1.80536470e-09    2.11870376e-02    8.62273858e-01    1.15911675e+00    1.75581508e+00   -1.32281209e-02   -3.72092461e-03
544      1.80869804e-09    2.49409500e-02    8.63690911e-01    1.13188417e+00    1.73806648e+00   -2.95507582e-02   -3.80966761e-03
545      1.81203137e-09    1.91682672e-02    8.58044925e-01    1.12603035e+00    1.73166864e+00   -3.38357158e-02   -3.84165681e-03
546      1.81536470e-09    6.07395788e-03    8.47452310e-01    1.14296879e+00    1.73900892e+00   -2.45492680e-02   -3.80495540e-03
547      1.81869804e-09   -9.34039695e-03    8.35899947e-01    1.17515007e+00    1.75637152e+00   -6.16292595e-03   -3.71814239e-03
548      1.82203137e-09   -2.11870376e-02    8.27792984e-01    1.21020181e+00    1.77650342e+00    1.37171643e-02   -3.61748290e-03
549      1.82536470e-09   -2.49409500e-02    8.26288280e-01    1.23592525e+00    1.79223197e+00    2.80533653e-02   -3.53884014e-03
550      1.82869804e-09   -1.91682672e-02    8.32012980e-01    1.24345746e+00    1.79858950e+00    3.23959219e-02   -3.50705248e-03
551      1.83203137e-09   -6.07395788e-03    8.42742599e-01    1.22908069e+00    1.79323445e+00    2.51235476e-02   -3.53382777e-03
552      1.83536470e-09    9.34039695e-03    8.54300603e-01    1.19679102e+00    1.77715039e+00    7.93745647e-03   -3.61424806e-03
553      1.83869804e-09    2.11870376e-02    8.62274214e-01    1.15911697e+00    1.75580900e+00   -1.32275937e-02   -3.72095500e-03
554      1.84203137e-09    2.49409500e-02    8.63691267e-01    1.13188441e+00    1.73806042e+00   -2.95502479e-02   -3.80969791e-03
555      1.84536470e-09    1.91682672e-02    8.58045280e-01    1.12603061e+00    1.73166262e+00   -3.38351970e-02   -3.84168690e-03
556      1.84869804e-09    6.07395788e-03    8.47452664e-01    1.14296908e+00    1.73900296e+00   -2.45487221e-02   -3.80498518e-03
557      1.85203137e-09   -9.34039695e-03    8.35900299e-01    1.17515038e+00    1.75636564e+00   -6.16234088e-03   -3.71817178e-03
558      1.85536470e-09   -2.11870376e-02    8.27793334e-01    1.21020214e+00    1.77649762e+00    1.37177868e-02   -3.61751190e-03
559      1.85869804e-09   -2.49409500e-02    8.26288627e-01    1.23592557e+00    1.79222623e+00    2.80540081e-02   -3.53886883e-03
560      1.86203137e-09   -1.91682672e-02    8.32013324e-01    1.24345775e+00    1.79858380e+00    3.23965542e-02   -3.50708100e-03
561      1.86536470e-09   -6.07395788e-03    8.42742938e-01    1.22908094e+00    1.79322874e+00    2.51241405e-02   -3.53385629e-03
562      1.86869804e-09    9.34039695e-03    8.54300939e-01    1.19679123e+00    1.77714467e+00    7.93799760e-03   -3.61427665e-03
563      1.87203137e-09    2.11870376e-02    8.62274549e-01    1.15911719e+00    1.75580328e+00   -1.32270924e-02   -3.72098361e-03
564      1.87536470e-09    2.49409500e-02    8.63691600e-01    1.13188464e+00    1.73805471e+00   -2.95497624e-02   -3.80972644e-03
565      1.87869804e-09    1.91682672e-02    8.58045612e-01    1.12603087e+00    1.73165696e+00   -3.38347037e-02   -3.84171522e-03
566      1.88203137e-09    6.07395788e-03    8.47452995e-01    1.14296936e+00    1.73899736e+00   -2.45482033e-02   -3.80501321e-03
567      1.88536470e-09   -9.34039695e-03    8.35900629e-01    1.17515068e+00    1.75636011e+00   -6.16178553e-03   -3.71819945e-03
568      1.88869804e-09   -2.11870376e-02    8.27793662e-01    1.21020245e+00    1.77649216e+00    1.37183772e-02   -3.61753920e-03
569      1.89203137e-09   -2.49409500e-02    8.26288953e-01    1.23592588e+00    1.79222083e+00    2.80546173e-02   -3.53889584e-03
570      1.89536470e-09   -1.91682672e-02    8.32013646e-01    1.24345803e+00    1.79857843e+00    3.23971535e-02   -3.50710786e-03
571      1.89869804e-09   -6.07395788e-03    8.42743256e-01    1.22908117e+00    1.79322337e+00    2.51247028e-02   -3.53388314e-03
572      1.90203137e-09    9.34039695e-03    8.54301254e-01    1.19679144e+00    1.77713929e+00    7.93851131e-03   -3.61430356e-03
573      1.90536470e-09    2.11870376e-02    8.62274862e-01    1.15911740e+00    1.75579789e+00   -1.32266160e-02   -3.72101055e-03
574      1.90869804e-09    2.49409500e-02    8.63691913e-01    1.13188486e+00    1.73804934e+00   -2.95493009e-02   -3.80975329e-03
575      1.91203137e-09    1.91682672e-02    8.58045924e-01    1.12603112e+00    1.73165162e+00   -3.38342349e-02   -3.84174188e-03
576      1.91536470e-09    6.07395788e-03    8.47453306e-01    1.14296963e+00    1.73899208e+00   -2.45477108e-02   -3.80503959e-03
577      1.91869804e-09   -9.34039695e-03    8.35900939e-01    1.17515097e+00    1.75635490e+00   -6.16125883e-03   -3.71822549e-03
578      1.92203137e-09   -2.11870376e-02    8.27793970e-01    1.21020275e+00    1.77648702e+00    1.37189366e-02   -3.61756490e-03
579      1.92536470e-09   -2.49409500e-02    8.26289259e-01    1.23592617e+00    1.79221575e+00    2.80551943e-02   -3.53892126e-03
580      1.92869804e-09   -1.91682672e-02    8.32013948e-01    1.24345829e+00    1.79857337e+00    3.23977210e-02   -3.50713314e-03
581      1.93203137e-09   -6.07395788e-03    8.42743555e-01    1.22908140e+00    1.79321832e+00    2.51252357e-02   -3.53390840e-03
582      1.93536470e-09    9.34039695e-03    8.54301550e-01    1.19679164e+00    1.77713422e+00    7.93899860e-03   -3.61432888e-03
583      1.93869804e-09    2.11870376e-02    8.62275157e-01    1.15911760e+00    1.75579282e+00   -1.32261637e-02   -3.72103589e-03
584      1.94203137e-09    2.49409500e-02    8.63692206e-01    1.13188508e+00    1.73804429e+00   -2.95488626e-02   -3.80977856e-03
585      1.94536470e-09    1.91682672e-02    8.58046217e-01    1.12603135e+00    1.73164661e+00   -3.38337898e-02   -3.84176697e-03
586      1.94869804e-09    6.07395788e-03    8.47453598e-01    1.14296988e+00    1.73898712e+00   -2.45472436e-02   -3.80506441e-03
587      1.95203137e-09   -9.34039695e-03    8.35901229e-01    1.17515124e+00    1.75635000e+00   -6.16075965e-03   -3.71824999e-03
588      1.95536470e-09   -2.11870376e-02    8.27794259e-01    1.21020304e+00    1.77648219e+00    1.37194663e-02   -3.61758907e-03
589      1.95869804e-09   -2.49409500e-02    8.26289545e-01    1.23592646e+00    1.79221097e+00    2.80557403e-02   -3.53894517e-03
590      1.96203137e-09   -1.91682672e-02    8.32014232e-01    1.24345855e+00    1.79856862e+00    3.23982582e-02   -3.50715691e-03
591      1.96536470e-09   -6.07395788e-03    8.42743835e-01    1.22908162e+00    1.79321357e+00    2.51257404e-02   -3.53393217e-03
592      1.96869804e-09    9.34039695e-03    8.54301827e-01    1.19679183e+00    1.77712946e+00    7.93946049e-03   -3.61435270e-03
593      1.97203137e-09    2.11870376e-02    8.62275432e-01    1.15911779e+00    1.75578806e+00   -1.32257347e-02   -3.72105972e-03
594      1.97536470e-09    2.49409500e-02    8.63692481e-01    1.13188529e+00    1.73803954e+00   -2.95484467e-02   -3.80980232e-03
595      1.97869804e-09    1.91682672e-02    8.58046491e-01    1.12603158e+00    1.73164189e+00   -3.38333676e-02   -3.84179055e-03
596      1.98203137e-09    6.07395788e-03    8.47453872e-01    1.14297013e+00    1.73898245e+00   -2.45468007e-02   -3.80508775e-03
597      1.98536470e-09   -9.34039695e-03    8.35901502e-01    1.17515151e+00    1.75634539e+00   -6.16028689e-03   -3.71827303e-03
598      1.98869804e-09   -2.11870376e-02    8.27794530e-01    1.21020331e+00    1.77647764e+00    1.37199675e-02   -3.61761181e-03
599      1.99203137e-09   -2.49409500e-02    8.26289814e-01    1.23592672e+00    1.79220647e+00    2.80562569e-02   -3.53896766e-03
600      1.99536470e-09   -1.91682672e-02    8.32014497e-01    1.24345879e+00    1.79856415e+00    3.23987663e-02   -3.50717927e-03
601      1.99869804e-09   -6.07395788e-03    8.42744097e-01    1.22908182e+00    1.79320910e+00    2.51262180e-02   -3.53395452e-03
602      2.00203137e-09    9.34039695e-03    8.54302087e-01    1.19679202e+00    1.77712498e+00    7.93989799e-03   -3.61437510e-03
603      2.00536470e-09    2.11870376e-02    8.62275691e-01    1.15911798e+00    1.75578357e+00   -1.32253279e-02   -3.72108213e-03
604      2.00869804e-09    2.49409500e-02    8.63692739e-01    1.13188549e+00    1.73803507e+00   -2.95480524e-02   -3.80982465e-03
605      2.01203137e-09    1.91682672e-02    8.58046749e-01    1.12603179e+00    1.73163745e+00   -3.38329674e-02   -3.84181273e-03
606      2.01536470e-09    6.07395788e-03    8.47454128e-01    1.14297036e+00    1.73897806e+00   -2.45463812e-02   -3.80510969e-03
607      2.01869804e-09   -9.34039695e-03    8.35901757e-01    1.17515176e+00    1.75634106e+00   -6.15983945e-03   -3.71829469e-03
608      2.02203137e-09   -2.11870376e-02    8.27794784e-01    1.21020357e+00    1.77647336e+00    1.37204416e-02   -3.61763318e-03
609      2.02536470e-09   -2.49409500e-02    8.26290066e-01    1.23592698e+00    1.79220224e+00    2.80567452e-02   -3.53898880e-03
610      2.02869804e-09   -1.91682672e-02    8.32014747e-01    1.24345902e+00    1.79855994e+00    3.23992467e-02   -3.50720029e-03
611      2.03203137e-09   -6.07395788e-03    8.42744343e-01    1.22908202e+00    1.79320490e+00    2.51266697e-02   -3.53397552e-03
612      2.03536470e-09    9.34039695e-03    8.54302331e-01    1.19679220e+00    1.77712077e+00    7.94031213e-03   -3.61439615e-03
613      2.03869804e-09    2.11870376e-02    8.62275934e-01    1.15911815e+00    1.75577936e+00   -1.32249426e-02   -3.72110319e-03
614      2.04203137e-09    2.49409500e-02    8.63692981e-01    1.13188568e+00    1.73803087e+00   -2.95476788e-02   -3.80984564e-03
615      2.04536470e-09    1.91682672e-02    8.58046990e-01    1.12603200e+00    1.73163329e+00   -3.38325882e-02   -3.84183357e-03
616      2.04869804e-09    6.07395788e-03    8.47454369e-01    1.14297059e+00    1.73897394e+00   -2.45459841e-02   -3.80513031e-03
617      2.05203137e-09   -9.34039695e-03    8.35901997e-01    1.17515199e+00    1.75633699e+00   -6.15941621e-03   -3.71831504e-03
618      2.05536470e-09   -2.11870376e-02    8.27795023e-01    1.21020382e+00    1.77646935e+00    1.37208896e-02   -3.61765326e-03
619      2.05869804e-09   -2.49409500e-02    8.26290302e-01    1.23592722e+00    1.79219827e+00    2.80572065e-02   -3.53900866e-03
620      2.06203137e-09   -1.91682672e-02    8.32014980e-01    1.24345924e+00    1.79855599e+00    3.23997005e-02   -3.50722004e-03
621      2.06536470e-09   -6.07395788e-03    8.42744574e-01    1.22908221e+00    1.79320095e+00    2.51270968e-02   -3.53399526e-03
622      2.06869804e-09    9.34039695e-03    8.54302560e-01    1.19679237e+00    1.77711681e+00    7.94070390e-03   -3.61441593e-03
623      2.07203137e-09    2.11870376e-02    8.62276161e-01    1.15911832e+00    1.75577540e+00   -1.32245778e-02   -3.72112298e-03
624      2.07536470e-09    2.49409500e-02    8.63693208e-01    1.13188586e+00    1.73802693e+00   -2.95473250e-02   -3.80986537e-03
625      2.07869804e-09    1.91682672e-02    8.58047216e-01    1.12603220e+00    1.73162937e+00   -3.38322293e-02   -3.84185315e-03
626      2.08203137e-09    6.07395788e-03    8.47454594e-01    1.14297080e+00    1.73897006e+00   -2.45456083e-02   -3.80514968e-03
627      2.08536470e-09   -9.34039695e-03    8.35902222e-01    1.17515222e+00    1.75633317e+00   -6.15901612e-03   -3.71833416e-03
628      2.08869804e-09   -2.11870376e-02    8.27795246e-01    1.21020405e+00    1.77646557e+00    1.37213129e-02   -3.61767213e-03
629      2.09203137e-09   -2.49409500e-02    8.26290524e-01    1.23592745e+00    1.79219454e+00    2.80576421e-02   -3.53902732e-03
630      2.09536470e-09   -1.91682672e-02    8.32015199e-01    1.24345945e+00    1.79855228e+00    3.24001290e-02   -3.50723859e-03
631      2.09869804e-09   -6.07395788e-03    8.42744791e-01    1.22908240e+00    1.79319724e+00    2.51275002e-02   -3.53401380e-03
632      2.10203137e-09    9.34039695e-03    8.54302774e-01    1.19679254e+00    1.77711310e+00    7.94107430e-03   -3.61443450e-03
633      2.10536470e-09    2.11870376e-02    8.62276375e-01    1.15911849e+00    1.75577169e+00   -1.32242327e-02   -3.72114156e-03
634      2.10869804e-09    2.49409500e-02    8.63693421e-01    1.13188603e+00    1.73802322e+00   -2.95469902e-02   -3.80988389e-03
635      2.11203137e-09    1.91682672e-02    8.58047428e-01    1.12603238e+00    1.73162569e+00   -3.38318897e-02   -3.84187153e-03
636      2.11536470e-09    6.07395788e-03    8.47454806e-01    1.14297100e+00    1.73896643e+00   -2.45452531e-02   -3.80516787e-03
637      2.11869804e-09   -9.34039695e-03    8.35902432e-01    1.17515244e+00    1.75632958e+00   -6.15863809e-03   -3.71835211e-03
638      2.12203137e-09   -2.11870376e-02    8.27795455e-01    1.21020428e+00    1.77646203e+00    1.37217125e-02   -3.61768985e-03
639      2.12536470e-09   -2.49409500e-02    8.26290732e-01    1.23592767e+00    1.79219103e+00    2.80580533e-02   -3.53904485e-03
640      2.12869804e-09   -1.91682672e-02    8.32015405e-01    1.24345965e+00    1.79854880e+00    3.24005335e-02   -3.50725602e-03
641      2.13203137e-09   -6.07395788e-03    8.42744994e-01    1.22908257e+00    1.79319376e+00    2.51278811e-02   -3.53403121e-03
642      2.13536470e-09    9.34039695e-03    8.54302975e-01    1.19679269e+00    1.77710961e+00    7.94142432e-03   -3.61445194e-03
643      2.13869804e-09    2.11870376e-02    8.62276574e-01    1.15911865e+00    1.75576820e+00   -1.32239064e-02   -3.72115901e-03
644      2.14203137e-09    2.49409500e-02    8.63693620e-01    1.13188620e+00    1.73801975e+00   -2.95466735e-02   -3.80990127e-03
645      2.14536470e-09    1.91682672e-02    8.58047627e-01    1.12603256e+00    1.73162224e+00   -3.38315687e-02   -3.84188879e-03
646      2.14869804e-09    6.07395788e-03    8.47455004e-01    1.14297119e+00    1.73896301e+00   -2.45449174e-02   -3.80518495e-03
647      2.15203137e-09   -9.34039695e-03    8.35902630e-01    1.17515264e+00    1.75632621e+00   -6.15828110e-03   -3.71836897e-03
648      2.15536470e-09   -2.11870376e-02    8.27795652e-01    1.21020449e+00    1.77645870e+00    1.37220896e-02   -3.61770648e-03
649      2.15869804e-09   -2.49409500e-02    8.26290927e-01    1.23592788e+00    1.79218774e+00    2.80584412e-02   -3.53906130e-03
650      2.16203137e-09   -1.91682672e-02    8.32015597e-01    1.24345984e+00    1.79854553e+00    3.24009151e-02   -3.50727237e-03
651      2.16536470e-09   -6.07395788e-03    8.42745184e-01    1.22908274e+00    1.79319049e+00    2.51282407e-02   -3.53404755e-03
652      2.16869804e-09    9.34039695e-03    8.54303163e-01    1.19679284e+00    1.77710634e+00    7.94175490e-03   -3.61446831e-03
653      2.17203137e-09    2.11870376e-02    8.62276762e-01    1.15911880e+00    1.75576492e+00   -1.32235980e-02   -3.72117538e-03
654      2.17536470e-09    2.49409500e-02    8.63693807e-01    1.13188636e+00    1.73801648e+00   -2.95463742e-02   -3.80991759e-03
655      2.17869804e-09    1.91682672e-02    8.58047814e-01    1.12603274e+00    1.73161900e+00   -3.38312652e-02   -3.84190499e-03
656      2.18203137e-09    6.07395788e-03    8.47455190e-01    1.14297138e+00    1.73895980e+00   -2.45446003e-02   -3.80520098e-03
657      2.18536470e-09   -9.34039695e-03    8.35902815e-01    1.17515284e+00    1.75632304e+00   -6.15794414e-03   -3.71838479e-03
658      2.18869804e-09   -2.11870376e-02    8.27795836e-01    1.21020470e+00    1.77645558e+00    1.37224454e-02   -3.61772209e-03
659      2.19203137e-09   -2.49409500e-02    8.26291109e-01    1.23592808e+00    1.79218465e+00    2.80588069e-02   -3.53907674e-03
660      2.19536470e-09   -1.91682672e-02    8.32015778e-01    1.24346003e+00    1.79854246e+00    3.24012749e-02   -3.50728772e-03
661      2.19869804e-09   -6.07395788e-03    8.42745362e-01    1.22908290e+00    1.79318742e+00    2.51285799e-02   -3.53406288e-03
662      2.20203137e-09    9.34039695e-03    8.54303340e-01    1.19679299e+00    1.77710327e+00    7.94206697e-03   -3.61448367e-03
663      2.20536470e-09    2.11870376e-02    8.62276938e-01    1.15911894e+00    1.75576185e+00   -1.32233066e-02   -3.72119075e-03
664      2.20869804e-09    2.49409500e-02    8.63693982e-01    1.13188651e+00    1.73801342e+00   -2.95460914e-02   -3.80993291e-03
665      2.21203137e-09    1.91682672e-02    8.58047988e-01    1.12603290e+00    1.73161596e+00   -3.38309786e-02   -3.84192019e-03
666      2.21536470e-09    6.07395788e-03    8.47455364e-01    1.14297155e+00    1.73895680e+00   -2.45443010e-02   -3.80521601e-03
667      2.21869804e-09   -9.34039695e-03    8.35902988e-01    1.17515303e+00    1.75632007e+00   -6.15762622e-03   -3.71839963e-03
668      2.22203137e-09   -2.11870376e-02    8.27796008e-01    1.21020489e+00    1.77645265e+00    1.37227808e-02   -3.61773673e-03
669      2.22536470e-09   -2.49409500e-02    8.26291280e-01    1.23592827e+00    1.79218176e+00    2.80591517e-02   -3.53909122e-03
670      2.22869804e-09   -1.91682672e-02    8.32015947e-01    1.24346020e+00    1.79853958e+00    3.24016141e-02   -3.50730212e-03
671      2.23203137e-09   -6.07395788e-03    8.42745529e-01    1.22908305e+00    1.79318455e+00    2.51288998e-02   -3.53407727e-03
672      2.23536470e-09    9.34039695e-03    8.54303506e-01    1.19679313e+00    1.77710038e+00    7.94236144e-03   -3.61449808e-03
673      2.23869804e-09    2.11870376e-02    8.62277103e-01    1.15911908e+00    1.75575897e+00   -1.32230316e-02   -3.72120516e-03
674      2.24203137e-09    2.49409500e-02    8.63694147e-01    1.13188666e+00    1.73801055e+00   -2.95458244e-02   -3.80994727e-03
675      2.24536470e-09    1.91682672e-02    8.58048152e-01    1.12603306e+00    1.73161311e+00   -3.38307079e-02   -3.84193444e-03
676      2.24869804e-09    6.07395788e-03    8.47455527e-01    1.14297172e+00    1.73895398e+00   -2.45440185e-02   -3.80523011e-03
677      2.25203137e-09   -9.34039695e-03    8.35903151e-01    1.17515320e+00    1.75631729e+00   -6.15732639e-03   -3.71841354e-03
678      2.25536470e-09   -2.11870376e-02    8.27796170e-01    1.21020507e+00    1.77644991e+00    1.37230970e-02   -3.61775046e-03
679      2.25869804e-09   -2.49409500e-02    8.26291441e-01    1.23592845e+00    1.79217904e+00    2.80594765e-02   -3.53910480e-03
680      2.26203137e-09   -1.91682672e-02    8.32016106e-01    1.24346037e+00    1.79853688e+00    3.24019336e-02   -3.50731562e-03
681      2.26536470e-09   -6.07395788e-03    8.42745686e-01    1.22908320e+00    1.79318185e+00    2.51292013e-02   -3.53409076e-03
682      2.26869804e-09    9.34039695e-03    8.54303661e-01    1.19679326e+00    1.77709768e+00    7.94263918e-03   -3.61451159e-03
683      2.27203137e-09    2.11870376e-02    8.62277257e-01    1.15911921e+00    1.75575627e+00   -1.32227720e-02   -3.72121867e-03
684      2.27536470e-09    2.49409500e-02    8.63694301e-01    1.13188680e+00    1.73800785e+00   -2.95455723e-02   -3.80996073e-03
685      2.27869804e-09    1.91682672e-02    8.58048306e-01    1.12603320e+00    1.73161044e+00   -3.38304525e-02   -3.84194780e-03
686      2.28203137e-09    6.07395788e-03    8.47455680e-01    1.14297188e+00    1.73895133e+00   -2.45437520e-02   -3.80524333e-03
687      2.28536470e-09   -9.34039695e-03    8.35903303e-01    1.17515337e+00    1.75631468e+00   -6.15704375e-03   -3.71842659e-03
688      2.28869804e-09   -2.11870376e-02    8.27796322e-01    1.21020525e+00    1.77644733e+00    1.37233948e-02   -3.61776334e-03
689      2.29203137e-09   -2.49409500e-02    8.26291591e-01    1.23592862e+00    1.79217649e+00    2.80597825e-02   -3.53911754e-03
690      2.29536470e-09   -1.91682672e-02    8.32016255e-01    1.24346052e+00    1.79853434e+00    3.24022346e-02   -3.50732828e-03
691      2.29869804e-09   -6.07395788e-03    8.42745833e-01    1.22908334e+00    1.79317932e+00    2.51294854e-02   -3.53410340e-03
692      2.30203137e-09    9.34039695e-03    8.54303807e-01    1.19679339e+00    1.77709515e+00    7.94290105e-03   -3.61452426e-03
693      2.30536470e-09    2.11870376e-02    8.62277402e-01    1.15911934e+00    1.75575373e+00   -1.32225271e-02   -3.72123134e-03
694      2.30869804e-09    2.49409500e-02    8.63694445e-01    1.13188693e+00    1.73800533e+00   -2.95453344e-02   -3.80997335e-03
695      2.31203137e-09    1.91682672e-02    8.58048450e-01    1.12603335e+00    1.73160793e+00   -3.38302115e-02   -3.84196033e-03
696      2.31536470e-09    6.07395788e-03    8.47455824e-01    1.14297203e+00    1.73894885e+00   -2.45435008e-02   -3.80525573e-03
697      2.31869804e-09   -9.34039695e-03    8.35903446e-01    1.17515353e+00    1.75631224e+00   -6.15677740e-03   -3.71843882e-03
698      2.32203137e-09   -2.11870376e-02    8.27796464e-01    1.21020541e+00    1.77644492e+00    1.37236753e-02   -3.61777541e-03
699      2.32536470e-09   -2.49409500e-02    8.26291732e-01    1.23592879e+00    1.79217410e+00    2.80600705e-02   -3.53912948e-03
700      2.32869804e-09   -1.91682672e-02    8.32016394e-01    1.24346067e+00    1.79853197e+00    3.24025179e-02   -3.50734014e-03
701      2.33203137e-09   -6.07395788e-03    8.42745971e-01    1.22908347e+00    1.79317695e+00    2.51297530e-02   -3.53411525e-03
702      2.33536470e-09    9.34039695e-03    8.54303943e-01    1.19679351e+00    1.77709277e+00    7.94314784e-03   -3.61453613e-03
703      2.33869804e-09    2.11870376e-02    8.62277538e-01    1.15911946e+00    1.75575136e+00   -1.32222961e-02   -3.72124321e-03
704      2.34203137e-09    2.49409500e-02    8.63694581e-01    1.13188706e+00    1.73800296e+00   -2.95451101e-02   -3.80998518e-03
705      2.34536470e-09    1.91682672e-02    8.58048585e-01    1.12603348e+00    1.73160559e+00   -3.38299843e-02   -3.84197206e-03
706      2.34869804e-09    6.07395788e-03    8.47455958e-01    1.14297218e+00    1.73894653e+00   -2.45432640e-02   -3.80526734e-03
707      2.35203137e-09   -9.34039695e-03    8.35903580e-01    1.17515368e+00    1.75630994e+00   -6.15652649e-03   -3.71845028e-03
708      2.35536470e-09   -2.11870376e-02    8.27796597e-01    1.21020557e+00    1.77644266e+00    1.37239394e-02   -3.61778672e-03
709      2.35869804e-09   -2.49409500e-02    8.26291864e-01    1.23592894e+00    1.79217187e+00    2.80603417e-02   -3.53914066e-03
710      2.36203137e-09   -1.91682672e-02    8.32016525e-01    1.24346082e+00    1.79852975e+00    3.24027846e-02   -3.50735126e-03
711      2.36536470e-09   -6.07395788e-03    8.42746100e-01    1.22908360e+00    1.79317473e+00    2.51300049e-02   -3.53412636e-03
712      2.36869804e-09    9.34039695e-03    8.54304071e-01    1.19679362e+00    1.77709055e+00    7.94338035e-03   -3.61454725e-03
713      2.37203137e-09    2.11870376e-02    8.62277665e-01    1.15911957e+00    1.75574913e+00   -1.32220784e-02   -3.72125433e-03
714      2.37536470e-09    2.49409500e-02    8.63694707e-01    1.13188718e+00    1.73800075e+00   -2.95448986e-02   -3.80999626e-03
715      2.37869804e-09    1.91682672e-02    8.58048711e-01    1.12603361e+00    1.73160339e+00   -3.38297701e-02   -3.84198306e-03
716      2.38203137e-09    6.07395788e-03    8.47456084e-01    1.14297231e+00    1.73894436e+00   -2.45430408e-02   -3.80527821e-03
717      2.38536470e-09   -9.34039695e-03    8.35903706e-01    1.17515383e+00    1.75630780e+00   -6.15629022e-03   -3.71846102e-03
718      2.38869804e-09   -2.11870376e-02    8.27796722e-01    1.21020572e+00    1.77644054e+00    1.37241880e-02   -3.61779731e-03
719      2.39203137e-09   -2.49409500e-02    8.26291988e-01    1.23592909e+00    1.79216977e+00    2.80605968e-02   -3.53915113e-03
720      2.39536470e-09   -1.91682672e-02    8.32016647e-01    1.24346095e+00    1.79852767e+00    3.24030355e-02   -3.50736167e-03
721      2.39869804e-09   -6.07395788e-03    8.42746221e-01    1.22908372e+00    1.79317265e+00    2.51302421e-02   -3.53413676e-03
722      2.40203137e-09    9.34039695e-03    8.54304191e-01    1.19679373e+00    1.77708847e+00    7.94359933e-03   -3.61455766e-03
723      2.40536470e-09    2.11870376e-02    8.62277784e-01    1.15911968e+00    1.75574705e+00   -1.32218732e-02   -3.72126474e-03
724      2.40869804e-09    2.49409500e-02    8.63694826e-01    1.13188729e+00    1.73799867e+00   -2.95446993e-02   -3.81000663e-03
725      2.41203137e-09    1.91682672e-02    8.58048830e-01    1.12603373e+00    1.73160133e+00   -3.38295682e-02   -3.84199335e-03
726      2.41536470e-09    6.07395788e-03    8.47456203e-01    1.14297244e+00    1.73894232e+00   -2.45428307e-02   -3.80528840e-03
727      2.41869804e-09   -9.34039695e-03    8.35903823e-01    1.17515397e+00    1.75630579e+00   -6.15606780e-03   -3.71847107e-03
728      2.42203137e-09   -2.11870376e-02    8.27796839e-01    1.21020586e+00    1.77643855e+00    1.37244218e-02   -3.61780723e-03
729      2.42536470e-09   -2.49409500e-02    8.26292104e-01    1.23592923e+00    1.79216781e+00    2.80608367e-02   -3.53916094e-03
730      2.42869804e-09   -1.91682672e-02    8.32016762e-01    1.24346108e+00    1.79852572e+00    3.24032716e-02   -3.50737142e-03
731      2.43203137e-09   -6.07395788e-03    8.42746335e-01    1.22908383e+00    1.79317070e+00    2.51304652e-02   -3.53414649e-03
732      2.43536470e-09    9.34039695e-03    8.54304303e-01    1.19679384e+00    1.77708652e+00    7.94380550e-03   -3.61456741e-03
733      2.43869804e-09    2.11870376e-02    8.62277896e-01    1.15911979e+00    1.75574510e+00   -1.32216800e-02   -3.72127448e-03
734      2.44203137e-09    2.49409500e-02    8.63694938e-01    1.13188740e+00    1.73799673e+00   -2.95445114e-02   -3.81001634e-03
735      2.44536470e-09    1.91682672e-02    8.58048941e-01    1.12603385e+00    1.73159940e+00   -3.38293781e-02   -3.84200299e-03
736      2.44869804e-09    6.07395788e-03    8.47456313e-01    1.14297257e+00    1.73894041e+00   -2.45426328e-02   -3.80529793e-03
737      2.45203137e-09   -9.34039695e-03    8.35903934e-01    1.17515410e+00    1.75630391e+00   -6.15585848e-03   -3.71848047e-03
738      2.45536470e-09   -2.11870376e-02    8.27796949e-01    1.21020600e+00    1.77643670e+00    1.37246418e-02   -3.61781651e-03
739      2.45869804e-09   -2.49409500e-02    8.26292213e-01    1.23592936e+00    1.79216598e+00    2.80610623e-02   -3.53917012e-03
740      2.46203137e-09   -1.91682672e-02    8.32016870e-01    1.24346121e+00    1.79852389e+00    3.24034935e-02   -3.50738054e-03
741      2.46536470e-09   -6.07395788e-03    8.42746441e-01    1.22908394e+00    1.79316888e+00    2.51306752e-02   -3.53415560e-03
742      2.46869804e-09    9.34039695e-03    8.54304409e-01    1.19679394e+00    1.77708469e+00    7.94399955e-03   -3.61457654e-03
743      2.47203137e-09    2.11870376e-02    8.62278001e-01    1.15911989e+00    1.75574328e+00   -1.32214980e-02   -3.72128361e-03
744      2.47536470e-09    2.49409500e-02    8.63695042e-01    1.13188751e+00    1.73799491e+00   -2.95443345e-02   -3.81002543e-03
745      2.47869804e-09    1.91682672e-02    8.58049045e-01    1.12603396e+00    1.73159760e+00   -3.38291990e-02   -3.84201201e-03
746      2.48203137e-09    6.07395788e-03    8.47456417e-01    1.14297268e+00    1.73893863e+00   -2.45424465e-02   -3.80530685e-03
747      2.48536470e-09   -9.34039695e-03    8.35904037e-01    1.17515422e+00    1.75630214e+00   -6.15566155e-03   -3.71848928e-03
748      2.48869804e-09   -2.11870376e-02    8.27797051e-01    1.21020613e+00    1.77643496e+00    1.37248486e-02   -3.61782520e-03
749      2.49203137e-09   -2.49409500e-02    8.26292315e-01    1.23592949e+00    1.79216426e+00    2.80612744e-02   -3.53917871e-03
750      2.49536470e-09   -1.91682672e-02    8.32016971e-01    1.24346132e+00    1.79852218e+00    3.24037021e-02   -3.50738908e-03
751      2.49869804e-09   -6.07395788e-03    8.42746541e-01    1.22908405e+00    1.79316717e+00    2.51308726e-02   -3.53416413e-03
752      2.50203137e-09    9.34039695e-03    8.54304507e-01    1.19679404e+00    1.77708299e+00    7.94418214e-03   -3.61458507e-03
753      2.50536470e-09    2.11870376e-02    8.62278099e-01    1.15911998e+00    1.75574157e+00   -1.32213266e-02   -3.72129214e-03
754      2.50869804e-09    2.49409500e-02    8.63695140e-01    1.13188761e+00    1.73799321e+00   -2.95441680e-02   -3.81003393e-03
755      2.51203137e-09    1.91682672e-02    8.58049143e-01    1.12603407e+00    1.73159591e+00   -3.38290303e-02   -3.84202044e-03
756      2.51536470e-09    6.07395788e-03    8.47456515e-01    1.14297280e+00    1.73893696e+00   -2.45422713e-02   -3.80531520e-03
757      2.51869804e-09   -9.34039695e-03    8.35904134e-01    1.17515434e+00    1.75630050e+00   -6.15547633e-03   -3.71849751e-03
758      2.52203137e-09   -2.11870376e-02    8.27797148e-01    1.21020625e+00    1.77643334e+00    1.37250430e-02   -3.61783332e-03
759      2.52536470e-09   -2.49409500e-02    8.26292411e-01    1.23592961e+00    1.79216265e+00    2.80614737e-02   -3.53918675e-03
760      2.52869804e-09   -1.91682672e-02    8.32017065e-01    1.24346143e+00    1.79852059e+00    3.24038981e-02   -3.50739707e-03
761      2.53203137e-09   -6.07395788e-03    8.42746634e-01    1.22908415e+00    1.79316558e+00    2.51310582e-02   -3.53417211e-03
762      2.53536470e-09    9.34039695e-03    8.54304600e-01    1.19679413e+00    1.77708139e+00    7.94435390e-03   -3.61459306e-03
763      2.53869804e-09    2.11870376e-02    8.62278191e-01    1.15912007e+00    1.75573998e+00   -1.32211653e-02   -3.72130012e-03
764      2.54203137e-09    2.49409500e-02    8.63695232e-01    1.13188770e+00    1.73799162e+00   -2.95440112e-02   -3.81004188e-03
765      2.54536470e-09    1.91682672e-02    8.58049235e-01    1.12603417e+00    1.73159433e+00   -3.38288716e-02   -3.84202833e-03
766      2.54869804e-09    6.07395788e-03    8.47456606e-01    1.14297290e+00    1.73893540e+00   -2.45421063e-02   -3.80532300e-03
767      2.55203137e-09   -9.34039695e-03    8.35904225e-01    1.17515445e+00    1.75629896e+00   -6.15530216e-03   -3.71850522e-03
768      2.55536470e-09   -2.11870376e-02    8.27797238e-01    1.21020636e+00    1.77643182e+00    1.37252257e-02   -3.61784092e-03
769      2.55869804e-09   -2.49409500e-02    8.26292500e-01    1.23592972e+00    1.79216115e+00    2.80616609e-02   -3.53919427e-03
770      2.56203137e-09   -1.91682672e-02    8.32017154e-01    1.24346154e+00    1.79851909e+00    3.24040823e-02   -3.50740453e-03
771      2.56536470e-09   -6.07395788e-03    8.42746722e-01    1.22908424e+00    1.79316409e+00    2.51312326e-02   -3.53417956e-03
772      2.56869804e-09    9.34039695e-03    8.54304687e-01    1.19679422e+00    1.77707990e+00    7.94451543e-03   -3.61460052e-03
773      2.57203137e-09    2.11870376e-02    8.62278277e-01    1.15912016e+00    1.75573848e+00   -1.32210135e-02   -3.72130759e-03
774      2.57536470e-09    2.49409500e-02    8.63695318e-01    1.13188779e+00    1.73799014e+00   -2.95438636e-02   -3.81004932e-03
775      2.57869804e-09    1.91682672e-02    8.58049320e-01    1.12603427e+00    1.73159286e+00   -3.38287223e-02   -3.84203571e-03
776      2.58203137e-09    6.07395788e-03    8.47456691e-01    1.14297301e+00    1.73893394e+00   -2.45419512e-02   -3.80533030e-03
777      2.58536470e-09   -9.34039695e-03    8.35904310e-01    1.17515456e+00    1.75629752e+00   -6.15513843e-03   -3.71851241e-03
778      2.58869804e-09   -2.11870376e-02    8.27797323e-01    1.21020647e+00    1.77643039e+00    1.37253973e-02   -3.61784803e-03
779      2.59203137e-09   -2.49409500e-02    8.26292584e-01    1.23592983e+00    1.79215974e+00    2.80618368e-02   -3.53920129e-03
780      2.59536470e-09   -1.91682672e-02    8.32017237e-01    1.24346164e+00    1.79851770e+00    3.24042553e-02   -3.50741152e-03
781      2.59869804e-09   -6.07395788e-03    8.42746804e-01    1.22908433e+00    1.79316269e+00    2.51313965e-02   -3.53418653e-03
782      2.60203137e-09    9.34039695e-03    8.54304768e-01    1.19679430e+00    1.77707850e+00    7.94466731e-03   -3.61460750e-03
783      2.60536470e-09    2.11870376e-02    8.62278358e-01    1.15912025e+00    1.75573709e+00   -1.32208707e-02   -3.72131456e-03
784      2.60869804e-09    2.49409500e-02    8.63695399e-01    1.13188788e+00    1.73798875e+00   -2.95437247e-02   -3.81005626e-03
785      2.61203137e-09    1.91682672e-02    8.58049401e-01    1.12603436e+00    1.73159148e+00   -3.38285818e-02   -3.84204260e-03
786      2.61536470e-09    6.07395788e-03    8.47456771e-01    1.14297310e+00    1.73893258e+00   -2.45418054e-02   -3.80533711e-03
787      2.61869804e-09   -9.34039695e-03    8.35904390e-01    1.17515466e+00    1.75629617e+00   -6.15498455e-03   -3.71851914e-03
788      2.62203137e-09   -2.11870376e-02    8.27797402e-01    1.21020658e+00    1.77642907e+00    1.37255585e-02   -3.61785466e-03
789      2.62536470e-09   -2.49409500e-02    8.26292663e-01    1.23592994e+00    1.79215843e+00    2.80620020e-02   -3.53920785e-03
790      2.62869804e-09   -1.91682672e-02    8.32017315e-01    1.24346174e+00    1.79851639e+00    3.24044177e-02   -3.50741804e-03
791      2.63203137e-09   -6.07395788e-03    8.42746881e-01    1.22908442e+00    1.79316139e+00    2.51315505e-02   -3.53419305e-03
792      2.63536470e-09    9.34039695e-03    8.54304844e-01    1.19679438e+00    1.77707720e+00    7.94481006e-03   -3.61461402e-03
793      2.63869804e-09    2.11870376e-02    8.62278434e-01    1.15912033e+00    1.75573578e+00   -1.32207364e-02   -3.72132108e-03
794      2.64203137e-09    2.49409500e-02    8.63695474e-01    1.13188797e+00    1.73798745e+00   -2.95435941e-02   -3.81006275e-03
795      2.64536470e-09    1.91682672e-02    8.58049476e-01    1.12603445e+00    1.73159019e+00   -3.38284496e-02   -3.84204904e-03
796      2.64869804e-09    6.07395788e-03    8.47456847e-01    1.14297320e+00    1.73893130e+00   -2.45416683e-02   -3.80534348e-03
797      2.65203137e-09   -9.34039695e-03    8.35904465e-01    1.17515476e+00    1.75629491e+00   -6.15483997e-03   -3.71852543e-03
798      2.65536470e-09   -2.11870376e-02    8.27797477e-01    1.21020668e+00    1.77642783e+00    1.37257099e-02   -3.61786087e-03
799      2.65869804e-09   -2.49409500e-02    8.26292737e-01    1.23593004e+00    1.79215720e+00    2.80621570e-02   -3.53921399e-03
800      2.66203137e-09   -1.91682672e-02    8.32017388e-01    1.24346183e+00    1.79851517e+00    3.24045702e-02   -3.50742413e-03
801      2.66536470e-09   -6.07395788e-03    8.42746953e-01    1.22908451e+00    1.79316017e+00    2.51316952e-02   -3.53419913e-03
802      2.66869804e-09    9.34039695e-03    8.54304916e-01    1.19679446e+00    1.77707598e+00    7.94494422e-03   -3.61462011e-03
803      2.67203137e-09    2.11870376e-02    8.62278505e-01    1.15912040e+00    1.75573457e+00   -1.32206101e-02   -3.72132716e-03
804      2.67536470e-09    2.49409500e-02    8.63695545e-01    1.13188804e+00    1.73798624e+00   -2.95434713e-02   -3.81006881e-03
805      2.67869804e-09    1.91682672e-02    8.58049547e-01    1.12603453e+00    1.73158899e+00   -3.38283253e-02   -3.84205505e-03
806      2.68203137e-09    6.07395788e-03    8.47456917e-01    1.14297328e+00    1.73893011e+00   -2.45415394e-02   -3.80534943e-03
807      2.68536470e-09   -9.34039695e-03    8.35904535e-01    1.17515485e+00    1.75629374e+00   -6.15470414e-03   -3.71853129e-03
808      2.68869804e-09   -2.11870376e-02    8.27797546e-01    1.21020677e+00    1.77642667e+00    1.37258521e-02   -3.61786666e-03
809      2.69203137e-09   -2.49409500e-02    8.26292806e-01    1.23593013e+00    1.79215606e+00    2.80623026e-02   -3.53921971e-03
810      2.69536470e-09   -1.91682672e-02    8.32017456e-01    1.24346192e+00    1.79851404e+00    3.24047133e-02   -3.50742982e-03
811      2.69869804e-09   -6.07395788e-03    8.42747021e-01    1.22908459e+00    1.79315904e+00    2.51318310e-02   -3.53420481e-03
812      2.70203137e-09    9.34039695e-03    8.54304983e-01    1.19679454e+00    1.77707484e+00    7.94507027e-03   -3.61462580e-03
813      2.70536470e-09    2.11870376e-02    8.62278572e-01    1.15912048e+00    1.75573343e+00   -1.32204914e-02   -3.72133284e-03
814      2.70869804e-09    2.49409500e-02    8.63695612e-01    1.13188812e+00    1.73798511e+00   -2.95433558e-02   -3.81007447e-03
815      2.71203137e-09    1.91682672e-02    8.58049613e-01    1.12603461e+00    1.73158787e+00   -3.38282085e-02   -3.84206066e-03
816      2.71536470e-09    6.07395788e-03    8.47456983e-01    1.14297337e+00    1.73892900e+00   -2.45414183e-02   -3.80535498e-03
817      2.71869804e-09   -9.34039695e-03    8.35904600e-01    1.17515494e+00    1.75629265e+00   -6.15457657e-03   -3.71853677e-03
818      2.72203137e-09   -2.11870376e-02    8.27797612e-01    1.21020686e+00    1.77642559e+00    1.37259855e-02   -3.61787206e-03
819      2.72536470e-09   -2.49409500e-02    8.26292871e-01    1.23593022e+00    1.79215499e+00    2.80624391e-02   -3.53922505e-03
820      2.72869804e-09   -1.91682672e-02    8.32017521e-01    1.24346200e+00    1.79851297e+00    3.24048476e-02   -3.50743513e-03
821      2.73203137e-09   -6.07395788e-03    8.42747084e-01    1.22908466e+00    1.79315798e+00    2.51319585e-02   -3.53421011e-03
822      2.73536470e-09    9.34039695e-03    8.54305046e-01    1.19679461e+00    1.77707378e+00    7.94518868e-03   -3.61463110e-03
823      2.73869804e-09    2.11870376e-02    8.62278634e-01    1.15912055e+00    1.75573237e+00   -1.32203798e-02   -3.72133814e-03
824      2.74203137e-09    2.49409500e-02    8.63695674e-01    1.13188819e+00    1.73798405e+00   -2.95432472e-02   -3.81007975e-03
825      2.74536470e-09    1.91682672e-02    8.58049675e-01    1.12603469e+00    1.73158682e+00   -3.38280986e-02   -3.84206590e-03
826      2.74869804e-09    6.07395788e-03    8.47457045e-01    1.14297345e+00    1.73892797e+00   -2.45413045e-02   -3.80536016e-03
827      2.75203137e-09   -9.34039695e-03    8.35904662e-01    1.17515502e+00    1.75629162e+00   -6.15445678e-03   -3.71854188e-03
828      2.75536470e-09   -2.11870376e-02    8.27797673e-01    1.21020695e+00    1.77642458e+00    1.37261107e-02   -3.61787710e-03
829      2.75869804e-09   -2.49409500e-02    8.26292932e-01    1.23593031e+00    1.79215399e+00    2.80625672e-02   -3.53923004e-03
830      2.76203137e-09   -1.91682672e-02    8.32017581e-01    1.24346208e+00    1.79851198e+00    3.24049736e-02   -3.50744008e-03
831      2.76536470e-09   -6.07395788e-03    8.42747144e-01    1.22908474e+00    1.79315699e+00    2.51320782e-02   -3.53421505e-03
832      2.76869804e-09    9.34039695e-03    8.54305105e-01    1.19679468e+00    1.77707279e+00    7.94529990e-03   -3.61463605e-03
833      2.77203137e-09    2.11870376e-02    8.62278693e-01    1.15912062e+00    1.75573138e+00   -1.32202749e-02   -3.72134308e-03
834      2.77536470e-09    2.49409500e-02    8.63695732e-01    1.13188826e+00    1.73798307e+00   -2.95431451e-02   -3.81008467e-03
835      2.77869804e-09    1.91682672e-02    8.58049733e-01    1.12603476e+00    1.73158584e+00   -3.38279954e-02   -3.84207078e-03
836      2.78203137e-09    6.07395788e-03    8.47457103e-01    1.14297352e+00    1.73892700e+00   -2.45411976e-02   -3.80536499e-03
837      2.78536470e-09   -9.34039695e-03    8.35904720e-01    1.17515510e+00    1.75629067e+00   -6.15434431e-03   -3.71854665e-03
838      2.78869804e-09   -2.11870376e-02    8.27797730e-01    1.21020703e+00    1.77642364e+00    1.37262282e-02   -3.61788180e-03
839      2.79203137e-09   -2.49409500e-02    8.26292989e-01    1.23593039e+00    1.79215306e+00    2.80626874e-02   -3.53923469e-03
840      2.79536470e-09   -1.91682672e-02    8.32017637e-01    1.24346216e+00    1.79851106e+00    3.24050918e-02   -3.50744470e-03
841      2.79869804e-09   -6.07395788e-03    8.42747199e-01    1.22908481e+00    1.79315607e+00    2.51321905e-02   -3.53421966e-03
842      2.80203137e-09    9.34039695e-03    8.54305160e-01    1.19679474e+00    1.77707187e+00    7.94540432e-03   -3.61464066e-03
843      2.80536470e-09    2.11870376e-02    8.62278748e-01    1.15912068e+00    1.75573046e+00   -1.32201763e-02   -3.72134769e-03
844      2.80869804e-09    2.49409500e-02    8.63695787e-01    1.13188833e+00    1.73798215e+00   -2.95430491e-02   -3.81008926e-03
845      2.81203137e-09    1.91682672e-02    8.58049788e-01    1.12603483e+00    1.73158493e+00   -3.38278984e-02   -3.84207533e-03
846      2.81536470e-09    6.07395788e-03    8.47457157e-01    1.14297360e+00    1.73892610e+00   -2.45410972e-02   -3.80536949e-03
847      2.81869804e-09   -9.34039695e-03    8.35904774e-01    1.17515518e+00    1.75628978e+00   -6.15423875e-03   -3.71855109e-03
848      2.82203137e-09   -2.11870376e-02    8.27797784e-01    1.21020711e+00    1.77642276e+00    1.37263383e-02   -3.61788619e-03
849      2.82536470e-09   -2.49409500e-02    8.26293042e-01    1.23593046e+00    1.79215220e+00    2.80628001e-02   -3.53923902e-03
850      2.82869804e-09   -1.91682672e-02    8.32017690e-01    1.24346223e+00    1.79851020e+00    3.24052026e-02   -3.50744901e-03
851      2.83203137e-09   -6.07395788e-03    8.42747252e-01    1.22908487e+00    1.79315521e+00    2.51322958e-02   -3.53422396e-03
852      2.83536470e-09    9.34039695e-03    8.54305212e-01    1.19679480e+00    1.77707101e+00    7.94550237e-03   -3.61464496e-03
853      2.83869804e-09    2.11870376e-02    8.62278799e-01    1.15912074e+00    1.75572960e+00   -1.32200837e-02   -3.72135199e-03
854      2.84203137e-09    2.49409500e-02    8.63695838e-01    1.13188839e+00    1.73798129e+00   -2.95429590e-02   -3.81009354e-03
855      2.84536470e-09    1.91682672e-02    8.58049839e-01    1.12603489e+00    1.73158409e+00   -3.38278072e-02   -3.84207957e-03
856      2.84869804e-09    6.07395788e-03    8.47457208e-01    1.14297367e+00    1.73892526e+00   -2.45410030e-02   -3.80537369e-03
857      2.85203137e-09   -9.34039695e-03    8.35904825e-01    1.17515525e+00    1.75628895e+00   -6.15413968e-03   -3.71855523e-03
858      2.85536470e-09   -2.11870376e-02    8.27797835e-01    1.21020718e+00    1.77642195e+00    1.37264417e-02   -3.61789027e-03
859      2.85869804e-09   -2.49409500e-02    8.26293092e-01    1.23593054e+00    1.79215139e+00    2.80629057e-02   -3.53924306e-03
860      2.86203137e-09   -1.91682672e-02    8.32017740e-01    1.24346230e+00    1.79850940e+00    3.24053065e-02   -3.50745302e-03
861      2.86536470e-09   -6.07395788e-03    8.42747301e-01    1.22908494e+00    1.79315441e+00    2.51323947e-02   -3.53422796e-03
862      2.86869804e-09    9.34039695e-03    8.54305260e-01    1.19679486e+00    1.77707021e+00    7.94559440e-03   -3.61464897e-03
863      2.87203137e-09    2.11870376e-02    8.62278848e-01    1.15912080e+00    1.75572880e+00   -1.32199967e-02   -3.72135599e-03
864      2.87536470e-09    2.49409500e-02    8.63695887e-01    1.13188845e+00    1.73798050e+00   -2.95428743e-02   -3.81009752e-03
865      2.87869804e-09    1.91682672e-02    8.58049887e-01    1.12603496e+00    1.73158330e+00   -3.38277216e-02   -3.84208352e-03
866      2.88203137e-09    6.07395788e-03    8.47457256e-01    1.14297373e+00    1.73892448e+00   -2.45409145e-02   -3.80537760e-03
867      2.88536470e-09   -9.34039695e-03    8.35904872e-01    1.17515532e+00    1.75628818e+00   -6.15404672e-03   -3.71855908e-03
868      2.88869804e-09   -2.11870376e-02    8.27797882e-01    1.21020726e+00    1.77642119e+00    1.37265386e-02   -3.61789407e-03
869      2.89203137e-09   -2.49409500e-02    8.26293139e-01    1.23593061e+00    1.79215064e+00    2.80630047e-02   -3.53924682e-03
870      2.89536470e-09   -1.91682672e-02    8.32017786e-01    1.24346237e+00    1.79850865e+00    3.24054039e-02   -3.50745676e-03
871      2.89869804e-09   -6.07395788e-03    8.42747347e-01    1.22908500e+00    1.79315366e+00    2.51324874e-02   -3.53423169e-03
872      2.90203137e-09    9.34039695e-03    8.54305306e-01    1.19679492e+00    1.77706946e+00    7.94568077e-03   -3.61465270e-03
873      2.90536470e-09    2.11870376e-02    8.62278893e-01    1.15912086e+00    1.75572806e+00   -1.32199150e-02   -3.72135971e-03
874      2.90869804e-09    2.49409500e-02    8.63695932e-01    1.13188851e+00    1.73797975e+00   -2.95427947e-02   -3.81010123e-03
875      2.91203137e-09    1.91682672e-02    8.58049932e-01    1.12603502e+00    1.73158256e+00   -3.38276411e-02   -3.84208720e-03
876      2.91536470e-09    6.07395788e-03    8.47457301e-01    1.14297380e+00    1.73892375e+00   -2.45408314e-02   -3.80538123e-03
877      2.91869804e-09   -9.34039695e-03    8.35904917e-01    1.17515539e+00    1.75628747e+00   -6.15395950e-03   -3.71856267e-03
878      2.92203137e-09   -2.11870376e-02    8.27797926e-01    1.21020732e+00    1.77642048e+00    1.37266294e-02   -3.61789761e-03
879      2.92536470e-09   -2.49409500e-02    8.26293183e-01    1.23593068e+00    1.79214994e+00    2.80630976e-02   -3.53925032e-03
880      2.92869804e-09   -1.91682672e-02    8.32017830e-01    1.24346244e+00    1.79850795e+00    3.24054951e-02   -3.50746023e-03
881      2.93203137e-09   -6.07395788e-03    8.42747390e-01    1.22908506e+00    1.79315297e+00    2.51325743e-02   -3.53423516e-03
882      2.93536470e-09    9.34039695e-03    8.54305349e-01    1.19679498e+00    1.77706877e+00    7.94576183e-03   -3.61465616e-03
883      2.93869804e-09    2.11870376e-02    8.62278935e-01    1.15912091e+00    1.75572736e+00   -1.32198383e-02   -3.72136318e-03
884      2.94203137e-09    2.49409500e-02    8.63695974e-01    1.13188857e+00    1.73797906e+00   -2.95427200e-02   -3.81010468e-03
885      2.94536470e-09    1.91682672e-02    8.58049974e-01    1.12603508e+00    1.73158188e+00   -3.38275656e-02   -3.84209062e-03
886      2.94869804e-09    6.07395788e-03    8.47457343e-01    1.14297386e+00    1.73892308e+00   -2.45407534e-02   -3.80538461e-03
887      2.95203137e-09   -9.34039695e-03    8.35904959e-01    1.17515545e+00    1.75628680e+00   -6.15387770e-03   -3.71856601e-03
888      2.95536470e-09   -2.11870376e-02    8.27797968e-01    1.21020739e+00    1.77641982e+00    1.37267145e-02   -3.61790091e-03
889      2.95869804e-09   -2.49409500e-02    8.26293225e-01    1.23593074e+00    1.79214929e+00    2.80631845e-02   -3.53925357e-03
890      2.96203137e-09   -1.91682672e-02    8.32017871e-01    1.24346250e+00    1.79850731e+00    3.24055806e-02   -3.50746347e-03
891      2.96536470e-09   -6.07395788e-03    8.42747430e-01    1.22908512e+00    1.79315232e+00    2.51326558e-02   -3.53423838e-03
892      2.96869804e-09    9.34039695e-03    8.54305389e-01    1.19679503e+00    1.77706812e+00    7.94583787e-03   -3.61465939e-03
893      2.97203137e-09    2.11870376e-02    8.62278975e-01    1.15912097e+00    1.75572672e+00   -1.32197662e-02   -3.72136640e-03
894      2.97536470e-09    2.49409500e-02    8.63696014e-01    1.13188862e+00    1.73797842e+00   -2.95426498e-02   -3.81010789e-03
895      2.97869804e-09    1.91682672e-02    8.58050014e-01    1.12603513e+00    1.73158124e+00   -3.38274947e-02   -3.84209380e-03
896      2.98203137e-09    6.07395788e-03    8.47457382e-01    1.14297391e+00    1.73892245e+00   -2.45406802e-02   -3.80538776e-03
897      2.98536470e-09   -9.34039695e-03    8.35904998e-01    1.17515551e+00    1.75628618e+00   -6.15380098e-03   -3.71856911e-03
898      2.98869804e-09   -2.11870376e-02    8.27798007e-01    1.21020745e+00    1.77641921e+00    1.37267943e-02   -3.61790397e-03
899      2.99203137e-09   -2.49409500e-02    8.26293263e-01    1.23593080e+00    1.79214868e+00    2.80632660e-02   -3.53925660e-03
900      2.99536470e-09   -1.91682672e-02    8.32017909e-01    1.24346256e+00    1.79850671e+00    3.24056607e-02   -3.50746647e-03
901      2.99869804e-09   -6.07395788e-03    8.42747468e-01    1.22908517e+00    1.79315172e+00    2.51327322e-02   -3.53424138e-03
902      3.00203137e-09    9.34039695e-03    8.54305426e-01    1.19679508e+00    1.77706752e+00    7.94590921e-03   -3.61466239e-03
903      3.00536470e-09    2.11870376e-02    8.62279013e-01    1.15912102e+00    1.75572612e+00   -1.32196986e-02   -3.72136939e-03
904      3.00869804e-09    2.49409500e-02    8.63696051e-01    1.13188868e+00    1.73797783e+00   -2.95425839e-02   -3.81011087e-03
905      3.01203137e-09    1.91682672e-02    8.58050051e-01    1.12603519e+00    1.73158065e+00   -3.38274280e-02   -3.84209676e-03
906      3.01536470e-09    6.07395788e-03    8.47457419e-01    1.14297397e+00    1.73892186e+00   -2.45406115e-02   -3.80539068e-03
907      3.01869804e-09   -9.34039695e-03    8.35905035e-01    1.17515557e+00    1.75628560e+00   -6.15372904e-03   -3.71857199e-03
908      3.02203137e-09   -2.11870376e-02    8.27798044e-01    1.21020751e+00    1.77641864e+00    1.37268690e-02   -3.61790681e-03
909      3.02536470e-09   -2.49409500e-02    8.26293300e-01    1.23593086e+00    1.79214812e+00    2.80633422e-02   -3.53925941e-03
910      3.02869804e-09   -1.91682672e-02    8.32017945e-01    1.24346261e+00    1.79850615e+00    3.24057357e-02   -3.50746926e-03
911      3.03203137e-09   -6.07395788e-03    8.42747504e-01    1.22908522e+00    1.79315117e+00    2.51328038e-02   -3.53424417e-03
912      3.03536470e-09    9.34039695e-03    8.54305462e-01    1.19679513e+00    1.77706697e+00    7.94597613e-03   -3.61466517e-03
913      3.03869804e-09    2.11870376e-02    8.62279048e-01    1.15912107e+00    1.75572557e+00   -1.32196350e-02   -3.72137217e-03
914      3.04203137e-09    2.49409500e-02    8.63696086e-01    1.13188873e+00    1.73797727e+00   -2.95425220e-02   -3.81011363e-03
915      3.04536470e-09    1.91682672e-02    8.58050086e-01    1.12603524e+00    1.73158010e+00   -3.38273655e-02   -3.84209950e-03
916      3.04869804e-09    6.07395788e-03    8.47457454e-01    1.14297402e+00    1.73892132e+00   -2.45405471e-02   -3.80539339e-03
917      3.05203137e-09   -9.34039695e-03    8.35905069e-01    1.17515562e+00    1.75628507e+00   -6.15366159e-03   -3.71857467e-03
918      3.05536470e-09   -2.11870376e-02    8.27798078e-01    1.21020757e+00    1.77641811e+00    1.37269390e-02   -3.61790945e-03
919      3.05869804e-09   -2.49409500e-02    8.26293334e-01    1.23593092e+00    1.79214760e+00    2.80634137e-02   -3.53926202e-03
920      3.06203137e-09   -1.91682672e-02    8.32017979e-01    1.24346267e+00    1.79850563e+00    3.24058059e-02   -3.50747185e-03
921      3.06536470e-09   -6.07395788e-03    8.42747537e-01    1.22908527e+00    1.79315065e+00    2.51328708e-02   -3.53424675e-03
922      3.06869804e-09    9.34039695e-03    8.54305495e-01    1.19679518e+00    1.77706645e+00    7.94603888e-03   -3.61466776e-03
923      3.07203137e-09    2.11870376e-02    8.62279081e-01    1.15912111e+00    1.75572505e+00   -1.32195754e-02   -3.72137475e-03
924      3.07536470e-09    2.49409500e-02    8.63696119e-01    1.13188877e+00    1.73797676e+00   -2.95424639e-02   -3.81011620e-03
925      3.07869804e-09    1.91682672e-02    8.58050118e-01    1.12603529e+00    1.73157959e+00   -3.38273068e-02   -3.84210204e-03
926      3.08203137e-09    6.07395788e-03    8.47457486e-01    1.14297407e+00    1.73892082e+00   -2.45404867e-02   -3.80539591e-03
927      3.08536470e-09   -9.34039695e-03    8.35905102e-01    1.17515568e+00    1.75628457e+00   -6.15359836e-03   -3.71857715e-03
928      3.08869804e-09   -2.11870376e-02    8.27798110e-01    1.21020762e+00    1.77641762e+00    1.37270046e-02   -3.61791190e-03
929      3.09203137e-09   -2.49409500e-02    8.26293366e-01    1.23593097e+00    1.79214711e+00    2.80634805e-02   -3.53926444e-03
930      3.09536470e-09   -1.91682672e-02    8.32018010e-01    1.24346272e+00    1.79850515e+00    3.24058717e-02   -3.50747426e-03
931      3.09869804e-09   -6.07395788e-03    8.42747569e-01    1.22908532e+00    1.79315017e+00    2.51329337e-02   -3.53424915e-03
932      3.10203137e-09    9.34039695e-03    8.54305526e-01    1.19679523e+00    1.77706597e+00    7.94609773e-03   -3.61467016e-03
933      3.10536470e-09    2.11870376e-02    8.62279112e-01    1.15912116e+00    1.75572457e+00   -1.32195194e-02   -3.72137714e-03
934      3.10869804e-09    2.49409500e-02    8.63696149e-01    1.13188882e+00    1.73797628e+00   -2.95424093e-02   -3.81011858e-03
935      3.11203137e-09    1.91682672e-02    8.58050149e-01    1.12603533e+00    1.73157912e+00   -3.38272516e-02   -3.84210440e-03
936      3.11536470e-09    6.07395788e-03    8.47457517e-01    1.14297412e+00    1.73892035e+00   -2.45404300e-02   -3.80539824e-03
937      3.11869804e-09   -9.34039695e-03    8.35905132e-01    1.17515573e+00    1.75628411e+00   -6.15353909e-03   -3.71857945e-03
938      3.12203137e-09   -2.11870376e-02    8.27798141e-01    1.21020767e+00    1.77641717e+00    1.37270660e-02   -3.61791417e-03
939      3.12536470e-09   -2.49409500e-02    8.26293396e-01    1.23593102e+00    1.79214666e+00    2.80635431e-02   -3.53926668e-03
940      3.12869804e-09   -1.91682672e-02    8.32018040e-01    1.24346277e+00    1.79850470e+00    3.24059332e-02   -3.50747649e-03
941      3.13203137e-09   -6.07395788e-03    8.42747598e-01    1.22908537e+00    1.79314973e+00    2.51329926e-02   -3.53425137e-03
942      3.13536470e-09    9.34039695e-03    8.54305555e-01    1.19679527e+00    1.77706552e+00    7.94615291e-03   -3.61467238e-03
943      3.13869804e-09    2.11870376e-02    8.62279141e-01    1.15912120e+00    1.75572413e+00   -1.32194669e-02   -3.72137936e-03
944      3.14203137e-09    2.49409500e-02    8.63696178e-01    1.13188886e+00    1.73797584e+00   -2.95423581e-02   -3.81012079e-03
945      3.14536470e-09    1.91682672e-02    8.58050178e-01    1.12603538e+00    1.73157868e+00   -3.38271999e-02   -3.84210659e-03
946      3.14869804e-09    6.07395788e-03    8.47457545e-01    1.14297417e+00    1.73891992e+00   -2.45403768e-02   -3.80540040e-03
947      3.15203137e-09   -9.34039695e-03    8.35905161e-01    1.17515578e+00    1.75628368e+00   -6.15348356e-03   -3.71858158e-03
948      3.15536470e-09   -2.11870376e-02    8.27798169e-01    1.21020772e+00    1.77641675e+00    1.37271235e-02   -3.61791627e-03
949      3.15869804e-09   -2.49409500e-02    8.26293424e-01    1.23593107e+00    1.79214625e+00    2.80636017e-02   -3.53926876e-03
950      3.16203137e-09   -1.91682672e-02    8.32018068e-01    1.24346282e+00    1.79850429e+00    3.24059908e-02   -3.50747855e-03
951      3.16536470e-09   -6.07395788e-03    8.42747626e-01    1.22908541e+00    1.79314932e+00    2.51330477e-02   -3.53425342e-03
952      3.16869804e-09    9.34039695e-03    8.54305582e-01    1.19679532e+00    1.77706511e+00    7.94620463e-03   -3.61467443e-03
953      3.17203137e-09    2.11870376e-02    8.62279168e-01    1.15912125e+00    1.75572372e+00   -1.32194176e-02   -3.72138141e-03
954      3.17536470e-09    2.49409500e-02    8.63696205e-01    1.13188891e+00    1.73797543e+00   -2.95423100e-02   -3.81012283e-03
955      3.17869804e-09    1.91682672e-02    8.58050205e-01    1.12603542e+00    1.73157828e+00   -3.38271513e-02   -3.84210861e-03
956      3.18203137e-09    6.07395788e-03    8.47457572e-01    1.14297422e+00    1.73891952e+00   -2.45403269e-02   -3.80540240e-03
957      3.18536470e-09   -9.34039695e-03    8.35905187e-01    1.17515582e+00    1.75628329e+00   -6.15343152e-03   -3.71858355e-03
958      3.18869804e-09   -2.11870376e-02    8.27798196e-01    1.21020777e+00    1.77641636e+00    1.37271773e-02   -3.61791822e-03
959      3.19203137e-09   -2.49409500e-02    8.26293450e-01    1.23593112e+00    1.79214586e+00    2.80636565e-02   -3.53927068e-03
960      3.19536470e-09   -1.91682672e-02    8.32018094e-01    1.24346286e+00    1.79850391e+00    3.24060446e-02   -3.50748046e-03
961      3.19869804e-09   -6.07395788e-03    8.42747652e-01    1.22908546e+00    1.79314893e+00    2.51330993e-02   -3.53425533e-03
962      3.20203137e-09    9.34039695e-03    8.54305608e-01    1.19679536e+00    1.77706473e+00    7.94625312e-03   -3.61467633e-03
963      3.20536470e-09    2.11870376e-02    8.62279193e-01    1.15912129e+00    1.75572334e+00   -1.32193713e-02   -3.72138331e-03
964      3.20869804e-09    2.49409500e-02    8.63696231e-01    1.13188895e+00    1.73797506e+00   -2.95422649e-02   -3.81012471e-03
965      3.21203137e-09    1.91682672e-02    8.58050230e-01    1.12603547e+00    1.73157790e+00   -3.38271057e-02   -3.84211048e-03
966      3.21536470e-09    6.07395788e-03    8.47457598e-01    1.14297426e+00    1.73891915e+00   -2.45402802e-02   -3.80540425e-03
967      3.21869804e-09   -9.34039695e-03    8.35905212e-01    1.17515587e+00    1.75628293e+00   -6.15338276e-03   -3.71858537e-03
968      3.22203137e-09   -2.11870376e-02    8.27798220e-01    1.21020782e+00    1.77641600e+00    1.37272276e-02   -3.61792001e-03
969      3.22536470e-09   -2.49409500e-02    8.26293475e-01    1.23593117e+00    1.79214551e+00    2.80637078e-02   -3.53927246e-03
970      3.22869804e-09   -1.91682672e-02    8.32018119e-01    1.24346291e+00    1.79850356e+00    3.24060950e-02   -3.50748222e-03
971      3.23203137e-09   -6.07395788e-03    8.42747676e-01    1.22908550e+00    1.79314858e+00    2.51331476e-02   -3.53425708e-03
972      3.23536470e-09    9.34039695e-03    8.54305632e-01    1.19679540e+00    1.77706438e+00    7.94629856e-03   -3.61467809e-03
973      3.23869804e-09    2.11870376e-02    8.62279217e-01    1.15912133e+00    1.75572299e+00   -1.32193279e-02   -3.72138506e-03
974      3.24203137e-09    2.49409500e-02    8.63696255e-01    1.13188899e+00    1.73797471e+00   -2.95422225e-02   -3.81012646e-03
975      3.24536470e-09    1.91682672e-02    8.58050254e-01    1.12603551e+00    1.73157756e+00   -3.38270629e-02   -3.84211221e-03
976      3.24869804e-09    6.07395788e-03    8.47457621e-01    1.14297430e+00    1.73891881e+00   -2.45402363e-02   -3.80540596e-03
977      3.25203137e-09   -9.34039695e-03    8.35905236e-01    1.17515591e+00    1.75628259e+00   -6.15333709e-03   -3.71858706e-03
978      3.25536470e-09   -2.11870376e-02    8.27798244e-01    1.21020786e+00    1.77641567e+00    1.37272747e-02   -3.61792167e-03
979      3.25869804e-09   -2.49409500e-02    8.26293499e-01    1.23593121e+00    1.79214518e+00    2.80637557e-02   -3.53927410e-03
980      3.26203137e-09   -1.91682672e-02    8.32018142e-01    1.24346295e+00    1.79850323e+00    3.24061421e-02   -3.50748385e-03
981      3.26536470e-09   -6.07395788e-03    8.42747699e-01    1.22908554e+00    1.79314826e+00    2.51331929e-02   -3.53425871e-03
982      3.26869804e-09    9.34039695e-03    8.54305655e-01    1.19679544e+00    1.77706406e+00    7.94634115e-03   -3.61467971e-03
983      3.27203137e-09    2.11870376e-02    8.62279240e-01    1.15912136e+00    1.75572266e+00   -1.32192872e-02   -3.72138668e-03
984      3.27536470e-09    2.49409500e-02    8.63696277e-01    1.13188903e+00    1.73797439e+00   -2.95421827e-02   -3.81012807e-03
985      3.27869804e-09    1.91682672e-02    8.58050276e-01    1.12603555e+00    1.73157724e+00   -3.38270228e-02   -3.84211380e-03
986      3.28203137e-09    6.07395788e-03    8.47457643e-01    1.14297434e+00    1.73891849e+00   -2.45401952e-02   -3.80540753e-03
987      3.28536470e-09   -9.34039695e-03    8.35905258e-01    1.17515595e+00    1.75628228e+00   -6.15329431e-03   -3.71858861e-03
988      3.28869804e-09   -2.11870376e-02    8.27798266e-01    1.21020790e+00    1.77641536e+00    1.37273188e-02   -3.61792321e-03
989      3.29203137e-09   -2.49409500e-02    8.26293520e-01    1.23593126e+00    1.79214488e+00    2.80638005e-02   -3.53927561e-03
990      3.29536470e-09   -1.91682672e-02    8.32018164e-01    1.24346299e+00    1.79850293e+00    3.24061861e-02   -3.50748535e-03
991      3.29869804e-09   -6.07395788e-03    8.42747720e-01    1.22908558e+00    1.79314796e+00    2.51332352e-02   -3.53426020e-03
992      3.30203137e-09    9.34039695e-03    8.54305676e-01    1.19679547e+00    1.77706376e+00    7.94638105e-03   -3.61468120e-03
993      3.30536470e-09    2.11870376e-02    8.62279261e-01    1.15912140e+00    1.75572237e+00   -1.32192489e-02   -3.72138817e-03
994      3.30869804e-09    2.49409500e-02    8.63696298e-01    1.13188906e+00    1.73797409e+00   -2.95421454e-02   -3.81012955e-03
995      3.31203137e-09    1.91682672e-02    8.58050297e-01    1.12603558e+00    1.73157695e+00   -3.38269851e-02   -3.84211527e-03
996      3.31536470e-09    6.07395788e-03    8.47457664e-01    1.14297438e+00    1.73891820e+00   -2.45401567e-02   -3.80540898e-03
997      3.31869804e-09   -9.34039695e-03    8.35905279e-01    1.17515599e+00    1.75628199e+00   -6.15325425e-03   -3.71859004e-03
998      3.32203137e-09   -2.11870376e-02    8.27798287e-01    1.21020794e+00    1.77641508e+00    1.37273600e-02   -3.61792462e-03
999      3.32536470e-09   -2.49409500e-02    8.26293541e-01    1.23593130e+00    1.79214460e+00    2.80638424e-02   -3.53927700e-03
1000     3.32869804e-09   -1.91682672e-02    8.32018184e-01    1.24346303e+00    1.79850265e+00    3.24062273e-02   -3.50748673e-03
1001     3.33203137e-09   -6.07395788e-03    8.42747740e-01    1.22908562e+00    1.79314768e+00    2.51332748e-02   -3.53426158e-03
1002     3.33536470e-09    9.34039695e-03    8.54305696e-01    1.19679551e+00    1.77706348e+00    7.94641844e-03   -3.61468258e-03
1003     3.33869804e-09    2.11870376e-02    8.62279281e-01    1.15912144e+00    1.75572209e+00   -1.32192130e-02   -3.72138954e-03
1004     3.34203137e-09    2.49409500e-02    8.63696318e-01    1.13188910e+00    1.73797382e+00   -2.95421104e-02   -3.81013091e-03
1005     3.34536470e-09    1.91682672e-02    8.58050317e-01    1.12603562e+00    1.73157668e+00   -3.38269497e-02   -3.84211662e-03
1006     3.34869804e-09    6.07395788e-03    8.47457684e-01    1.14297442e+00    1.73891794e+00   -2.45401206e-02   -3.80541032e-03
1007     3.35203137e-09   -9.34039695e-03    8.35905298e-01    1.17515603e+00    1.75628173e+00   -6.15321674e-03   -3.71859135e-03
1008     3.35536470e-09   -2.11870376e-02    8.27798306e-01    1.21020798e+00    1.77641482e+00    1.37273985e-02   -3.61792591e-03
1009     3.35869804e-09   -2.49409500e-02    8.26293560e-01    1.23593134e+00    1.79214434e+00    2.80638815e-02   -3.53927828e-03
1010     3.36203137e-09   -1.91682672e-02    8.32018203e-01    1.24346307e+00    1.79850240e+00    3.24062657e-02   -3.50748801e-03
1011     3.36536470e-09   -6.07395788e-03    8.42747759e-01    1.22908566e+00    1.79314743e+00    2.51333119e-02   -3.53426285e-03
1012     3.36869804e-09    9.34039695e-03    8.54305715e-01    1.19679555e+00    1.77706323e+00    7.94645347e-03   -3.61468384e-03
1013     3.37203137e-09    2.11870376e-02    8.62279299e-01    1.15912147e+00    1.75572184e+00   -1.32191794e-02   -3.72139079e-03
1014     3.37536470e-09    2.49409500e-02    8.63696336e-01    1.13188913e+00    1.73797357e+00   -2.95420775e-02   -3.81013216e-03
1015     3.37869804e-09    1.91682672e-02    8.58050335e-01    1.12603566e+00    1.73157643e+00   -3.38269166e-02   -3.84211786e-03
1016     3.38203137e-09    6.07395788e-03    8.47457702e-01    1.14297445e+00    1.73891769e+00   -2.45400867e-02   -3.80541154e-03
1017     3.38536470e-09   -9.34039695e-03    8.35905317e-01    1.17515607e+00    1.75628149e+00   -6.15318163e-03   -3.71859256e-03
1018     3.38869804e-09   -2.11870376e-02    8.27798324e-01    1.21020802e+00    1.77641458e+00    1.37274345e-02   -3.61792710e-03
1019     3.39203137e-09   -2.49409500e-02    8.26293578e-01    1.23593137e+00    1.79214411e+00    2.80639181e-02   -3.53927946e-03
1020     3.39536470e-09   -1.91682672e-02    8.32018221e-01    1.24346311e+00    1.79850217e+00    3.24063016e-02   -3.50748917e-03
1021     3.39869804e-09   -6.07395788e-03    8.42747777e-01    1.22908569e+00    1.79314720e+00    2.51333465e-02   -3.53426401e-03
1022     3.40203137e-09    9.34039695e-03    8.54305732e-01    1.19679558e+00    1.77706300e+00    7.94648628e-03   -3.61468500e-03
1023     3.40536470e-09    2.11870376e-02    8.62279317e-01    1.15912151e+00    1.75572161e+00   -1.32191478e-02   -3.72139195e-03
1024     3.40869804e-09    2.49409500e-02    8.63696354e-01    1.13188917e+00    1.73797334e+00   -2.95420466e-02   -3.81013331e-03
1025     3.41203137e-09    1.91682672e-02    8.58050353e-01    1.12603569e+00    1.73157620e+00   -3.38268854e-02   -3.84211899e-03
1026     3.41536470e-09    6.07395788e-03    8.47457720e-01    1.14297449e+00    1.73891747e+00   -2.45400550e-02   -3.80541266e-03
1027     3.41869804e-09   -9.34039695e-03    8.35905334e-01    1.17515611e+00    1.75628127e+00   -6.15314875e-03   -3.71859367e-03
1028     3.42203137e-09   -2.11870376e-02    8.27798341e-01    1.21020806e+00    1.77641436e+00    1.37274681e-02   -3.61792820e-03
1029     3.42536470e-09   -2.49409500e-02    8.26293595e-01    1.23593141e+00    1.79214389e+00    2.80639522e-02   -3.53928054e-03
1030     3.42869804e-09   -1.91682672e-02    8.32018238e-01    1.24346314e+00    1.79850195e+00    3.24063352e-02   -3.50749024e-03
1031     3.43203137e-09   -6.07395788e-03    8.42747794e-01    1.22908573e+00    1.79314699e+00    2.51333789e-02   -3.53426507e-03
1032     3.43536470e-09    9.34039695e-03    8.54305749e-01    1.19679561e+00    1.77706279e+00    7.94651702e-03   -3.61468606e-03
1033     3.43869804e-09    2.11870376e-02    8.62279333e-01    1.15912154e+00    1.75572140e+00   -1.32191182e-02   -3.72139301e-03
1034     3.44203137e-09    2.49409500e-02    8.63696370e-01    1.13188920e+00    1.73797313e+00   -2.95420177e-02   -3.81013436e-03
1035     3.44536470e-09    1.91682672e-02    8.58050369e-01    1.12603572e+00    1.73157599e+00   -3.38268562e-02   -3.84212003e-03
1036     3.44869804e-09    6.07395788e-03    8.47457736e-01    1.14297452e+00    1.73891726e+00   -2.45400252e-02   -3.80541369e-03
1037     3.45203137e-09   -9.34039695e-03    8.35905350e-01    1.17515614e+00    1.75628106e+00   -6.15311798e-03   -3.71859468e-03
1038     3.45536470e-09   -2.11870376e-02    8.27798357e-01    1.21020809e+00    1.77641416e+00    1.37274996e-02   -3.61792919e-03
1039     3.45869804e-09   -2.49409500e-02    8.26293611e-01    1.23593145e+00    1.79214370e+00    2.80639841e-02   -3.53928152e-03
1040     3.46203137e-09   -1.91682672e-02    8.32018254e-01    1.24346318e+00    1.79850176e+00    3.24063665e-02   -3.50749122e-03
1041     3.46536470e-09   -6.07395788e-03    8.42747810e-01    1.22908576e+00    1.79314679e+00    2.51334093e-02   -3.53426604e-03
1042     3.46869804e-09    9.34039695e-03    8.54305765e-01    1.19679565e+00    1.77706259e+00    7.94654580e-03   -3.61468704e-03
1043     3.47203137e-09    2.11870376e-02    8.62279349e-01    1.15912157e+00    1.75572121e+00   -1.32190904e-02   -3.72139397e-03
1044     3.47536470e-09    2.49409500e-02    8.63696386e-01    1.13188923e+00    1.73797294e+00   -2.95419905e-02   -3.81013532e-03
1045     3.47869804e-09    1.91682672e-02    8.58050384e-01    1.12603575e+00    1.73157580e+00   -3.38268288e-02   -3.84212098e-03
1046     3.48203137e-09    6.07395788e-03    8.47457751e-01    1.14297455e+00    1.73891707e+00   -2.45399974e-02   -3.80541463e-03
1047     3.48536470e-09   -9.34039695e-03    8.35905365e-01    1.17515617e+00    1.75628088e+00   -6.15308919e-03   -3.71859560e-03
1048     3.48869804e-09   -2.11870376e-02    8.27798373e-01    1.21020813e+00    1.77641398e+00    1.37275289e-02   -3.61793011e-03
1049     3.49203137e-09   -2.49409500e-02    8.26293626e-01    1.23593148e+00    1.79214352e+00    2.80640138e-02   -3.53928242e-03
1050     3.49536470e-09   -1.91682672e-02    8.32018269e-01    1.24346321e+00    1.79850158e+00    3.24063957e-02   -3.50749211e-03
1051     3.49869804e-09   -6.07395788e-03    8.42747824e-01    1.22908579e+00    1.79314661e+00    2.51334376e-02   -3.53426693e-03
1052     3.50203137e-09    9.34039695e-03    8.54305779e-01    1.19679568e+00    1.77706242e+00    7.94657275e-03   -3.61468792e-03
1053     3.50536470e-09    2.11870376e-02    8.62279363e-01    1.15912160e+00    1.75572103e+00   -1.32190643e-02   -3.72139485e-03
1054     3.50869804e-09    2.49409500e-02    8.63696400e-01    1.13188926e+00    1.73797276e+00   -2.95419650e-02   -3.81013620e-03
1055     3.51203137e-09    1.91682672e-02    8.58050399e-01    1.12603579e+00    1.73157563e+00   -3.38268030e-02   -3.84212185e-03
1056     3.51536470e-09    6.07395788e-03    8.47457765e-01    1.14297459e+00    1.73891690e+00   -2.45399712e-02   -3.80541548e-03
1057     3.51869804e-09   -9.34039695e-03    8.35905380e-01    1.17515621e+00    1.75628071e+00   -6.15306225e-03   -3.71859645e-03
1058     3.52203137e-09   -2.11870376e-02    8.27798387e-01    1.21020816e+00    1.77641381e+00    1.37275564e-02   -3.61793094e-03
1059     3.52536470e-09   -2.49409500e-02    8.26293641e-01    1.23593152e+00    1.79214335e+00    2.80640416e-02   -3.53928324e-03
1060     3.52869804e-09   -1.91682672e-02    8.32018283e-01    1.24346325e+00    1.79850141e+00    3.24064229e-02   -3.50749293e-03
1061     3.53203137e-09   -6.07395788e-03    8.42747838e-01    1.22908583e+00    1.79314645e+00    2.51334641e-02   -3.53426774e-03
1062     3.53536470e-09    9.34039695e-03    8.54305793e-01    1.19679571e+00    1.77706225e+00    7.94659799e-03   -3.61468873e-03
1063     3.53869804e-09    2.11870376e-02    8.62279377e-01    1.15912163e+00    1.75572087e+00   -1.32190398e-02   -3.72139566e-03
1064     3.54203137e-09    2.49409500e-02    8.63696414e-01    1.13188929e+00    1.73797260e+00   -2.95419410e-02   -3.81013699e-03
1065     3.54536470e-09    1.91682672e-02    8.58050412e-01    1.12603582e+00    1.73157547e+00   -3.38267789e-02   -3.84212263e-03
1066     3.54869804e-09    6.07395788e-03    8.47457779e-01    1.14297462e+00    1.73891675e+00   -2.45399468e-02   -3.80541626e-03
1067     3.55203137e-09   -9.34039695e-03    8.35905393e-01    1.17515624e+00    1.75628056e+00   -6.15303704e-03   -3.71859721e-03
1068     3.55536470e-09   -2.11870376e-02    8.27798400e-01    1.21020819e+00    1.77641366e+00    1.37275820e-02   -3.61793169e-03
1069     3.55869804e-09   -2.49409500e-02    8.26293654e-01    1.23593155e+00    1.79214320e+00    2.80640675e-02   -3.53928399e-03
1070     3.56203137e-09   -1.91682672e-02    8.32018296e-01    1.24346328e+00    1.79850127e+00    3.24064484e-02   -3.50749367e-03
1071     3.56536470e-09   -6.07395788e-03    8.42747851e-01    1.22908586e+00    1.79314631e+00    2.51334888e-02   -3.53426847e-03
1072     3.56869804e-09    9.34039695e-03    8.54305806e-01    1.19679574e+00    1.77706211e+00    7.94662162e-03   -3.61468946e-03
1073     3.57203137e-09    2.11870376e-02    8.62279390e-01    1.15912166e+00    1.75572072e+00   -1.32190168e-02   -3.72139638e-03
1074     3.57536470e-09    2.49409500e-02    8.63696426e-01    1.13188932e+00    1.73797246e+00   -2.95419186e-02   -3.81013771e-03
1075     3.57869804e-09    1.91682672e-02    8.58050425e-01    1.12603585e+00    1.73157533e+00   -3.38267562e-02   -3.84212335e-03
1076     3.58203137e-09    6.07395788e-03    8.47457792e-01    1.14297465e+00    1.73891661e+00   -2.45399238e-02   -3.80541697e-03
1077     3.58536470e-09   -9.34039695e-03    8.35905406e-01    1.17515627e+00    1.75628042e+00   -6.15301347e-03   -3.71859790e-03
1078     3.58869804e-09   -2.11870376e-02    8.27798413e-01    1.21020823e+00    1.77641353e+00    1.37276059e-02   -3.61793237e-03
1079     3.59203137e-09   -2.49409500e-02    8.26293666e-01    1.23593158e+00    1.79214307e+00    2.80640916e-02   -3.53928466e-03
1080     3.59536470e-09   -1.91682672e-02    8.32018308e-01    1.24346331e+00    1.79850113e+00    3.24064721e-02   -3.50749433e-03
1081     3.59869804e-09   -6.07395788e-03    8.42747864e-01    1.22908589e+00    1.79314617e+00    2.51335119e-02   -3.53426914e-03
1082     3.60203137e-09    9.34039695e-03    8.54305818e-01    1.19679577e+00    1.77706198e+00    7.94664374e-03   -3.61469012e-03
1083     3.60536470e-09    2.11870376e-02    8.62279402e-01    1.15912169e+00    1.75572059e+00   -1.32189953e-02   -3.72139704e-03
1084     3.60869804e-09    2.49409500e-02    8.63696438e-01    1.13188935e+00    1.73797233e+00   -2.95418974e-02   -3.81013837e-03
1085     3.61203137e-09    1.91682672e-02    8.58050437e-01    1.12603587e+00    1.73157520e+00   -3.38267349e-02   -3.84212399e-03
1086     3.61536470e-09    6.07395788e-03    8.47457804e-01    1.14297468e+00    1.73891648e+00   -2.45399023e-02   -3.80541760e-03
1087     3.61869804e-09   -9.34039695e-03    8.35905418e-01    1.17515630e+00    1.75628029e+00   -6.15299142e-03   -3.71859853e-03
1088     3.62203137e-09   -2.11870376e-02    8.27798425e-01    1.21020826e+00    1.77641340e+00    1.37276282e-02   -3.61793299e-03
1089     3.62536470e-09   -2.49409500e-02    8.26293678e-01    1.23593161e+00    1.79214295e+00    2.80641142e-02   -3.53928527e-03
1090     3.62869804e-09   -1.91682672e-02    8.32018320e-01    1.24346334e+00    1.79850101e+00    3.24064942e-02   -3.50749494e-03
1091     3.63203137e-09   -6.07395788e-03    8.42747875e-01    1.22908592e+00    1.79314605e+00    2.51335335e-02   -3.53426974e-03
1092     3.63536470e-09    9.34039695e-03    8.54305830e-01    1.19679580e+00    1.77706186e+00    7.94666445e-03   -3.61469071e-03
1093     3.63869804e-09    2.11870376e-02    8.62279414e-01    1.15912172e+00    1.75572047e+00   -1.32189751e-02   -3.72139763e-03
1094     3.64203137e-09    2.49409500e-02    8.63696450e-01    1.13188938e+00    1.73797221e+00   -2.95418776e-02   -3.81013895e-03
1095     3.64536470e-09    1.91682672e-02    8.58050448e-01    1.12603590e+00    1.73157509e+00   -3.38267150e-02   -3.84212457e-03
1096     3.64869804e-09    6.07395788e-03    8.47457815e-01    1.14297470e+00    1.73891637e+00   -2.45398822e-02   -3.80541817e-03
1097     3.65203137e-09   -9.34039695e-03    8.35905429e-01    1.17515633e+00    1.75628018e+00   -6.15297080e-03   -3.71859909e-03
1098     3.65536470e-09   -2.11870376e-02    8.27798436e-01    1.21020828e+00    1.77641329e+00    1.37276490e-02   -3.61793355e-03
1099     3.65869804e-09   -2.49409500e-02    8.26293689e-01    1.23593164e+00    1.79214284e+00    2.80641351e-02   -3.53928582e-03
1100     3.66203137e-09   -1.91682672e-02    8.32018331e-01    1.24346337e+00    1.79850090e+00    3.24065148e-02   -3.50749548e-03
1101     3.66536470e-09   -6.07395788e-03    8.42747886e-01    1.22908595e+00    1.79314595e+00    2.51335536e-02   -3.53427027e-03
1102     3.66869804e-09    9.34039695e-03    8.54305841e-01    1.19679583e+00    1.77706175e+00    7.94668383e-03   -3.61469125e-03
1103     3.67203137e-09    2.11870376e-02    8.62279424e-01    1.15912175e+00    1.75572037e+00   -1.32189561e-02   -3.72139816e-03
1104     3.67536470e-09    2.49409500e-02    8.63696461e-01    1.13188940e+00    1.73797210e+00   -2.95418590e-02   -3.81013948e-03
1105     3.67869804e-09    1.91682672e-02    8.58050459e-01    1.12603593e+00    1.73157498e+00   -3.38266962e-02   -3.84212509e-03
1106     3.68203137e-09    6.07395788e-03    8.47457825e-01    1.14297473e+00    1.73891626e+00   -2.45398634e-02   -3.80541868e-03
1107     3.68536470e-09   -9.34039695e-03    8.35905439e-01    1.17515635e+00    1.75628008e+00   -6.15295152e-03   -3.71859959e-03
1108     3.68869804e-09   -2.11870376e-02    8.27798446e-01    1.21020831e+00    1.77641319e+00    1.37276684e-02   -3.61793404e-03
1109     3.69203137e-09   -2.49409500e-02    8.26293700e-01    1.23593167e+00    1.79214274e+00    2.80641547e-02   -3.53928631e-03
1110     3.69536470e-09   -1.91682672e-02    8.32018342e-01    1.24346340e+00    1.79850081e+00    3.24065339e-02   -3.50749596e-03
1111     3.69869804e-09   -6.07395788e-03    8.42747897e-01    1.22908598e+00    1.79314585e+00    2.51335724e-02   -3.53427075e-03
1112     3.70203137e-09    9.34039695e-03    8.54305851e-01    1.19679585e+00    1.77706165e+00    7.94670197e-03   -3.61469173e-03
1113     3.70536470e-09    2.11870376e-02    8.62279434e-01    1.15912177e+00    1.75572027e+00   -1.32189383e-02   -3.72139863e-03
1114     3.70869804e-09    2.49409500e-02    8.63696471e-01    1.13188943e+00    1.73797201e+00   -2.95418416e-02   -3.81013995e-03
1115     3.71203137e-09    1.91682672e-02    8.58050469e-01    1.12603595e+00    1.73157489e+00   -3.38266787e-02   -3.84212555e-03
1116     3.71536470e-09    6.07395788e-03    8.47457835e-01    1.14297476e+00    1.73891617e+00   -2.45398457e-02   -3.80541914e-03
1117     3.71869804e-09   -9.34039695e-03    8.35905449e-01    1.17515638e+00    1.75627999e+00   -6.15293350e-03   -3.71860004e-03
1118     3.72203137e-09   -2.11870376e-02    8.27798456e-01    1.21020834e+00    1.77641310e+00    1.37276864e-02   -3.61793448e-03
1119     3.72536470e-09   -2.49409500e-02    8.26293710e-01    1.23593170e+00    1.79214265e+00    2.80641728e-02   -3.53928674e-03
1120     3.72869804e-09   -1.91682672e-02    8.32018351e-01    1.24346343e+00    1.79850072e+00    3.24065518e-02   -3.50749639e-03
1121     3.73203137e-09   -6.07395788e-03    8.42747906e-01    1.22908600e+00    1.79314576e+00    2.51335900e-02   -3.53427118e-03
1122     3.73536470e-09    9.34039695e-03    8.54305860e-01    1.19679588e+00    1.77706157e+00    7.94671894e-03   -3.61469215e-03
1123     3.73869804e-09    2.11870376e-02    8.62279444e-01    1.15912180e+00    1.75572019e+00   -1.32189216e-02   -3.72139905e-03
1124     3.74203137e-09    2.49409500e-02    8.63696480e-01    1.13188946e+00    1.73797193e+00   -2.95418252e-02   -3.81014036e-03
1125     3.74536470e-09    1.91682672e-02    8.58050478e-01    1.12603598e+00    1.73157481e+00   -3.38266621e-02   -3.84212596e-03
1126     3.74869804e-09    6.07395788e-03    8.47457845e-01    1.14297478e+00    1.73891609e+00   -2.45398292e-02   -3.80541954e-03
1127     3.75203137e-09   -9.34039695e-03    8.35905459e-01    1.17515641e+00    1.75627991e+00   -6.15291666e-03   -3.71860044e-03
1128     3.75536470e-09   -2.11870376e-02    8.27798465e-01    1.21020837e+00    1.77641302e+00    1.37277033e-02   -3.61793488e-03
1129     3.75869804e-09   -2.49409500e-02    8.26293719e-01    1.23593172e+00    1.79214257e+00    2.80641898e-02   -3.53928713e-03
1130     3.76203137e-09   -1.91682672e-02    8.32018361e-01    1.24346345e+00    1.79850064e+00    3.24065684e-02   -3.50749678e-03
1131     3.76536470e-09   -6.07395788e-03    8.42747915e-01    1.22908603e+00    1.79314569e+00    2.51336064e-02   -3.53427156e-03
1132     3.76869804e-09    9.34039695e-03    8.54305870e-01    1.19679591e+00    1.77706150e+00    7.94673482e-03   -3.61469252e-03
1133     3.77203137e-09    2.11870376e-02    8.62279453e-01    1.15912182e+00    1.75572012e+00   -1.32189059e-02   -3.72139942e-03
1134     3.77536470e-09    2.49409500e-02    8.63696489e-01    1.13188948e+00    1.73797185e+00   -2.95418098e-02   -3.81014073e-03
1135     3.77869804e-09    1.91682672e-02    8.58050487e-01    1.12603601e+00    1.73157474e+00   -3.38266466e-02   -3.84212632e-03
1136     3.78203137e-09    6.07395788e-03    8.47457853e-01    1.14297481e+00    1.73891602e+00   -2.45398137e-02   -3.80541990e-03
1137     3.78536470e-09   -9.34039695e-03    8.35905467e-01    1.17515643e+00    1.75627984e+00   -6.15290092e-03   -3.71860079e-03
1138     3.78869804e-09   -2.11870376e-02    8.27798474e-01    1.21020839e+00    1.77641296e+00    1.37277190e-02   -3.61793522e-03
1139     3.79203137e-09   -2.49409500e-02    8.26293728e-01    1.23593175e+00    1.79214251e+00    2.80642055e-02   -3.53928747e-03
1140     3.79536470e-09   -1.91682672e-02    8.32018369e-01    1.24346348e+00    1.79850058e+00    3.24065838e-02   -3.50749711e-03
1141     3.79869804e-09   -6.07395788e-03    8.42747924e-01    1.22908606e+00    1.79314562e+00    2.51336216e-02   -3.53427189e-03
1142     3.80203137e-09    9.34039695e-03    8.54305878e-01    1.19679593e+00    1.77706143e+00    7.94674968e-03   -3.61469285e-03
1143     3.80536470e-09    2.11870376e-02    8.62279461e-01    1.15912185e+00    1.75572005e+00   -1.32188912e-02   -3.72139975e-03
1144     3.80869804e-09    2.49409500e-02    8.63696497e-01    1.13188951e+00    1.73797179e+00   -2.95417953e-02   -3.81014105e-03
1145     3.81203137e-09    1.91682672e-02    8.58050495e-01    1.12603603e+00    1.73157467e+00   -3.38266321e-02   -3.84212664e-03
1146     3.81536470e-09    6.07395788e-03    8.47457862e-01    1.14297483e+00    1.73891596e+00   -2.45397992e-02   -3.80542021e-03
1147     3.81869804e-09   -9.34039695e-03    8.35905476e-01    1.17515646e+00    1.75627978e+00   -6.15288622e-03   -3.71860109e-03
1148     3.82203137e-09   -2.11870376e-02    8.27798482e-01    1.21020842e+00    1.77641290e+00    1.37277336e-02   -3.61793552e-03
1149     3.82536470e-09   -2.49409500e-02    8.26293736e-01    1.23593178e+00    1.79214245e+00    2.80642201e-02   -3.53928776e-03
1150     3.82869804e-09   -1.91682672e-02    8.32018377e-01    1.24346351e+00    1.79850052e+00    3.24065981e-02   -3.50749740e-03
1151     3.83203137e-09   -6.07395788e-03    8.42747932e-01    1.22908608e+00    1.79314557e+00    2.51336359e-02   -3.53427217e-03
1152     3.83536470e-09    9.34039695e-03    8.54305886e-01    1.19679596e+00    1.77706137e+00    7.94676357e-03   -3.61469313e-03
1153     3.83869804e-09    2.11870376e-02    8.62279469e-01    1.15912187e+00    1.75571999e+00   -1.32188774e-02   -3.72140003e-03
1154     3.84203137e-09    2.49409500e-02    8.63696505e-01    1.13188953e+00    1.73797174e+00   -2.95417817e-02   -3.81014132e-03
1155     3.84536470e-09    1.91682672e-02    8.58050503e-01    1.12603605e+00    1.73157462e+00   -3.38266184e-02   -3.84212691e-03
1156     3.84869804e-09    6.07395788e-03    8.47457870e-01    1.14297486e+00    1.73891590e+00   -2.45397856e-02   -3.80542048e-03
1157     3.85203137e-09   -9.34039695e-03    8.35905483e-01    1.17515648e+00    1.75627973e+00   -6.15287249e-03   -3.71860135e-03
1158     3.85536470e-09   -2.11870376e-02    8.27798490e-01    1.21020845e+00    1.77641284e+00    1.37277472e-02   -3.61793578e-03
1159     3.85869804e-09   -2.49409500e-02    8.26293744e-01    1.23593180e+00    1.79214240e+00    2.80642337e-02   -3.53928801e-03
1160     3.86203137e-09   -1.91682672e-02    8.32018385e-01    1.24346353e+00    1.79850047e+00    3.24066115e-02   -3.50749765e-03
1161     3.86536470e-09   -6.07395788e-03    8.42747940e-01    1.22908611e+00    1.79314552e+00    2.51336491e-02   -3.53427242e-03
1162     3.86869804e-09    9.34039695e-03    8.54305894e-01    1.19679598e+00    1.77706132e+00    7.94677657e-03   -3.61469338e-03
1163     3.87203137e-09    2.11870376e-02    8.62279477e-01    1.15912190e+00    1.75571995e+00   -1.32188644e-02   -3.72140026e-03
1164     3.87536470e-09    2.49409500e-02    8.63696513e-01    1.13188955e+00    1.73797169e+00   -2.95417690e-02   -3.81014156e-03
1165     3.87869804e-09    1.91682672e-02    8.58050511e-01    1.12603608e+00    1.73157457e+00   -3.38266056e-02   -3.84212714e-03
1166     3.88203137e-09    6.07395788e-03    8.47457877e-01    1.14297488e+00    1.73891586e+00   -2.45397728e-02   -3.80542070e-03
1167     3.88536470e-09   -9.34039695e-03    8.35905491e-01    1.17515651e+00    1.75627968e+00   -6.15285966e-03   -3.71860158e-03
1168     3.88869804e-09   -2.11870376e-02    8.27798498e-01    1.21020847e+00    1.77641280e+00    1.37277598e-02   -3.61793600e-03
1169     3.89203137e-09   -2.49409500e-02    8.26293751e-01    1.23593183e+00    1.79214235e+00    2.80642463e-02   -3.53928823e-03
1170     3.89536470e-09   -1.91682672e-02    8.32018392e-01    1.24346356e+00    1.79850043e+00    3.24066238e-02   -3.50749786e-03
1171     3.89869804e-09   -6.07395788e-03    8.42747947e-01    1.22908613e+00    1.79314547e+00    2.51336615e-02   -3.53427263e-03
1172     3.90203137e-09    9.34039695e-03    8.54305901e-01    1.19679601e+00    1.77706128e+00    7.94678873e-03   -3.61469358e-03
1173     3.90536470e-09    2.11870376e-02    8.62279484e-01    1.15912192e+00    1.75571991e+00   -1.32188522e-02   -3.72140046e-03
1174     3.90869804e-09    2.49409500e-02    8.63696520e-01    1.13188958e+00    1.73797165e+00   -2.95417570e-02   -3.81014176e-03
1175     3.91203137e-09    1.91682672e-02    8.58050518e-01    1.12603610e+00    1.73157453e+00   -3.38265935e-02   -3.84212733e-03
1176     3.91536470e-09    6.07395788e-03    8.47457884e-01    1.14297490e+00    1.73891582e+00   -2.45397609e-02   -3.80542089e-03
1177     3.91869804e-09   -9.34039695e-03    8.35905498e-01    1.17515653e+00    1.75627965e+00   -6.15284769e-03   -3.71860176e-03
1178     3.92203137e-09   -2.11870376e-02    8.27798505e-01    1.21020849e+00    1.77641276e+00    1.37277716e-02   -3.61793618e-03
1179     3.92536470e-09   -2.49409500e-02    8.26293758e-01    1.23593185e+00    1.79214232e+00    2.80642580e-02   -3.53928841e-03
1180     3.92869804e-09   -1.91682672e-02    8.32018399e-01    1.24346358e+00    1.79850039e+00    3.24066353e-02   -3.50749804e-03
1181     3.93203137e-09   -6.07395788e-03    8.42747954e-01    1.22908616e+00    1.79314544e+00    2.51336730e-02   -3.53427280e-03
1182     3.93536470e-09    9.34039695e-03    8.54305908e-01    1.19679603e+00    1.77706125e+00    7.94680010e-03   -3.61469375e-03
1183     3.93869804e-09    2.11870376e-02    8.62279491e-01    1.15912195e+00    1.75571987e+00   -1.32188408e-02   -3.72140063e-03
1184     3.94203137e-09    2.49409500e-02    8.63696527e-01    1.13188960e+00    1.73797162e+00   -2.95417457e-02   -3.81014192e-03
1185     3.94536470e-09    1.91682672e-02    8.58050524e-01    1.12603612e+00    1.73157450e+00   -3.38265822e-02   -3.84212749e-03
1186     3.94869804e-09    6.07395788e-03    8.47457891e-01    1.14297493e+00    1.73891579e+00   -2.45397497e-02   -3.80542105e-03
1187     3.95203137e-09   -9.34039695e-03    8.35905504e-01    1.17515655e+00    1.75627962e+00   -6.15283651e-03   -3.71860191e-03
1188     3.95536470e-09   -2.11870376e-02    8.27798511e-01    1.21020852e+00    1.77641273e+00    1.37277825e-02   -3.61793633e-03
1189     3.95869804e-09   -2.49409500e-02    8.26293764e-01    1.23593188e+00    1.79214229e+00    2.80642689e-02   -3.53928855e-03
1190     3.96203137e-09   -1.91682672e-02    8.32018406e-01    1.24346361e+00    1.79850036e+00    3.24066459e-02   -3.50749818e-03
1191     3.96536470e-09   -6.07395788e-03    8.42747961e-01    1.22908618e+00    1.79314541e+00    2.51336837e-02   -3.53427294e-03
1192     3.96869804e-09    9.34039695e-03    8.54305914e-01    1.19679606e+00    1.77706122e+00    7.94681073e-03   -3.61469389e-03
1193     3.97203137e-09    2.11870376e-02    8.62279497e-01    1.15912197e+00    1.75571985e+00   -1.32188301e-02   -3.72140076e-03
1194     3.97536470e-09    2.49409500e-02    8.63696533e-01    1.13188962e+00    1.73797159e+00   -2.95417351e-02   -3.81014205e-03
1195     3.97869804e-09    1.91682672e-02    8.58050531e-01    1.12603614e+00    1.73157448e+00   -3.38265716e-02   -3.84212762e-03
1196     3.98203137e-09    6.07395788e-03    8.47457897e-01    1.14297495e+00    1.73891577e+00   -2.45397393e-02   -3.80542117e-03
1197     3.98536470e-09   -9.34039695e-03    8.35905511e-01    1.17515658e+00    1.75627959e+00   -6.15282608e-03   -3.71860203e-03
1198     3.98869804e-09   -2.11870376e-02    8.27798517e-01    1.21020854e+00    1.77641271e+00    1.37277926e-02   -3.61793645e-03
1199     3.99203137e-09   -2.49409500e-02    8.26293771e-01    1.23593190e+00    1.79214227e+00    2.80642790e-02   -3.53928867e-03
1200     3.99536470e-09   -1.91682672e-02    8.32018412e-01    1.24346363e+00    1.79850034e+00    3.24066558e-02   -3.50749830e-03
1201     3.99869804e-09   -6.07395788e-03    8.42747967e-01    1.22908621e+00    1.79314539e+00    2.51336937e-02   -3.53427305e-03
1202     4.00203137e-09    9.34039695e-03    8.54305920e-01    1.19679608e+00    1.77706120e+00    7.94682067e-03   -3.61469399e-03
1203     4.00536470e-09    2.11870376e-02    8.62279503e-01    1.15912199e+00    1.75571983e+00   -1.32188200e-02   -3.72140086e-03
1204     4.00869804e-09    2.49409500e-02    8.63696539e-01    1.13188964e+00    1.73797157e+00   -2.95417252e-02   -3.81014215e-03
1205     4.01203137e-09    1.91682672e-02    8.58050537e-01    1.12603617e+00    1.73157446e+00   -3.38265616e-02   -3.84212771e-03
1206     4.01536470e-09    6.07395788e-03    8.47457903e-01    1.14297497e+00    1.73891575e+00   -2.45397295e-02   -3.80542127e-03
1207     4.01869804e-09   -9.34039695e-03    8.35905516e-01    1.17515660e+00    1.75627958e+00   -6.15281635e-03   -3.71860212e-03
1208     4.02203137e-09   -2.11870376e-02    8.27798523e-01    1.21020856e+00    1.77641269e+00    1.37278020e-02   -3.61793653e-03
1209     4.02536470e-09   -2.49409500e-02    8.26293776e-01    1.23593192e+00    1.79214225e+00    2.80642883e-02   -3.53928875e-03
1210     4.02869804e-09   -1.91682672e-02    8.32018418e-01    1.24346365e+00    1.79850032e+00    3.24066649e-02   -3.50749838e-03
1211     4.03203137e-09   -6.07395788e-03    8.42747972e-01    1.22908623e+00    1.79314537e+00    2.51337030e-02   -3.53427313e-03
1212     4.03536470e-09    9.34039695e-03    8.54305926e-01    1.19679610e+00    1.77706119e+00    7.94682995e-03   -3.61469407e-03
1213     4.03869804e-09    2.11870376e-02    8.62279509e-01    1.15912201e+00    1.75571981e+00   -1.32188105e-02   -3.72140094e-03
1214     4.04203137e-09    2.49409500e-02    8.63696545e-01    1.13188966e+00    1.73797156e+00   -2.95417158e-02   -3.81014222e-03
1215     4.04536470e-09    1.91682672e-02    8.58050542e-01    1.12603619e+00    1.73157444e+00   -3.38265522e-02   -3.84212778e-03
1216     4.04869804e-09    6.07395788e-03    8.47457908e-01    1.14297499e+00    1.73891573e+00   -2.45397203e-02   -3.80542133e-03
1217     4.05203137e-09   -9.34039695e-03    8.35905522e-01    1.17515662e+00    1.75627956e+00   -6.15280728e-03   -3.71860219e-03
1218     4.05536470e-09   -2.11870376e-02    8.27798529e-01    1.21020858e+00    1.77641268e+00    1.37278107e-02   -3.61793660e-03
1219     4.05869804e-09   -2.49409500e-02    8.26293782e-01    1.23593194e+00    1.79214224e+00    2.80642969e-02   -3.53928881e-03
1220     4.06203137e-09   -1.91682672e-02    8.32018423e-01    1.24346368e+00    1.79850031e+00    3.24066733e-02   -3.50749844e-03
1221     4.06536470e-09   -6.07395788e-03    8.42747978e-01    1.22908625e+00    1.79314536e+00    2.51337116e-02   -3.53427318e-03
1222     4.06869804e-09    9.34039695e-03    8.54305932e-01    1.19679612e+00    1.77706118e+00    7.94683864e-03   -3.61469412e-03
1223     4.07203137e-09    2.11870376e-02    8.62279514e-01    1.15912204e+00    1.75571980e+00   -1.32188016e-02   -3.72140098e-03
1224     4.07536470e-09    2.49409500e-02    8.63696550e-01    1.13188969e+00    1.73797155e+00   -2.95417070e-02   -3.81014226e-03
1225     4.07869804e-09    1.91682672e-02    8.58050548e-01    1.12603621e+00    1.73157444e+00   -3.38265434e-02   -3.84212782e-03
1226     4.08203137e-09    6.07395788e-03    8.47457914e-01    1.14297501e+00    1.73891573e+00   -2.45397117e-02   -3.80542137e-03
1227     4.08536470e-09   -9.34039695e-03    8.35905527e-01    1.17515664e+00    1.75627956e+00   -6.15279881e-03   -3.71860222e-03
1228     4.08869804e-09   -2.11870376e-02    8.27798534e-01    1.21020861e+00    1.77641267e+00    1.37278188e-02   -3.61793663e-03
1229     4.09203137e-09   -2.49409500e-02    8.26293787e-01    1.23593197e+00    1.79214223e+00    2.80643048e-02   -3.53928885e-03
1230     4.09536470e-09   -1.91682672e-02    8.32018429e-01    1.24346370e+00    1.79850031e+00    3.24066811e-02   -3.50749847e-03
1231     4.09869804e-09   -6.07395788e-03    8.42747983e-01    1.22908627e+00    1.79314536e+00    2.51337196e-02   -3.53427321e-03
1232     4.10203137e-09    9.34039695e-03    8.54305937e-01    1.19679615e+00    1.77706117e+00    7.94684675e-03   -3.61469415e-03
1233     4.10536470e-09    2.11870376e-02    8.62279520e-01    1.15912206e+00    1.75571980e+00   -1.32187933e-02   -3.72140100e-03
1234     4.10869804e-09    2.49409500e-02    8.63696555e-01    1.13188971e+00    1.73797154e+00   -2.95416988e-02   -3.81014228e-03
1235     4.11203137e-09    1.91682672e-02    8.58050553e-01    1.12603623e+00    1.73157443e+00   -3.38265351e-02   -3.84212783e-03
1236     4.11536470e-09    6.07395788e-03    8.47457919e-01    1.14297503e+00    1.73891572e+00   -2.45397037e-02   -3.80542138e-03
1237     4.11869804e-09   -9.34039695e-03    8.35905532e-01    1.17515666e+00    1.75627955e+00   -6.15279093e-03   -3.71860223e-03
1238     4.12203137e-09   -2.11870376e-02    8.27798539e-01    1.21020863e+00    1.77641267e+00    1.37278263e-02   -3.61793664e-03
1239     4.12536470e-09   -2.49409500e-02    8.26293792e-01    1.23593199e+00    1.79214223e+00    2.80643122e-02   -3.53928886e-03
1240     4.12869804e-09   -1.91682672e-02    8.32018434e-01    1.24346372e+00    1.79850030e+00    3.24066883e-02   -3.50749848e-03
1241     4.13203137e-09   -6.07395788e-03    8.42747988e-01    1.22908630e+00    1.79314536e+00    2.51337270e-02   -3.53427321e-03
1242     4.13536470e-09    9.34039695e-03    8.54305942e-01    1.19679617e+00    1.77706117e+00    7.94685433e-03   -3.61469415e-03
1243     4.13869804e-09    2.11870376e-02    8.62279524e-01    1.15912208e+00    1.75571980e+00   -1.32187854e-02   -3.72140100e-03
1244     4.14203137e-09    2.49409500e-02    8.63696560e-01    1.13188973e+00    1.73797155e+00   -2.95416910e-02   -3.81014227e-03
1245     4.14536470e-09    1.91682672e-02    8.58050557e-01    1.12603625e+00    1.73157443e+00   -3.38265273e-02   -3.84212783e-03
1246     4.14869804e-09    6.07395788e-03    8.47457923e-01    1.14297505e+00    1.73891573e+00   -2.45396962e-02   -3.80542137e-03
1247     4.15203137e-09   -9.34039695e-03    8.35905537e-01    1.17515668e+00    1.75627956e+00   -6.15278358e-03   -3.71860222e-03
1248     4.15536470e-09   -2.11870376e-02    8.27798544e-01    1.21020865e+00    1.77641267e+00    1.37278332e-02   -3.61793663e-03
1249     4.15869804e-09   -2.49409500e-02    8.26293797e-01    1.23593201e+00    1.79214223e+00    2.80643189e-02   -3.53928884e-03
1250     4.16203137e-09   -1.91682672e-02    8.32018438e-01    1.24346374e+00    1.79850031e+00    3.24066949e-02   -3.50749846e-03
1251     4.16536470e-09   -6.07395788e-03    8.42747993e-01    1.22908632e+00    1.79314536e+00    2.51337339e-02   -3.53427320e-03
1252     4.16869804e-09    9.34039695e-03    8.54305946e-01    1.19679619e+00    1.77706117e+00    7.94686141e-03   -3.61469413e-03
1253     4.17203137e-09    2.11870376e-02    8.62279529e-01    1.15912210e+00    1.75571980e+00   -1.32187780e-02   -3.72140098e-03
1254     4.17536470e-09    2.49409500e-02    8.63696564e-01    1.13188975e+00    1.73797155e+00   -2.95416836e-02   -3.81014225e-03
1255     4.17869804e-09    1.91682672e-02    8.58050562e-01    1.12603627e+00    1.73157444e+00   -3.38265199e-02   -3.84212780e-03
1256     4.18203137e-09    6.07395788e-03    8.47457928e-01    1.14297507e+00    1.73891573e+00   -2.45396891e-02   -3.80542134e-03
1257     4.18536470e-09   -9.34039695e-03    8.35905541e-01    1.17515670e+00    1.75627956e+00   -6.15277673e-03   -3.71860219e-03
1258     4.18869804e-09   -2.11870376e-02    8.27798548e-01    1.21020867e+00    1.77641268e+00    1.37278396e-02   -3.61793660e-03
1259     4.19203137e-09   -2.49409500e-02    8.26293801e-01    1.23593203e+00    1.79214224e+00    2.80643252e-02   -3.53928881e-03
1260     4.19536470e-09   -1.91682672e-02    8.32018443e-01    1.24346376e+00    1.79850031e+00    3.24067010e-02   -3.50749843e-03
1261     4.19869804e-09   -6.07395788e-03    8.42747997e-01    1.22908634e+00    1.79314537e+00    2.51337403e-02   -3.53427316e-03
1262     4.20203137e-09    9.34039695e-03    8.54305951e-01    1.19679621e+00    1.77706118e+00    7.94686802e-03   -3.61469408e-03
1263     4.20536470e-09    2.11870376e-02    8.62279533e-01    1.15912212e+00    1.75571981e+00   -1.32187711e-02   -3.72140093e-03
1264     4.20869804e-09    2.49409500e-02    8.63696569e-01    1.13188977e+00    1.73797156e+00   -2.95416767e-02   -3.81014220e-03
1265     4.21203137e-09    1.91682672e-02    8.58050566e-01    1.12603629e+00    1.73157445e+00   -3.38265130e-02   -3.84212775e-03
1266     4.21536470e-09    6.07395788e-03    8.47457932e-01    1.14297509e+00    1.73891574e+00   -2.45396825e-02   -3.80542129e-03
1267     4.21869804e-09   -9.34039695e-03    8.35905546e-01    1.17515672e+00    1.75627957e+00   -6.15277036e-03   -3.71860214e-03
1268     4.22203137e-09   -2.11870376e-02    8.27798552e-01    1.21020869e+00    1.77641269e+00    1.37278455e-02   -3.61793655e-03
1269     4.22536470e-09   -2.49409500e-02    8.26293806e-01    1.23593205e+00    1.79214225e+00    2.80643309e-02   -3.53928876e-03
1270     4.22869804e-09   -1.91682672e-02    8.32018447e-01    1.24346378e+00    1.79850032e+00    3.24067066e-02   -3.50749838e-03
1271     4.23203137e-09   -6.07395788e-03    8.42748002e-01    1.22908636e+00    1.79314538e+00    2.51337462e-02   -3.53427310e-03
1272     4.23536470e-09    9.34039695e-03    8.54305955e-01    1.19679623e+00    1.77706119e+00    7.94687420e-03   -3.61469403e-03
1273     4.23869804e-09    2.11870376e-02    8.62279538e-01    1.15912214e+00    1.75571983e+00   -1.32187646e-02   -3.72140087e-03
1274     4.24203137e-09    2.49409500e-02    8.63696573e-01    1.13188979e+00    1.73797157e+00   -2.95416702e-02   -3.81014213e-03
1275     4.24536470e-09    1.91682672e-02    8.58050570e-01    1.12603631e+00    1.73157446e+00   -3.38265065e-02   -3.84212768e-03
1276     4.24869804e-09    6.07395788e-03    8.47457936e-01    1.14297511e+00    1.73891575e+00   -2.45396763e-02   -3.80542123e-03
1277     4.25203137e-09   -9.34039695e-03    8.35905550e-01    1.17515674e+00    1.75627959e+00   -6.15276442e-03   -3.71860207e-03
1278     4.25536470e-09   -2.11870376e-02    8.27798556e-01    1.21020871e+00    1.77641270e+00    1.37278510e-02   -3.61793648e-03
1279     4.25869804e-09   -2.49409500e-02    8.26293810e-01    1.23593207e+00    1.79214226e+00    2.80643362e-02   -3.53928869e-03
1280     4.26203137e-09   -1.91682672e-02    8.32018451e-01    1.24346381e+00    1.79850034e+00    3.24067118e-02   -3.50749830e-03
1281     4.26536470e-09   -6.07395788e-03    8.42748006e-01    1.22908638e+00    1.79314539e+00    2.51337517e-02   -3.53427303e-03
1282     4.26869804e-09    9.34039695e-03    8.54305959e-01    1.19679625e+00    1.77706121e+00    7.94687996e-03   -3.61469395e-03
1283     4.27203137e-09    2.11870376e-02    8.62279542e-01    1.15912216e+00    1.75571984e+00   -1.32187584e-02   -3.72140079e-03
1284     4.27536470e-09    2.49409500e-02    8.63696577e-01    1.13188981e+00    1.73797159e+00   -2.95416641e-02   -3.81014205e-03
1285     4.27869804e-09    1.91682672e-02    8.58050574e-01    1.12603633e+00    1.73157448e+00   -3.38265004e-02   -3.84212759e-03
1286     4.28203137e-09    6.07395788e-03    8.47457940e-01    1.14297513e+00    1.73891577e+00   -2.45396706e-02   -3.80542114e-03
1287     4.28536470e-09   -9.34039695e-03    8.35905554e-01    1.17515676e+00    1.75627960e+00   -6.15275891e-03   -3.71860199e-03
1288     4.28869804e-09   -2.11870376e-02    8.27798560e-01    1.21020873e+00    1.77641272e+00    1.37278560e-02   -3.61793640e-03
1289     4.29203137e-09   -2.49409500e-02    8.26293813e-01    1.23593209e+00    1.79214228e+00    2.80643410e-02   -3.53928860e-03
1290     4.29536470e-09   -1.91682672e-02    8.32018455e-01    1.24346383e+00    1.79850036e+00    3.24067165e-02   -3.50749822e-03
1291     4.29869804e-09   -6.07395788e-03    8.42748009e-01    1.22908640e+00    1.79314541e+00    2.51337568e-02   -3.53427294e-03
1292     4.30203137e-09    9.34039695e-03    8.54305963e-01    1.19679627e+00    1.77706123e+00    7.94688535e-03   -3.61469385e-03
1293     4.30536470e-09    2.11870376e-02    8.62279545e-01    1.15912218e+00    1.75571986e+00   -1.32187526e-02   -3.72140069e-03
1294     4.30869804e-09    2.49409500e-02    8.63696580e-01    1.13188983e+00    1.73797161e+00   -2.95416584e-02   -3.81014195e-03
1295     4.31203137e-09    1.91682672e-02    8.58050578e-01    1.12603634e+00    1.73157450e+00   -3.38264947e-02   -3.84212749e-03
1296     4.31536470e-09    6.07395788e-03    8.47457944e-01    1.14297515e+00    1.73891579e+00   -2.45396651e-02   -3.80542104e-03
1297     4.31869804e-09   -9.34039695e-03    8.35905557e-01    1.17515678e+00    1.75627962e+00   -6.15275377e-03   -3.71860188e-03
1298     4.32203137e-09   -2.11870376e-02    8.27798564e-01    1.21020875e+00    1.77641274e+00    1.37278606e-02   -3.61793629e-03
1299     4.32536470e-09   -2.49409500e-02    8.26293817e-01    1.23593211e+00    1.79214230e+00    2.80643454e-02   -3.53928850e-03
1300     4.32869804e-09   -1.91682672e-02    8.32018458e-01    1.24346385e+00    1.79850038e+00    3.24067208e-02   -3.50749812e-03
1301     4.33203137e-09   -6.07395788e-03    8.42748013e-01    1.22908642e+00    1.79314543e+00    2.51337615e-02   -3.53427283e-03
1302     4.33536470e-09    9.34039695e-03    8.54305966e-01    1.19679629e+00    1.77706125e+00    7.94689037e-03   -3.61469375e-03
1303     4.33869804e-09    2.11870376e-02    8.62279549e-01    1.15912220e+00    1.75571988e+00   -1.32187472e-02   -3.72140058e-03
1304     4.34203137e-09    2.49409500e-02    8.63696584e-01    1.13188984e+00    1.73797163e+00   -2.95416529e-02   -3.81014184e-03
1305     4.34536470e-09    1.91682672e-02    8.58050581e-01    1.12603636e+00    1.73157452e+00   -3.38264892e-02   -3.84212738e-03
1306     4.34869804e-09    6.07395788e-03    8.47457947e-01    1.14297517e+00    1.73891582e+00   -2.45396601e-02   -3.80542092e-03
1307     4.35203137e-09   -9.34039695e-03    8.35905561e-01    1.17515680e+00    1.75627965e+00   -6.15274900e-03   -3.71860177e-03
1308     4.35536470e-09   -2.11870376e-02    8.27798567e-01    1.21020876e+00    1.77641276e+00    1.37278649e-02   -3.61793618e-03
1309     4.35869804e-09   -2.49409500e-02    8.26293820e-01    1.23593213e+00    1.79214232e+00    2.80643494e-02   -3.53928839e-03
1310     4.36203137e-09   -1.91682672e-02    8.32018462e-01    1.24346387e+00    1.79850040e+00    3.24067247e-02   -3.50749800e-03
1311     4.36536470e-09   -6.07395788e-03    8.42748017e-01    1.22908644e+00    1.79314546e+00    2.51337658e-02   -3.53427271e-03
1312     4.36869804e-09    9.34039695e-03    8.54305970e-01    1.19679631e+00    1.77706128e+00    7.94689506e-03   -3.61469362e-03
1313     4.37203137e-09    2.11870376e-02    8.62279552e-01    1.15912222e+00    1.75571991e+00   -1.32187421e-02   -3.72140045e-03
1314     4.37536470e-09    2.49409500e-02    8.63696587e-01    1.13188986e+00    1.73797166e+00   -2.95416478e-02   -3.81014171e-03
1315     4.37869804e-09    1.91682672e-02    8.58050585e-01    1.12603638e+00    1.73157455e+00   -3.38264841e-02   -3.84212725e-03
1316     4.38203137e-09    6.07395788e-03    8.47457950e-01    1.14297518e+00    1.73891584e+00   -2.45396553e-02   -3.80542079e-03
1317     4.38536470e-09   -9.34039695e-03    8.35905564e-01    1.17515682e+00    1.75627967e+00   -6.15274457e-03   -3.71860164e-03
1318     4.38869804e-09   -2.11870376e-02    8.27798571e-01    1.21020878e+00    1.77641279e+00    1.37278688e-02   -3.61793605e-03
1319     4.39203137e-09   -2.49409500e-02    8.26293824e-01    1.23593215e+00    1.79214235e+00    2.80643531e-02   -3.53928826e-03
1320     4.39536470e-09   -1.91682672e-02    8.32018465e-01    1.24346389e+00    1.79850043e+00    3.24067283e-02   -3.50749787e-03
1321     4.39869804e-09   -6.07395788e-03    8.42748020e-01    1.22908646e+00    1.79314548e+00    2.51337698e-02   -3.53427258e-03
1322     4.40203137e-09    9.34039695e-03    8.54305973e-01    1.19679633e+00    1.77706130e+00    7.94689943e-03   -3.61469349e-03
1323     4.40536470e-09    2.11870376e-02    8.62279556e-01    1.15912224e+00    1.75571994e+00   -1.32187373e-02   -3.72140031e-03
1324     4.40869804e-09    2.49409500e-02    8.63696590e-01    1.13188988e+00    1.73797169e+00   -2.95416430e-02   -3.81014157e-03
1325     4.41203137e-09    1.91682672e-02    8.58050588e-01    1.12603640e+00    1.73157458e+00   -3.38264793e-02   -3.84212710e-03
1326     4.41536470e-09    6.07395788e-03    8.47457953e-01    1.14297520e+00    1.73891587e+00   -2.45396509e-02   -3.80542065e-03
1327     4.41869804e-09   -9.34039695e-03    8.35905567e-01    1.17515683e+00    1.75627970e+00   -6.15274046e-03   -3.71860150e-03
1328     4.42203137e-09   -2.11870376e-02    8.27798574e-01    1.21020880e+00    1.77641282e+00    1.37278723e-02   -3.61793591e-03
1329     4.42536470e-09   -2.49409500e-02    8.26293827e-01    1.23593217e+00    1.79214238e+00    2.80643564e-02   -3.53928812e-03
1330     4.42869804e-09   -1.91682672e-02    8.32018468e-01    1.24346390e+00    1.79850045e+00    3.24067315e-02   -3.50749773e-03
1331     4.43203137e-09   -6.07395788e-03    8.42748023e-01    1.22908648e+00    1.79314551e+00    2.51337735e-02   -3.53427243e-03
1332     4.43536470e-09    9.34039695e-03    8.54305976e-01    1.19679635e+00    1.77706133e+00    7.94690351e-03   -3.61469334e-03
1333     4.43869804e-09    2.11870376e-02    8.62279559e-01    1.15912226e+00    1.75571997e+00   -1.32187327e-02   -3.72140016e-03
1334     4.44203137e-09    2.49409500e-02    8.63696593e-01    1.13188990e+00    1.73797172e+00   -2.95416384e-02   -3.81014141e-03
1335     4.44536470e-09    1.91682672e-02    8.58050591e-01    1.12603642e+00    1.73157461e+00   -3.38264748e-02   -3.84212695e-03
1336     4.44869804e-09    6.07395788e-03    8.47457956e-01    1.14297522e+00    1.73891590e+00   -2.45396467e-02   -3.80542049e-03
1337     4.45203137e-09   -9.34039695e-03    8.35905570e-01    1.17515685e+00    1.75627973e+00   -6.15273664e-03   -3.71860134e-03
1338     4.45536470e-09   -2.11870376e-02    8.27798577e-01    1.21020882e+00    1.77641285e+00    1.37278756e-02   -3.61793576e-03
1339     4.45869804e-09   -2.49409500e-02    8.26293830e-01    1.23593219e+00    1.79214241e+00    2.80643594e-02   -3.53928796e-03
1340     4.46203137e-09   -1.91682672e-02    8.32018471e-01    1.24346392e+00    1.79850049e+00    3.24067344e-02   -3.50749757e-03
1341     4.46536470e-09   -6.07395788e-03    8.42748026e-01    1.22908650e+00    1.79314554e+00    2.51337768e-02   -3.53427228e-03
1342     4.46869804e-09    9.34039695e-03    8.54305979e-01    1.19679637e+00    1.77706136e+00    7.94690731e-03   -3.61469318e-03
1343     4.47203137e-09    2.11870376e-02    8.62279562e-01    1.15912228e+00    1.75572000e+00   -1.32187285e-02   -3.72139999e-03
1344     4.47536470e-09    2.49409500e-02    8.63696596e-01    1.13188992e+00    1.73797175e+00   -2.95416341e-02   -3.81014125e-03
1345     4.47869804e-09    1.91682672e-02    8.58050594e-01    1.12603643e+00    1.73157464e+00   -3.38264705e-02   -3.84212678e-03
1346     4.48203137e-09    6.07395788e-03    8.47457959e-01    1.14297524e+00    1.73891593e+00   -2.45396428e-02   -3.80542033e-03
1347     4.48536470e-09   -9.34039695e-03    8.35905573e-01    1.17515687e+00    1.75627976e+00   -6.15273310e-03   -3.71860118e-03
1348     4.48869804e-09   -2.11870376e-02    8.27798579e-01    1.21020884e+00    1.77641288e+00    1.37278785e-02   -3.61793559e-03
1349     4.49203137e-09   -2.49409500e-02    8.26293833e-01    1.23593220e+00    1.79214244e+00    2.80643622e-02   -3.53928780e-03
1350     4.49536470e-09   -1.91682672e-02    8.32018474e-01    1.24346394e+00    1.79850052e+00    3.24067371e-02   -3.50749741e-03
1351     4.49869804e-09   -6.07395788e-03    8.42748029e-01    1.22908652e+00    1.79314558e+00    2.51337799e-02   -3.53427211e-03
1352     4.50203137e-09    9.34039695e-03    8.54305982e-01    1.19679639e+00    1.77706140e+00    7.94691086e-03   -3.61469301e-03
1353     4.50536470e-09    2.11870376e-02    8.62279564e-01    1.15912229e+00    1.75572004e+00   -1.32187244e-02   -3.72139982e-03
1354     4.50869804e-09    2.49409500e-02    8.63696599e-01    1.13188993e+00    1.73797179e+00   -2.95416301e-02   -3.81014107e-03
1355     4.51203137e-09    1.91682672e-02    8.58050596e-01    1.12603645e+00    1.73157468e+00   -3.38264665e-02   -3.84212660e-03
1356     4.51536470e-09    6.07395788e-03    8.47457962e-01    1.14297525e+00    1.73891597e+00   -2.45396392e-02   -3.80542015e-03
1357     4.51869804e-09   -9.34039695e-03    8.35905576e-01    1.17515689e+00    1.75627980e+00   -6.15272982e-03   -3.71860100e-03
1358     4.52203137e-09   -2.11870376e-02    8.27798582e-01    1.21020885e+00    1.77641292e+00    1.37278812e-02   -3.61793542e-03
1359     4.52536470e-09   -2.49409500e-02    8.26293835e-01    1.23593222e+00    1.79214247e+00    2.80643646e-02   -3.53928763e-03
1360     4.52869804e-09   -1.91682672e-02    8.32018477e-01    1.24346396e+00    1.79850055e+00    3.24067395e-02   -3.50749724e-03
1361     4.53203137e-09   -6.07395788e-03    8.42748032e-01    1.22908654e+00    1.79314561e+00    2.51337828e-02   -3.53427193e-03
1362     4.53536470e-09    9.34039695e-03    8.54305985e-01    1.19679641e+00    1.77706143e+00    7.94691416e-03   -3.61469283e-03
1363     4.53869804e-09    2.11870376e-02    8.62279567e-01    1.15912231e+00    1.75572007e+00   -1.32187207e-02   -3.72139964e-03
1364     4.54203137e-09    2.49409500e-02    8.63696602e-01    1.13188995e+00    1.73797182e+00   -2.95416262e-02   -3.81014089e-03
1365     4.54536470e-09    1.91682672e-02    8.58050599e-01    1.12603647e+00    1.73157472e+00   -3.38264627e-02   -3.84212642e-03
1366     4.54869804e-09    6.07395788e-03    8.47457965e-01    1.14297527e+00    1.73891601e+00   -2.45396358e-02   -3.80541997e-03
1367     4.55203137e-09   -9.34039695e-03    8.35905578e-01    1.17515690e+00    1.75627984e+00   -6.15272679e-03   -3.71860082e-03
1368     4.55536470e-09   -2.11870376e-02    8.27798585e-01    1.21020887e+00    1.77641295e+00    1.37278837e-02   -3.61793524e-03
1369     4.55869804e-09   -2.49409500e-02    8.26293838e-01    1.23593224e+00    1.79214251e+00    2.80643668e-02   -3.53928745e-03
1370     4.56203137e-09   -1.91682672e-02    8.32018480e-01    1.24346398e+00    1.79850059e+00    3.24067416e-02   -3.50749705e-03
1371     4.56536470e-09   -6.07395788e-03    8.42748034e-01    1.22908656e+00    1.79314565e+00    2.51337854e-02   -3.53427175e-03
1372     4.56869804e-09    9.34039695e-03    8.54305988e-01    1.19679643e+00    1.77706147e+00    7.94691723e-03   -3.61469264e-03
1373     4.57203137e-09    2.11870376e-02    8.62279570e-01    1.15912233e+00    1.75572011e+00   -1.32187171e-02   -3.72139944e-03
1374     4.57536470e-09    2.49409500e-02    8.63696604e-01    1.13188997e+00    1.73797186e+00   -2.95416226e-02   -3.81014069e-03
1375     4.57869804e-09    1.91682672e-02    8.58050602e-01    1.12603649e+00    1.73157476e+00   -3.38264591e-02   -3.84212622e-03
1376     4.58203137e-09    6.07395788e-03    8.47457967e-01    1.14297529e+00    1.73891605e+00   -2.45396326e-02   -3.80541977e-03
1377     4.58536470e-09   -9.34039695e-03    8.35905581e-01    1.17515692e+00    1.75627988e+00   -6.15272398e-03   -3.71860062e-03
1378     4.58869804e-09   -2.11870376e-02    8.27798587e-01    1.21020889e+00    1.77641299e+00    1.37278859e-02   -3.61793505e-03
1379     4.59203137e-09   -2.49409500e-02    8.26293841e-01    1.23593226e+00    1.79214255e+00    2.80643688e-02   -3.53928726e-03
1380     4.59536470e-09   -1.91682672e-02    8.32018482e-01    1.24346400e+00    1.79850063e+00    3.24067435e-02   -3.50749686e-03
1381     4.59869804e-09   -6.07395788e-03    8.42748037e-01    1.22908658e+00    1.79314569e+00    2.51337878e-02   -3.53427155e-03
1382     4.60203137e-09    9.34039695e-03    8.54305990e-01    1.19679645e+00    1.77706151e+00    7.94692010e-03   -3.61469244e-03
1383     4.60536470e-09    2.11870376e-02    8.62279572e-01    1.15912235e+00    1.75572015e+00   -1.32187137e-02   -3.72139924e-03
1384     4.60869804e-09    2.49409500e-02    8.63696607e-01    1.13188999e+00    1.73797190e+00   -2.95416192e-02   -3.81014049e-03
1385     4.61203137e-09    1.91682672e-02    8.58050604e-01    1.12603650e+00    1.73157480e+00   -3.38264557e-02   -3.84212602e-03
1386     4.61536470e-09    6.07395788e-03    8.47457970e-01    1.14297530e+00    1.73891609e+00   -2.45396296e-02   -3.80541957e-03
1387     4.61869804e-09   -9.34039695e-03    8.35905583e-01    1.17515694e+00    1.75627992e+00   -6.15272138e-03   -3.71860042e-03
1388     4.62203137e-09   -2.11870376e-02    8.27798590e-01    1.21020891e+00    1.77641303e+00    1.37278879e-02   -3.61793485e-03
1389     4.62536470e-09   -2.49409500e-02    8.26293843e-01    1.23593228e+00    1.79214259e+00    2.80643705e-02   -3.53928706e-03
1390     4.62869804e-09   -1.91682672e-02    8.32018485e-01    1.24346402e+00    1.79850067e+00    3.24067451e-02   -3.50749666e-03
1391     4.63203137e-09   -6.07395788e-03    8.42748039e-01    1.22908660e+00    1.79314573e+00    2.51337899e-02   -3.53427135e-03
1392     4.63536470e-09    9.34039695e-03    8.54305993e-01    1.19679647e+00    1.77706155e+00    7.94692277e-03   -3.61469224e-03
1393     4.63869804e-09    2.11870376e-02    8.62279575e-01    1.15912237e+00    1.75572019e+00   -1.32187105e-02   -3.72139903e-03
1394     4.64203137e-09    2.49409500e-02    8.63696609e-01    1.13189000e+00    1.73797194e+00   -2.95416159e-02   -3.81014028e-03
1395     4.64536470e-09    1.91682672e-02    8.58050606e-01    1.12603652e+00    1.73157484e+00   -3.38264524e-02   -3.84212581e-03
1396     4.64869804e-09    6.07395788e-03    8.47457972e-01    1.14297532e+00    1.73891613e+00   -2.45396268e-02   -3.80541936e-03
1397     4.65203137e-09   -9.34039695e-03    8.35905585e-01    1.17515695e+00    1.75627996e+00   -6.15271899e-03   -3.71860021e-03
1398     4.65536470e-09   -2.11870376e-02    8.27798592e-01    1.21020892e+00    1.77641307e+00    1.37278897e-02   -3.61793464e-03
1399     4.65869804e-09   -2.49409500e-02    8.26293845e-01    1.23593229e+00    1.79214263e+00    2.80643720e-02   -3.53928685e-03
1400     4.66203137e-09   -1.91682672e-02    8.32018487e-01    1.24346403e+00    1.79850071e+00    3.24067466e-02   -3.50749646e-03
1401     4.66536470e-09   -6.07395788e-03    8.42748042e-01    1.22908662e+00    1.79314577e+00    2.51337919e-02   -3.53427114e-03
1402     4.66869804e-09    9.34039695e-03    8.54305995e-01    1.19679648e+00    1.77706160e+00    7.94692525e-03   -3.61469202e-03
1403     4.67203137e-09    2.11870376e-02    8.62279577e-01    1.15912238e+00    1.75572024e+00   -1.32187075e-02   -3.72139882e-03
1404     4.67536470e-09    2.49409500e-02    8.63696611e-01    1.13189002e+00    1.73797199e+00   -2.95416128e-02   -3.81014006e-03
1405     4.67869804e-09    1.91682672e-02    8.58050608e-01    1.12603654e+00    1.73157488e+00   -3.38264494e-02   -3.84212559e-03
1406     4.68203137e-09    6.07395788e-03    8.47457974e-01    1.14297534e+00    1.73891617e+00   -2.45396241e-02   -3.80541914e-03
1407     4.68536470e-09   -9.34039696e-03    8.35905587e-01    1.17515697e+00    1.75628000e+00   -6.15271678e-03   -3.71860000e-03
1408     4.68869804e-09   -2.11870376e-02    8.27798594e-01    1.21020894e+00    1.77641311e+00    1.37278913e-02   -3.61793443e-03
1409     4.69203137e-09   -2.49409500e-02    8.26293848e-01    1.23593231e+00    1.79214267e+00    2.80643733e-02   -3.53928664e-03
1410     4.69536470e-09   -1.91682672e-02    8.32018489e-01    1.24346405e+00    1.79850075e+00    3.24067479e-02   -3.50749625e-03
1411     4.69869804e-09   -6.07395788e-03    8.42748044e-01    1.22908663e+00    1.79314581e+00    2.51337937e-02   -3.53427093e-03
1412     4.70203137e-09    9.34039696e-03    8.54305997e-01    1.19679650e+00    1.77706164e+00    7.94692756e-03   -3.61469180e-03
1413     4.70536470e-09    2.11870376e-02    8.62279579e-01    1.15912240e+00    1.75572028e+00   -1.32187046e-02   -3.72139859e-03
1414     4.70869804e-09    2.49409500e-02    8.63696614e-01    1.13189004e+00    1.73797203e+00   -2.95416099e-02   -3.81013984e-03
1415     4.71203137e-09    1.91682672e-02    8.58050611e-01    1.12603655e+00    1.73157493e+00   -3.38264465e-02   -3.84212537e-03
1416     4.71536470e-09    6.07395788e-03    8.47457976e-01    1.14297535e+00    1.73891622e+00   -2.45396217e-02   -3.80541892e-03
1417     4.71869804e-09   -9.34039696e-03    8.35905590e-01    1.17515699e+00    1.75628005e+00   -6.15271475e-03   -3.71859977e-03
1418     4.72203137e-09   -2.11870376e-02    8.27798596e-01    1.21020896e+00    1.77641316e+00    1.37278927e-02   -3.61793421e-03
1419     4.72536470e-09   -2.49409500e-02    8.26293850e-01    1.23593233e+00    1.79214272e+00    2.80643745e-02   -3.53928642e-03
1420     4.72869804e-09   -1.91682672e-02    8.32018491e-01    1.24346407e+00    1.79850079e+00    3.24067490e-02   -3.50749603e-03
1421     4.73203137e-09   -6.07395788e-03    8.42748046e-01    1.22908665e+00    1.79314586e+00    2.51337953e-02   -3.53427071e-03
1422     4.73536470e-09    9.34039696e-03    8.54305999e-01    1.19679652e+00    1.77706168e+00    7.94692970e-03   -3.61469158e-03
1423     4.73869804e-09    2.11870376e-02    8.62279581e-01    1.15912242e+00    1.75572033e+00   -1.32187020e-02   -3.72139837e-03
1424     4.74203137e-09    2.49409500e-02    8.63696616e-01    1.13189005e+00    1.73797208e+00   -2.95416072e-02   -3.81013961e-03
1425     4.74536470e-09    1.91682672e-02    8.58050613e-01    1.12603657e+00    1.73157497e+00   -3.38264438e-02   -3.84212514e-03
1426     4.74869804e-09    6.07395788e-03    8.47457978e-01    1.14297537e+00    1.73891626e+00   -2.45396194e-02   -3.80541869e-03
1427     4.75203137e-09   -9.34039696e-03    8.35905592e-01    1.17515700e+00    1.75628009e+00   -6.15271287e-03   -3.71859955e-03
1428     4.75536470e-09   -2.11870376e-02    8.27798598e-01    1.21020897e+00    1.77641320e+00    1.37278939e-02   -3.61793398e-03
1429     4.75869804e-09   -2.49409500e-02    8.26293852e-01    1.23593234e+00    1.79214276e+00    2.80643754e-02   -3.53928620e-03
1430     4.76203137e-09   -1.91682672e-02    8.32018493e-01    1.24346409e+00    1.79850084e+00    3.24067499e-02   -3.50749580e-03
1431     4.76536470e-09   -6.07395788e-03    8.42748048e-01    1.22908667e+00    1.79314590e+00    2.51337967e-02   -3.53427048e-03
1432     4.76869804e-09    9.34039696e-03    8.54306001e-01    1.19679654e+00    1.77706173e+00    7.94693170e-03   -3.61469135e-03
1433     4.77203137e-09    2.11870376e-02    8.62279583e-01    1.15912244e+00    1.75572037e+00   -1.32186994e-02   -3.72139813e-03
1434     4.77536470e-09    2.49409500e-02    8.63696618e-01    1.13189007e+00    1.73797212e+00   -2.95416045e-02   -3.81013938e-03
1435     4.77869804e-09    1.91682672e-02    8.58050615e-01    1.12603658e+00    1.73157502e+00   -3.38264412e-02   -3.84212490e-03
1436     4.78203137e-09    6.07395788e-03    8.47457980e-01    1.14297539e+00    1.73891631e+00   -2.45396172e-02   -3.80541846e-03
1437     4.78536470e-09   -9.34039696e-03    8.35905594e-01    1.17515702e+00    1.75628014e+00   -6.15271116e-03   -3.71859931e-03
1438     4.78869804e-09   -2.11870376e-02    8.27798600e-01    1.21020899e+00    1.77641325e+00    1.37278950e-02   -3.61793375e-03
1439     4.79203137e-09   -2.49409500e-02    8.26293854e-01    1.23593236e+00    1.79214281e+00    2.80643762e-02   -3.53928597e-03
1440     4.79536470e-09   -1.91682672e-02    8.32018495e-01    1.24346410e+00    1.79850089e+00    3.24067507e-02   -3.50749557e-03
1441     4.79869804e-09   -6.07395788e-03    8.42748050e-01    1.22908669e+00    1.79314595e+00    2.51337980e-02   -3.53427025e-03
1442     4.80203137e-09    9.34039696e-03    8.54306003e-01    1.19679656e+00    1.77706178e+00    7.94693355e-03   -3.61469111e-03
1443     4.80536470e-09    2.11870376e-02    8.62279585e-01    1.15912245e+00    1.75572042e+00   -1.32186970e-02   -3.72139789e-03
1444     4.80869804e-09    2.49409500e-02    8.63696620e-01    1.13189009e+00    1.73797217e+00   -2.95416021e-02   -3.81013914e-03
1445     4.81203137e-09    1.91682672e-02    8.58050616e-01    1.12603660e+00    1.73157507e+00   -3.38264388e-02   -3.84212466e-03
1446     4.81536470e-09    6.07395788e-03    8.47457982e-01    1.14297540e+00    1.73891636e+00   -2.45396152e-02   -3.80541822e-03
1447     4.81869804e-09   -9.34039696e-03    8.35905595e-01    1.17515703e+00    1.75628018e+00   -6.15270958e-03   -3.71859908e-03
1448     4.82203137e-09   -2.11870376e-02    8.27798602e-01    1.21020900e+00    1.77641330e+00    1.37278960e-02   -3.61793352e-03
1449     4.82536470e-09   -2.49409500e-02    8.26293856e-01    1.23593238e+00    1.79214285e+00    2.80643769e-02   -3.53928573e-03
1450     4.82869804e-09   -1.91682672e-02    8.32018497e-01    1.24346412e+00    1.79850093e+00    3.24067513e-02   -3.50749534e-03
1451     4.83203137e-09   -6.07395788e-03    8.42748052e-01    1.22908671e+00    1.79314600e+00    2.51337992e-02   -3.53427001e-03
1452     4.83536470e-09    9.34039696e-03    8.54306005e-01    1.19679657e+00    1.77706183e+00    7.94693527e-03   -3.61469087e-03
1453     4.83869804e-09    2.11870376e-02    8.62279587e-01    1.15912247e+00    1.75572047e+00   -1.32186947e-02   -3.72139765e-03
1454     4.84203137e-09    2.49409500e-02    8.63696621e-01    1.13189010e+00    1.73797222e+00   -2.95415997e-02   -3.81013889e-03
1455     4.84536470e-09    1.91682672e-02    8.58050618e-01    1.12603662e+00    1.73157512e+00   -3.38264365e-02   -3.84212441e-03
1456     4.84869804e-09    6.07395788e-03    8.47457984e-01    1.14297542e+00    1.73891641e+00   -2.45396133e-02   -3.80541797e-03
1457     4.85203137e-09   -9.34039696e-03    8.35905597e-01    1.17515705e+00    1.75628023e+00   -6.15270814e-03   -3.71859883e-03
1458     4.85536470e-09   -2.11870376e-02    8.27798604e-01    1.21020902e+00    1.77641334e+00    1.37278968e-02   -3.61793328e-03
1459     4.85869804e-09   -2.49409500e-02    8.26293857e-01    1.23593239e+00    1.79214290e+00    2.80643774e-02   -3.53928550e-03
1460     4.86203137e-09   -1.91682672e-02    8.32018499e-01    1.24346414e+00    1.79850098e+00    3.24067518e-02   -3.50749510e-03
1461     4.86536470e-09   -6.07395788e-03    8.42748054e-01    1.22908672e+00    1.79314605e+00    2.51338002e-02   -3.53426977e-03
1462     4.86869804e-09    9.34039696e-03    8.54306007e-01    1.19679659e+00    1.77706187e+00    7.94693686e-03   -3.61469063e-03
1463     4.87203137e-09    2.11870376e-02    8.62279589e-01    1.15912249e+00    1.75572052e+00   -1.32186926e-02   -3.72139740e-03
1464     4.87536470e-09    2.49409500e-02    8.63696623e-01    1.13189012e+00    1.73797227e+00   -2.95415975e-02   -3.81013864e-03
1465     4.87869804e-09    1.91682672e-02    8.58050620e-01    1.12603663e+00    1.73157517e+00   -3.38264343e-02   -3.84212416e-03
1466     4.88203137e-09    6.07395788e-03    8.47457985e-01    1.14297543e+00    1.73891646e+00   -2.45396116e-02   -3.80541772e-03
1467     4.88536470e-09   -9.34039696e-03    8.35905599e-01    1.17515706e+00    1.75628028e+00   -6.15270682e-03   -3.71859859e-03
1468     4.88869804e-09   -2.11870376e-02    8.27798606e-01    1.21020904e+00    1.77641339e+00    1.37278974e-02   -3.61793303e-03
1469     4.89203137e-09   -2.49409500e-02    8.26293859e-01    1.23593241e+00    1.79214295e+00    2.80643778e-02   -3.53928525e-03
1470     4.89536470e-09   -1.91682672e-02    8.32018501e-01    1.24346416e+00    1.79850103e+00    3.24067521e-02   -3.50749486e-03
1471     4.89869804e-09   -6.07395787e-03    8.42748056e-01    1.22908674e+00    1.79314610e+00    2.51338011e-02   -3.53426952e-03
1472     4.90203137e-09    9.34039696e-03    8.54306009e-01    1.19679661e+00    1.77706192e+00    7.94693834e-03   -3.61469038e-03
1473     4.90536470e-09    2.11870376e-02    8.62279591e-01    1.15912250e+00    1.75572057e+00   -1.32186905e-02   -3.72139715e-03
1474     4.90869804e-09    2.49409500e-02    8.63696625e-01    1.13189014e+00    1.73797232e+00   -2.95415953e-02   -3.81013839e-03
1475     4.91203137e-09    1.91682672e-02    8.58050622e-01    1.12603665e+00    1.73157522e+00   -3.38264322e-02   -3.84212391e-03
1476     4.91536470e-09    6.07395787e-03    8.47457987e-01    1.14297545e+00    1.73891651e+00   -2.45396099e-02   -3.80541747e-03
1477     4.91869804e-09   -9.34039696e-03    8.35905601e-01    1.17515708e+00    1.75628033e+00   -6.15270562e-03   -3.71859834e-03
1478     4.92203137e-09   -2.11870376e-02    8.27798607e-01    1.21020905e+00    1.77641344e+00    1.37278980e-02   -3.61793279e-03
1479     4.92536470e-09   -2.49409500e-02    8.26293861e-01    1.23593243e+00    1.79214300e+00    2.80643781e-02   -3.53928501e-03
1480     4.92869804e-09   -1.91682672e-02    8.32018503e-01    1.24346417e+00    1.79850108e+00    3.24067524e-02   -3.50749461e-03
1481     4.93203137e-09   -6.07395787e-03    8.42748058e-01    1.22908676e+00    1.79314615e+00    2.51338019e-02   -3.53426927e-03
1482     4.93536470e-09    9.34039696e-03    8.54306011e-01    1.19679663e+00    1.77706197e+00    7.94693971e-03   -3.61469013e-03
1483     4.93869804e-09    2.11870376e-02    8.62279592e-01    1.15912252e+00    1.75572062e+00   -1.32186886e-02   -3.72139689e-03
1484     4.94203137e-09    2.49409500e-02    8.63696627e-01    1.13189015e+00    1.73797237e+00   -2.95415933e-02   -3.81013813e-03
1485     4.94536470e-09    1.91682672e-02    8.58050623e-01    1.12603666e+00    1.73157527e+00   -3.38264302e-02   -3.84212365e-03
1486     4.94869804e-09    6.07395787e-03    8.47457989e-01    1.14297546e+00    1.73891656e+00   -2.45396084e-02   -3.80541722e-03
1487     4.95203137e-09   -9.34039696e-03    8.35905602e-01    1.17515709e+00    1.75628038e+00   -6.15270452e-03   -3.71859808e-03
1488     4.95536470e-09   -2.11870376e-02    8.27798609e-01    1.21020907e+00    1.77641349e+00    1.37278985e-02   -3.61793254e-03
1489     4.95869804e-09   -2.49409500e-02    8.26293862e-01    1.23593244e+00    1.79214305e+00    2.80643783e-02   -3.53928476e-03
1490     4.96203137e-09   -1.91682672e-02    8.32018504e-01    1.24346419e+00    1.79850113e+00    3.24067525e-02   -3.50749436e-03
1491     4.96536470e-09   -6.07395787e-03    8.42748059e-01    1.22908678e+00    1.79314620e+00    2.51338026e-02   -3.53426902e-03
1492     4.96869804e-09    9.34039696e-03    8.54306012e-01    1.19679664e+00    1.77706203e+00    7.94694098e-03   -3.61468987e-03
1493     4.97203137e-09    2.11870376e-02    8.62279594e-01    1.15912254e+00    1.75572067e+00   -1.32186868e-02   -3.72139664e-03
1494     4.97536470e-09    2.49409500e-02    8.63696628e-01    1.13189017e+00    1.73797243e+00   -2.95415914e-02   -3.81013787e-03
1495     4.97869804e-09    1.91682672e-02    8.58050625e-01    1.12603668e+00    1.73157532e+00   -3.38264284e-02   -3.84212339e-03
1496     4.98203137e-09    6.07395787e-03    8.47457990e-01    1.14297548e+00    1.73891661e+00   -2.45396069e-02   -3.80541696e-03
1497     4.98536470e-09   -9.34039696e-03    8.35905604e-01    1.17515711e+00    1.75628043e+00   -6.15270353e-03   -3.71859783e-03
1498     4.98869804e-09   -2.11870376e-02    8.27798610e-01    1.21020908e+00    1.77641354e+00    1.37278988e-02   -3.61793228e-03
1499     4.99203137e-09   -2.49409500e-02    8.26293864e-01    1.23593246e+00    1.79214310e+00    2.80643783e-02   -3.53928451e-03
1500     4.99536470e-09   -1.91682672e-02    8.32018506e-01    1.24346421e+00    1.79850118e+00    3.24067526e-02   -3.50749411e-03
1501     4.99869804e-09   -6.07395787e-03    8.42748061e-01    1.22908679e+00    1.79314625e+00    2.51338032e-02   -3.53426877e-03
1502     5.00000000e-09   -1.27375647e-15    8.47392671e-01    1.21767468e+00    1.78775447e+00    1.91652664e-02   -3.56122766e-03
End of Xyce(TM) Simulation
